[INFO] [launch]: All log files can be found below /home/y/u/yunqiao/.ros/log/2026-10-07-03-28-29-713288-yellow-17.eecs.kth.se-96325
[INFO] [launch]: Default logging verbosity is set to INFO
[INFO] [gazebo-1]: process started with pid [96355]
[INFO] [parameter_bridge-2]: process started with pid [96357]
[INFO] [robot_state_publisher-3]: process started with pid [96359]
[INFO] [robot_state_publisher-4]: process started with pid [96362]
[INFO] [static_transform_publisher-5]: process started with pid [96364]
[INFO] [create-6]: process started with pid [96366]
[INFO] [create-7]: process started with pid [96368]
[INFO] [parameter_bridge-8]: process started with pid [96370]
[INFO] [parameter_bridge-9]: process started with pid [96372]
[INFO] [parameter_bridge-10]: process started with pid [96374]
[INFO] [parameter_bridge-11]: process started with pid [96376]
[INFO] [parameter_bridge-12]: process started with pid [96378]
[INFO] [parameter_bridge-13]: process started with pid [96380]
[INFO] [parameter_bridge-14]: process started with pid [96382]
[INFO] [parameter_bridge-15]: process started with pid [96384]
[INFO] [parameter_bridge-16]: process started with pid [96386]
[INFO] [parameter_bridge-17]: process started with pid [96388]
[INFO] [parameter_bridge-18]: process started with pid [96390]
[INFO] [parameter_bridge-19]: process started with pid [96392]
[INFO] [parameter_bridge-20]: process started with pid [96394]
[INFO] [parameter_bridge-21]: process started with pid [96396]
[INFO] [parameter_bridge-22]: process started with pid [96398]
[INFO] [parameter_bridge-23]: process started with pid [96400]
[INFO] [parameter_bridge-24]: process started with pid [96402]
[INFO] [parameter_bridge-25]: process started with pid [96404]
[INFO] [parameter_bridge-26]: process started with pid [96406]
[INFO] [parameter_bridge-27]: process started with pid [96408]
[INFO] [parameter_bridge-28]: process started with pid [96411]
[INFO] [turtlebot4_node-29]: process started with pid [96413]
[INFO] [turtlebot4_gz_hmi_node-30]: process started with pid [96415]
[INFO] [spawner-31]: process started with pid [96417]
[INFO] [hazards_vector_publisher-32]: process started with pid [96419]
[INFO] [ir_intensity_vector_publisher-33]: process started with pid [96421]
[INFO] [motion_control-34]: process started with pid [96423]
[INFO] [wheel_status_publisher-35]: process started with pid [96425]
[INFO] [mock_publisher-36]: process started with pid [96428]
[INFO] [robot_state-37]: process started with pid [96430]
[INFO] [kidnap_estimator_publisher-38]: process started with pid [96432]
[INFO] [ui_mgr-39]: process started with pid [96434]
[INFO] [pose_republisher_node-40]: process started with pid [96436]
[INFO] [sensors_node-41]: process started with pid [96439]
[INFO] [interface_buttons_node-42]: process started with pid [96441]
[INFO] [static_transform_publisher-43]: process started with pid [96443]
[INFO] [static_transform_publisher-44]: process started with pid [96445]
[INFO] [parameter_bridge-45]: process started with pid [96447]
[INFO] [parameter_bridge-46]: process started with pid [96449]
[INFO] [wait_for_ready-47]: process started with pid [96451]
[INFO] [wait_for_ready-48]: process started with pid [96453]
[static_transform_publisher-5] [WARN] [1791336512.315086048] []: Old-style arguments are deprecated; see --help for new-style arguments
[robot_state-37] [INFO] [1791336512.423491160] [robot_state]: Advertised topic: battery_state
[hazards_vector_publisher-32] [INFO] [1791336512.427451866] [hazards_vector_publisher]: Advertised topic: hazard_detection
[hazards_vector_publisher-32] [INFO] [1791336512.428585936] [hazards_vector_publisher]: Subscription to topic: _internal/bumper/event
[hazards_vector_publisher-32] [INFO] [1791336512.429034793] [hazards_vector_publisher]: Subscription to topic: _internal/cliff_front_left/event
[hazards_vector_publisher-32] [INFO] [1791336512.429583887] [hazards_vector_publisher]: Subscription to topic: _internal/cliff_front_right/event
[hazards_vector_publisher-32] [INFO] [1791336512.429860057] [hazards_vector_publisher]: Subscription to topic: _internal/cliff_side_left/event
[hazards_vector_publisher-32] [INFO] [1791336512.430076923] [hazards_vector_publisher]: Subscription to topic: _internal/cliff_side_right/event
[hazards_vector_publisher-32] [INFO] [1791336512.430284423] [hazards_vector_publisher]: Subscription to topic: _internal/wheel_drop/left_wheel/event
[hazards_vector_publisher-32] [INFO] [1791336512.430489711] [hazards_vector_publisher]: Subscription to topic: _internal/wheel_drop/right_wheel/event
[hazards_vector_publisher-32] [INFO] [1791336512.430706078] [hazards_vector_publisher]: Subscription to topic: _internal/backup_limit
[robot_state-37] [INFO] [1791336512.439623827] [robot_state]: Subscription to topic: dock_status
[robot_state-37] [INFO] [1791336512.440266516] [robot_state]: Advertised topic: stop_status
[robot_state-37] [INFO] [1791336512.451186191] [robot_state]: Subscription to topic: odom
[static_transform_publisher-5] [INFO] [1791336512.473775560] [tf_odom_std_dock_link_publisher]: Spinning until stopped - publishing transform
[static_transform_publisher-5] translation: ('0.157000', '0.000000', '0.000000')
[static_transform_publisher-5] rotation: ('0.000000', '0.000000', '1.000000', '0.000000')
[static_transform_publisher-5] from 'odom' to 'std_dock_link'
[wheel_status_publisher-35] [INFO] [1791336512.480948336] [wheel_status_publisher]: Advertised topic: wheel_vels
[wheel_status_publisher-35] [INFO] [1791336512.482514244] [wheel_status_publisher]: Advertised topic: wheel_ticks
[mock_publisher-36] [INFO] [1791336512.528152592] [mock_publisher]: Advertised mocked topic: slip_status
[ir_intensity_vector_publisher-33] [INFO] [1791336512.528377095] [ir_intensity_vector_publisher]: Advertised topic: ir_intensity
[ir_intensity_vector_publisher-33] [INFO] [1791336512.529679905] [ir_intensity_vector_publisher]: Subscription to topic: _internal/ir_intensity_front_center_left
[ir_intensity_vector_publisher-33] [INFO] [1791336512.530598498] [ir_intensity_vector_publisher]: Subscription to topic: _internal/ir_intensity_front_center_right
[ir_intensity_vector_publisher-33] [INFO] [1791336512.531168390] [ir_intensity_vector_publisher]: Subscription to topic: _internal/ir_intensity_front_left
[ir_intensity_vector_publisher-33] [INFO] [1791336512.531418288] [ir_intensity_vector_publisher]: Subscription to topic: _internal/ir_intensity_front_right
[ir_intensity_vector_publisher-33] [INFO] [1791336512.531668661] [ir_intensity_vector_publisher]: Subscription to topic: _internal/ir_intensity_left
[ir_intensity_vector_publisher-33] [INFO] [1791336512.531893725] [ir_intensity_vector_publisher]: Subscription to topic: _internal/ir_intensity_right
[ir_intensity_vector_publisher-33] [INFO] [1791336512.532102421] [ir_intensity_vector_publisher]: Subscription to topic: _internal/ir_intensity_side_left
[motion_control-34] [INFO] [1791336512.538828891] [motion_control]: Enabling REFLEX_BUMP
[motion_control-34] [INFO] [1791336512.538905581] [motion_control]: Enabling REFLEX_CLIFF
[motion_control-34] [INFO] [1791336512.538985383] [motion_control]: Enabling REFLEX_STUCK
[motion_control-34] [INFO] [1791336512.539022233] [motion_control]: Enabling REFLEX_WHEEL_DROP
[kidnap_estimator_publisher-38] [INFO] [1791336512.540869442] [kidnap_estimator_publisher]: Advertised topic: kidnap_status
[kidnap_estimator_publisher-38] [INFO] [1791336512.541244312] [kidnap_estimator_publisher]: Subscription to topic: hazard_detection
[static_transform_publisher-44] [WARN] [1791336512.622166171] []: Old-style arguments are deprecated; see --help for new-style arguments
[ui_mgr-39] [INFO] [1791336512.629880767] [ui_mgr]: Subscription to topic: cmd_lightring
[ui_mgr-39] [INFO] [1791336512.630281519] [ui_mgr]: Subscription to topic: cmd_audio
[robot_state_publisher-4] [WARN] [1791336512.702511099] [kdl_parser]: The root link std_dock_link has an inertia specified in the URDF, but KDL does not support a root link with an inertia.  As a workaround, you can add an extra dummy link to your URDF.
[robot_state_publisher-4] [INFO] [1791336512.702583390] [dock_state_publisher]: Robot initialized
[static_transform_publisher-43] [WARN] [1791336512.715514532] []: Old-style arguments are deprecated; see --help for new-style arguments
[static_transform_publisher-44] [INFO] [1791336512.715817349] [camera_stf]: Spinning until stopped - publishing transform
[static_transform_publisher-44] translation: ('0.000000', '0.000000', '0.000000')
[static_transform_publisher-44] rotation: ('0.499952', '-0.500000', '0.500000', '0.500048')
[static_transform_publisher-44] from 'oakd_rgb_camera_optical_frame' to 'turtlebot4/oakd_rgb_camera_frame/rgbd_camera'
[turtlebot4_node-29] [INFO] [1791336512.729556683] [turtlebot4_node]: Init Turtlebot4 Node Main
[robot_state_publisher-3] [WARN] [1791336512.760677278] [kdl_parser]: The root link base_link has an inertia specified in the URDF, but KDL does not support a root link with an inertia.  As a workaround, you can add an extra dummy link to your URDF.
[robot_state_publisher-3] [INFO] [1791336512.760839929] [robot_state_publisher]: Robot initialized
[static_transform_publisher-43] [INFO] [1791336512.792452009] [rplidar_stf]: Spinning until stopped - publishing transform
[static_transform_publisher-43] translation: ('0.000000', '0.000000', '0.000000')
[static_transform_publisher-43] rotation: ('0.000000', '0.000000', '0.000000', '1.000000')
[static_transform_publisher-43] from 'rplidar_link' to 'turtlebot4/rplidar_link/rplidar'
[turtlebot4_node-29] [INFO] [1791336512.797285731] [turtlebot4_node]: Buttons Init
[turtlebot4_node-29] [INFO] [1791336512.814041881] [turtlebot4_node]: Init Display
[turtlebot4_node-29] [INFO] [1791336512.816031337] [turtlebot4_node]: Leds Init
[turtlebot4_node-29] [INFO] [1791336512.823530510] [turtlebot4_node]: Turtlebot4 standard running.
[create-7] [INFO] [1791336513.185094703] [ros_gz_sim]: Requesting list of world names.
[create-6] [INFO] [1791336513.205163723] [ros_gz_sim]: Requesting list of world names.
[parameter_bridge-2] [INFO] [1791336513.277328542] [clock_bridge]: Creating GZ->ROS Bridge: [/clock (gz.msgs.Clock) -> /clock (rosgraph_msgs/msg/Clock)] (Lazy 0)
[gazebo-1] Warning: Ignoring XDG_SESSION_TYPE=wayland on Gnome. Use QT_QPA_PLATFORM=wayland to run on Wayland anyway.
[parameter_bridge-14] [INFO] [1791336514.085069215] [cliff_side_left_bridge]: Creating GZ->ROS Bridge: [/world/warehouse/model/turtlebot4/link/base_link/sensor/cliff_side_left/scan (gz.msgs.LaserScan) -> /world/warehouse/model/turtlebot4/link/base_link/sensor/cliff_side_left/scan (sensor_msgs/msg/LaserScan)] (Lazy 0)
[parameter_bridge-45] [INFO] [1791336514.106816008] [ros_gz_bridge]: Creating ROS->GZ Bridge: [/vacuum_gripper/attach (std_msgs/msg/Empty) -> /vacuum_gripper/attach (gz.msgs.Empty)] (Lazy 0)
[parameter_bridge-45] [INFO] [1791336514.109098287] [ros_gz_bridge]: Creating ROS->GZ Bridge: [/vacuum_gripper/detach (std_msgs/msg/Empty) -> /vacuum_gripper/detach (gz.msgs.Empty)] (Lazy 0)
[parameter_bridge-16] [INFO] [1791336514.137051429] [ir_intensity_front_center_left_bridge]: Creating GZ->ROS Bridge: [/world/warehouse/model/turtlebot4/link/ir_intensity_front_center_left/sensor/ir_intensity_front_center_left/scan (gz.msgs.LaserScan) -> /world/warehouse/model/turtlebot4/link/ir_intensity_front_center_left/sensor/ir_intensity_front_center_left/scan (sensor_msgs/msg/LaserScan)] (Lazy 0)
[parameter_bridge-20] [INFO] [1791336514.151477269] [ir_intensity_left_bridge]: Creating GZ->ROS Bridge: [/world/warehouse/model/turtlebot4/link/ir_intensity_left/sensor/ir_intensity_left/scan (gz.msgs.LaserScan) -> /world/warehouse/model/turtlebot4/link/ir_intensity_left/sensor/ir_intensity_left/scan (sensor_msgs/msg/LaserScan)] (Lazy 0)
[parameter_bridge-8] [INFO] [1791336514.173680331] [cmd_vel_bridge]: Creating GZ->ROS Bridge: [/cmd_vel (gz.msgs.Twist) -> /cmd_vel (geometry_msgs/msg/TwistStamped)] (Lazy 0)
[parameter_bridge-13] [INFO] [1791336514.178096887] [cliff_front_right_bridge]: Creating GZ->ROS Bridge: [/world/warehouse/model/turtlebot4/link/base_link/sensor/cliff_front_right/scan (gz.msgs.LaserScan) -> /world/warehouse/model/turtlebot4/link/base_link/sensor/cliff_front_right/scan (sensor_msgs/msg/LaserScan)] (Lazy 0)
[parameter_bridge-26] [INFO] [1791336514.183680753] [hmi_led_msg_bridge]: Creating ROS->GZ Bridge: [/hmi/led/power (std_msgs/msg/Int32) -> /hmi/led/power (gz.msgs.Int32)] (Lazy 0)
[parameter_bridge-15] [INFO] [1791336514.185231175] [cliff_side_right_bridge]: Creating GZ->ROS Bridge: [/world/warehouse/model/turtlebot4/link/base_link/sensor/cliff_side_right/scan (gz.msgs.LaserScan) -> /world/warehouse/model/turtlebot4/link/base_link/sensor/cliff_side_right/scan (sensor_msgs/msg/LaserScan)] (Lazy 0)
[parameter_bridge-12] [INFO] [1791336514.190765535] [cliff_front_left_bridge]: Creating GZ->ROS Bridge: [/world/warehouse/model/turtlebot4/link/base_link/sensor/cliff_front_left/scan (gz.msgs.LaserScan) -> /world/warehouse/model/turtlebot4/link/base_link/sensor/cliff_front_left/scan (sensor_msgs/msg/LaserScan)] (Lazy 0)
[parameter_bridge-25] [INFO] [1791336514.215682295] [hmi_buttons_msg_bridge]: Creating GZ->ROS Bridge: [/hmi/buttons (gz.msgs.Int32) -> /hmi/buttons (std_msgs/msg/Int32)] (Lazy 0)
[parameter_bridge-18] [INFO] [1791336514.216040501] [ir_intensity_front_left_bridge]: Creating GZ->ROS Bridge: [/world/warehouse/model/turtlebot4/link/ir_intensity_front_left/sensor/ir_intensity_front_left/scan (gz.msgs.LaserScan) -> /world/warehouse/model/turtlebot4/link/ir_intensity_front_left/sensor/ir_intensity_front_left/scan (sensor_msgs/msg/LaserScan)] (Lazy 0)
[wait_for_ready-48] [INFO] [1791336514.218597366] [wait_for_sim]: [sim] waiting for nodes=['controller_manager'] services=['/controller_manager/set_parameters'] answering=['/controller_manager/list_controllers'] topics=['/scan'] (timeout 300s)
[parameter_bridge-27] [INFO] [1791336514.225223480] [lidar_bridge]: Creating GZ->ROS Bridge: [/world/warehouse/model/turtlebot4/link/rplidar_link/sensor/rplidar/scan (gz.msgs.LaserScan) -> /world/warehouse/model/turtlebot4/link/rplidar_link/sensor/rplidar/scan (sensor_msgs/msg/LaserScan)] (Lazy 0)
[parameter_bridge-23] [INFO] [1791336514.230920111] [buttons_msg_bridge]: Creating GZ->ROS Bridge: [/create3_buttons (gz.msgs.Int32) -> /create3_buttons (std_msgs/msg/Int32)] (Lazy 0)
[parameter_bridge-28] [INFO] [1791336514.235960328] [camera_bridge]: Creating GZ->ROS Bridge: [/world/warehouse/model/turtlebot4/link/oakd_rgb_camera_frame/sensor/rgbd_camera/image (gz.msgs.Image) -> /world/warehouse/model/turtlebot4/link/oakd_rgb_camera_frame/sensor/rgbd_camera/image (sensor_msgs/msg/Image)] (Lazy 0)
[parameter_bridge-19] [INFO] [1791336514.244973311] [ir_intensity_front_right_bridge]: Creating GZ->ROS Bridge: [/world/warehouse/model/turtlebot4/link/ir_intensity_front_right/sensor/ir_intensity_front_right/scan (gz.msgs.LaserScan) -> /world/warehouse/model/turtlebot4/link/ir_intensity_front_right/sensor/ir_intensity_front_right/scan (sensor_msgs/msg/LaserScan)] (Lazy 0)
[parameter_bridge-28] [INFO] [1791336514.247775519] [camera_bridge]: Creating GZ->ROS Bridge: [/world/warehouse/model/turtlebot4/link/oakd_rgb_camera_frame/sensor/rgbd_camera/depth_image (gz.msgs.Image) -> /world/warehouse/model/turtlebot4/link/oakd_rgb_camera_frame/sensor/rgbd_camera/depth_image (sensor_msgs/msg/Image)] (Lazy 0)
[parameter_bridge-11] [INFO] [1791336514.262074772] [bumper_contact_bridge]: Creating GZ->ROS Bridge: [/bumper_contact (gz.msgs.Contacts) -> /bumper_contact (ros_gz_interfaces/msg/Contacts)] (Lazy 0)
[parameter_bridge-10] [INFO] [1791336514.263813902] [odom_base_tf_bridge]: Creating GZ->ROS Bridge: [/model/turtlebot4/tf (gz.msgs.Pose_V) -> /model/turtlebot4/tf (tf2_msgs/msg/TFMessage)] (Lazy 0)
[parameter_bridge-28] [INFO] [1791336514.269630507] [camera_bridge]: Creating GZ->ROS Bridge: [/world/warehouse/model/turtlebot4/link/oakd_rgb_camera_frame/sensor/rgbd_camera/points (gz.msgs.PointCloudPacked) -> /world/warehouse/model/turtlebot4/link/oakd_rgb_camera_frame/sensor/rgbd_camera/points (sensor_msgs/msg/PointCloud2)] (Lazy 0)
[parameter_bridge-8] [INFO] [1791336514.272751050] [cmd_vel_bridge]: Creating ROS->GZ Bridge: [/model/turtlebot4/cmd_vel (geometry_msgs/msg/TwistStamped) -> /model/turtlebot4/cmd_vel (gz.msgs.Twist)] (Lazy 0)
[parameter_bridge-22] [INFO] [1791336514.272860112] [ir_intensity_side_left_bridge]: Creating GZ->ROS Bridge: [/world/warehouse/model/turtlebot4/link/ir_intensity_side_left/sensor/ir_intensity_side_left/scan (gz.msgs.LaserScan) -> /world/warehouse/model/turtlebot4/link/ir_intensity_side_left/sensor/ir_intensity_side_left/scan (sensor_msgs/msg/LaserScan)] (Lazy 0)
[parameter_bridge-21] [INFO] [1791336514.276020688] [ir_intensity_right_bridge]: Creating GZ->ROS Bridge: [/world/warehouse/model/turtlebot4/link/ir_intensity_right/sensor/ir_intensity_right/scan (gz.msgs.LaserScan) -> /world/warehouse/model/turtlebot4/link/ir_intensity_right/sensor/ir_intensity_right/scan (sensor_msgs/msg/LaserScan)] (Lazy 0)
[parameter_bridge-17] [INFO] [1791336514.277452077] [ir_intensity_front_center_right_bridge]: Creating GZ->ROS Bridge: [/world/warehouse/model/turtlebot4/link/ir_intensity_front_center_right/sensor/ir_intensity_front_center_right/scan (gz.msgs.LaserScan) -> /world/warehouse/model/turtlebot4/link/ir_intensity_front_center_right/sensor/ir_intensity_front_center_right/scan (sensor_msgs/msg/LaserScan)] (Lazy 0)
[parameter_bridge-28] [INFO] [1791336514.280182756] [camera_bridge]: Creating GZ->ROS Bridge: [/world/warehouse/model/turtlebot4/link/oakd_rgb_camera_frame/sensor/rgbd_camera/camera_info (gz.msgs.CameraInfo) -> /world/warehouse/model/turtlebot4/link/oakd_rgb_camera_frame/sensor/rgbd_camera/camera_info (sensor_msgs/msg/CameraInfo)] (Lazy 0)
[parameter_bridge-26] [INFO] [1791336514.292802168] [hmi_led_msg_bridge]: Creating ROS->GZ Bridge: [/hmi/led/motors (std_msgs/msg/Int32) -> /hmi/led/motors (gz.msgs.Int32)] (Lazy 0)
[parameter_bridge-26] [INFO] [1791336514.299256682] [hmi_led_msg_bridge]: Creating ROS->GZ Bridge: [/hmi/led/comms (std_msgs/msg/Int32) -> /hmi/led/comms (gz.msgs.Int32)] (Lazy 0)
[parameter_bridge-26] [INFO] [1791336514.302609766] [hmi_led_msg_bridge]: Creating ROS->GZ Bridge: [/hmi/led/wifi (std_msgs/msg/Int32) -> /hmi/led/wifi (gz.msgs.Int32)] (Lazy 0)
[parameter_bridge-9] [INFO] [1791336514.305180791] [pose_bridge]: Creating GZ->ROS Bridge: [/model/turtlebot4/pose (gz.msgs.Pose_V) -> /model/turtlebot4/pose (tf2_msgs/msg/TFMessage)] (Lazy 0)
[parameter_bridge-26] [INFO] [1791336514.307787504] [hmi_led_msg_bridge]: Creating ROS->GZ Bridge: [/hmi/led/battery (std_msgs/msg/Int32) -> /hmi/led/battery (gz.msgs.Int32)] (Lazy 0)
[parameter_bridge-24] [INFO] [1791336514.315114917] [hmi_display_msg_bridge]: Creating ROS->GZ Bridge: [/hmi/display/raw (std_msgs/msg/String) -> /hmi/display/raw (gz.msgs.StringMsg)] (Lazy 0)
[parameter_bridge-24] [INFO] [1791336514.318948667] [hmi_display_msg_bridge]: Creating ROS->GZ Bridge: [/hmi/display/selected (std_msgs/msg/Int32) -> /hmi/display/selected (gz.msgs.Int32)] (Lazy 0)
[parameter_bridge-9] [INFO] [1791336514.328186609] [pose_bridge]: Creating GZ->ROS Bridge: [/model/standard_dock/pose (gz.msgs.Pose_V) -> /model/standard_dock/pose (tf2_msgs/msg/TFMessage)] (Lazy 0)
[parameter_bridge-26] [INFO] [1791336514.332713112] [hmi_led_msg_bridge]: Creating ROS->GZ Bridge: [/hmi/led/user1 (std_msgs/msg/Int32) -> /hmi/led/user1 (gz.msgs.Int32)] (Lazy 0)
[parameter_bridge-26] [INFO] [1791336514.334494318] [hmi_led_msg_bridge]: Creating ROS->GZ Bridge: [/hmi/led/user2 (std_msgs/msg/Int32) -> /hmi/led/user2 (gz.msgs.Int32)] (Lazy 0)
[wait_for_ready-47] [INFO] [1791336514.373672901] [wait_for_rviz]: [rviz] waiting for nodes=[] services=[] answering=[] topics=['/clock', '/scan'] (timeout 300s)
[gazebo-1] [1;36m[Dbg] [gz.cc:166] [0m[1;36mSubscribing to [[0m[1;36m/gazebo/starting_world[0m[1;36m].[0m[1;36m[0m
[gazebo-1] [1;36m[Dbg] [gz.cc:168] [0m[1;36mWaiting for a world to be set from the GUI...[0m[1;36m[0m
[gazebo-1] [1;32m[Msg] [0m[1;32mReceived world [[0m[1;32mwarehouse.sdf[0m[1;32m] from the GUI.[0m[1;32m[0m
[gazebo-1] [1;36m[Dbg] [gz.cc:172] [0m[1;36mUnsubscribing from [[0m[1;36m/gazebo/starting_world[0m[1;36m].[0m[1;36m[0m
[gazebo-1] [1;32m[Msg] [0m[1;32mGazebo Sim Server v[0m[1;32m8.10.0[0m[1;32m[0m
[gazebo-1] [1;32m[Msg] [0m[1;32mLoading SDF world file[[0m[1;32m/home/y/u/yunqiao/IROB_Mobile_Robot_Project/install/turtlebot4_gz_bringup/share/turtlebot4_gz_bringup/worlds/warehouse.sdf[0m[1;32m].[0m
[gazebo-1] [1;32m[Msg] [0m[1;32mServing entity system service on [[0m[1;32m/[0m[1;32mentity/system/add[0m[1;32m][0m[1;32m[0m
[gazebo-1] [1;36m[Dbg] [Physics.cc:899] [0m[1;36mLoaded [[0m[1;36mgz::physics::dartsim::Plugin[0m[1;36m] from library [[0m[1;36m/afs/kth.se/misc/info/kurser/DD2410/ht26/pixi/IROB/.pixi/envs/default/lib/gz-physics-7/engine-plugins/libgz-physics-dartsim-plugin.so[0m[1;36m][0m[1;36m[0m
[gazebo-1] [1;36m[Dbg] [SystemManager.cc:80] [0m[1;36mLoaded system [[0m[1;36mgz::sim::systems::Physics[0m[1;36m] for entity [[0m[1;36m1[0m[1;36m][0m[1;36m[0m
[gazebo-1] [1;32m[Msg] [0m[1;32mCreate[0m[1;32m service on [[0m[1;32m/world/warehouse/create_multiple[0m[1;32m] (async)[0m[1;32m[0m
[gazebo-1] [1;32m[Msg] [0m[1;32mCreate[0m[1;32m service on [[0m[1;32m/world/warehouse/create_multiple/blocking[0m[1;32m] (blocking)[0m[1;32m[0m
[gazebo-1] [1;32m[Msg] [0m[1;32mRemove[0m[1;32m service on [[0m[1;32m/world/warehouse/remove[0m[1;32m] (async)[0m[1;32m[0m
[gazebo-1] [1;32m[Msg] [0m[1;32mRemove[0m[1;32m service on [[0m[1;32m/world/warehouse/remove/blocking[0m[1;32m] (blocking)[0m[1;32m[0m
[gazebo-1] [1;32m[Msg] [0m[1;32mPose[0m[1;32m service on [[0m[1;32m/world/warehouse/set_pose[0m[1;32m] (async)[0m[1;32m[0m
[gazebo-1] [1;32m[Msg] [0m[1;32mPose[0m[1;32m service on [[0m[1;32m/world/warehouse/set_pose/blocking[0m[1;32m] (blocking)[0m[1;32m[0m
[gazebo-1] [1;32m[Msg] [0m[1;32mPose[0m[1;32m service on [[0m[1;32m/world/warehouse/set_pose_vector[0m[1;32m] (async)[0m[1;32m[0m
[gazebo-1] [1;32m[Msg] [0m[1;32mPose[0m[1;32m service on [[0m[1;32m/world/warehouse/set_pose_vector/blocking[0m[1;32m] (blocking)[0m[1;32m[0m
[gazebo-1] [1;32m[Msg] [0m[1;32mLight configuration[0m[1;32m service on [[0m[1;32m/world/warehouse/light_config[0m[1;32m] (async)[0m[1;32m[0m
[gazebo-1] [1;32m[Msg] [0m[1;32mLight configuration[0m[1;32m service on [[0m[1;32m/world/warehouse/light_config/blocking[0m[1;32m] (blocking)[0m[1;32m[0m
[gazebo-1] [1;32m[Msg] [0m[1;32mPhysics[0m[1;32m service on [[0m[1;32m/world/warehouse/set_physics[0m[1;32m] (async)[0m[1;32m[0m
[gazebo-1] [1;32m[Msg] [0m[1;32mPhysics[0m[1;32m service on [[0m[1;32m/world/warehouse/set_physics/blocking[0m[1;32m] (blocking)[0m[1;32m[0m
[gazebo-1] [1;32m[Msg] [0m[1;32mSphericalCoordinates[0m[1;32m service on [[0m[1;32m/world/warehouse/set_spherical_coordinates[0m[1;32m] (async)[0m[1;32m[0m
[gazebo-1] [1;32m[Msg] [0m[1;32mSphericalCoordinates[0m[1;32m service on [[0m[1;32m/world/warehouse/set_spherical_coordinates/blocking[0m[1;32m] (blocking)[0m[1;32m[0m
[gazebo-1] [1;32m[Msg] [0m[1;32mEnable collision[0m[1;32m service on [[0m[1;32m/world/warehouse/enable_collision[0m[1;32m] (async)[0m[1;32m[0m
[gazebo-1] [1;32m[Msg] [0m[1;32mEnable collision[0m[1;32m service on [[0m[1;32m/world/warehouse/enable_collision/blocking[0m[1;32m] (blocking)[0m[1;32m[0m
[gazebo-1] [1;32m[Msg] [0m[1;32mDisable collision[0m[1;32m service on [[0m[1;32m/world/warehouse/disable_collision[0m[1;32m] (async)[0m[1;32m[0m
[gazebo-1] [1;32m[Msg] [0m[1;32mDisable collision[0m[1;32m service on [[0m[1;32m/world/warehouse/disable_collision/blocking[0m[1;32m] (blocking)[0m[1;32m[0m
[gazebo-1] [1;32m[Msg] [0m[1;32mMaterial[0m[1;32m service on [[0m[1;32m/world/warehouse/visual_config[0m[1;32m] (async)[0m[1;32m[0m
[spawner-31] [INFO] [1791336514.441890494] [spawner_joint_state_broadcaster]: waiting for service /controller_manager/list_controllers to become available...
[create-7] [INFO] [1791336514.609981638] [ros_gz_sim]: Waiting messages on topic [standard_dock_description].
[parameter_bridge-26] [INFO] [1791336514.708830378] [hmi_led_msg_bridge]: Passing message from ROS std_msgs/msg/Int32 to Gazebo gz.msgs.Int32 (showing msg only once per type)
[create-6] [INFO] [1791336514.710393634] [ros_gz_sim]: Waiting messages on topic [robot_description].
[parameter_bridge-27] [WARN] [1791336514.736455761] [lidar_bridge]: New subscription discovered on topic '/scan', requesting incompatible QoS. No messages will be sent to it. Last incompatible policy: DURABILITY_QOS_POLICY
[wait_for_ready-48] [WARN] [1791336514.752940879] [wait_for_sim]: New publisher discovered on topic '/scan', offering incompatible QoS. No messages will be received from it. Last incompatible policy: DURABILITY
[gazebo-1] [1;32m[Msg] [0m[1;32mMaterial[0m[1;32m service on [[0m[1;32m/world/warehouse/visual_config/blocking[1;32m[Msg] [0m[1;32mGazebo Sim GUI    v[0m[1;32m8.10.0[0m[1;32m[0m
[gazebo-1] [1;32m[Msg] [0m[1;32mDetected Wayland. Setting Qt to use the xcb plugin: [0m[1;32m'QT_QPA_PLATFORM=xcb'.[0m[1;32m[0m
[gazebo-1] [1;36m[Dbg] [Gui.cc:275] [0m[1;36mWaiting for subscribers to [[0m[1;36m/gazebo/starting_world[0m[1;36m]...[0m[1;36m[0m
[gazebo-1] [1;36m[Dbg] [Application.cc:96] [0m[1;36mInitializing application.[0m[1;36m[0m
[gazebo-1] [1;36m[Dbg] [Application.cc:170] [0m[1;36mQt using OpenGL graphics interface[0m[1;36m[0m
[gazebo-1] [1;36m[GUI] [Dbg] [Application.cc:657] [0m[1;36mCreate main window[0m[1;36m[0m
[gazebo-1] [1;36m[GUI] [Dbg] [PathManager.cc:68] [0m[1;36mRequesting resource paths through [[0m[1;36m/gazebo/resource_paths/get[0m[1;36m][0m[1;36m[0m
[gazebo-1] [1;36m[GUI] [Dbg] [Gui.cc:355] [0m[1;36mGUI requesting list of world names. The server may be busy [0m[1;36mdownloading resources. Please be patient.[0m[1;36m[0m
[gazebo-1] [1;36m[GUI] [Dbg] [GuiRunner.cc:149] [0m[1;36mRequesting initial state from [[0m[1;36m/world/warehouse/state[0m[1;36m]...[0m[1;36m[0m
[gazebo-1] [1;32m[GUI] [0m[1;32m[Msg] [0m[1;32mLoading config [[0m[1;32m/home/y/u/yunqiao/IROB_Mobile_Robot_Project/install/turtlebot4_gz_bringup/share/turtlebot4_gz_bringup/gui/standard/gui.config[0m[1;32m][0m[1;32m[0m
[gazebo-1] [1;36m[GUI] [Dbg] [Application.cc:528] [0m[1;36mLoading plugin [[0m[1;36mMinimalScene[0m[1;36m][0m[1;36m[0m
[gazebo-1] [1;36m[GUI] [Dbg] [MinimalScene.cc:802] [0m[1;36mCreating gz-rendering interface for OpenGL[0m[1;36m[0m
[gazebo-1] [1;36m[GUI] [Dbg] [MinimalScene.cc:802] [0m[1;36mCreating gz-rendering interface for OpenGL[0m[1;36m[0m
[gazebo-1] [1;36m[GUI] [Dbg] [MinimalScene.cc:986] [0m[1;36mCreating render thread interface for OpenGL[0m[1;36m[0m
[gazebo-1] [1;36m[GUI] [Dbg] [MinimalScene.cc:802] [0m[1;36mCreating gz-rendering interface for OpenGL[0m[1;36m[0m
[gazebo-1] [1;36m[GUI] [Dbg] [MinimalScene.cc:986] [0m[1;36mCreating render thread interface for OpenGL[0m[1;36m[0m
[gazebo-1] [1;32m[GUI] [0m[1;32m[Msg] [0m[1;32mAdded plugin [[0m[1;32m3D View[0m[1;32m] to main window[0m[1;32m[0m
[gazebo-1] [1;32m[GUI] [0m[1;32m[Msg] [0m[1;32mLoaded plugin [[0m[1;32mMinimalScene[0m[1;32m] from path [[0m[1;32m/afs/kth.se/misc/info/kurser/DD2410/ht26/pixi/IROB/.pixi/envs/default/lib/gz-gui-8/plugins/libMinimalScene.so[0m[1;32m][0m[1;32m[0m
[gazebo-1] [1;36m[GUI] [Dbg] [Application.cc:528] [0m[1;36mLoading plugin [[0m[1;36mGzSceneManager[0m[1;36m][0m[1;36m[0m
[gazebo-1] [1;32m[GUI] [0m[1;32m[Msg] [0m[1;32mAdded plugin [[0m[1;32mScene Manager[0m[1;32m] to main window[0m[1;32m[0m
[gazebo-1] [1;32m[GUI] [0m[1;32m[Msg] [0m[1;32mLoaded plugin [[0m[1;32mGzSceneManager[0m[1;32m] from path [[0m[1;32m/afs/kth.se/misc/info/kurser/DD2410/ht26/pixi/IROB/.pixi/envs/default/lib/gz-sim-8/plugins/gui/libGzSceneManager.so[0m[1;32m][0m[1;32m[0m
[gazebo-1] [1;36m[GUI] [Dbg] [Application.cc:528] [0m[1;36mLoading plugin [[0m[1;36mInteractiveViewControl[0m[1;36m][0m[1;36m[0m
[gazebo-1] [1;32m[GUI] [0m[1;32m[Msg] [0m[1;32mCamera view controller topic advertised on [[0m[1;32m/gui/camera/view_control[0m[1;32m][0m[1;32m[0m
[gazebo-1] [1;32m[GUI] [0m[1;32m[Msg] [0m[1;32mCamera reference visual topic advertised on [[0m[1;32m/gui/camera/view_control/reference_visual[0m[1;32m][0m[1;32m[0m
[gazebo-1] [1;32m[GUI] [0m[1;32m[Msg] [0m[1;32mCamera view control sensitivity advertised on [[0m[1;32m/gui/camera/view_control/sensitivity[0m[1;32m][0m[1;32m[0m
[gazebo-1] [1;32m[GUI] [0m[1;32m[Msg] [0m[1;32mAdded plugin [[0m[1;32mInteractive view control[0m[1;32m] to main window[0m[1;32m[0m
[gazebo-1] [1;32m[GUI] [0m[1;32m[Msg] [0m[1;32mLoaded plugin [[0m[1;32mInteractiveViewControl[0m[1;32m] from path [[0m[1;32m/afs/kth.se/misc/info/kurser/DD2410/ht26/pixi/IROB/.pixi/envs/default/lib/gz-gui-8/plugins/libInteractiveViewControl.so[0m[1;32m][0m[1;32m[0m
[gazebo-1] [1;36m[GUI] [Dbg] [Application.cc:528] [0m[1;36mLoading plugin [[0m[1;36mWorldControl[0m[1;36m][0m[1;36m[0m
[gazebo-1] [1;32m[GUI] [0m[1;32m[Msg] [0m[1;32mUsing world control service [[0m[1;32m/world/warehouse/control[0m[1;32m][0m[1;32m[0m
[gazebo-1] [1;33m[GUI] [Wrn] [Application.cc:908] [0m[1;33m[QT] file::/Turtlebot4Hmi/Turtlebot4Hmi.qml:102:7: Unable to assign [undefined] to QString[0m[1;33m[0m
[wait_for_ready-47] [WARN] [1791336514.896289841] [wait_for_rviz]: New publisher discovered on topic '/clock', offering incompatible QoS. No messages will be received from it. Last incompatible policy: DURABILITY
[wait_for_ready-47] [WARN] [1791336514.897480919] [wait_for_rviz]: New publisher discovered on topic '/scan', offering incompatible QoS. No messages will be received from it. Last incompatible policy: DURABILITY
[parameter_bridge-27] [WARN] [1791336514.897956099] [lidar_bridge]: New subscription discovered on topic '/scan', requesting incompatible QoS. No messages will be sent to it. Last incompatible policy: DURABILITY_QOS_POLICY
[parameter_bridge-2] [WARN] [1791336514.898410097] [clock_bridge]: New subscription discovered on topic '/clock', requesting incompatible QoS. No messages will be sent to it. Last incompatible policy: DURABILITY_QOS_POLICY
[gazebo-1] [1;33m[GUI] [Wrn] [Application.cc:908] [0m[1;33m[QT] file::/WorldStats/WorldStats.qml:53:3: QML RowLayout: Binding loop detected for property "x"[0m[1;33m[0m
[gazebo-1] [1;32m[GUI] [0m[1;32m[Msg] [0m[1;32mListening to stats on [[0m[1;32m/world/warehouse/stats[0m[1;32m][0m[1;32m[0m
[gazebo-1] [1;36m[GUI] [Dbg] [WorldControl.cc:237] [0m[1;36mUsing an event to share WorldControl msgs with the server[0m
[gazebo-1] [1;32m[GUI] [0m[1;32m[Msg] [0m[1;32mAdded plugin [[0m[1;32mWorld control[0m[1;32m] to main window[0m[1;32m[0m
[gazebo-1] [1;32m[GUI] [0m[1;32m[Msg] [0m[1;32mLoaded plugin [[0m[1;32mWorldControl[0m[1;32m] from path [[0m[1;32m/afs/kth.se/misc/info/kurser/DD2410/ht26/pixi/IROB/.pixi/envs/default/lib/gz-gui-8/plugins/libWorldControl.so[0m[1;32m][0m[1;32m[0m
[gazebo-1] [1;36m[GUI] [Dbg] [Application.cc:528] [0m[1;36mLoading plugin [[0m[1;36mWorldStats[0m[1;36m][0m[1;36m[0m
[gazebo-1] [1;32m[GUI] [0m[1;32m[Msg] [0m[1;32mListening to stats on [[0m[1;32m/world/warehouse/stats[0m[1;32m][0m[1;32m[0m
[gazebo-1] [1;32m[GUI] [0m[1;32m[Msg] [0m[1;32mAdded plugin [[0m[1;32mWorld stats[0m[1;32m] to main window[0m[1;32m[0m
[gazebo-1] [1;32m[GUI] [0m[1;32m[Msg] [0m[1;32mLoaded plugin [[0m[1;32mWorldStats[0m[1;32m] from path [[0m[1;32m/afs/kth.se/misc/info/kurser/DD2410/ht26/pixi/IROB/.pixi/envs/default/lib/gz-gui-8/plugins/libWorldStats.so[0m[1;32m][0m[1;32m[0m
[gazebo-1] [1;36m[GUI] [Dbg] [Application.cc:528] [0m[1;36mLoading plugin [[0m[1;36mTransformControl[0m[1;36m][0m[1;36m[0m
[gazebo-1] [1;36m[GUI] [Dbg] [PathManager.cc:57] [0m[1;36mReceived resource paths.[0m[1;36m[0m
[gazebo-1] [1;32m[GUI] [0m[1;32m[Msg] [0m[1;32mAdded plugin [[0m[1;32mTransform control[0m[1;32m] to main window[0m[1;32m[0m
[gazebo-1] [1;32m[GUI] [0m[1;32m[Msg] [0m[1;32mLoaded plugin [[0m[1;32mTransformControl[0m[1;32m] from path [[0m[1;32m/afs/kth.se/misc/info/kurser/DD2410/ht26/pixi/IROB/.pixi/envs/default/lib/gz-sim-8/plugins/gui/libTransformControl.so[0m[1;32m][0m[1;32m[0m
[gazebo-1] [1;36m[GUI] [Dbg] [Application.cc:528] [0m[1;36mLoading plugin [[0m[1;36mShapes[0m[1;36m][0m[1;36m[0m
[gazebo-1] [1;32m[GUI] [0m[1;32m[Msg] [0m[1;32mAdded plugin [[0m[1;32mShapes[0m[1;32m] to main window[0m[1;32m[0m
[gazebo-1] [1;32m[GUI] [0m[1;32m[Msg] [0m[1;32mLoaded plugin [[0m[1;32mShapes[0m[1;32m] from path [[0m[1;32m/afs/kth.se/misc/info/kurser/DD2410/ht26/pixi/IROB/.pixi/envs/default/lib/gz-sim-8/plugins/gui/libShapes.so[0m[1;32m][0m[1;32m[0m
[gazebo-1] [1;36m[GUI] [Dbg] [Application.cc:528] [0m[1;36mLoading plugin [[0m[1;36mTurtlebot4Hmi[0m[1;36m][0m[1;36m[0m
[gazebo-1] [1;32m[GUI] [0m[1;32m[Msg] [0m[1;32mAdded plugin [[0m[1;32mTurtlebot4 HMI[0m[1;32m] to main window[0m[1;32m[0m
[gazebo-1] [1;32m[GUI] [0m[1;32m[Msg] [0m[1;32mLoaded plugin [[0m[1;32mTurtlebot4Hmi[0m[1;32m] from path [[0m[1;32m/home/y/u/yunqiao/IROB_Mobile_Robot_Project/install/turtlebot4_gz_gui_plugins/share/turtlebot4_gz_gui_plugins/lib/libTurtlebot4Hmi.so[0m[1;32m][0m[1;32m[0m
[gazebo-1] [1;36m[GUI] [Dbg] [Application.cc:528] [0m[1;36mLoading plugin [[0m[1;36mTeleop[0m[1;36m][0m[1;36m[0m
[gazebo-1] [1;32m[GUI] [0m[1;32m[Msg] [0m[1;32mA new topic has been entered: '[0m[1;32m/cmd_vel[0m[1;32m ' [0m[1;32m[0m
[gazebo-1] [1;32m[GUI] [0m[1;32m[Msg] [0m[1;32mAdded plugin [[0m[1;32mTeleop[0m[1;32m] to main window[0m[1;32m[0m
[gazebo-1] [1;32m[GUI] [0m[1;32m[Msg] [0m[1;32mLoaded plugin [[0m[1;32mTeleop[0m[1;32m] from path [[0m[1;32m/afs/kth.se/misc/info/kurser/DD2410/ht26/pixi/IROB/.pixi/envs/default/lib/gz-gui-8/plugins/libTeleop.so[0m[1;32m][0m[1;32m[0m
[gazebo-1] [1;36m[GUI] [Dbg] [Application.cc:671] [0m[1;36mApplying config[0m[1;36m[0m
[gazebo-1] [1;36m[GUI] [Dbg] [MinimalScene.cc:802] [0m[1;36mCreating gz-rendering interface for OpenGL[0m[1;36m[0m
[gazebo-1] [1;36m[GUI] [Dbg] [MinimalScene.cc:986] [0m[1;36mCreating render thread interface for OpenGL[0m[1;36m[0m
[gazebo-1] [1;32m[GUI] [0m[1;32m[Msg] [0m[1;32mLoading plugin [[0m[1;32mgz-rendering-ogre2[0m[1;32m][0m[1;32m[0m
[gazebo-1] [1;36m[GUI] [Dbg] [MinimalScene.cc:749] [0m[1;36mCreate scene [[0m[1;36mscene[0m[1;36m][0m[1;36m[0m
[gazebo-1] [1;36m[GUI] [Dbg] [MinimalScene.cc:1037] [0m[1;36mCreating texture node render interface for OpenGL[0m[1;36m[0m
[parameter_bridge-46] [INFO] [1791336515.232130841] [odom_gt_bridge]: Creating GZ->ROS Bridge: [/model/turtlebot4/odometry (gz.msgs.Odometry) -> /odom_gt (nav_msgs/msg/Odometry)] (Lazy 0)
[parameter_bridge-46] [INFO] [1791336515.237951857] [odom_gt_bridge]: Creating GZ->ROS Bridge: [/model/turtlebot4/pose (gz.msgs.Pose_V) -> /tf (tf2_msgs/msg/TFMessage)] (Lazy 0)
[gazebo-1] [1;36m[GUI] [Dbg] [TransformControl.cc:453] [0m[1;36mTransformControl [0m[1;32m] (blocking)[0m[1;32m[0m
[gazebo-1] [1;32m[Msg] [0m[1;32mMaterial[0m[1;32m service on [[0m[1;32m/world/warehouse/wheel_slip[0m[1;32m] (async)[0m[1;32m[0m
[gazebo-1] [1;32m[Msg] [0m[1;32mMaterial[0m[1;32m service on [[0m[1;32m/world/warehouse/wheel_slip/blocking[0m[1;32m] (blocking)[0m[1;32m[0m
[gazebo-1] [1;36m[Dbg] [SystemManager.cc:80] [0m[1;36mLoaded system [[0m[1;36mgz::sim::systems::UserCommands[0m[1;36m] for entity [[0m[1;36m1[0m[1;36m][0m[1;36m[0m
[gazebo-1] [1;36m[Dbg] [SystemManager.cc:80] [0m[1;36mLoaded system [[0m[1;36mgz::sim::systems::SceneBroadcaster[0m[1;36m] for entity [[0m[1;36m1[0m[1;36m][0m[1;36m[0m
[gazebo-1] [1;36m[Dbg] [SystemManager.cc:80] [0m[1;36mLoaded system [[0m[1;36mgz::sim::systems::Contact[0m[1;36m] for entity [[0m[1;36m1[0m[1;36m][0m[1;36m[0m
[gazebo-1] [1;32m[Msg] [0m[1;32mLoaded level [[0m[1;32mdefault[0m[1;32m][0m[1;32m[0m
[gazebo-1] [1;32m[Msg] [0m[1;32mServing world controls on [[0m[1;32m/world/warehouse[0m[1;32m/control], [[0m[1;32m/world/warehouse[0m[1;32m/control/state] and [[0m[1;32m/world/warehouse[0m[1;32m/playback/control][0m[1;32m[0m
[gazebo-1] [1;32m[Msg] [0m[1;32mServing GUI information on [[0m[1;32m/world/warehouse[0m[1;32m/[0m[1;32mgui/info[0m[1;32m][0m[1;32m[0m
[gazebo-1] [1;32m[Msg] [0m[1;32mWorld [[0m[1;32mwarehouse[0m[1;32m] initialized with [[0m[1;32mdefault_physics[0m[1;32m] physics profile.[0m[1;32m[0m
[gazebo-1] [1;32m[Msg] [0m[1;32mServing world SDF generation service on [[0m[1;32m/world/warehouse[0m[1;32m/[0m[1;32mgenerate_world_sdf[0m[1;32m][0m[1;32m[0m
[gazebo-1] [1;32m[Msg] [0m[1;32mServing world names on [[0m[1;32m/gazebo/worlds[0m[1;32m][0m[1;32m[0m
[gazebo-1] [1;32m[Msg] [0m[1;32mResource path add service on [[0m[1;32m/gazebo/resource_paths/add[0m[1;32m].[0m[1;32m[0m
[gazebo-1] [1;32m[Msg] [0m[1;32mResource path get service on [[0m[1;32m/gazebo/resource_paths/get[0m[1;32m].[0m[1;32m[0m
[gazebo-1] [1;32m[Msg] [0m[1;32mResource path resolve service on [[0m[1;32m/gazebo/resource_paths/resolve[0m[1;32m].[0m[1;32m[0m
[gazebo-1] [1;32m[Msg] [0m[1;32mResource paths published on [[0m[1;32m/gazebo/resource_paths[0m[1;32m].[0m[1;32m[0m
[gazebo-1] [1;32m[Msg] [0m[1;32mServer control service on [[0m[1;32m/server_control[0m[1;32m].[0m[1;32m[0m
[gazebo-1] [1;32m[Msg] [0m[1;32mFound no publishers on /stats, adding root stats topic[0m[1;32m[0m
[gazebo-1] [1;32m[Msg] [0m[1;32mFound no publishers on /clock, adding root clock topic[0m[1;32m[0m
[gazebo-1] [1;36m[Dbg] [SimulationRunner.cc:533] [0m[1;36mCreating PostUpdate worker threads: [0m[1;36m3[0m[1;36m[0m
[gazebo-1] [1;36m[Dbg] [SimulationRunner.cc:544] [0m[1;36mCreating postupdate worker thread ([0m[1;36m0[0m[1;36m)[0m[1;36m[0m
[gazebo-1] [1;36m[Dbg] [SimulationRunner.cc:544] [0m[1;36mCreating postupdate worker thread ([0m[1;36m1[0m[1;36m)[0m[1;36m[0m
[gazebo-1] [1;36m[Dbg] [SDFFeatures.cc:332] [0m[1;36mMesh construction from an SDF has not been implemented yet for [0m[1;36mdartsim. Use AttachMeshShapeFeature to use mesh shapes.[0m
[gazebo-1] [1;36m[Dbg] [SDFFeatures.cc:864] [0m[1;36mThe geometry element of collision [[0m[1;36mwarehouse_collision[0m[1;36m] [0m[1;36mcouldn't be created[0m
[gazebo-1] [1;36m[Dbg] [SDFFeatures.cc:332] [0m[1;36mMesh construction from an SDF has not been implemented yet for [0m[1;36mdartsim. Use AttachMeshShapeFeature to use mesh shapes.[0m
[gazebo-1] [1;36m[Dbg] [SDFFeatures.cc:864] [0m[1;36mThe geometry element of collision [[0m[1;36mcollision[0m[1;36m] [0m[1;36mcouldn't be created[0m
[gazebo-1] [1;36m[Dbg] [SDFFeatures.cc:332] [0m[1;36mMesh construction from an SDF has not been implemented yet for [0m[1;36mdartsim. Use AttachMeshShapeFeature to use mesh shapes.[0m
[gazebo-1] [1;36m[Dbg] [SDFFeatures.cc:864] [0m[1;36mThe geometry element of collision [[0m[1;36mcollision[0m[1;36m] [0m[1;36mcouldn't be created[0m
[gazebo-1] [1;36m[Dbg] [SDFFeatures.cc:332] [0m[1;36mMesh construction from an SDF has not been implemented yet for [0m[1;36mdartsim. Use AttachMeshShapeFeature to use mesh shapes.[0m
[gazebo-1] [1;33m[Wrn] [OBJLoader.cc:91] [0m[1;33mBoth `d` and `Tr` parameters defined for "Chair". Use the value of `d` for dissolve (line 8 in .mtl.)[0m
[gazebo-1] [1;33m[0m
[gazebo-1] [1;33m[Wrn] [OBJLoader.cc:91] [0m[1;33mBoth `d` and `Tr` parameters defined for "CoffeeTable". Use the value of `d` for dissolve (line 8 in .mtl.)[0m
[gazebo-1] [1;33m[0m
[wait_for_ready-47] [INFO] [1791336515.548515015] [wait_for_rviz]: ready: topic /clock (message received)
[create-7] [INFO] [1791336515.610105784] [ros_gz_sim]: Waiting messages on topic [standard_dock_description].
[create-6] [INFO] [1791336515.710528516] [ros_gz_sim]: Waiting messages on topic [robot_description].
[parameter_bridge-24] [INFO] [1791336515.969077312] [hmi_display_msg_bridge]: Passing message from ROS std_msgs/msg/String to Gazebo gz.msgs.StringMsg (showing msg only once per type)
[parameter_bridge-24] [INFO] [1791336515.969148470] [hmi_display_msg_bridge]: Passing message from ROS std_msgs/msg/Int32 to Gazebo gz.msgs.Int32 (showing msg only once per type)
[create-7] [INFO] [1791336516.014492700] [ros_gz_sim]: Entity creation successful.
[create-6] [INFO] [1791336516.056864872] [ros_gz_sim]: Entity creation successful.
[INFO] [create-7]: process has finished cleanly [pid 96368]
[INFO] [create-6]: process has finished cleanly [pid 96366]
[gazebo-1] [1;36m[Dbg] [SDFFeatures.cc:864] [0m[1;36mThe geometry element of collision [[0m[1;36mcollision[0m[1;36m] [0m[1;36mcouldn't be created[0m
[gazebo-1] [1;36m[Dbg] [SDFFeatures.cc:332] [0m[1;36mMesh construction from an SDF has not been implemented yet for [0m[1;36mdartsim. Use AttachMeshShapeFeature to use mesh shapes.[0m
[gazebo-1] [1;36m[Dbg] [SDFFeatures.cc:864] [0m[1;36mThe geometry element of collision [[0m[1;36mcollision[0m[1;36m] [0m[1;36mcouldn't be created[0m
[gazebo-1] [1;36m[Dbg] [SDFFeatures.cc:332] [0m[1;36mMesh construction from an SDF has not been implemented yet for [0m[1;36mdartsim. Use AttachMeshShapeFeature to use mesh shapes.[0m
[gazebo-1] [1;36m[Dbg] [SDFFeatures.cc:864] [0m[1;36mThe geometry element of collision [[0m[1;36mcollision[0m[1;36m] [0m[1;36mcouldn't be created[0m
[gazebo-1] [1;36m[Dbg] [SimulationFeatures.cc:90] [0m[1;36mSimulation timestep set to: [0m[1;36m0.003[0m[1;36m[0m
[gazebo-1] [1;32m[Msg] [0m[1;32mServing scene information on [[0m[1;32m/world/warehouse[0m[1;32m/[0m[1;32mscene/info[0m[1;32m][0m[1;32m[0m
[gazebo-1] [1;32m[Msg] [0m[1;32mServing graph information on [[0m[1;32m/world/warehouse[0m[1;32m/[0m[1;32mscene/graph[0m[1;32m][0m[1;32m[0m
[gazebo-1] [1;32m[Msg] [0m[1;32mServing full state on [[0m[1;32m/world/warehouse[0m[1;32m/[0m[1;32mstate[0m[1;32m][0m[1;32m[0m
[gazebo-1] [1;32m[Msg] [0m[1;32mServing full state (async) on [[0m[1;32m/world/warehouse[0m[1;32m/[0m[1;32mstate_async[0m[1;32m][0m[1;32m[0m
[gazebo-1] [1;32m[Msg] [0m[1;32mPublishing scene information on [[0m[1;32m/world/warehouse/scene/info[0m[1;32m][0m[1;32m[0m
[gazebo-1] [1;32m[Msg] [0m[1;32mPublishing entity deletions on [[0m[1;32m/world/warehouse/scene/deletion[0m[1;32m][0m[1;32m[0m
[gazebo-1] [1;32m[Msg] [0m[1;32mPublishing state changes on [[0m[1;32m/world/warehouse/state[0m[1;32m][0m[1;32m[0m
[gazebo-1] [1;32m[Msg] [0m[1;32mPublishing pose messages on [[0m[1;32m/world/warehouse[0m[1;32m/[0m[1;32mpose/info[0m[1;32m][0m[1;32m[0m
[gazebo-1] [1;32m[Msg] [0m[1;32mPublishing dynamic pose messages on [[0m[1;32m/world/warehouse[0m[1;32m/[0m[1;32mdynamic_pose/info[0m[1;32m][0m[1;32m[0m
[gazebo-1] [1;36m[Dbg] [EntityComponentManager.cc:1656] [0m[1;36mUpdated state thread iterators: [0m[1;36m16[0m[1;36m threads processing around [0m[1;36m10[0m[1;36m entities each.[0m[1;36m[0m
[gazebo-1] [1;36m[Dbg] [SystemManager.cc:80] [0m[1;36mLoaded system [[0m[1;36mgz::sim::systems::PosePublisher[0m[1;36m] for entity [[0m[1;36m148[0m[1;36m][0m[1;36m[0m
[gazebo-1] [1;36m[Dbg] [UserCommands.cc:1094] [0m[1;36mCreated entity [[0m[1;36m148[0m[1;36m] named [[0m[1;36mstandard_dock[0m[1;36m][0m[1;36m[0m
[gazebo-1] [1;36m[Dbg] [SimulationRunner.cc:560] [0m[1;36mExiting postupdate worker thread ([0m[1;36m1[0m[1;36m)[0m[1;36m[0m
[gazebo-1] [1;36m[Dbg] [SimulationRunner.cc:560] [0m[1;36mExiting postupdate worker thread ([0m[1;36m0[0m[1;36m)[0m[1;36m[0m
[gazebo-1] [1;36m[Dbg] [SimulationRunner.cc:533] [0m[1;36mCreating PostUpdate worker threads: [0m[1;36m4[0m[1;36m[0m
[gazebo-1] [1;36m[Dbg] [SimulationRunner.cc:544] [0m[1;36mCreating postupdate worker thread ([0m[1;36m0[0m[1;36m)[0m[1;36m[0m
[gazebo-1] [1;36m[Dbg] [SimulationRunner.cc:544] [0m[1;36mCreating postupdate worker thread ([0m[1;36m1[0m[1;36m)[0m[1;36m[0m
[gazebo-1] [1;36m[Dbg] [SimulationRunner.cc:544] [0m[1;36mCreating postupdate worker thread ([0m[1;36m2[0m[1;36m)[0m[1;36m[0m
[gazebo-1] [1;33mWarning [Utils.cc:132][0m [/sdf/model[@name="tb4_lite6"]/joint[@name="wheel_drop_left_joint"]/physics/ode/provide_feedback:<urdf-string>:L0]: XML Element[provide_feedback], child of element[ode], not defined in SDF. Copying[provide_feedback] as children of [ode].
[gazebo-1] [1;33mWarning [Utils.cc:132][0m [/sdf/model[@name="tb4_lite6"]/joint[@name="wheel_drop_right_joint"]/physics/ode/provide_feedback:<urdf-string>:L0]: XML Element[provide_feedback], child of element[ode], not defined in SDF. Copying[provide_feedback] as children of [ode].
[gazebo-1] [1;33m[Wrn] [SdfEntityCreator.cc:933] [0m[1;33mGazebo does not support Ogre material scripts. See [0m[1;33mhttps://gazebosim.org/api/sim/8/migrationsdf.html#:~:text=Materials [0m[1;33mfor details.[0m[1;33m[0m
[gazebo-1] [1;33m[Wrn] [SdfEntityCreator.cc:949] [0m[1;33mUsing an internal gazebo.material to parse [0m[1;33mGazebo/DarkGrey[0m[1;33m[0m
[gazebo-1] [1;33m[Wrn] [SdfEntityCreator.cc:933] [0m[1;33mGazebo does not support Ogre material scripts. See [0m[1;33mhttps://gazebosim.org/api/sim/8/migrationsdf.html#:~:text=Materials [0m[1;33mfor details.[0m[1;33m[0m
[gazebo-1] [1;33m[Wrn] [SdfEntityCreator.cc:949] [0m[1;33mUsing an internal gazebo.material to parse [0m[1;33mGazebo/DarkGrey[0m[1;33m[0m
[gazebo-1] [1;33m[Wrn] [SdfEntityCreator.cc:933] [0m[1;33mGazebo does not support Ogre material scripts. See [0m[1;33mhttps://gazebosim.org/api/sim/8/migrationsdf.html#:~:text=Materials [0m[1;33mfor details.[0m[1;33m[0m
[gazebo-1] [1;33m[Wrn] [SdfEntityCreator.cc:949] [0m[1;33mUsing an internal gazebo.material to parse [0m[1;33mGazebo/DarkGrey[0m[1;33m[0m
[gazebo-1] [1;33m[Wrn] [SdfEntityCreator.cc:933] [0m[1;33mGazebo does not support Ogre material scripts. See [0m[1;33mhttps://gazebosim.org/api/sim/8/migrationsdf.html#:~:text=Materials [0m[1;33mfor details.[0m[1;33m[0m
[gazebo-1] [1;33m[Wrn] [SdfEntityCreator.cc:949] [0m[1;33mUsing an internal gazebo.material to parse [0m[1;33mGazebo/DarkGrey[0m[1;33m[0m
[gazebo-1] [INFO] [1791336516.388146059] [gz_ros_control]: [gz_ros2_control] Fixed joint ['bumper_joint'] (Entity='270') is skipped.
[gazebo-1] [INFO] [1791336516.388181770] [gz_ros_control]: [gz_ros2_control] Fixed joint ['front_caster_joint'] (Entity='271') is skipped.
[gazebo-1] [INFO] [1791336516.388186138] [gz_ros_control]: [gz_ros2_control] Fixed joint ['front_left_bottom_weight_block_joint'] (Entity='272') is skipped.
[gazebo-1] [INFO] [1791336516.388189682] [gz_ros_control]: [gz_ros2_control] Fixed joint ['front_left_top_weight_block_joint'] (Entity='273') is skipped.
[gazebo-1] [INFO] [1791336516.388192936] [gz_ros_control]: [gz_ros2_control] Fixed joint ['front_right_bottom_weight_block_joint'] (Entity='274') is skipped.
[gazebo-1] [INFO] [1791336516.388195566] [gz_ros_control]: [gz_ros2_control] Fixed joint ['front_right_top_weight_block_joint'] (Entity='275') is skipped.
[gazebo-1] [INFO] [1791336516.388198011] [gz_ros_control]: [gz_ros2_control] Fixed joint ['imu_joint'] (Entity='276') is skipped.
[gazebo-1] [INFO] [1791336516.388200221] [gz_ros_control]: [gz_ros2_control] Fixed joint ['ir_intensity_front_center_left_joint'] (Entity='277') is skipped.
[gazebo-1] [INFO] [1791336516.388202627] [gz_ros_control]: [gz_ros2_control] Fixed joint ['ir_intensity_front_center_right_joint'] (Entity='278') is skipped.
[gazebo-1] [INFO] [1791336516.388205161] [gz_ros_control]: [gz_ros2_control] Fixed joint ['ir_intensity_front_left_joint'] (Entity='279') is skipped.
[gazebo-1] [INFO] [1791336516.388208518] [gz_ros_control]: [gz_ros2_control] Fixed joint ['ir_intensity_front_right_joint'] (Entity='280') is skipped.
[gazebo-1] [INFO] [1791336516.388210890] [gz_ros_control]: [gz_ros2_control] Fixed joint ['ir_intensity_left_joint'] (Entity='281') is skipped.
[gazebo-1] [INFO] [1791336516.388213379] [gz_ros_control]: [gz_ros2_control] Fixed joint ['ir_intensity_right_joint'] (Entity='282') is skipped.
[gazebo-1] [INFO] [1791336516.388215827] [gz_ros_control]: [gz_ros2_control] Fixed joint ['ir_intensity_side_left_joint'] (Entity='283') is skipped.
[gazebo-1] [INFO] [1791336516.388218112] [gz_ros_control]: [gz_ros2_control] Fixed joint ['ir_omni_joint'] (Entity='284') is skipped.
[gazebo-1] [INFO] [1791336516.388220486] [gz_ros_control]: [gz_ros2_control] Fixed joint ['mouse_joint'] (Entity='285') is skipped.
[gazebo-1] [INFO] [1791336516.388224591] [gz_ros_control]: [gz_ros2_control] Fixed joint ['arm_vacuum_gripper_fix'] (Entity='292') is skipped.
[gazebo-1] [INFO] [1791336516.388227456] [gz_ros_control]: [gz_ros2_control] Fixed joint ['front_left_tower_standoff_joint'] (Entity='293') is skipped.
[gazebo-1] [INFO] [1791336516.388230619] [gz_ros_control]: [gz_ros2_control] Fixed joint ['front_right_tower_standoff_joint'] (Entity='294') is skipped.
[gazebo-1] [INFO] [1791336516.388233081] [gz_ros_control]: [gz_ros2_control] Fixed joint ['oakd_camera_bracket_joint'] (Entity='295') is skipped.
[gazebo-1] [INFO] [1791336516.388235645] [gz_ros_control]: [gz_ros2_control] Fixed joint ['oakd_joint'] (Entity='296') is skipped.
[gazebo-1] [INFO] [1791336516.388237935] [gz_ros_control]: [gz_ros2_control] Fixed joint ['oakd_imu_joint'] (Entity='297') is skipped.
[gazebo-1] [INFO] [1791336516.388240149] [gz_ros_control]: [gz_ros2_control] Fixed joint ['oakd_left_camera_joint'] (Entity='298') is skipped.
[gazebo-1] [INFO] [1791336516.388243046] [gz_ros_control]: [gz_ros2_control] Fixed joint ['oakd_left_camera_optical_joint'] (Entity='299') is skipped.
[gazebo-1] [INFO] [1791336516.388245529] [gz_ros_control]: [gz_ros2_control] Fixed joint ['oakd_rgb_camera_joint'] (Entity='300') is skipped.
[gazebo-1] [INFO] [1791336516.388247995] [gz_ros_control]: [gz_ros2_control] Fixed joint ['oakd_rgb_camera_optical_joint'] (Entity='301') is skipped.
[gazebo-1] [INFO] [1791336516.388250295] [gz_ros_control]: [gz_ros2_control] Fixed joint ['oakd_right_camera_joint'] (Entity='302') is skipped.
[gazebo-1] [INFO] [1791336516.388252746] [gz_ros_control]: [gz_ros2_control] Fixed joint ['oakd_right_camera_optical_joint'] (Entity='303') is skipped.
[gazebo-1] [INFO] [1791336516.388255284] [gz_ros_control]: [gz_ros2_control] Fixed joint ['rear_left_tower_standoff_joint'] (Entity='304') is skipped.
[gazebo-1] [INFO] [1791336516.388257559] [gz_ros_control]: [gz_ros2_control] Fixed joint ['rear_right_tower_standoff_joint'] (Entity='305') is skipped.
[gazebo-1] [INFO] [1791336516.388260023] [gz_ros_control]: [gz_ros2_control] Fixed joint ['rplidar_joint'] (Entity='306') is skipped.
[gazebo-1] [INFO] [1791336516.388314094] [gz_ros_control]: [gz_ros2_control] Fixed joint ['tower_sensor_plate_joint'] (Entity='307') is skipped.
[gazebo-1] [INFO] [1791336516.393958317] [gz_ros_control]: Loading controller_manager
[gazebo-1] [INFO] [1791336516.422233148] [controller_manager]: Using ROS clock for triggering controller manager cycles.
[gazebo-1] [INFO] [1791336516.426621919] [controller_manager]: Subscribing to '/robot_description' topic for robot description.
[gazebo-1] [1;33m[GUI] [Wrn] [OBJLoader.cc:91] [0m[1;33mBoth `d` and `Tr` parameters defined for "Chair". Use the value of `d` for dissolve (line 8 in .mtl.)[0m
[gazebo-1] [1;33m[0m
[gazebo-1] [WARN] [1791336516.764376948] [gz_ros_control]: Waiting RM to load and initialize hardware...
[gazebo-1] [1;33m[GUI] [Wrn] [OBJLoader.cc:91] [0m[1;33mBoth `d` and `Tr` parameters defined for "CoffeeTable". Use the value of `d` for dissolve (line 8 in .mtl.)[0m
[gazebo-1] [1;33m[0m
[gazebo-1] [INFO] [1791336516.955801158] [controller_manager]: Received robot description from topic.
[gazebo-1] [INFO] [1791336516.955882858] [controller_manager]: Enforcing command limits is disabled. Command limits from URDF will be ignored.
[gazebo-1] [INFO] [1791336516.963985935] [gz_ros_control]: The position_proportional_gain has been set to: 0.1
[gazebo-1] [INFO] [1791336516.964067032] [gz_ros_control]: Loading joint: left_wheel_joint
[gazebo-1] [INFO] [1791336516.964074235] [gz_ros_control]: 	State:
[gazebo-1] [INFO] [1791336516.964078665] [gz_ros_control]: 		 velocity
[gazebo-1] [INFO] [1791336516.964083712] [gz_ros_control]: 		 position
[gazebo-1] [INFO] [1791336516.964088702] [gz_ros_control]: 	Command:
[gazebo-1] [INFO] [1791336516.964092035] [gz_ros_control]: 		 velocity
[gazebo-1] [INFO] [1791336516.964213010] [gz_ros_control]: Loading sensor: imu
[gazebo-1] [INFO] [1791336516.964226696] [gz_ros_control]: 	State:
[gazebo-1] [WARN] [1791336516.964231078] [gz_ros_control]: IMU sensor 'imu' not found in hardware_info, skipping.
[gazebo-1] [INFO] [1791336516.964336954] [controller_manager]: Initialize hardware 'left_wheel_controller' 
[gazebo-1] [WARN] [1791336516.964349497] [controller_manager.hardware_component.system.left_wheel_controller]: Executor is not available during hardware component initialization for 'left_wheel_controller'. Skipping node creation!
[gazebo-1] [INFO] [1791336516.964369116] [controller_manager]: Successful initialization of hardware 'left_wheel_controller'
[gazebo-1] [INFO] [1791336516.964428049] [gz_ros_control]: The position_proportional_gain has been set to: 0.1
[gazebo-1] [INFO] [1791336516.964451755] [gz_ros_control]: Loading joint: right_wheel_joint
[gazebo-1] [INFO] [1791336516.964456502] [gz_ros_control]: 	State:
[gazebo-1] [INFO] [1791336516.964463600] [gz_ros_control]: 		 velocity
[gazebo-1] [INFO] [1791336516.964467652] [gz_ros_control]: 		 position
[gazebo-1] [INFO] [1791336516.964471862] [gz_ros_control]: 	Command:
[gazebo-1] [INFO] [1791336516.964475259] [gz_ros_control]: 		 velocity
[gazebo-1] [INFO] [1791336516.964486883] [gz_ros_control]: Loading sensor: imu
[gazebo-1] [INFO] [1791336516.964490867] [gz_ros_control]: 	State:
[gazebo-1] [WARN] [1791336516.964494744] [gz_ros_control]: IMU sensor 'imu' not found in hardware_info, skipping.
[gazebo-1] [INFO] [1791336516.964517884] [controller_manager]: Initialize hardware 'right_wheel_controller' 
[gazebo-1] [WARN] [1791336516.964526340] [controller_manager.hardware_component.system.right_wheel_controller]: Executor is not available during hardware component initialization for 'right_wheel_controller'. Skipping node creation!
[gazebo-1] [INFO] [1791336516.964543057] [controller_manager]: Successful initialization of hardware 'right_wheel_controller'
[gazebo-1] [INFO] [1791336516.964596671] [gz_ros_control]: The position_proportional_gain has been set to: 0.1
[gazebo-1] [INFO] [1791336516.964620439] [gz_ros_control]: Loading joint: arm_joint1
[gazebo-1] [INFO] [1791336516.964633140] [gz_ros_control]: 	State:
[gazebo-1] [INFO] [1791336516.964635648] [gz_ros_control]: 		 position
[gazebo-1] [INFO] [1791336516.964638017] [gz_ros_control]: 		 velocity
[gazebo-1] [INFO] [1791336516.964640797] [gz_ros_control]: 	Command:
[gazebo-1] [INFO] [1791336516.964645415] [gz_ros_control]: 		 position
[gazebo-1] [INFO] [1791336516.964652363] [gz_ros_control]: 		 velocity
[gazebo-1] [INFO] [1791336516.964661603] [gz_ros_control]: Loading joint: arm_joint2
[gazebo-1] [INFO] [1791336516.964664116] [gz_ros_control]: 	State:
[gazebo-1] [INFO] [1791336516.964666232] [gz_ros_control]: 		 position
[gazebo-1] [INFO] [1791336516.964668472] [gz_ros_control]: 		 velocity
[gazebo-1] [INFO] [1791336516.964670433] [gz_ros_control]: 	Command:
[gazebo-1] [INFO] [1791336516.964672242] [gz_ros_control]: 		 position
[gazebo-1] [INFO] [1791336516.964677599] [gz_ros_control]: 		 velocity
[gazebo-1] [INFO] [1791336516.964685039] [gz_ros_control]: Loading joint: arm_joint3
[gazebo-1] [INFO] [1791336516.964711217] [gz_ros_control]: 	State:
[gazebo-1] [INFO] [1791336516.964715504] [gz_ros_control]: 		 position
[gazebo-1] [INFO] [1791336516.964718273] [gz_ros_control]: 		 velocity
[gazebo-1] [INFO] [1791336516.964720266] [gz_ros_control]: 	Command:
[gazebo-1] [INFO] [1791336516.964722603] [gz_ros_control]: 		 position
[gazebo-1] [INFO] [1791336516.964729199] [gz_ros_control]: 		 velocity
[gazebo-1] [INFO] [1791336516.964736613] [gz_ros_control]: Loading joint: arm_joint4
[gazebo-1] [INFO] [1791336516.964740795] [gz_ros_control]: 	State:
[gazebo-1] [INFO] [1791336516.964742944] [gz_ros_control]: 		 position
[gazebo-1] [INFO] [1791336516.964744989] [gz_ros_control]: 		 velocity
[gazebo-1] [INFO] [1791336516.964746904] [gz_ros_control]: 	Command:
[gazebo-1] [INFO] [1791336516.964748766] [gz_ros_control]: 		 position
[gazebo-1] [INFO] [1791336516.964753359] [gz_ros_control]: 		 velocity
[gazebo-1] [INFO] [1791336516.964761751] [gz_ros_control]: Loading joint: arm_joint5
[gazebo-1] [INFO] [1791336516.964763953] [gz_ros_control]: 	State:
[gazebo-1] [INFO] [1791336516.964765980] [gz_ros_control]: 		 position
[gazebo-1] [INFO] [1791336516.964769059] [gz_ros_control]: 		 velocity
[gazebo-1] [INFO] [1791336516.964771076] [gz_ros_control]: 	Command:
[gazebo-1] [INFO] [1791336516.964772949] [gz_ros_control]: 		 position
[gazebo-1] [INFO] [1791336516.964778457] [gz_ros_control]: 		 velocity
[gazebo-1] [INFO] [1791336516.964785705] [gz_ros_control]: Loading joint: arm_joint6
[gazebo-1] [INFO] [1791336516.964787977] [gz_ros_control]: 	State:
[gazebo-1] [INFO] [1791336516.964790022] [gz_ros_control]: 		 position
[gazebo-1] [INFO] [1791336516.964792073] [gz_ros_control]: 		 velocity
[gazebo-1] [INFO] [1791336516.964795301] [gz_ros_control]: 	Command:
[gazebo-1] [INFO] [1791336516.964797237] [gz_ros_control]: 		 position
[gazebo-1] [INFO] [1791336516.964801788] [gz_ros_control]: 		 velocity
[gazebo-1] [INFO] [1791336516.964805147] [gz_ros_control]: Loading sensor: imu
[gazebo-1] [INFO] [1791336516.964807427] [gz_ros_control]: 	State:
[gazebo-1] [WARN] [1791336516.964809561] [gz_ros_control]: IMU sensor 'imu' not found in hardware_info, skipping.
[gazebo-1] [INFO] [1791336516.964830713] [controller_manager]: Initialize hardware 'arm_gz_ros2_control/GazeboSimSystem' 
[gazebo-1] [WARN] [1791336516.964839275] [controller_manager.hardware_component.system.arm_gz_ros2_control/GazeboSimSystem]: Executor is not available during hardware component initialization for 'arm_gz_ros2_control/GazeboSimSystem'. Skipping node creation!
[gazebo-1] [INFO] [1791336516.964864408] [controller_manager]: Successful initialization of hardware 'arm_gz_ros2_control/GazeboSimSystem'
[gazebo-1] [INFO] [1791336516.964932566] [controller_manager]: Activating component 'arm_gz_ros2_control/GazeboSimSystem'.
[gazebo-1] [INFO] [1791336516.964937943] [resource_manager]: 'configure' hardware 'arm_gz_ros2_control/GazeboSimSystem' 
[gazebo-1] [INFO] [1791336516.964939775] [gz_ros_control]: System Successfully configured!
[gazebo-1] [INFO] [1791336516.964945825] [resource_manager]: Successful 'configure' of hardware 'arm_gz_ros2_control/GazeboSimSystem'
[gazebo-1] [INFO] [1791336516.964949334] [resource_manager]: 'activate' hardware 'arm_gz_ros2_control/GazeboSimSystem' 
[gazebo-1] [INFO] [1791336516.964952164] [resource_manager]: Successful 'activate' of hardware 'arm_gz_ros2_control/GazeboSimSystem'
[gazebo-1] [INFO] [1791336516.964966396] [controller_manager]: Activating component 'right_wheel_controller'.
[gazebo-1] [INFO] [1791336516.964969244] [resource_manager]: 'configure' hardware 'right_wheel_controller' 
[gazebo-1] [INFO] [1791336516.964970501] [gz_ros_control]: System Successfully configured!
[gazebo-1] [INFO] [1791336516.964974668] [resource_manager]: Successful 'configure' of hardware 'right_wheel_controller'
[gazebo-1] [INFO] [1791336516.964976255] [resource_manager]: 'activate' hardware 'right_wheel_controller' 
[gazebo-1] [INFO] [1791336516.964977891] [resource_manager]: Successful 'activate' of hardware 'right_wheel_controller'
[gazebo-1] [INFO] [1791336516.964986290] [controller_manager]: Activating component 'left_wheel_controller'.
[gazebo-1] [INFO] [1791336516.964990241] [resource_manager]: 'configure' hardware 'left_wheel_controller' 
[gazebo-1] [INFO] [1791336516.964991524] [gz_ros_control]: System Successfully configured!
[gazebo-1] [INFO] [1791336516.964993732] [resource_manager]: Successful 'configure' of hardware 'left_wheel_controller'
[gazebo-1] [INFO] [1791336516.964995246] [resource_manager]: 'activate' hardware 'left_wheel_controller' 
[gazebo-1] [INFO] [1791336516.965013185] [resource_manager]: Successful 'activate' of hardware 'left_wheel_controller'
[gazebo-1] [WARN] [1791336516.965022542] [controller_manager]: Component 'arm_gz_ros2_control/GazeboSimSystem' does not have read or write statistics initialized, skipping registration.
[gazebo-1] [WARN] [1791336516.965026776] [controller_manager]: Component 'right_wheel_controller' does not have read or write statistics initialized, skipping registration.
[gazebo-1] [WARN] [1791336516.965030374] [controller_manager]: Component 'left_wheel_controller' does not have read or write statistics initialized, skipping registration.
[gazebo-1] [INFO] [1791336516.965038427] [controller_manager]: Resource Manager has been successfully initialized. Starting Controller Manager services...
[wait_for_ready-48] [INFO] [1791336518.294855044] [wait_for_sim]: ready: service /controller_manager/list_controllers (answered a call)
[wait_for_ready-48] [INFO] [1791336518.295828356] [wait_for_sim]: ready: node controller_manager
[wait_for_ready-48] [INFO] [1791336518.297212106] [wait_for_sim]: ready: service /controller_manager/set_parameters
[gazebo-1] [INFO] [1791336518.757113128] [controller_manager]: Loading controller : 'joint_state_broadcaster' of type 'joint_state_broadcaster/JointStateBroadcaster'
[gazebo-1] [INFO] [1791336518.757161596] [controller_manager]: Loading controller 'joint_state_broadcaster'
[gazebo-1] [WARN] [1791336518.767531698] [controller_manager]: The use of remapping arguments to the controller_manager node is deprecated. Please use the '--controller-ros-args' argument of the spawner to pass remapping arguments to the controller node.
[gazebo-1] [INFO] [1791336518.767575234] [controller_manager]: Controller 'joint_state_broadcaster' node arguments: --ros-args --params-file /home/y/u/yunqiao/IROB_Mobile_Robot_Project/install/irobot_create_control/share/irobot_create_control/config/control.yaml --params-file /home/y/u/yunqiao/IROB_Mobile_Robot_Project/install/warehouse_inventory_robot/share/warehouse_inventory_robot/config/arm_controller_types.yaml --ros-args --remap ~/odom:=odom --remap /tf:=tf --remap /tf_static:=tf_static --remap /diagnostics:=diagnostics -p use_sim_time:=true --param use_sim_time:=true 
[gazebo-1] [1;36m[Dbg] [SystemManager.cc:80] [0m[1;36mLoaded system [[0m[1;36mgz_ros2_control::GazeboSimROS2ControlPlugin[0m[1;36m] for entity [[0m[1;36m164[0m[1;36m][0m[1;36m[0m
[gazebo-1] [1;36m[Dbg] [SystemManager.cc:80] [0m[1;36mLoaded system [[0m[1;36mgz::sim::systems::PosePublisher[0m[1;36m] for entity [[0m[1;36m164[0m[1;36m][0m[1;36m[0m
[gazebo-1] [1;36m[Dbg] [SystemManager.cc:80] [0m[1;36mLoaded system [[0m[1;36mgz::sim::systems::Contact[0m[1;36m] for entity [[0m[1;36m164[0m[1;36m][0m[1;36m[0m
[gazebo-1] [1;36m[Dbg] [Sensors.cc:697] [0m[1;36mConfiguring Sensors system[0m[1;36m[0m
[gazebo-1] [1;36m[Dbg] [Sensors.cc:557] [0m[1;36mSensorsPrivate::Run[0m[1;36m[0m
[gazebo-1] [1;36m[Dbg] [SystemManager.cc:80] [0m[1;36mLoaded system [[0m[1;36mgz::sim::systems::Sensors[0m[1;36m] for entity [[0m[1;36m164[0m[1;36m][0m[1;36m[0m
[gazebo-1] [1;36m[Dbg] [Sensors.cc:532] [0m[1;36mSensorsPrivate::RenderThread started[0m[1;36m[0m
[gazebo-1] [1;36m[Dbg] [Sensors.cc:337] [0m[1;36mWaiting for init[0m[1;36m[0m
[gazebo-1] [1;36m[Dbg] [DetachableJoint.cc:137] [0m[1;36mDetach topic is: [0m[1;36m/vacuum_gripper/detach[0m[1;36m[0m
[gazebo-1] [1;36m[Dbg] [DetachableJoint.cc:143] [0m[1;36mDetachableJoint subscribing to messages on [0m[1;36m[[0m[1;36m/vacuum_gripper/detach[0m[1;36m][0m[1;36m[0m
[gazebo-1] [1;36m[Dbg] [DetachableJoint.cc:160] [0m[1;36mAttach topic is: [0m[1;36m/vacuum_gripper/attach[0m[1;36m[0m
[gazebo-1] [1;36m[Dbg] [DetachableJoint.cc:195] [0m[1;36mOutput topic is: [0m[1;36m/vacuum_gripper/state[0m[1;36m[0m
[gazebo-1] [1;36m[Dbg] [SystemManager.cc:80] [0m[1;36mLoaded system [[0m[1;36mgz::sim::systems::DetachableJoint[0m[1;36m] for entity [[0m[1;36m164[0m[1;36m][0m[1;36m[0m
[gazebo-1] [1;32m[Msg] [0m[1;32mOdometryPublisher publishing odometry on [[0m[1;32m/model/turtlebot4/odometry[0m[1;32m][0m[1;32m[0m
[gazebo-1] [1;32m[Msg] [0m[1;32mOdometryPublisher publishing odometry with covariance on [[0m[1;32m/model/turtlebot4/odometry_with_covariance[0m[1;32m][0m[1;32m[0m
[gazebo-1] [1;32m[Msg] [0m[1;32mOdometryPublisher publishing Pose_V (TF) on [[0m[1;32m/model/turtlebot4/pose[0m[1;32m][0m[1;32m[0m
[gazebo-1] [1;36m[Dbg] [SystemManager.cc:80] [0m[1;36mLoaded system [[0m[1;36mgz::sim::systems::OdometryPublisher[0m[1;36m] for entity [[0m[1;36m164[0m[1;36m][0m[1;36m[0m
[gazebo-1] [1;36m[Dbg] [UserCommands.cc:1094] [0m[1;36mCreated entity [[0m[1;36m164[0m[1;36m] named [[0m[1;36mturtlebot4[0m[1;36m][0m[1;36m[0m
[gazebo-1] [1;32m[Msg] [0m[1;32mContact system publishing on [0m[1;32m/bumper_contact[0m[1;32m[0m
[gazebo-1] [1;36m[Dbg] [SDFFeatures.cc:332] [0m[1;36mMesh construction from an SDF has not been implemented yet for [0m[1;36mdartsim. Use AttachMeshShapeFeature to use mesh shapes.[0m
[gazebo-1] [1;36m[Dbg] [SDFFeatures.cc:864] [0m[1;36mThe geometry element of collision [[0m[1;36mbase_link_fixed_joint_lump__shell_collision_collision_1[0m[1;36m] [0m[1;36mcouldn't be created[0m
[gazebo-1] [1;36m[Dbg] [SDFFeatures.cc:332] [0m[1;36mMesh construction from an SDF has not been implemented yet for [0m[1;36mdartsim. Use AttachMeshShapeFeature to use mesh shapes.[0m
[gazebo-1] [1;36m[Dbg] [SDFFeatures.cc:864] [0m[1;36mThe geometry element of collision [[0m[1;36mbase_link_fixed_joint_lump__arm_link_base_collision_2[0m[1;36m] [0m[1;36mcouldn't be created[0m
[gazebo-1] [1;36m[Dbg] [SDFFeatures.cc:332] [0m[1;36mMesh construction from an SDF has not been implemented yet for [0m[1;36mdartsim. Use AttachMeshShapeFeature to use mesh shapes.[0m
[gazebo-1] [1;36m[Dbg] [SDFFeatures.cc:864] [0m[1;36mThe geometry element of collision [[0m[1;36mbumper_collision[0m[1;36m] [0m[1;36mcouldn't be created[0m
[gazebo-1] [1;36m[Dbg] [SDFFeatures.cc:332] [0m[1;36mMesh construction from an SDF has not been implemented yet for [0m[1;36mdartsim. Use AttachMeshShapeFeature to use mesh shapes.[0m
[gazebo-1] [1;36m[Dbg] [SDFFeatures.cc:864] [0m[1;36mThe geometry element of collision [[0m[1;36marm_link1_collision[0m[1;36m] [0m[1;36mcouldn't be created[0m
[spawner-31] [INFO] [1791336518.800769522] [spawner_joint_state_broadcaster]: Loaded joint_state_broadcaster
[gazebo-1] [INFO] [1791336518.883635752] [controller_manager]: Configuring controller: 'joint_state_broadcaster'
[gazebo-1] [INFO] [1791336518.883725961] [joint_state_broadcaster]: 'joints' or 'interfaces' parameter is empty. All available state interfaces will be published
[gazebo-1] [INFO] [1791336518.902847077] [controller_manager]: Activating controllers: [ joint_state_broadcaster ]
[gazebo-1] [1;33m[Wrn] [Component.hh:127] [0m[1;33mTrying to serialize component with data type [[0m[1;33mSt10shared_ptrIN3sdf3v147ElementEE[0m[1;33m], which doesn't have [0m[1;33m`operator<<`. Component will not be serialized.[0m[1;33m[0m
[motion_control-34] [INFO] [1791336518.974975690] [motion_control]: Robot max speed is now 0.460000 m/s
[parameter_bridge-8] [INFO] [1791336518.975108478] [cmd_vel_bridge]: Passing message from ROS geometry_msgs/msg/TwistStamped to Gazebo gz.msgs.Twist (showing msg only once per type)
[gazebo-1] [ERROR] [1791336518.975426775] [gz_ros_control]: Desired controller update period (0.001 s) is faster than the gazebo simulation period (0.003 s).
[gazebo-1] [INFO] [1791336518.977272369] [controller_manager]: Successfully switched controllers!
[spawner-31] [INFO] [1791336518.980470204] [spawner_joint_state_broadcaster]: Configured and activated joint_state_broadcaster
[gazebo-1] [1;33m[GUI] [Wrn] [Component.hh:172] [0m[1;33mTrying to deserialize component with data type [[0m[1;33mSt10shared_ptrIN3sdf3v147ElementEE[0m[1;33m], which doesn't have [0m[1;33m`operator>>`. Component will not be deserialized.[0m[1;33m[0m
[INFO] [spawner-31]: process has finished cleanly [pid 96417]
[INFO] [spawner-49]: process started with pid [97567]
[gazebo-1] [1;36m[Dbg] [SDFFeatures.cc:332] [0m[1;36mMesh construction from an SDF has not been implemented yet for [0m[1;36mdartsim. Use AttachMeshShapeFeature tplugin is using camera [[0m[1;36mscene::Camera(65527)[0m[1;36m][0m[1;36m[0m
[gazebo-1] [1;36m[GUI] [Dbg] [InteractiveViewControl.cc:176] [0m[1;36mInteractiveViewControl plugin is moving camera [[0m[1;36mscene::Camera(65527)[0m[1;36m][0m[1;36m[0m
[gazebo-1] [1;33mWarning [Utils.cc:132][0m [/sdf/model[@name="tb4_lite6"]/joint[@name="wheel_drop_left_joint"]/physics/ode/provide_feedback:<data-string>:L2544]: XML Element[provide_feedback], child of element[ode], not defined in SDF. Copying[provide_feedback] as children of [ode].
[gazebo-1] [1;33mWarning [Utils.cc:132][0m [/sdf/model[@name="tb4_lite6"]/joint[@name="wheel_drop_right_joint"]/physics/ode/provide_feedback:<data-string>:L2665]: XML Element[provide_feedback], child of element[ode], not defined in SDF. Copying[provide_feedback] as children of [ode].
[gazebo-1] o use mesh shapes.[0m
[gazebo-1] [1;36m[Dbg] [SDFFeatures.cc:864] [0m[1;36mThe geometry element of collision [[0m[1;36marm_link2_collision[0m[1;36m] [0m[1;36mcouldn't be created[0m
[gazebo-1] [1;36m[Dbg] [SDFFeatures.cc:332] [0m[1;36mMesh construction from an SDF has not been implemented yet for [0m[1;36mdartsim. Use AttachMeshShapeFeature to use mesh shapes.[0m
[gazebo-1] [1;36m[Dbg] [SDFFeatures.cc:864] [0m[1;36mThe geometry element of collision [[0m[1;36marm_link3_collision[0m[1;36m] [0m[1;36mcouldn't be created[0m
[gazebo-1] [1;36m[Dbg] [SDFFeatures.cc:332] [0m[1;36mMesh construction from an SDF has not been implemented yet for [0m[1;36mdartsim. Use AttachMeshShapeFeature to use mesh shapes.[0m
[gazebo-1] [1;36m[Dbg] [SDFFeatures.cc:864] [0m[1;36mThe geometry element of collision [[0m[1;36marm_link4_collision[0m[1;36m] [0m[1;36mcouldn't be created[0m
[gazebo-1] [1;36m[Dbg] [SDFFeatures.cc:332] [0m[1;36mMesh construction from an SDF has not been implemented yet for [0m[1;36mdartsim. Use AttachMeshShapeFeature to use mesh shapes.[0m
[gazebo-1] [1;36m[Dbg] [SDFFeatures.cc:864] [0m[1;36mThe geometry element of collision [[0m[1;36marm_link5_collision[0m[1;36m] [0m[1;36mcouldn't be created[0m
[gazebo-1] [1;36m[Dbg] [SDFFeatures.cc:332] [0m[1;36mMesh construction from an SDF has not been implemented yet for [0m[1;36mdartsim. Use AttachMeshShapeFeature to use mesh shapes.[0m
[gazebo-1] [1;36m[Dbg] [SDFFeatures.cc:864] [0m[1;36mThe geometry element of collision [[0m[1;36marm_link6_collision[0m[1;36m] [0m[1;36mcouldn't be created[0m
[gazebo-1] [1;36m[Dbg] [SDFFeatures.cc:332] [0m[1;36mMesh construction from an SDF has not been implemented yet for [0m[1;36mdartsim. Use AttachMeshShapeFeature to use mesh shapes.[0m
[gazebo-1] [1;36m[Dbg] [SDFFeatures.cc:864] [0m[1;36mThe geometry element of collision [[0m[1;36marm_uflite_vacuum_gripper_link_collision[0m[1;36m] [0m[1;36mcouldn't be created[0m
[gazebo-1] [1;36m[Dbg] [SimulationRunner.cc:560] [0m[1;36mExiting postupdate worker thread ([0m[1;36m2[0m[1;36m)[0m[1;36m[0m
[gazebo-1] [1;36m[Dbg] [SimulationRunner.cc:560] [0m[1;36mExiting postupdate worker thread ([0m[1;36m0[0m[1;36m)[0m[1;36m[0m
[gazebo-1] [1;36m[Dbg] [SimulationRunner.cc:560] [0m[1;36mExiting postupdate worker thread ([0m[1;36m1[0m[1;36m)[0m[1;36m[0m
[gazebo-1] [1;36m[Dbg] [SimulationRunner.cc:533] [0m[1;36mCreating PostUpdate worker threads: [0m[1;36m9[0m[1;36m[0m
[gazebo-1] [1;36m[Dbg] [SimulationRunner.cc:544] [0m[1;36mCreating postupdate worker thread ([0m[1;36m0[0m[1;36m)[0m[1;36m[0m
[gazebo-1] [1;36m[Dbg] [SimulationRunner.cc:544] [0m[1;36mCreating postupdate worker thread ([0m[1;36m1[0m[1;36m)[0m[1;36m[0m
[gazebo-1] [1;36m[Dbg] [SimulationRunner.cc:544] [0m[1;36mCreating postupdate worker thread ([0m[1;36m2[0m[1;36m)[0m[1;36m[0m
[gazebo-1] [1;36m[Dbg] [SimulationRunner.cc:544] [0m[1;36mCreating postupdate worker thread ([0m[1;36m3[0m[1;36m)[0m[1;36m[0m
[gazebo-1] [1;36m[Dbg] [SimulationRunner.cc:544] [0m[1;36mCreating postupdate worker thread ([0m[1;36m4[0m[1;36m)[0m[1;36m[0m
[gazebo-1] [1;36m[Dbg] [SimulationRunner.cc:544] [0m[1;36mCreating postupdate worker thread ([0m[1;36m5[0m[1;36m)[0m[1;36m[0m
[gazebo-1] [1;36m[Dbg] [SimulationRunner.cc:544] [0m[1;36mCreating postupdate worker thread ([0m[1;36m6[0m[1;36m)[0m[1;36m[0m
[gazebo-1] [1;36m[Dbg] [SimulationRunner.cc:544] [0m[1;36mCreating postupdate worker thread ([0m[1;36m7[0m[1;36m)[0m[1;36m[0m
[gazebo-1] [1;36m[Dbg] [DetachableJoint.cc:343] [0m[1;36mAttaching entity: [0m[1;36m312[0m[1;36m[0m
[gazebo-1] [1;36m[Dbg] [Physics.cc:1939] [0m[1;36mCreating detachable joint [[0m[1;36m312[0m[1;36m][0m[1;36m[0m
[gazebo-1] [1;36m[Dbg] [Sensors.cc:953] [0m[1;36mInitialization needed[0m[1;36m[0m
[gazebo-1] [1;36m[Dbg] [Sensors.cc:349] [0m[1;36mInitializing render context[0m[1;36m[0m
[gazebo-1] [1;32m[Msg] [0m[1;32mLoading plugin [[0m[1;32mgz-rendering-ogre2[0m[1;32m][0m[1;32m[0m
[gazebo-1] [1;36m[Dbg] [RenderUtil.cc:2646] [0m[1;36mCreate scene [[0m[1;36mscene[0m[1;36m][0m[1;36m[0m
[gazebo-1] [1;36m[Dbg] [Sensors.cc:391] [0m[1;36mRendering Thread initialized[0m[1;36m[0m
[spawner-49] [INFO] [1791336519.437924132] [spawner_diffdrive_controller]: waiting for service /controller_manager/list_controllers to become available...
[gazebo-1] [1;33m[Wrn] [ColladaLoader.cc:2395] [0m[1;33mTriangle input semantic: '[0m[1;33mCOLOR[0m[1;33m' is currently[0m[1;33m not supported[0m[1;33m[0m
[gazebo-1] [1;33m[Wrn] [ColladaLoader.cc:2395] [0m[1;33mTriangle input semantic: '[0m[1;33mCOLOR[0m[1;33m' is currently[0m[1;33m not supported[0m[1;33m[0m
[spawner-49] [INFO] [1791336520.951881039] [spawner_diffdrive_controller]: Setting controller param "params_file" to "['/home/y/u/yunqiao/IROB_Mobile_Robot_Project/install/irobot_create_control/share/irobot_create_control/config/control.yaml']" for diffdrive_controller
[gazebo-1] [INFO] [1791336520.959079803] [controller_manager]: Loading controller : 'diffdrive_controller' of type 'diff_drive_controller/DiffDriveController'
[gazebo-1] [INFO] [1791336520.959143427] [controller_manager]: Loading controller 'diffdrive_controller'
[gazebo-1] [WARN] [1791336520.966347181] [controller_manager]: The use of remapping arguments to the controller_manager node is deprecated. Please use the '--controller-ros-args' argument of the spawner to pass remapping arguments to the controller node.
[gazebo-1] [INFO] [1791336520.966386471] [controller_manager]: Controller 'diffdrive_controller' node arguments: --ros-args --params-file /home/y/u/yunqiao/IROB_Mobile_Robot_Project/install/irobot_create_control/share/irobot_create_control/config/control.yaml --params-file /home/y/u/yunqiao/IROB_Mobile_Robot_Project/install/warehouse_inventory_robot/share/warehouse_inventory_robot/config/arm_controller_types.yaml --ros-args --remap ~/odom:=odom --remap /tf:=tf --remap /tf_static:=tf_static --remap /diagnostics:=diagnostics -p use_sim_time:=true --params-file /home/y/u/yunqiao/IROB_Mobile_Robot_Project/install/irobot_create_control/share/irobot_create_control/config/control.yaml --param use_sim_time:=true 
[gazebo-1] [1;36m[Dbg] [Sensors.cc:953] [0m[1;36mInitialization needed[0m[1;36m[0m
[gazebo-1] [1;36m[Dbg] [RgbdCameraSensor.cc:210] [0m[1;36mRGB images for [[0m[1;36mturtlebot4::oakd_rgb_camera_frame::rgbd_camera[0m[1;36m] advertised on [[0m[1;36mworld/warehouse/model/turtlebot4/link/oakd_rgb_camera_frame/sensor/rgbd_camera[0m[1;36m/image][0m[1;36m[0m
[gazebo-1] [1;36m[Dbg] [RgbdCameraSensor.cc:224] [0m[1;36mDepth images for [[0m[1;36mturtlebot4::oakd_rgb_camera_frame::rgbd_camera[0m[1;36m] advertised on [[0m[1;36mworld/warehouse/model/turtlebot4/link/oakd_rgb_camera_frame/sensor/rgbd_camera[0m[1;36m/depth_image][0m[1;36m[0m
[gazebo-1] [1;36m[Dbg] [RgbdCameraSensor.cc:238] [0m[1;36mPoints for [[0m[1;36mturtlebot4::oakd_rgb_camera_frame::rgbd_camera[0m[1;36m] advertised on [[0m[1;36mworld/warehouse/model/turtlebot4/link/oakd_rgb_camera_frame/sensor/rgbd_camera[0m[1;36m/points][0m[1;36m[0m
[gazebo-1] [1;36m[Dbg] [CameraSensor.cc:695] [0m[1;36mCamera info for [[0m[1;36mturtlebot4::oakd_rgb_camera_frame::rgbd_camera[0m[1;36m] advertised on [[0m[1;36mworld/warehouse/model/turtlebot4/link/oakd_rgb_camera_frame/sensor/rgbd_camera/camera_info[0m[1;36m][0m[1;36m[0m
[gazebo-1] [1;36m[Dbg] [Lidar.cc:139] [0m[1;36mLaser scans for [[0m[1;36mstandard_dock::green_buoy_link::green_buoy[0m[1;36m] advertised on [[0m[1;36mworld/warehouse/model/standard_dock/link/green_buoy_link/sensor/green_buoy/scan[0m[1;36m][0m[1;36m[0m
[gazebo-1] [1;36m[Dbg] [GpuLidarSensor.cc:164] [0m[1;36mLidar points for [[0m[1;36mstandard_dock::green_buoy_link::green_buoy[0m[1;36m] advertised on [[0m[1;36mworld/warehouse/model/standard_dock/link/green_buoy_link/sensor/green_buoy/scan/points[0m[1;36m][0m[1;36m[0m
[gazebo-1] [1;36m[Dbg] [Lidar.cc:139] [0m[1;36mLaser scans for [[0m[1;36mstandard_dock::halo_link::halo[0m[1;36m] advertised on [[0m[1;36mworld/warehouse/model/standard_dock/link/halo_link/sensor/halo/scan[0m[1;36m][0m[1;36m[0m
[gazebo-1] [1;36m[Dbg] [GpuLidarSensor.cc:164] [0m[1;36mLidar points for [[0m[1;36mstandard_dock::halo_link::halo[0m[1;36m] advertised on [[0m[1;36mworld/warehouse/model/standard_dock/link/halo_link/sensor/halo/scan/points[0m[1;36m][0m[1;36m[0m
[gazebo-1] [1;36m[Dbg] [Lidar.cc:139] [0m[1;36mLaser scans for [[0m[1;36mstandard_dock::red_buoy_link::red_buoy[0m[1;36m] advertised on [[0m[1;36mworld/warehouse/model/standard_dock/link/red_buoy_link/sensor/red_buoy/scan[0m[1;36m][0m[1;36m[0m
[gazebo-1] [1;36m[Dbg] [GpuLidarSensor.cc:164] [0m[1;36mLidar points for [[0m[1;36mstandard_dock::red_buoy_link::red_buoy[0m[1;36m] advertised on [[0m[1;36mworld/warehouse/model/standard_dock/link/red_buoy_link/sensor/red_buoy/scan/points[0m[1;36m][0m[1;36m[0m
[gazebo-1] [1;36m[Dbg] [Lidar.cc:139] [0m[1;36mLaser scans for [[0m[1;36mstandard_dock::yellow_buoy_link::yellow_buoy[0m[1;36m] advertised on [[0m[1;36mworld/warehouse/model/standard_dock/link/yellow_buoy_link/sensor/yellow_buoy/scan[0m[1;36m][0m[1;36m[0m
[gazebo-1] [1;36m[Dbg] [GpuLidarSensor.cc:164] [0m[1;36mLidar points for [[0m[1;36mstandard_dock::yellow_buoy_link::yellow_buoy[0m[1;36m] advertised on [[0m[1;36mworld/warehouse/model/standard_dock/link/yellow_buoy_link/sensor/yellow_buoy/scan/points[0m[1;36m][0m[1;36m[0m
[gazebo-1] [1;36m[Dbg] [Lidar.cc:139] [0m[1;36mLaser scans for [[0m[1;36mturtlebot4::base_link::cliff_front_left[0m[1;36m] advertised on [[0m[1;36mworld/warehouse/model/turtlebot4/link/base_link/sensor/cliff_front_left/scan[0m[1;36m][0m[1;36m[0m
[gazebo-1] [1;36m[Dbg] [GpuLidarSensor.cc:164] [0m[1;36mLidar points for [[0m[1;36mturtlebot4::base_link::cliff_front_left[0m[1;36m] advertised on [[0m[1;36mworld/warehouse/model/turtlebot4/link/base_link/sensor/cliff_front_left/scan/points[0m[1;36m][0m[1;36m[0m
[gazebo-1] [1;36m[Dbg] [Lidar.cc:139] [0m[1;36mLaser scans for [[0m[1;36mturtlebot4::base_link::cliff_front_right[0m[1;36m] advertised on [[0m[1;36mworld/warehouse/model/turtlebot4/link/base_link/sensor/cliff_front_right/scan[0m[1;36m][0m[1;36m[0m
[gazebo-1] [1;36m[Dbg] [GpuLidarSensor.cc:164] [0m[1;36mLidar points for [[0m[1;36mturtlebot4::base_link::cliff_front_right[0m[1;36m] advertised on [[0m[1;36mworld/warehouse/model/turtlebot4/link/base_link/sensor/cliff_front_right/scan/points[0m[1;36m][0m[1;36m[0m
[gazebo-1] [1;36m[Dbg] [Lidar.cc:139] [0m[1;36mLaser scans for [[0m[1;36mturtlebot4::base_link::cliff_side_left[0m[1;36m] advertised on [[0m[1;36mworld/warehouse/model/turtlebot4/link/base_link/sensor/cliff_side_left/scan[0m[1;36m][0m[1;36m[0m
[gazebo-1] [1;36m[Dbg] [GpuLidarSensor.cc:164] [0m[1;36mLidar points for [[0m[1;36mturtlebot4::base_link::cliff_side_left[0m[1;36m] advertised on [[0m[1;36mworld/warehouse/model/turtlebot4/link/base_link/sensor/cliff_side_left/scan/points[0m[1;36m][0m[1;36m[0m
[gazebo-1] [1;36m[Dbg] [Lidar.cc:139] [0m[1;36mLaser scans for [[0m[1;36mturtlebot4::base_link::cliff_side_right[0m[1;36m] advertised on [[0m[1;36mworld/warehouse/model/turtlebot4/link/base_link/sensor/cliff_side_right/scan[0m[1;36m][0m[1;36m[0m
[gazebo-1] [1;36m[Dbg] [GpuLidarSensor.cc:164] [0m[1;36mLidar points for [[0m[1;36mturtlebot4::base_link::cliff_side_right[0m[1;36m] advertised on [[0m[1;36mworld/warehouse/model/turtlebot4/link/base_link/sensor/cliff_side_right/scan/points[0m[1;36m][0m[1;36m[0m
[gazebo-1] [1;36m[Dbg] [Lidar.cc:139] [0m[1;36mLaser scans for [[0m[1;36mturtlebot4::ir_intensity_front_center_left::ir_intensity_front_center_left[0m[1;36m] advertised on [[0m[1;36mworld/warehouse/model/turtlebot4/link/ir_intensity_front_center_left/sensor/ir_intensity_front_center_left/scan[0m[1;36m][0m[1;36m[0m
[gazebo-1] [1;36m[Dbg] [GpuLidarSensor.cc:164] [0m[1;36mLidar points for [[0m[1;36mturtlebot4::ir_intensity_front_center_left::ir_intensity_front_center_left[0m[1;36m] advertised on [[0m[1;36mworld/warehouse/model/turtlebot4/link/ir_intensity_front_center_left/sensor/ir_intensity_front_center_left/scan/points[0m[1;36m][0m[1;36m[0m
[gazebo-1] [1;36m[Dbg] [Lidar.cc:139] [0m[1;36mLaser scans for [[0m[1;36mturtlebot4::ir_intensity_front_center_right::ir_intensity_front_center_right[0m[1;36m] advertised on [[0m[1;36mworld/warehouse/model/turtlebot4/link/ir_intensity_front_center_right/sensor/ir_intensity_front_center_right/scan[0m[1;36m][0m[1;36m[0m
[gazebo-1] [1;36m[Dbg] [GpuLidarSensor.cc:164] [0m[1;36mLidar points for [[0m[1;36mturtlebot4::ir_intensity_front_center_right::ir_intensity_front_center_right[0m[1;36m] advertised on [[0m[1;36mworld/warehouse/model/turtlebot4/link/ir_intensity_front_center_right/sensor/ir_intensity_front_center_right/scan/points[0m[1;36m][0m[1;36m[0m
[gazebo-1] [1;36m[Dbg] [Lidar.cc:139] [0m[1;36mLaser scans for [[0m[1;36mturtlebot4::ir_intensity_front_left::ir_intensity_front_left[0m[1;36m] advertised on [[0m[1;36mworld/warehouse/model/turtlebot4/link/ir_intensity_front_left/sensor/ir_intensity_front_left/scan[0m[1;36m][0m[1;36m[0m
[gazebo-1] [1;36m[Dbg] [GpuLidarSensor.cc:164] [0m[1;36mLidar points for [[0m[1;36mturtlebot4::ir_intensity_front_left::ir_intensity_front_left[0m[1;36m] advertised on [[0m[1;36mworld/warehouse/model/turtlebot4/link/ir_intensity_front_left/sensor/ir_intensity_front_left/scan/points[0m[1;36m][0m[1;36m[0m
[gazebo-1] [1;36m[Dbg] [Lidar.cc:139] [0m[1;36mLaser scans for [[0m[1;36mturtlebot4::ir_intensity_front_right::ir_intensity_front_right[0m[1;36m] advertised on [[0m[1;36mworld/warehouse/model/turtlebot4/link/ir_intensity_front_right/sensor/ir_intensity_front_right/scan[0m[1;36m][0m[1;36m[0m
[gazebo-1] [1;36m[Dbg] [GpuLidarSensor.cc:164] [0m[1;36mLidar points for [[0m[1;36mturtlebot4::ir_intensity_front_right::ir_intensity_front_right[0m[1;36m] advertised on [[0m[1;36mworld/warehouse/model/turtlebot4/link/ir_intensity_front_right/sensor/ir_intensity_front_right/scan/points[0m[1;36m][0m[1;36m[0m
[gazebo-1] [1;36m[Dbg] [Lidar.cc:139] [0m[1;36mLaser scans for [[0m[1;36mturtlebot4::ir_intensity_left::ir_intensity_left[0m[1;36m] advertised on [[0m[1;36mworld/warehouse/model/turtlebot4/link/ir_intensity_left/sensor/ir_intensity_left/scan[0m[1;36m][0m[1;36m[0m
[wait_for_ready-47] [INFO] [1791336522.095585339] [wait_for_rviz]: ready: topic /scan (message received)
[wait_for_ready-48] [INFO] [1791336522.095611255] [wait_for_sim]: ready: topic /scan (message received)
[spawner-49] [INFO] [1791336522.097559049] [spawner_diffdrive_controller]: Loaded diffdrive_controller
[gazebo-1] [INFO] [1791336522.102703735] [controller_manager]: Configuring controller: 'diffdrive_controller'
[gazebo-1] [WARN] [1791336522.102816850] [diffdrive_controller]: [deprecated] has_jerk_limits parameter is deprecated, instead set the respective limits to NAN
[gazebo-1] [WARN] [1791336522.102851246] [diffdrive_controller]: [deprecated] has_jerk_limits parameter is deprecated, instead set the respective limits to NAN
[gazebo-1] [WARN] [1791336522.107670583] [diffdrive_controller]: Can't accept new commands. subscriber is inactive
[wait_for_ready-48] [sim] ready after 7.9s
[gazebo-1] [INFO] [1791336522.128185234] [controller_manager]: Activating controllers: [ diffdrive_controller ]
[gazebo-1] [INFO] [1791336522.129491515] [controller_manager]: Successfully switched controllers!
[wait_for_ready-47] [rviz] ready after 7.8s
[spawner-49] [INFO] [1791336522.133986090] [spawner_diffdrive_controller]: Configured and activated diffdrive_controller
[turtlebot4_node-29] [INFO] [1791336522.221228599] [turtlebot4_node]: OAKD stopped
[turtlebot4_node-29] [INFO] [1791336522.221259058] [turtlebot4_node]: RPLIDAR stopped
[INFO] [wait_for_ready-48]: process has finished cleanly [pid 96453]
[INFO] [wait_for_ready-47]: process has finished cleanly [pid 96451]
[INFO] [spawner-49]: process has finished cleanly [pid 97567]
[INFO] [spawner-50]: process started with pid [97709]
[INFO] [static_transform_publisher-51]: process started with pid [97711]
[INFO] [map_server-52]: process started with pid [97713]
[INFO] [lifecycle_manager-53]: process started with pid [97715]
[INFO] [controller_server-54]: process started with pid [97717]
[INFO] [smoother_server-55]: process started with pid [97719]
[INFO] [planner_server-56]: process started with pid [97721]
[INFO] [route_server-57]: process started with pid [97723]
[INFO] [behavior_server-58]: process started with pid [97725]
[INFO] [bt_navigator-59]: process started with pid [97727]
[INFO] [waypoint_follower-60]: process started with pid [97729]
[INFO] [velocity_smoother-61]: process started with pid [97731]
[INFO] [collision_monitor-62]: process started with pid [97733]
[INFO] [opennav_docking-63]: process started with pid [97735]
[INFO] [lifecycle_manager-64]: process started with pid [97737]
[INFO] [rviz2-65]: process started with pid [97739]
[static_transform_publisher-51] [WARN] [1791336522.575490715] []: Old-style arguments are deprecated; see --help for new-style arguments
[static_transform_publisher-51] [INFO] [1791336522.614497178] [map_to_odom_static_tf]: Spinning until stopped - publishing transform
[static_transform_publisher-51] translation: ('0.000000', '0.000000', '0.000000')
[static_transform_publisher-51] rotation: ('0.000000', '0.000000', '0.000000', '1.000000')
[static_transform_publisher-51] from 'map' to 'odom'
[rviz2-65] Warning: Ignoring XDG_SESSION_TYPE=wayland on Gnome. Use QT_QPA_PLATFORM=wayland to run on Wayland anyway.
[lifecycle_manager-53] [INFO] [1791336522.675030814] [lifecycle_manager_localization]: Creating
[velocity_smoother-61] [INFO] [1791336522.677111239] [velocity_smoother]: 
[velocity_smoother-61] 	velocity_smoother lifecycle node launched. 
[velocity_smoother-61] 	Waiting on external lifecycle transitions to activate
[velocity_smoother-61] 	See https://design.ros2.org/articles/node_lifecycle.html for more information.
[lifecycle_manager-53] [INFO] [1791336522.684795316] [lifecycle_manager_localization]: [34m[1mCreating and initializing lifecycle service clients[0m[0m
[map_server-52] [INFO] [1791336522.730659890] [map_server]: 
[map_server-52] 	map_server lifecycle node launched. 
[map_server-52] 	Waiting on external lifecycle transitions to activate
[map_server-52] 	See https://design.ros2.org/articles/node_lifecycle.html for more information.
[map_server-52] [INFO] [1791336522.730709971] [map_server]: Creating
[lifecycle_manager-64] [INFO] [1791336522.738232384] [lifecycle_manager_navigation]: Creating
[lifecycle_manager-64] [INFO] [1791336522.744937935] [lifecycle_manager_navigation]: [34m[1mCreating and initializing lifecycle service clients[0m[0m
[smoother_server-55] [INFO] [1791336522.927369676] [smoother_server]: 
[smoother_server-55] 	smoother_server lifecycle node launched. 
[smoother_server-55] 	Waiting on external lifecycle transitions to activate
[smoother_server-55] 	See https://design.ros2.org/articles/node_lifecycle.html for more information.
[smoother_server-55] [INFO] [1791336522.955460309] [smoother_server]: Creating smoother server
[route_server-57] [INFO] [1791336522.958223023] [route_server]: 
[route_server-57] 	route_server lifecycle node launched. 
[route_server-57] 	Waiting on external lifecycle transitions to activate
[route_server-57] 	See https://design.ros2.org/articles/node_lifecycle.html for more information.
[planner_server-56] [INFO] [1791336522.978212733] [planner_server]: 
[planner_server-56] 	planner_server lifecycle node launched. 
[planner_server-56] 	Waiting on external lifecycle transitions to activate
[planner_server-56] 	See https://design.ros2.org/articles/node_lifecycle.html for more information.
[bt_navigator-59] [INFO] [1791336522.980916154] [bt_navigator]: 
[bt_navigator-59] 	bt_navigator lifecycle node launched. 
[bt_navigator-59] 	Waiting on external lifecycle transitions to activate
[bt_navigator-59] 	See https://design.ros2.org/articles/node_lifecycle.html for more information.
[planner_server-56] [INFO] [1791336522.989482931] [planner_server]: Creating
[opennav_docking-63] [INFO] [1791336523.014032717] [docking_server]: 
[opennav_docking-63] 	docking_server lifecycle node launched. 
[opennav_docking-63] 	Waiting on external lifecycle transitions to activate
[opennav_docking-63] 	See https://design.ros2.org/articles/node_lifecycle.html for more information.
[opennav_docking-63] [INFO] [1791336523.014267048] [docking_server]: Creating docking_server
[bt_navigator-59] [INFO] [1791336523.019706425] [bt_navigator]: Creating
[collision_monitor-62] [INFO] [1791336523.029130229] [collision_monitor]: 
[collision_monitor-62] 	collision_monitor lifecycle node launched. 
[collision_monitor-62] 	Waiting on external lifecycle transitions to activate
[collision_monitor-62] 	See https://design.ros2.org/articles/node_lifecycle.html for more information.
[behavior_server-58] [INFO] [1791336523.034033494] [behavior_server]: 
[behavior_server-58] 	behavior_server lifecycle node launched. 
[behavior_server-58] 	Waiting on external lifecycle transitions to activate
[behavior_server-58] 	See https://design.ros2.org/articles/node_lifecycle.html for more information.
[lifecycle_manager-53] [INFO] [1791336523.042637864] [lifecycle_manager_localization]: [34m[1mStarting managed nodes bringup...[0m[0m
[lifecycle_manager-53] [INFO] [1791336523.042688509] [lifecycle_manager_localization]: [34m[1mConfiguring map_server[0m[0m
[controller_server-54] [INFO] [1791336523.052480558] [controller_server]: 
[controller_server-54] 	controller_server lifecycle node launched. 
[controller_server-54] 	Waiting on external lifecycle transitions to activate
[controller_server-54] 	See https://design.ros2.org/articles/node_lifecycle.html for more information.
[waypoint_follower-60] [INFO] [1791336523.066009645] [waypoint_follower]: 
[waypoint_follower-60] 	waypoint_follower lifecycle node launched. 
[waypoint_follower-60] 	Waiting on external lifecycle transitions to activate
[waypoint_follower-60] 	See https://design.ros2.org/articles/node_lifecycle.html for more information.
[waypoint_follower-60] [INFO] [1791336523.072807087] [waypoint_follower]: Creating
[controller_server-54] [INFO] [1791336523.134481064] [controller_server]: Creating controller server
[planner_server-56] [INFO] [1791336523.150285442] [global_costmap.global_costmap]: 
[planner_server-56] 	global_costmap lifecycle node launched. 
[planner_server-56] 	Waiting on external lifecycle transitions to activate
[planner_server-56] 	See https://design.ros2.org/articles/node_lifecycle.html for more information.
[planner_server-56] [INFO] [1791336523.153154644] [global_costmap.global_costmap]: Creating Costmap
[map_server-52] [INFO] [1791336523.164060510] [map_server]: Configuring
[map_server-52] [INFO] [1791336523.164632575] [map_io]: Loading yaml file: /home/y/u/yunqiao/IROB_Mobile_Robot_Project/install/warehouse_inventory_robot/share/warehouse_inventory_robot/maps/warehouse.yaml
[map_server-52] [INFO] [1791336523.164958197] [map_io]: resolution: 0.03
[map_server-52] [INFO] [1791336523.164971847] [map_io]: origin[0]: -15.1
[map_server-52] [INFO] [1791336523.164975408] [map_io]: origin[1]: -25
[map_server-52] [INFO] [1791336523.164978621] [map_io]: origin[2]: 0
[map_server-52] [INFO] [1791336523.164981740] [map_io]: free_thresh: 0.1
[map_server-52] [INFO] [1791336523.164984841] [map_io]: occupied_thresh: 0.65
[map_server-52] [INFO] [1791336523.164988188] [map_io]: mode: trinary
[map_server-52] [INFO] [1791336523.164991473] [map_io]: negate: 0
[map_server-52] [INFO] [1791336523.165186273] [map_io]: Loading image_file: /home/y/u/yunqiao/IROB_Mobile_Robot_Project/install/warehouse_inventory_robot/share/warehouse_inventory_robot/maps/warehouse.pgm
[map_server-52] [INFO] [1791336523.196235087] [map_io]: Read map /home/y/u/yunqiao/IROB_Mobile_Robot_Project/install/warehouse_inventory_robot/share/warehouse_inventory_robot/maps/warehouse.pgm: 1006 X 1674 map @ 0.03 m/cell
[lifecycle_manager-53] [INFO] [1791336523.251645749] [lifecycle_manager_localization]: [34m[1mActivating map_server[0m[0m
[map_server-52] [INFO] [1791336523.252384716] [map_server]: Activating
[map_server-52] [INFO] [1791336523.254280685] [map_server]: Creating bond (map_server) to lifecycle manager.
[controller_server-54] [INFO] [1791336523.391670432] [local_costmap.local_costmap]: 
[controller_server-54] 	local_costmap lifecycle node launched. 
[controller_server-54] 	Waiting on external lifecycle transitions to activate
[controller_server-54] 	See https://design.ros2.org/articles/node_lifecycle.html for more information.
[controller_server-54] [INFO] [1791336523.399236881] [local_costmap.local_costmap]: Creating Costmap
[spawner-50] [INFO] [1791336523.472883772] [spawner_lite6_traj_controller]: waiting for service /controller_manager/list_controllers to become available...
[rviz2-65] [INFO] [1791336523.598400280] [rviz2]: Stereo is NOT SUPPORTED
[rviz2-65] [INFO] [1791336523.598488591] [rviz2]: OpenGl version: 4.6 (GLSL 4.6)
[lifecycle_manager-53] [INFO] [1791336523.670058548] [lifecycle_manager_localization]: Server map_server connected with bond.
[lifecycle_manager-53] [INFO] [1791336523.670099225] [lifecycle_manager_localization]: [34m[1mManaged nodes are active[0m[0m
[lifecycle_manager-53] [INFO] [1791336523.670103242] [lifecycle_manager_localization]: [34m[1mCreating bond timer...[0m[0m
[rviz2-65] [INFO] [1791336523.674986734] [rviz2]: Stereo is NOT SUPPORTED
[lifecycle_manager-64] [INFO] [1791336523.829475192] [lifecycle_manager_navigation]: [34m[1mStarting managed nodes bringup...[0m[0m
[lifecycle_manager-64] [INFO] [1791336523.829513414] [lifecycle_manager_navigation]: [34m[1mConfiguring controller_server[0m[0m
[controller_server-54] [INFO] [1791336523.829758510] [controller_server]: Configuring controller interface
[controller_server-54] [INFO] [1791336523.829776369] [controller_server]: getting progress checker plugins..
[controller_server-54] [INFO] [1791336523.830139080] [controller_server]: getting goal checker plugins..
[controller_server-54] [INFO] [1791336523.830392978] [controller_server]: Controller frequency set to 20.0000Hz
[controller_server-54] [INFO] [1791336523.830429280] [local_costmap.local_costmap]: Configuring
[controller_server-54] [INFO] [1791336523.845301958] [local_costmap.local_costmap]: Using plugin "static_layer"
[controller_server-54] [INFO] [1791336523.849717017] [local_costmap.local_costmap]: Subscribing to the map topic (/map) with transient local durability
[controller_server-54] [INFO] [1791336523.852370858] [local_costmap.local_costmap]: Initialized plugin "static_layer"
[controller_server-54] [INFO] [1791336523.852404048] [local_costmap.local_costmap]: Using plugin "voxel_layer"
[controller_server-54] [INFO] [1791336523.854795943] [local_costmap.local_costmap]: Subscribed to Topics: scan
[controller_server-54] [INFO] [1791336523.873040212] [local_costmap.local_costmap]: Initialized plugin "voxel_layer"
[controller_server-54] [INFO] [1791336523.873069840] [local_costmap.local_costmap]: Using plugin "inflation_layer"
[controller_server-54] [INFO] [1791336523.874261338] [local_costmap.local_costmap]: Initialized plugin "inflation_layer"
[controller_server-54] [INFO] [1791336523.913358566] [local_costmap.local_costmap]: StaticLayer: Resizing static layer to 1006 X 1674 at 0.030000 m/pix
[controller_server-54] [INFO] [1791336523.913460728] [controller_server]: Created progress_checker : progress_checker of type nav2_controller::SimpleProgressChecker
[controller_server-54] [INFO] [1791336523.913970562] [controller_server]: Controller Server has progress_checker  progress checkers available.
[controller_server-54] [INFO] [1791336523.915210798] [controller_server]: Created goal checker : general_goal_checker of type nav2_controller::SimpleGoalChecker
[controller_server-54] [INFO] [1791336523.915769693] [controller_server]: Controller Server has general_goal_checker  goal checkers available.
[controller_server-54] [INFO] [1791336523.917432242] [controller_server]: Created controller : FollowPath of type nav2_regulated_pure_pursuit_controller::RegulatedPurePursuitController
[controller_server-54] [INFO] [1791336523.928707081] [controller_server]: Controller Server has FollowPath  controllers available.
[lifecycle_manager-64] [INFO] [1791336523.943620285] [lifecycle_manager_navigation]: [34m[1mConfiguring smoother_server[0m[0m
[smoother_server-55] [INFO] [1791336523.943785742] [smoother_server]: Configuring smoother server
[smoother_server-55] [INFO] [1791336523.963623147] [smoother_server]: Created smoother : simple_smoother of type nav2_smoother::SimpleSmoother
[smoother_server-55] [INFO] [1791336523.965434407] [smoother_server]: Smoother Server has simple_smoother  smoothers available.
[lifecycle_manager-64] [INFO] [1791336523.975694503] [lifecycle_manager_navigation]: [34m[1mConfiguring planner_server[0m[0m
[planner_server-56] [INFO] [1791336523.975879915] [planner_server]: Configuring
[planner_server-56] [INFO] [1791336523.975901293] [global_costmap.global_costmap]: Configuring
[planner_server-56] [INFO] [1791336523.987096725] [global_costmap.global_costmap]: Using plugin "static_layer"
[planner_server-56] [INFO] [1791336523.990968052] [global_costmap.global_costmap]: Subscribing to the map topic (/map) with transient local durability
[planner_server-56] [INFO] [1791336523.993574141] [global_costmap.global_costmap]: Initialized plugin "static_layer"
[planner_server-56] [INFO] [1791336523.993600906] [global_costmap.global_costmap]: Using plugin "obstacle_layer"
[planner_server-56] [INFO] [1791336523.994833433] [global_costmap.global_costmap]: Subscribed to Topics: scan
[planner_server-56] [INFO] [1791336524.000735415] [global_costmap.global_costmap]: Initialized plugin "obstacle_layer"
[planner_server-56] [INFO] [1791336524.000770679] [global_costmap.global_costmap]: Using plugin "inflation_layer"
[planner_server-56] [INFO] [1791336524.002088154] [global_costmap.global_costmap]: Initialized plugin "inflation_layer"
[planner_server-56] [INFO] [1791336524.043300501] [global_costmap.global_costmap]: StaticLayer: Resizing costmap to 1006 X 1674 at 0.030000 m/pix
[planner_server-56] [INFO] [1791336524.043601693] [planner_server]: Created global planner plugin GridBased of type nav2_navfn_planner::NavfnPlanner
[planner_server-56] [INFO] [1791336524.043619817] [planner_server]: Configuring plugin GridBased of type NavfnPlanner
[planner_server-56] [INFO] [1791336524.045550195] [planner_server]: Planner Server has GridBased  planners available.
[lifecycle_manager-64] [INFO] [1791336524.060614900] [lifecycle_manager_navigation]: [34m[1mConfiguring route_server[0m[0m
[route_server-57] [INFO] [1791336524.060807229] [route_server]: Configuring
[route_server-57] [INFO] [1791336524.107692591] [route_server]: Created GraphFileLoader GeoJsonGraphFileLoader of type nav2_route::GeoJsonGraphFileLoader
[route_server-57] [INFO] [1791336524.107717560] [route_server]: Configuring geojson graph file loader
[route_server-57] [INFO] [1791336524.107722783] [route_server]: No graph file provided to load yet.
[route_server-57] [INFO] [1791336524.112922759] [route_server]: Created edge cost function plugin DistanceScorer of type nav2_route::DistanceScorer
[route_server-57] [INFO] [1791336524.112948790] [route_server]: Configuring distance scorer.
[route_server-57] [INFO] [1791336524.113422505] [route_server]: Created edge cost function plugin DynamicEdgesScorer of type nav2_route::DynamicEdgesScorer
[route_server-57] [INFO] [1791336524.113442864] [route_server]: Configuring adjust edges scorer.
[route_server-57] [INFO] [1791336524.119981920] [route_server]: Created route operation AdjustSpeedLimit of type nav2_route::AdjustSpeedLimit
[route_server-57] [INFO] [1791336524.120006017] [route_server]: Configuring Adjust speed limit operation.
[route_server-57] [INFO] [1791336524.121978641] [route_server]: Created route operation ReroutingService of type nav2_route::ReroutingService
[route_server-57] [INFO] [1791336524.122018608] [route_server]: Configuring Rerouting service operation.
[lifecycle_manager-64] [INFO] [1791336524.127197367] [lifecycle_manager_navigation]: [34m[1mConfiguring behavior_server[0m[0m
[behavior_server-58] [INFO] [1791336524.127414696] [behavior_server]: Configuring
[behavior_server-58] [INFO] [1791336524.135578826] [behavior_server]: Creating behavior plugin spin of type nav2_behaviors::Spin
[behavior_server-58] [INFO] [1791336524.137991209] [behavior_server]: Creating behavior plugin backup of type nav2_behaviors::BackUp
[behavior_server-58] [INFO] [1791336524.141992247] [behavior_server]: Creating behavior plugin drive_on_heading of type nav2_behaviors::DriveOnHeading
[behavior_server-58] [INFO] [1791336524.145254436] [behavior_server]: Creating behavior plugin assisted_teleop of type nav2_behaviors::AssistedTeleop
[behavior_server-58] [INFO] [1791336524.148727257] [behavior_server]: Creating behavior plugin wait of type nav2_behaviors::Wait
[spawner-50] [INFO] [1791336524.157251275] [spawner_lite6_traj_controller]: Setting controller param "params_file" to "['/home/y/u/yunqiao/IROB_Mobile_Robot_Project/install/warehouse_inventory_robot/share/warehouse_inventory_robot/config/arm_controllers.yaml']" for lite6_traj_controller
[behavior_server-58] [INFO] [1791336524.161865033] [behavior_server]: Configuring spin
[gazebo-1] [INFO] [1791336524.166312970] [controller_manager]: Loading controller : 'lite6_traj_controller' of type 'joint_trajectory_controller/JointTrajectoryController'
[gazebo-1] [INFO] [1791336524.166362252] [controller_manager]: Loading controller 'lite6_traj_controller'
[behavior_server-58] [INFO] [1791336524.175764759] [behavior_server]: Configuring backup
[gazebo-1] [WARN] [1791336524.176115188] [controller_manager]: The use of remapping arguments to the controller_manager node is deprecated. Please use the '--controller-ros-args' argument of the spawner to pass remapping arguments to the controller node.
[gazebo-1] [INFO] [1791336524.176160740] [controller_manager]: Controller 'lite6_traj_controller' node arguments: --ros-args --params-file /home/y/u/yunqiao/IROB_Mobile_Robot_Project/install/irobot_create_control/share/irobot_create_control/config/control.yaml --params-file /home/y/u/yunqiao/IROB_Mobile_Robot_Project/install/warehouse_inventory_robot/share/warehouse_inventory_robot/config/arm_controller_types.yaml --ros-args --remap ~/odom:=odom --remap /tf:=tf --remap /tf_static:=tf_static --remap /diagnostics:=diagnostics -p use_sim_time:=true --params-file /home/y/u/yunqiao/IROB_Mobile_Robot_Project/install/warehouse_inventory_robot/share/warehouse_inventory_robot/config/arm_controllers.yaml --param use_sim_time:=true 
[behavior_server-58] [INFO] [1791336524.191843423] [behavior_server]: Configuring drive_on_heading
[behavior_server-58] [INFO] [1791336524.208697338] [behavior_server]: Configuring assisted_teleop
[behavior_server-58] [INFO] [1791336524.229223327] [behavior_server]: Configuring wait
[lifecycle_manager-64] [INFO] [1791336524.245678892] [lifecycle_manager_navigation]: [34m[1mConfiguring velocity_smoother[0m[0m
[velocity_smoother-61] [INFO] [1791336524.246023352] [velocity_smoother]: Configuring velocity smoother
[lifecycle_manager-64] [INFO] [1791336524.263243832] [lifecycle_manager_navigation]: [34m[1mConfiguring collision_monitor[0m[0m
[collision_monitor-62] [INFO] [1791336524.263632275] [collision_monitor]: Configuring
[collision_monitor-62] [INFO] [1791336524.277389742] [collision_monitor]: [scan]: Creating Scan
[collision_monitor-62] [INFO] [1791336524.281275878] [collision_monitor]: [FootprintApproach]: Creating Polygon
[collision_monitor-62] [INFO] [1791336524.281867025] [collision_monitor]: [FootprintApproach]: Polygon points are not defined. Using dynamic subscription instead.
[collision_monitor-62] [INFO] [1791336524.283681982] [collision_monitor]: [FootprintApproach]: Making footprint subscriber on local_costmap/published_footprint topic
[spawner-50] [INFO] [1791336524.299843281] [spawner_lite6_traj_controller]: Loaded lite6_traj_controller
[lifecycle_manager-64] [INFO] [1791336524.305313071] [lifecycle_manager_navigation]: [34m[1mConfiguring bt_navigator[0m[0m
[bt_navigator-59] [INFO] [1791336524.305659939] [bt_navigator]: Configuring
[gazebo-1] [INFO] [1791336524.308530329] [controller_manager]: Configuring controller: 'lite6_traj_controller'
[gazebo-1] [INFO] [1791336524.308779935] [lite6_traj_controller]: No specific joint names are used for command interfaces. Using 'joints' parameter.
[gazebo-1] [INFO] [1791336524.308812637] [lite6_traj_controller]: Command interfaces are [position velocity] and state interfaces are [position velocity].
[gazebo-1] [INFO] [1791336524.308832674] [lite6_traj_controller]: Using 'splines' interpolation method.
[gazebo-1] [INFO] [1791336524.317858210] [lite6_traj_controller]: Action status changes will be monitored at 10.00 Hz.
[bt_navigator-59] [INFO] [1791336524.327457078] [bt_navigator]: Creating navigator id navigate_to_pose of type nav2_bt_navigator::NavigateToPoseNavigator
[gazebo-1] [INFO] [1791336524.336065400] [lite6_traj_controller]: No scaling interface set. This controller will not read speed scaling from the hardware.
[gazebo-1] [INFO] [1791336524.382607694] [controller_manager]: Activating controllers: [ lite6_traj_controller ]
[bt_navigator-59] [INFO] [1791336524.418726803] [bt_navigator]: Creating navigator id navigate_through_poses of type nav2_bt_navigator::NavigateThroughPosesNavigator
[lifecycle_manager-64] [INFO] [1791336524.464437496] [lifecycle_manager_navigation]: [34m[1mConfiguring waypoint_follower[0m[0m
[waypoint_follower-60] [INFO] [1791336524.464675524] [waypoint_follower]: Configuring
[gazebo-1] [INFO] [1791336524.492041331] [controller_manager]: Successfully switched controllers!
[spawner-50] [INFO] [1791336524.498907553] [spawner_lite6_traj_controller]: Configured and activated lite6_traj_controller
[waypoint_follower-60] [INFO] [1791336524.505359082] [waypoint_follower]: Created waypoint_task_executor : wait_at_waypoint of type nav2_waypoint_follower::WaitAtWaypoint
[lifecycle_manager-64] [INFO] [1791336524.507609734] [lifecycle_manager_navigation]: [34m[1mConfiguring docking_server[0m[0m
[opennav_docking-63] [INFO] [1791336524.507873490] [docking_server]: Configuring docking_server
[opennav_docking-63] [INFO] [1791336524.507903886] [docking_server]: Controller frequency set to 50.0000Hz
[opennav_docking-63] [INFO] [1791336524.566308164] [docking_server]: Created charging dock plugin simple_charging_dock of type opennav_docking::SimpleChargingDock
[opennav_docking-63] [WARN] [1791336524.574688898] [docking_server]: Dock database filepath nor dock parameters set. Docking actions can only be executed specifying the dock pose via the action request. Or update the dock database via the reload_database service.
[opennav_docking-63] [INFO] [1791336524.574731257] [docking_server]: Docking Server has 1 dock types and 0 dock instances available.
[lifecycle_manager-64] [INFO] [1791336524.577358771] [lifecycle_manager_navigation]: [34m[1mActivating controller_server[0m[0m
[controller_server-54] [INFO] [1791336524.577590805] [controller_server]: Activating
[controller_server-54] [INFO] [1791336524.577617517] [local_costmap.local_costmap]: Activating
[controller_server-54] [INFO] [1791336524.577623265] [local_costmap.local_costmap]: Checking transform
[controller_server-54] [INFO] [1791336524.577696708] [local_costmap.local_costmap]: start
[INFO] [spawner-50]: process has finished cleanly [pid 97709]
[controller_server-54] [INFO] [1791336524.779252040] [controller_server]: Activating controller: FollowPath of type regulated_pure_pursuit_controller::RegulatedPurePursuitController
[controller_server-54] [INFO] [1791336524.779284777] [controller_server]: Creating bond (controller_server) to lifecycle manager.
[lifecycle_manager-64] [INFO] [1791336524.888436758] [lifecycle_manager_navigation]: Server controller_server connected with bond.
[lifecycle_manager-64] [INFO] [1791336524.888478730] [lifecycle_manager_navigation]: [34m[1mActivating smoother_server[0m[0m
[smoother_server-55] [INFO] [1791336524.888868101] [smoother_server]: Activating
[smoother_server-55] [INFO] [1791336524.888891104] [smoother_server]: Creating bond (smoother_server) to lifecycle manager.
[lifecycle_manager-64] [INFO] [1791336524.996332644] [lifecycle_manager_navigation]: Server smoother_server connected with bond.
[lifecycle_manager-64] [INFO] [1791336524.996374221] [lifecycle_manager_navigation]: [34m[1mActivating planner_server[0m[0m
[planner_server-56] [INFO] [1791336524.997603166] [planner_server]: Activating
[planner_server-56] [INFO] [1791336524.997649476] [global_costmap.global_costmap]: Activating
[planner_server-56] [INFO] [1791336524.997659153] [global_costmap.global_costmap]: Checking transform
[planner_server-56] [INFO] [1791336524.997763898] [global_costmap.global_costmap]: start
[rviz2-65] [INFO] [1791336526.094846898] [rviz2]: Stereo is NOT SUPPORTED
[planner_server-56] [INFO] [1791336526.150559794] [planner_server]: Activating plugin GridBased of type NavfnPlanner
[planner_server-56] [INFO] [1791336526.160382943] [planner_server]: Creating bond (planner_server) to lifecycle manager.
[lifecycle_manager-64] [INFO] [1791336526.304690593] [lifecycle_manager_navigation]: Server planner_server connected with bond.
[lifecycle_manager-64] [INFO] [1791336526.304780191] [lifecycle_manager_navigation]: [34m[1mActivating route_server[0m[0m
[route_server-57] [INFO] [1791336526.305867317] [route_server]: Activating
[route_server-57] [INFO] [1791336526.305997891] [route_server]: Creating bond (route_server) to lifecycle manager.
[gazebo-1] [1;36m[Dbg] [GpuLidarSensor.cc:164] [0m[1;36mLidar points for [[0m[1;36mturtlebot4::ir_intensity_left::ir_intensity_left[0m[1;36m] advertised on [[0m[1;36mworld/warehouse/model/turtlebot4/link/ir_intensity_left/sensor/ir_intensity_left/scan/points[0m[1;36m][0m[1;36m[0m
[gazebo-1] [1;36m[Dbg] [Lidar.cc:139] [0m[1;36mLaser scans for [[0m[1;36mturtlebot4::ir_intensity_right::ir_intensity_right[0m[1;36m] advertised on [[0m[1;36mworld/warehouse/model/turtlebot4/link/ir_intensity_right/sensor/ir_intensity_right/scan[0m[1;36m][0m[1;36m[0m
[gazebo-1] [1;36m[Dbg] [GpuLidarSensor.cc:164] [0m[1;36mLidar points for [[0m[1;36mturtlebot4::ir_intensity_right::ir_intensity_right[0m[1;36m] advertised on [[0m[1;36mworld/warehouse/model/turtlebot4/link/ir_intensity_right/sensor/ir_intensity_right/scan/points[0m[1;36m][0m[1;36m[0m
[gazebo-1] [1;36m[Dbg] [Lidar.cc:139] [0m[1;36mLaser scans for [[0m[1;36mturtlebot4::ir_intensity_side_left::ir_intensity_side_left[0m[1;36m] advertised on [[0m[1;36mworld/warehouse/model/turtlebot4/link/ir_intensity_side_left/sensor/ir_intensity_side_left/scan[0m[1;36m][0m[1;36m[0m
[gazebo-1] [1;36m[Dbg] [GpuLidarSensor.cc:164] [0m[1;36mLidar points for [[0m[1;36mturtlebot4::ir_intensity_side_left::ir_intensity_side_left[0m[1;36m] advertised on [[0m[1;36mworld/warehouse/model/turtlebot4/link/ir_intensity_side_left/sensor/ir_intensity_side_left/scan/points[0m[1;36m][0m[1;36m[0m
[gazebo-1] [1;36m[Dbg] [Lidar.cc:139] [0m[1;36mLaser scans for [[0m[1;36mturtlebot4::rplidar_link::rplidar[0m[1;36m] advertised on [[0m[1;36mworld/warehouse/model/turtlebot4/link/rplidar_link/sensor/rplidar/scan[0m[1;36m][0m[1;36m[0m
[gazebo-1] [1;36m[Dbg] [GpuLidarSensor.cc:164] [0m[1;36mLidar points for [[0m[1;36mturtlebot4::rplidar_link::rplidar[0m[1;36m] advertised on [[0m[1;36mworld/warehouse/model/turtlebot4/link/rplidar_link/sensor/rplidar/scan/points[0m[1;36m][0m[1;36m[0m
[lifecycle_manager-64] [INFO] [1791336526.429171205] [lifecycle_manager_navigation]: Server route_server connected with bond.
[lifecycle_manager-64] [INFO] [1791336526.429268190] [lifecycle_manager_navigation]: [34m[1mActivating behavior_server[0m[0m
[behavior_server-58] [INFO] [1791336526.431002066] [behavior_server]: Activating
[behavior_server-58] [INFO] [1791336526.431073432] [behavior_server]: Activating spin
[behavior_server-58] [INFO] [1791336526.431097863] [behavior_server]: Activating backup
[behavior_server-58] [INFO] [1791336526.431119453] [behavior_server]: Activating drive_on_heading
[behavior_server-58] [INFO] [1791336526.431140075] [behavior_server]: Activating assisted_teleop
[behavior_server-58] [INFO] [1791336526.431160263] [behavior_server]: Activating wait
[behavior_server-58] [INFO] [1791336526.431182388] [behavior_server]: Creating bond (behavior_server) to lifecycle manager.
[lifecycle_manager-64] [INFO] [1791336526.556989429] [lifecycle_manager_navigation]: Server behavior_server connected with bond.
[lifecycle_manager-64] [INFO] [1791336526.557080282] [lifecycle_manager_navigation]: [34m[1mActivating velocity_smoother[0m[0m
[velocity_smoother-61] [INFO] [1791336526.558155930] [velocity_smoother]: Activating
[velocity_smoother-61] [INFO] [1791336526.558243555] [velocity_smoother]: Creating bond (velocity_smoother) to lifecycle manager.
[lifecycle_manager-64] [INFO] [1791336526.686254084] [lifecycle_manager_navigation]: Server velocity_smoother connected with bond.
[lifecycle_manager-64] [INFO] [1791336526.686368898] [lifecycle_manager_navigation]: [34m[1mActivating collision_monitor[0m[0m
[collision_monitor-62] [INFO] [1791336526.687683880] [collision_monitor]: Activating
[collision_monitor-62] [INFO] [1791336526.687766798] [collision_monitor]: Creating bond (collision_monitor) to lifecycle manager.
[rviz2-65] [INFO] [1791336526.754694510] [rviz2]: Trying to create a map of size 1006 x 1674 using 1 swatches
[lifecycle_manager-64] [INFO] [1791336526.811683813] [lifecycle_manager_navigation]: Server collision_monitor connected with bond.
[lifecycle_manager-64] [INFO] [1791336526.811794808] [lifecycle_manager_navigation]: [34m[1mActivating bt_navigator[0m[0m
[bt_navigator-59] [INFO] [1791336526.813677056] [bt_navigator]: Activating
[rviz2-65] [ERROR] [1791336526.897630874] [rviz2]: rviz/glsl120/indexed_8bit_image.vert
[rviz2-65] rviz/glsl120/indexed_8bit_image.frag
[rviz2-65]  GLSL link result : 
[rviz2-65] active samplers with a different type refer to the same texture image unit
[bt_navigator-59] [INFO] [1791336527.364401364] [bt_navigator]: Creating bond (bt_navigator) to lifecycle manager.
[lifecycle_manager-64] [INFO] [1791336527.480502388] [lifecycle_manager_navigation]: Server bt_navigator connected with bond.
[lifecycle_manager-64] [INFO] [1791336527.480567735] [lifecycle_manager_navigation]: [34m[1mActivating waypoint_follower[0m[0m
[waypoint_follower-60] [INFO] [1791336527.481380598] [waypoint_follower]: Activating
[waypoint_follower-60] [INFO] [1791336527.481414167] [waypoint_follower]: Creating bond (waypoint_follower) to lifecycle manager.
[lifecycle_manager-64] [INFO] [1791336527.595613033] [lifecycle_manager_navigation]: Server waypoint_follower connected with bond.
[lifecycle_manager-64] [INFO] [1791336527.595652105] [lifecycle_manager_navigation]: [34m[1mActivating docking_server[0m[0m
[opennav_docking-63] [INFO] [1791336527.596196828] [docking_server]: Activating docking_server
[opennav_docking-63] [INFO] [1791336527.616305353] [docking_server]: Creating bond (docking_server) to lifecycle manager.
[rviz2-65] [INFO] [1791336527.623080660] [rviz2]: Trying to create a map of size 1006 x 1674 using 1 swatches
[lifecycle_manager-64] [INFO] [1791336527.728789615] [lifecycle_manager_navigation]: Server docking_server connected with bond.
[lifecycle_manager-64] [INFO] [1791336527.728835127] [lifecycle_manager_navigation]: [34m[1mManaged nodes are active[0m[0m
[lifecycle_manager-64] [INFO] [1791336527.728841753] [lifecycle_manager_navigation]: [34m[1mCreating bond timer...[0m[0m
[gazebo-1] [WARN] [1791336527.777369513] [diffdrive_controller]: Received TwistStamped with zero timestamp, setting it to current time, this message will only be shown once
[rviz2-65] [INFO] [1791336532.195974070] [rviz2]: Trying to create a map of size 50 x 50 using 1 swatches
[parameter_bridge-45] [INFO] [1791336537.014556579] [ros_gz_bridge]: Passing message from ROS std_msgs/msg/Empty to Gazebo gz.msgs.Empty (showing msg only once per type)
[gazebo-1] [INFO] [1791336538.125850236] [lite6_traj_controller]: Received new action goal
[gazebo-1] [INFO] [1791336538.125892112] [lite6_traj_controller]: Accepted new action goal
[gazebo-1] [1;36m[Dbg] [DetachableJoint.cc:360] [0m[1;36mRemoving entity: [0m[1;36m312[0m[1;36m[0m
[gazebo-1] [1;36m[Dbg] [Physics.cc:2094] [0m[1;36mDetaching joint [[0m[1;36m312[0m[1;36m][0m[1;36m[0m
[turtlebot4_node-29] [ERROR] [1791336552.231501117] [turtlebot4_node]: Service stop_motor unavailable.
[turtlebot4_node-29] [ERROR] [1791336552.241830775] [turtlebot4_node]: Service oakd/stop_camera unavailable.
[gazebo-1] [INFO] [1791336568.992823896] [lite6_traj_controller]: Goal reached, success!
[motion_control-34] [INFO] [1791336569.123457369] [motion_control]: Received new undock goal
[turtlebot4_node-29] [INFO] [1791336570.937364580] [turtlebot4_node]: OAKD started
[turtlebot4_node-29] [INFO] [1791336570.937398623] [turtlebot4_node]: RPLIDAR started
[turtlebot4_node-29] [ERROR] [1791336600.947682038] [turtlebot4_node]: Service start_motor unavailable.
[turtlebot4_node-29] [ERROR] [1791336600.957977249] [turtlebot4_node]: Service oakd/start_camera unavailable.
[motion_control-34] [INFO] [1791336644.067566644] [motion_control]: Undock Goal Succeeded
[bt_navigator-59] [INFO] [1791336644.241978283] [bt_navigator]: Begin navigating from current location (-0.35, 0.00) to (1.98, 7.15)
[controller_server-54] [INFO] [1791336644.273103242] [controller_server]: Received a goal, begin computing control effort.
[controller_server-54] [WARN] [1791336644.273146839] [controller_server]: No goal checker was specified in parameter 'current_goal_checker'. Server will use only plugin loaded general_goal_checker . This warning will appear once.
[controller_server-54] [WARN] [1791336644.273152870] [controller_server]: No progress checker was specified in parameter 'current_progress_checker'. Server will use only plugin loaded progress_checker . This warning will appear once.
[controller_server-54] [INFO] [1791336645.323268212] [controller_server]: Passing new path to controller.
[controller_server-54] [INFO] [1791336646.373259855] [controller_server]: Passing new path to controller.
[controller_server-54] [INFO] [1791336647.373263721] [controller_server]: Passing new path to controller.
[controller_server-54] [INFO] [1791336648.423291424] [controller_server]: Passing new path to controller.
[controller_server-54] [INFO] [1791336649.423258392] [controller_server]: Passing new path to controller.
[controller_server-54] [INFO] [1791336650.473258951] [controller_server]: Passing new path to controller.
[controller_server-54] [INFO] [1791336651.473281953] [controller_server]: Passing new path to controller.
[controller_server-54] [INFO] [1791336652.523285123] [controller_server]: Passing new path to controller.
[controller_server-54] [INFO] [1791336653.523304689] [controller_server]: Passing new path to controller.
[controller_server-54] [INFO] [1791336654.573281081] [controller_server]: Passing new path to controller.
[controller_server-54] [INFO] [1791336655.573283039] [controller_server]: Passing new path to controller.
[controller_server-54] [INFO] [1791336656.623280620] [controller_server]: Passing new path to controller.
[controller_server-54] [INFO] [1791336657.623260565] [controller_server]: Passing new path to controller.
[controller_server-54] [INFO] [1791336658.673283354] [controller_server]: Passing new path to controller.
[controller_server-54] [INFO] [1791336659.673243401] [controller_server]: Passing new path to controller.
[controller_server-54] [INFO] [1791336660.723264648] [controller_server]: Passing new path to controller.
[controller_server-54] [INFO] [1791336661.723298502] [controller_server]: Passing new path to controller.
[controller_server-54] [INFO] [1791336662.773265102] [controller_server]: Passing new path to controller.
[controller_server-54] [INFO] [1791336663.773257755] [controller_server]: Passing new path to controller.
[controller_server-54] [INFO] [1791336664.823283107] [controller_server]: Passing new path to controller.
[controller_server-54] [INFO] [1791336665.823256304] [controller_server]: Passing new path to controller.
[controller_server-54] [INFO] [1791336666.873257973] [controller_server]: Passing new path to controller.
[controller_server-54] [INFO] [1791336667.873282078] [controller_server]: Passing new path to controller.
[controller_server-54] [INFO] [1791336668.923281367] [controller_server]: Passing new path to controller.
[controller_server-54] [INFO] [1791336669.923255798] [controller_server]: Passing new path to controller.
[controller_server-54] [INFO] [1791336670.973255047] [controller_server]: Passing new path to controller.
[controller_server-54] [INFO] [1791336671.973261735] [controller_server]: Passing new path to controller.
[controller_server-54] [INFO] [1791336673.023259464] [controller_server]: Passing new path to controller.
[controller_server-54] [INFO] [1791336674.023279201] [controller_server]: Passing new path to controller.
[controller_server-54] [INFO] [1791336675.073289257] [controller_server]: Passing new path to controller.
[controller_server-54] [INFO] [1791336676.073287693] [controller_server]: Passing new path to controller.
[controller_server-54] [INFO] [1791336677.123283383] [controller_server]: Passing new path to controller.
[controller_server-54] [INFO] [1791336678.123261924] [controller_server]: Passing new path to controller.
[controller_server-54] [INFO] [1791336679.173265073] [controller_server]: Passing new path to controller.
[controller_server-54] [INFO] [1791336680.173256895] [controller_server]: Passing new path to controller.
[controller_server-54] [INFO] [1791336681.223259881] [controller_server]: Passing new path to controller.
[controller_server-54] [INFO] [1791336682.223260442] [controller_server]: Passing new path to controller.
[controller_server-54] [INFO] [1791336683.273287579] [controller_server]: Passing new path to controller.
[controller_server-54] [INFO] [1791336684.273286720] [controller_server]: Passing new path to controller.
[controller_server-54] [INFO] [1791336685.323481460] [controller_server]: Passing new path to controller.
[controller_server-54] [INFO] [1791336686.323255538] [controller_server]: Passing new path to controller.
[controller_server-54] [INFO] [1791336687.373271684] [controller_server]: Passing new path to controller.
[controller_server-54] [INFO] [1791336688.373255466] [controller_server]: Passing new path to controller.
[controller_server-54] [INFO] [1791336689.423279237] [controller_server]: Passing new path to controller.
[controller_server-54] [INFO] [1791336690.423263485] [controller_server]: Passing new path to controller.
[controller_server-54] [INFO] [1791336691.473283764] [controller_server]: Passing new path to controller.
[controller_server-54] [INFO] [1791336692.473252949] [controller_server]: Passing new path to controller.
[controller_server-54] [INFO] [1791336693.523567480] [controller_server]: Passing new path to controller.
[controller_server-54] [INFO] [1791336694.523257050] [controller_server]: Passing new path to controller.
[controller_server-54] [INFO] [1791336695.573255674] [controller_server]: Passing new path to controller.
[controller_server-54] [INFO] [1791336696.573280325] [controller_server]: Passing new path to controller.
[controller_server-54] [INFO] [1791336697.623256030] [controller_server]: Passing new path to controller.
[controller_server-54] [INFO] [1791336698.623252474] [controller_server]: Passing new path to controller.
[controller_server-54] [INFO] [1791336699.673289005] [controller_server]: Passing new path to controller.
[controller_server-54] [INFO] [1791336700.673289878] [controller_server]: Passing new path to controller.
[controller_server-54] [INFO] [1791336701.723281241] [controller_server]: Passing new path to controller.
[controller_server-54] [INFO] [1791336702.723284003] [controller_server]: Passing new path to controller.
[controller_server-54] [INFO] [1791336703.773297921] [controller_server]: Passing new path to controller.
[controller_server-54] [INFO] [1791336704.773276819] [controller_server]: Passing new path to controller.
[controller_server-54] [INFO] [1791336705.823281799] [controller_server]: Passing new path to controller.
[controller_server-54] [INFO] [1791336706.823280208] [controller_server]: Passing new path to controller.
[controller_server-54] [INFO] [1791336707.873283780] [controller_server]: Passing new path to controller.
[controller_server-54] [INFO] [1791336708.873257406] [controller_server]: Passing new path to controller.
[controller_server-54] [INFO] [1791336709.923281731] [controller_server]: Passing new path to controller.
[controller_server-54] [INFO] [1791336710.923281242] [controller_server]: Passing new path to controller.
[controller_server-54] [INFO] [1791336711.973280345] [controller_server]: Passing new path to controller.
[controller_server-54] [INFO] [1791336712.973285514] [controller_server]: Passing new path to controller.
[controller_server-54] [INFO] [1791336714.023259977] [controller_server]: Passing new path to controller.
[controller_server-54] [INFO] [1791336715.023257108] [controller_server]: Passing new path to controller.
[controller_server-54] [INFO] [1791336716.073259291] [controller_server]: Passing new path to controller.
[controller_server-54] [INFO] [1791336717.073278644] [controller_server]: Passing new path to controller.
[controller_server-54] [INFO] [1791336718.123280230] [controller_server]: Passing new path to controller.
[controller_server-54] [INFO] [1791336719.123253782] [controller_server]: Passing new path to controller.
[controller_server-54] [INFO] [1791336720.173254888] [controller_server]: Passing new path to controller.
[controller_server-54] [INFO] [1791336721.173259621] [controller_server]: Passing new path to controller.
[controller_server-54] [INFO] [1791336722.223256062] [controller_server]: Passing new path to controller.
[controller_server-54] [INFO] [1791336723.223256890] [controller_server]: Passing new path to controller.
[controller_server-54] [INFO] [1791336724.273282367] [controller_server]: Passing new path to controller.
[controller_server-54] [INFO] [1791336725.273267515] [controller_server]: Passing new path to controller.
[controller_server-54] [INFO] [1791336726.323256198] [controller_server]: Passing new path to controller.
[controller_server-54] [INFO] [1791336727.323256763] [controller_server]: Passing new path to controller.
[controller_server-54] [INFO] [1791336728.373278461] [controller_server]: Passing new path to controller.
[controller_server-54] [INFO] [1791336729.373281365] [controller_server]: Passing new path to controller.
[controller_server-54] [INFO] [1791336730.423277991] [controller_server]: Passing new path to controller.
[controller_server-54] [INFO] [1791336731.423280082] [controller_server]: Passing new path to controller.
[controller_server-54] [INFO] [1791336732.473352532] [controller_server]: Passing new path to controller.
[controller_server-54] [INFO] [1791336733.473260542] [controller_server]: Passing new path to controller.
[controller_server-54] [INFO] [1791336734.523285371] [controller_server]: Passing new path to controller.
[controller_server-54] [INFO] [1791336735.523256233] [controller_server]: Passing new path to controller.
[controller_server-54] [INFO] [1791336736.573285035] [controller_server]: Passing new path to controller.
[controller_server-54] [INFO] [1791336737.573282237] [controller_server]: Passing new path to controller.
[controller_server-54] [INFO] [1791336738.623390112] [controller_server]: Passing new path to controller.
[controller_server-54] [INFO] [1791336739.623258339] [controller_server]: Passing new path to controller.
[controller_server-54] [INFO] [1791336740.673955385] [controller_server]: Passing new path to controller.
[controller_server-54] [INFO] [1791336741.673262742] [controller_server]: Passing new path to controller.
[controller_server-54] [INFO] [1791336742.723280845] [controller_server]: Passing new path to controller.
[controller_server-54] [INFO] [1791336743.723282154] [controller_server]: Passing new path to controller.
[controller_server-54] [INFO] [1791336744.773280840] [controller_server]: Passing new path to controller.
[controller_server-54] [INFO] [1791336745.773288947] [controller_server]: Passing new path to controller.
[controller_server-54] [INFO] [1791336746.823289280] [controller_server]: Passing new path to controller.
[controller_server-54] [INFO] [1791336747.823280802] [controller_server]: Passing new path to controller.
[controller_server-54] [INFO] [1791336748.873260430] [controller_server]: Passing new path to controller.
[controller_server-54] [INFO] [1791336749.873297326] [controller_server]: Passing new path to controller.
[controller_server-54] [INFO] [1791336750.923258421] [controller_server]: Passing new path to controller.
[controller_server-54] [INFO] [1791336751.923259671] [controller_server]: Passing new path to controller.
[controller_server-54] [INFO] [1791336752.923277616] [controller_server]: Passing new path to controller.
[controller_server-54] [INFO] [1791336753.973291726] [controller_server]: Passing new path to controller.
[controller_server-54] [INFO] [1791336755.023278984] [controller_server]: Passing new path to controller.
[controller_server-54] [INFO] [1791336756.023282057] [controller_server]: Passing new path to controller.
[controller_server-54] [INFO] [1791336757.023281726] [controller_server]: Passing new path to controller.
[controller_server-54] [INFO] [1791336758.073284447] [controller_server]: Passing new path to controller.
[controller_server-54] [INFO] [1791336759.123289881] [controller_server]: Passing new path to controller.
[controller_server-54] [INFO] [1791336760.123207607] [controller_server]: Passing new path to controller.
[controller_server-54] [INFO] [1791336761.173258948] [controller_server]: Passing new path to controller.
[controller_server-54] [INFO] [1791336762.173284852] [controller_server]: Passing new path to controller.
[controller_server-54] [INFO] [1791336763.223262283] [controller_server]: Passing new path to controller.
[controller_server-54] [INFO] [1791336764.223214131] [controller_server]: Passing new path to controller.
[controller_server-54] [INFO] [1791336765.273283629] [controller_server]: Passing new path to controller.
[controller_server-54] [INFO] [1791336766.273281698] [controller_server]: Passing new path to controller.
[controller_server-54] [INFO] [1791336767.323282621] [controller_server]: Passing new path to controller.
[controller_server-54] [INFO] [1791336768.323253761] [controller_server]: Passing new path to controller.
[controller_server-54] [INFO] [1791336769.373258362] [controller_server]: Passing new path to controller.
[controller_server-54] [INFO] [1791336770.373285067] [controller_server]: Passing new path to controller.
[controller_server-54] [INFO] [1791336771.423260263] [controller_server]: Passing new path to controller.
[controller_server-54] [INFO] [1791336772.423282253] [controller_server]: Passing new path to controller.
[controller_server-54] [INFO] [1791336773.473286511] [controller_server]: Passing new path to controller.
[controller_server-54] [INFO] [1791336774.473293042] [controller_server]: Passing new path to controller.
[controller_server-54] [INFO] [1791336775.523259199] [controller_server]: Passing new path to controller.
[controller_server-54] [INFO] [1791336776.523255179] [controller_server]: Passing new path to controller.
[controller_server-54] [INFO] [1791336777.573301829] [controller_server]: Passing new path to controller.
[controller_server-54] [INFO] [1791336778.573280968] [controller_server]: Passing new path to controller.
[controller_server-54] [INFO] [1791336779.623280907] [controller_server]: Passing new path to controller.
[controller_server-54] [INFO] [1791336780.623282540] [controller_server]: Passing new path to controller.
[controller_server-54] [INFO] [1791336781.673309363] [controller_server]: Passing new path to controller.
[controller_server-54] [INFO] [1791336782.673290756] [controller_server]: Passing new path to controller.
[controller_server-54] [INFO] [1791336783.723290022] [controller_server]: Passing new path to controller.
[controller_server-54] [INFO] [1791336784.723258523] [controller_server]: Passing new path to controller.
[controller_server-54] [INFO] [1791336785.773288726] [controller_server]: Passing new path to controller.
[controller_server-54] [INFO] [1791336786.773281925] [controller_server]: Passing new path to controller.
[controller_server-54] [INFO] [1791336787.823258902] [controller_server]: Passing new path to controller.
[controller_server-54] [INFO] [1791336788.823258750] [controller_server]: Passing new path to controller.
[controller_server-54] [INFO] [1791336789.873279964] [controller_server]: Passing new path to controller.
[controller_server-54] [INFO] [1791336790.873230467] [controller_server]: Passing new path to controller.
[controller_server-54] [INFO] [1791336791.923279365] [controller_server]: Passing new path to controller.
[controller_server-54] [INFO] [1791336792.923253208] [controller_server]: Passing new path to controller.
[controller_server-54] [INFO] [1791336793.973289064] [controller_server]: Passing new path to controller.
[controller_server-54] [INFO] [1791336794.973278656] [controller_server]: Passing new path to controller.
[controller_server-54] [INFO] [1791336796.023282369] [controller_server]: Passing new path to controller.
[controller_server-54] [INFO] [1791336797.023260917] [controller_server]: Passing new path to controller.
[controller_server-54] [INFO] [1791336798.073288199] [controller_server]: Passing new path to controller.
[controller_server-54] [INFO] [1791336799.073291326] [controller_server]: Passing new path to controller.
[controller_server-54] [INFO] [1791336800.123283973] [controller_server]: Passing new path to controller.
[controller_server-54] [INFO] [1791336801.123210811] [controller_server]: Passing new path to controller.
[controller_server-54] [INFO] [1791336802.173256555] [controller_server]: Passing new path to controller.
[controller_server-54] [INFO] [1791336803.173255255] [controller_server]: Passing new path to controller.
[controller_server-54] [INFO] [1791336804.223287420] [controller_server]: Passing new path to controller.
[controller_server-54] [INFO] [1791336805.223289730] [controller_server]: Passing new path to controller.
[controller_server-54] [INFO] [1791336806.273285613] [controller_server]: Passing new path to controller.
[controller_server-54] [INFO] [1791336807.273285804] [controller_server]: Passing new path to controller.
[controller_server-54] [INFO] [1791336808.323288105] [controller_server]: Passing new path to controller.
[controller_server-54] [INFO] [1791336809.323262271] [controller_server]: Passing new path to controller.
[controller_server-54] [INFO] [1791336810.373285800] [controller_server]: Passing new path to controller.
[controller_server-54] [INFO] [1791336811.373282620] [controller_server]: Passing new path to controller.
[controller_server-54] [INFO] [1791336812.423257272] [controller_server]: Passing new path to controller.
[controller_server-54] [INFO] [1791336813.423283017] [controller_server]: Passing new path to controller.
[controller_server-54] [INFO] [1791336814.423284703] [controller_server]: Passing new path to controller.
[controller_server-54] [INFO] [1791336815.473252110] [controller_server]: Passing new path to controller.
[controller_server-54] [INFO] [1791336816.523257638] [controller_server]: Passing new path to controller.
[controller_server-54] [INFO] [1791336817.523278415] [controller_server]: Passing new path to controller.
[controller_server-54] [INFO] [1791336818.573258885] [controller_server]: Passing new path to controller.
[controller_server-54] [INFO] [1791336819.573291258] [controller_server]: Passing new path to controller.
[controller_server-54] [INFO] [1791336820.623258498] [controller_server]: Passing new path to controller.
[controller_server-54] [INFO] [1791336821.623281598] [controller_server]: Passing new path to controller.
[controller_server-54] [INFO] [1791336822.673262799] [controller_server]: Passing new path to controller.
[controller_server-54] [INFO] [1791336823.673281039] [controller_server]: Passing new path to controller.
[controller_server-54] [INFO] [1791336824.723233291] [controller_server]: Passing new path to controller.
[controller_server-54] [INFO] [1791336825.723208637] [controller_server]: Passing new path to controller.
[controller_server-54] [INFO] [1791336826.773301193] [controller_server]: Passing new path to controller.
[controller_server-54] [INFO] [1791336827.773276338] [controller_server]: Passing new path to controller.
[controller_server-54] [INFO] [1791336828.823270105] [controller_server]: Passing new path to controller.
[controller_server-54] [INFO] [1791336829.823255262] [controller_server]: Passing new path to controller.
[controller_server-54] [INFO] [1791336830.873281311] [controller_server]: Passing new path to controller.
[controller_server-54] [INFO] [1791336831.873258236] [controller_server]: Passing new path to controller.
[controller_server-54] [INFO] [1791336832.923253135] [controller_server]: Passing new path to controller.
[controller_server-54] [INFO] [1791336833.923279052] [controller_server]: Passing new path to controller.
[controller_server-54] [INFO] [1791336834.923278356] [controller_server]: Passing new path to controller.
[controller_server-54] [INFO] [1791336835.973286392] [controller_server]: Passing new path to controller.
[controller_server-54] [INFO] [1791336837.023287267] [controller_server]: Passing new path to controller.
[controller_server-54] [INFO] [1791336838.023286076] [controller_server]: Passing new path to controller.
[controller_server-54] [INFO] [1791336839.073281568] [controller_server]: Passing new path to controller.
[controller_server-54] [INFO] [1791336840.073279934] [controller_server]: Passing new path to controller.
[controller_server-54] [INFO] [1791336841.073285521] [controller_server]: Passing new path to controller.
[controller_server-54] [INFO] [1791336842.123260378] [controller_server]: Passing new path to controller.
[controller_server-54] [INFO] [1791336843.173281722] [controller_server]: Passing new path to controller.
[controller_server-54] [INFO] [1791336844.173207513] [controller_server]: Passing new path to controller.
[controller_server-54] [INFO] [1791336845.223285435] [controller_server]: Passing new path to controller.
[controller_server-54] [INFO] [1791336846.223280531] [controller_server]: Passing new path to controller.
[controller_server-54] [INFO] [1791336847.223294200] [controller_server]: Passing new path to controller.
[controller_server-54] [INFO] [1791336848.273256384] [controller_server]: Passing new path to controller.
[controller_server-54] [INFO] [1791336849.323256863] [controller_server]: Passing new path to controller.
[controller_server-54] [INFO] [1791336850.323265426] [controller_server]: Passing new path to controller.
[controller_server-54] [INFO] [1791336851.373264857] [controller_server]: Passing new path to controller.
[controller_server-54] [INFO] [1791336852.373279070] [controller_server]: Passing new path to controller.
[controller_server-54] [INFO] [1791336853.423253541] [controller_server]: Passing new path to controller.
[controller_server-54] [INFO] [1791336854.423281431] [controller_server]: Passing new path to controller.
[controller_server-54] [INFO] [1791336855.473267590] [controller_server]: Passing new path to controller.
[controller_server-54] [INFO] [1791336856.473286718] [controller_server]: Passing new path to controller.
[controller_server-54] [INFO] [1791336857.473279393] [controller_server]: Passing new path to controller.
[controller_server-54] [INFO] [1791336858.523279374] [controller_server]: Passing new path to controller.
[controller_server-54] [INFO] [1791336859.523287285] [controller_server]: Passing new path to controller.
[controller_server-54] [INFO] [1791336860.573282425] [controller_server]: Passing new path to controller.
[controller_server-54] [INFO] [1791336861.573283350] [controller_server]: Passing new path to controller.
[controller_server-54] [INFO] [1791336862.573279008] [controller_server]: Passing new path to controller.
[controller_server-54] [INFO] [1791336863.623281408] [controller_server]: Passing new path to controller.
[controller_server-54] [INFO] [1791336864.673260473] [controller_server]: Passing new path to controller.
[controller_server-54] [INFO] [1791336865.673298006] [controller_server]: Passing new path to controller.
[controller_server-54] [INFO] [1791336866.723262518] [controller_server]: Passing new path to controller.
[controller_server-54] [INFO] [1791336867.723278547] [controller_server]: Passing new path to controller.
[controller_server-54] [INFO] [1791336868.723258054] [controller_server]: Passing new path to controller.
[controller_server-54] [INFO] [1791336869.773311358] [controller_server]: Passing new path to controller.
[controller_server-54] [INFO] [1791336870.823260194] [controller_server]: Passing new path to controller.
[controller_server-54] [INFO] [1791336871.823280618] [controller_server]: Passing new path to controller.
[controller_server-54] [INFO] [1791336872.873290552] [controller_server]: Passing new path to controller.
[controller_server-54] [INFO] [1791336873.873280632] [controller_server]: Passing new path to controller.
[controller_server-54] [INFO] [1791336874.923255534] [controller_server]: Passing new path to controller.
[controller_server-54] [INFO] [1791336875.923284767] [controller_server]: Passing new path to controller.
[controller_server-54] [INFO] [1791336876.973293512] [controller_server]: Passing new path to controller.
[controller_server-54] [INFO] [1791336877.973254210] [controller_server]: Passing new path to controller.
[controller_server-54] [INFO] [1791336879.023290797] [controller_server]: Passing new path to controller.
[controller_server-54] [INFO] [1791336880.023285639] [controller_server]: Passing new path to controller.
[controller_server-54] [INFO] [1791336881.073287387] [controller_server]: Passing new path to controller.
[controller_server-54] [INFO] [1791336882.073275597] [controller_server]: Passing new path to controller.
[controller_server-54] [INFO] [1791336883.123258712] [controller_server]: Passing new path to controller.
[controller_server-54] [INFO] [1791336884.123266892] [controller_server]: Passing new path to controller.
[controller_server-54] [INFO] [1791336885.173257440] [controller_server]: Passing new path to controller.
[controller_server-54] [INFO] [1791336886.173302262] [controller_server]: Passing new path to controller.
[controller_server-54] [INFO] [1791336887.223283759] [controller_server]: Passing new path to controller.
[controller_server-54] [INFO] [1791336888.223283436] [controller_server]: Passing new path to controller.
[controller_server-54] [INFO] [1791336889.273301774] [controller_server]: Passing new path to controller.
[controller_server-54] [INFO] [1791336890.273278676] [controller_server]: Passing new path to controller.
[controller_server-54] [INFO] [1791336891.323280063] [controller_server]: Passing new path to controller.
[controller_server-54] [INFO] [1791336892.323260087] [controller_server]: Passing new path to controller.
[controller_server-54] [INFO] [1791336893.373220568] [controller_server]: Passing new path to controller.
[controller_server-54] [INFO] [1791336894.373287242] [controller_server]: Passing new path to controller.
[controller_server-54] [INFO] [1791336895.423258723] [controller_server]: Passing new path to controller.
[controller_server-54] [INFO] [1791336896.423281005] [controller_server]: Passing new path to controller.
[controller_server-54] [INFO] [1791336897.473280422] [controller_server]: Passing new path to controller.
[controller_server-54] [INFO] [1791336898.473280643] [controller_server]: Passing new path to controller.
[controller_server-54] [INFO] [1791336899.523280442] [controller_server]: Passing new path to controller.
[controller_server-54] [INFO] [1791336900.523280936] [controller_server]: Passing new path to controller.
[controller_server-54] [INFO] [1791336901.523253340] [controller_server]: Passing new path to controller.
[controller_server-54] [INFO] [1791336902.573259767] [controller_server]: Passing new path to controller.
[controller_server-54] [INFO] [1791336903.623280173] [controller_server]: Passing new path to controller.
[controller_server-54] [INFO] [1791336904.623287728] [controller_server]: Passing new path to controller.
[controller_server-54] [INFO] [1791336905.623253193] [controller_server]: Passing new path to controller.
[controller_server-54] [INFO] [1791336906.673261558] [controller_server]: Passing new path to controller.
[controller_server-54] [INFO] [1791336907.723283501] [controller_server]: Passing new path to controller.
[controller_server-54] [INFO] [1791336908.723253163] [controller_server]: Passing new path to controller.
[controller_server-54] [INFO] [1791336909.773257809] [controller_server]: Passing new path to controller.
[controller_server-54] [INFO] [1791336910.773279733] [controller_server]: Passing new path to controller.
[controller_server-54] [INFO] [1791336911.823255329] [controller_server]: Passing new path to controller.
[controller_server-54] [INFO] [1791336912.823246560] [controller_server]: Passing new path to controller.
[controller_server-54] [INFO] [1791336913.873281510] [controller_server]: Passing new path to controller.
[controller_server-54] [INFO] [1791336914.873285636] [controller_server]: Passing new path to controller.
[controller_server-54] [INFO] [1791336915.923253898] [controller_server]: Passing new path to controller.
[controller_server-54] [INFO] [1791336916.923301515] [controller_server]: Passing new path to controller.
[controller_server-54] [INFO] [1791336917.923255747] [controller_server]: Passing new path to controller.
[controller_server-54] [INFO] [1791336918.973294425] [controller_server]: Passing new path to controller.
[controller_server-54] [INFO] [1791336919.973287875] [controller_server]: Passing new path to controller.
[controller_server-54] [INFO] [1791336921.023260562] [controller_server]: Passing new path to controller.
[controller_server-54] [INFO] [1791336922.023259734] [controller_server]: Passing new path to controller.
[controller_server-54] [INFO] [1791336923.073259079] [controller_server]: Passing new path to controller.
[controller_server-54] [INFO] [1791336924.073261004] [controller_server]: Passing new path to controller.
[controller_server-54] [INFO] [1791336925.123289134] [controller_server]: Passing new path to controller.
[controller_server-54] [INFO] [1791336926.123256047] [controller_server]: Passing new path to controller.
[controller_server-54] [INFO] [1791336927.173286273] [controller_server]: Passing new path to controller.
[controller_server-54] [INFO] [1791336928.173259871] [controller_server]: Passing new path to controller.
[controller_server-54] [INFO] [1791336929.223274383] [controller_server]: Passing new path to controller.
[controller_server-54] [INFO] [1791336930.223285669] [controller_server]: Passing new path to controller.
[controller_server-54] [INFO] [1791336931.273284288] [controller_server]: Passing new path to controller.
[controller_server-54] [INFO] [1791336932.273281553] [controller_server]: Passing new path to controller.
[controller_server-54] [INFO] [1791336933.323265680] [controller_server]: Passing new path to controller.
[controller_server-54] [INFO] [1791336934.323259022] [controller_server]: Passing new path to controller.
[controller_server-54] [INFO] [1791336935.373290212] [controller_server]: Passing new path to controller.
[controller_server-54] [INFO] [1791336936.373256987] [controller_server]: Passing new path to controller.
[controller_server-54] [INFO] [1791336937.423258224] [controller_server]: Passing new path to controller.
[controller_server-54] [INFO] [1791336938.423269050] [controller_server]: Passing new path to controller.
[controller_server-54] [INFO] [1791336939.473257392] [controller_server]: Passing new path to controller.
[controller_server-54] [INFO] [1791336940.473284334] [controller_server]: Passing new path to controller.
[controller_server-54] [INFO] [1791336941.523302074] [controller_server]: Passing new path to controller.
[controller_server-54] [INFO] [1791336942.523280514] [controller_server]: Passing new path to controller.
[controller_server-54] [INFO] [1791336943.523271640] [controller_server]: Passing new path to controller.
[controller_server-54] [INFO] [1791336944.573283293] [controller_server]: Passing new path to controller.
[controller_server-54] [INFO] [1791336945.623271563] [controller_server]: Passing new path to controller.
[controller_server-54] [INFO] [1791336946.623279109] [controller_server]: Passing new path to controller.
[controller_server-54] [INFO] [1791336947.673265737] [controller_server]: Passing new path to controller.
[controller_server-54] [INFO] [1791336948.673282766] [controller_server]: Passing new path to controller.
[controller_server-54] [INFO] [1791336949.723255461] [controller_server]: Passing new path to controller.
[controller_server-54] [INFO] [1791336950.723279326] [controller_server]: Passing new path to controller.
[controller_server-54] [INFO] [1791336951.773282071] [controller_server]: Passing new path to controller.
[controller_server-54] [INFO] [1791336952.023393615] [controller_server]: Reached the goal!
[bt_navigator-59] [INFO] [1791336952.052328134] [bt_navigator]: Goal succeeded
[gazebo-1] [INFO] [1791336952.054034351] [lite6_traj_controller]: Received new action goal
[gazebo-1] [INFO] [1791336952.054063559] [lite6_traj_controller]: Accepted new action goal
[gazebo-1] [WARN] [1791336956.400958107] [diffdrive_controller]: Ignoring the received message (timestamp 51.5070000000) because it is older than the current time by 0.5430000000 seconds, which exceeds the allowed timeout (0.5000)
[gazebo-1] [INFO] [1791337017.995547166] [lite6_traj_controller]: Goal reached, success!
[gazebo-1] [1;36m[Dbg] [DetachableJoint.cc:343] [0m[1;36mAttaching entity: [0m[1;36m313[0m[1;36m[0m
[gazebo-1] [1;36m[Dbg] [Physics.cc:1939] [0m[1;36mCreating detachable joint [[0m[1;36m313[0m[1;36m][0m[1;36m[0m
[gazebo-1] [INFO] [1791337030.429738734] [lite6_traj_controller]: Received new action goal
[gazebo-1] [INFO] [1791337030.429771522] [lite6_traj_controller]: Accepted new action goal
[gazebo-1] [INFO] [1791337096.213946454] [lite6_traj_controller]: Goal reached, success!
[bt_navigator-59] [INFO] [1791337096.252442540] [bt_navigator]: Begin navigating from current location (1.97, 7.13) to (-0.90, -0.80)
[controller_server-54] [INFO] [1791337096.273319029] [controller_server]: Received a goal, begin computing control effort.
[controller_server-54] [INFO] [1791337097.323488322] [controller_server]: Passing new path to controller.
[controller_server-54] [INFO] [1791337098.373507708] [controller_server]: Passing new path to controller.
[controller_server-54] [INFO] [1791337099.373483111] [controller_server]: Passing new path to controller.
[controller_server-54] [INFO] [1791337100.423516358] [controller_server]: Passing new path to controller.
[controller_server-54] [INFO] [1791337101.423507282] [controller_server]: Passing new path to controller.
[controller_server-54] [INFO] [1791337102.473482638] [controller_server]: Passing new path to controller.
[controller_server-54] [INFO] [1791337103.473518901] [controller_server]: Passing new path to controller.
[controller_server-54] [INFO] [1791337104.523503699] [controller_server]: Passing new path to controller.
[controller_server-54] [INFO] [1791337105.523506756] [controller_server]: Passing new path to controller.
[controller_server-54] [INFO] [1791337106.573512976] [controller_server]: Passing new path to controller.
[controller_server-54] [WARN] [1791337106.623760296] [controller_server]: RegulatedPurePursuitController detected collision ahead!
[controller_server-54] [WARN] [1791337106.673804919] [controller_server]: RegulatedPurePursuitController detected collision ahead!
[controller_server-54] [WARN] [1791337106.723769816] [controller_server]: RegulatedPurePursuitController detected collision ahead!
[controller_server-54] [WARN] [1791337106.773847984] [controller_server]: RegulatedPurePursuitController detected collision ahead!
[controller_server-54] [WARN] [1791337106.823751882] [controller_server]: RegulatedPurePursuitController detected collision ahead!
[controller_server-54] [WARN] [1791337106.873755534] [controller_server]: RegulatedPurePursuitController detected collision ahead!
[controller_server-54] [WARN] [1791337106.923780388] [controller_server]: RegulatedPurePursuitController detected collision ahead!
[controller_server-54] [WARN] [1791337106.973789461] [controller_server]: RegulatedPurePursuitController detected collision ahead!
[controller_server-54] [WARN] [1791337107.023753649] [controller_server]: RegulatedPurePursuitController detected collision ahead!
[controller_server-54] [WARN] [1791337107.073828462] [controller_server]: RegulatedPurePursuitController detected collision ahead!
[controller_server-54] [WARN] [1791337107.123731735] [controller_server]: RegulatedPurePursuitController detected collision ahead!
[controller_server-54] [WARN] [1791337107.173941476] [controller_server]: RegulatedPurePursuitController detected collision ahead!
[controller_server-54] [WARN] [1791337107.223855455] [controller_server]: RegulatedPurePursuitController detected collision ahead!
[controller_server-54] [WARN] [1791337107.273874846] [controller_server]: RegulatedPurePursuitController detected collision ahead!
[controller_server-54] [WARN] [1791337107.323853187] [controller_server]: RegulatedPurePursuitController detected collision ahead!
[controller_server-54] [WARN] [1791337107.373768088] [controller_server]: RegulatedPurePursuitController detected collision ahead!
[controller_server-54] [WARN] [1791337107.423847163] [controller_server]: RegulatedPurePursuitController detected collision ahead!
[controller_server-54] [WARN] [1791337107.473744786] [controller_server]: RegulatedPurePursuitController detected collision ahead!
[controller_server-54] [WARN] [1791337107.523780062] [controller_server]: RegulatedPurePursuitController detected collision ahead!
[controller_server-54] [INFO] [1791337107.573507222] [controller_server]: Passing new path to controller.
[controller_server-54] [WARN] [1791337107.573880611] [controller_server]: RegulatedPurePursuitController detected collision ahead!
[controller_server-54] [WARN] [1791337107.623780884] [controller_server]: RegulatedPurePursuitController detected collision ahead!
[controller_server-54] [WARN] [1791337107.673765790] [controller_server]: RegulatedPurePursuitController detected collision ahead!
[controller_server-54] [WARN] [1791337107.723760985] [controller_server]: RegulatedPurePursuitController detected collision ahead!
[controller_server-54] [WARN] [1791337107.773785145] [controller_server]: RegulatedPurePursuitController detected collision ahead!
[controller_server-54] [WARN] [1791337107.823754063] [controller_server]: RegulatedPurePursuitController detected collision ahead!
[controller_server-54] [WARN] [1791337107.873716257] [controller_server]: RegulatedPurePursuitController detected collision ahead!
[controller_server-54] [WARN] [1791337107.923748155] [controller_server]: RegulatedPurePursuitController detected collision ahead!
[controller_server-54] [WARN] [1791337107.973736823] [controller_server]: RegulatedPurePursuitController detected collision ahead!
[controller_server-54] [WARN] [1791337108.023758352] [controller_server]: RegulatedPurePursuitController detected collision ahead!
[controller_server-54] [WARN] [1791337108.073748097] [controller_server]: RegulatedPurePursuitController detected collision ahead!
[controller_server-54] [WARN] [1791337108.123758550] [controller_server]: RegulatedPurePursuitController detected collision ahead!
[controller_server-54] [WARN] [1791337108.173762557] [controller_server]: RegulatedPurePursuitController detected collision ahead!
[controller_server-54] [WARN] [1791337108.223756342] [controller_server]: RegulatedPurePursuitController detected collision ahead!
[controller_server-54] [WARN] [1791337108.273820966] [controller_server]: RegulatedPurePursuitController detected collision ahead!
[controller_server-54] [WARN] [1791337108.323729319] [controller_server]: RegulatedPurePursuitController detected collision ahead!
[controller_server-54] [WARN] [1791337108.373735974] [controller_server]: RegulatedPurePursuitController detected collision ahead!
[controller_server-54] [WARN] [1791337108.423734125] [controller_server]: RegulatedPurePursuitController detected collision ahead!
[controller_server-54] [WARN] [1791337108.473741416] [controller_server]: RegulatedPurePursuitController detected collision ahead!
[controller_server-54] [WARN] [1791337108.523754914] [controller_server]: RegulatedPurePursuitController detected collision ahead!
[controller_server-54] [INFO] [1791337108.623483465] [controller_server]: Passing new path to controller.
[controller_server-54] [WARN] [1791337109.473774457] [controller_server]: RegulatedPurePursuitController detected collision ahead!
[controller_server-54] [WARN] [1791337109.523754247] [controller_server]: RegulatedPurePursuitController detected collision ahead!
[controller_server-54] [WARN] [1791337109.573739941] [controller_server]: RegulatedPurePursuitController detected collision ahead!
[controller_server-54] [INFO] [1791337109.623503277] [controller_server]: Passing new path to controller.
[controller_server-54] [WARN] [1791337109.623860145] [controller_server]: RegulatedPurePursuitController detected collision ahead!
[controller_server-54] [WARN] [1791337109.673707862] [controller_server]: RegulatedPurePursuitController detected collision ahead!
[controller_server-54] [WARN] [1791337109.723771031] [controller_server]: RegulatedPurePursuitController detected collision ahead!
[controller_server-54] [WARN] [1791337109.773784866] [controller_server]: RegulatedPurePursuitController detected collision ahead!
[controller_server-54] [WARN] [1791337109.823778549] [controller_server]: RegulatedPurePursuitController detected collision ahead!
[controller_server-54] [WARN] [1791337109.873767881] [controller_server]: RegulatedPurePursuitController detected collision ahead!
[controller_server-54] [WARN] [1791337109.923757809] [controller_server]: RegulatedPurePursuitController detected collision ahead!
[controller_server-54] [WARN] [1791337109.973831146] [controller_server]: RegulatedPurePursuitController detected collision ahead!
[controller_server-54] [WARN] [1791337110.023708103] [controller_server]: RegulatedPurePursuitController detected collision ahead!
[controller_server-54] [WARN] [1791337110.073858352] [controller_server]: RegulatedPurePursuitController detected collision ahead!
[controller_server-54] [WARN] [1791337110.123720605] [controller_server]: RegulatedPurePursuitController detected collision ahead!
[controller_server-54] [WARN] [1791337110.173763541] [controller_server]: RegulatedPurePursuitController detected collision ahead!
[controller_server-54] [WARN] [1791337110.223743442] [controller_server]: RegulatedPurePursuitController detected collision ahead!
[controller_server-54] [WARN] [1791337110.273767438] [controller_server]: RegulatedPurePursuitController detected collision ahead!
[controller_server-54] [WARN] [1791337110.323932132] [controller_server]: RegulatedPurePursuitController detected collision ahead!
[controller_server-54] [WARN] [1791337110.373746173] [controller_server]: RegulatedPurePursuitController detected collision ahead!
[controller_server-54] [WARN] [1791337110.423715835] [controller_server]: RegulatedPurePursuitController detected collision ahead!
[controller_server-54] [WARN] [1791337110.473776044] [controller_server]: RegulatedPurePursuitController detected collision ahead!
[controller_server-54] [INFO] [1791337110.673507435] [controller_server]: Passing new path to controller.
[controller_server-54] [INFO] [1791337111.673504328] [controller_server]: Passing new path to controller.
[controller_server-54] [WARN] [1791337111.773762382] [controller_server]: RegulatedPurePursuitController detected collision ahead!
[controller_server-54] [WARN] [1791337111.823755537] [controller_server]: RegulatedPurePursuitController detected collision ahead!
[controller_server-54] [WARN] [1791337111.873750357] [controller_server]: RegulatedPurePursuitController detected collision ahead!
[controller_server-54] [WARN] [1791337111.923759533] [controller_server]: RegulatedPurePursuitController detected collision ahead!
[controller_server-54] [WARN] [1791337111.973755102] [controller_server]: RegulatedPurePursuitController detected collision ahead!
[controller_server-54] [WARN] [1791337112.023767652] [controller_server]: RegulatedPurePursuitController detected collision ahead!
[controller_server-54] [WARN] [1791337112.073817964] [controller_server]: RegulatedPurePursuitController detected collision ahead!
[controller_server-54] [WARN] [1791337112.123797408] [controller_server]: RegulatedPurePursuitController detected collision ahead!
[controller_server-54] [WARN] [1791337112.173776077] [controller_server]: RegulatedPurePursuitController detected collision ahead!
[controller_server-54] [WARN] [1791337112.223717700] [controller_server]: RegulatedPurePursuitController detected collision ahead!
[controller_server-54] [WARN] [1791337112.273919948] [controller_server]: RegulatedPurePursuitController detected collision ahead!
[controller_server-54] [WARN] [1791337112.323767358] [controller_server]: RegulatedPurePursuitController detected collision ahead!
[controller_server-54] [WARN] [1791337112.373763182] [controller_server]: RegulatedPurePursuitController detected collision ahead!
[controller_server-54] [INFO] [1791337112.723487951] [controller_server]: Passing new path to controller.
[controller_server-54] [WARN] [1791337113.623794181] [controller_server]: RegulatedPurePursuitController detected collision ahead!
[controller_server-54] [WARN] [1791337113.673898798] [controller_server]: RegulatedPurePursuitController detected collision ahead!
[controller_server-54] [INFO] [1791337113.723506431] [controller_server]: Passing new path to controller.
[controller_server-54] [WARN] [1791337113.723855402] [controller_server]: RegulatedPurePursuitController detected collision ahead!
[controller_server-54] [WARN] [1791337113.773740238] [controller_server]: RegulatedPurePursuitController detected collision ahead!
[controller_server-54] [WARN] [1791337113.823722189] [controller_server]: RegulatedPurePursuitController detected collision ahead!
[controller_server-54] [WARN] [1791337113.873779070] [controller_server]: RegulatedPurePursuitController detected collision ahead!
[controller_server-54] [WARN] [1791337113.923839272] [controller_server]: RegulatedPurePursuitController detected collision ahead!
[controller_server-54] [WARN] [1791337113.973899138] [controller_server]: RegulatedPurePursuitController detected collision ahead!
[controller_server-54] [WARN] [1791337114.023928963] [controller_server]: RegulatedPurePursuitController detected collision ahead!
[controller_server-54] [WARN] [1791337114.073785850] [controller_server]: RegulatedPurePursuitController detected collision ahead!
[controller_server-54] [WARN] [1791337114.123741180] [controller_server]: RegulatedPurePursuitController detected collision ahead!
[controller_server-54] [WARN] [1791337114.173812333] [controller_server]: RegulatedPurePursuitController detected collision ahead!
[controller_server-54] [WARN] [1791337114.223719979] [controller_server]: RegulatedPurePursuitController detected collision ahead!
[controller_server-54] [INFO] [1791337114.773480123] [controller_server]: Passing new path to controller.
[controller_server-54] [WARN] [1791337114.923764964] [controller_server]: RegulatedPurePursuitController detected collision ahead!
[controller_server-54] [WARN] [1791337114.973745639] [controller_server]: RegulatedPurePursuitController detected collision ahead!
[controller_server-54] [WARN] [1791337115.023745567] [controller_server]: RegulatedPurePursuitController detected collision ahead!
[controller_server-54] [WARN] [1791337115.073828598] [controller_server]: RegulatedPurePursuitController detected collision ahead!
[controller_server-54] [WARN] [1791337115.123719819] [controller_server]: RegulatedPurePursuitController detected collision ahead!
[controller_server-54] [WARN] [1791337115.173751913] [controller_server]: RegulatedPurePursuitController detected collision ahead!
[controller_server-54] [WARN] [1791337115.223753268] [controller_server]: RegulatedPurePursuitController detected collision ahead!
[controller_server-54] [WARN] [1791337115.273821036] [controller_server]: RegulatedPurePursuitController detected collision ahead!
[controller_server-54] [WARN] [1791337115.323754418] [controller_server]: RegulatedPurePursuitController detected collision ahead!
[controller_server-54] [WARN] [1791337115.373848063] [controller_server]: RegulatedPurePursuitController detected collision ahead!
[controller_server-54] [WARN] [1791337115.423763796] [controller_server]: RegulatedPurePursuitController detected collision ahead!
[controller_server-54] [WARN] [1791337115.473902447] [controller_server]: RegulatedPurePursuitController detected collision ahead!
[controller_server-54] [WARN] [1791337115.523747899] [controller_server]: RegulatedPurePursuitController detected collision ahead!
[controller_server-54] [WARN] [1791337115.573755101] [controller_server]: RegulatedPurePursuitController detected collision ahead!
[controller_server-54] [WARN] [1791337115.623794002] [controller_server]: RegulatedPurePursuitController detected collision ahead!
[controller_server-54] [INFO] [1791337115.773480704] [controller_server]: Passing new path to controller.
[controller_server-54] [WARN] [1791337116.123761725] [controller_server]: RegulatedPurePursuitController detected collision ahead!
[controller_server-54] [WARN] [1791337116.173796218] [controller_server]: RegulatedPurePursuitController detected collision ahead!
[controller_server-54] [WARN] [1791337116.223747126] [controller_server]: RegulatedPurePursuitController detected collision ahead!
[controller_server-54] [WARN] [1791337116.273711525] [controller_server]: RegulatedPurePursuitController detected collision ahead!
[controller_server-54] [WARN] [1791337116.323776390] [controller_server]: RegulatedPurePursuitController detected collision ahead!
[controller_server-54] [WARN] [1791337116.373730377] [controller_server]: RegulatedPurePursuitController detected collision ahead!
[controller_server-54] [WARN] [1791337116.423784936] [controller_server]: RegulatedPurePursuitController detected collision ahead!
[controller_server-54] [WARN] [1791337116.473740422] [controller_server]: RegulatedPurePursuitController detected collision ahead!
[controller_server-54] [WARN] [1791337116.523726316] [controller_server]: RegulatedPurePursuitController detected collision ahead!
[controller_server-54] [WARN] [1791337116.573785371] [controller_server]: RegulatedPurePursuitController detected collision ahead!
[controller_server-54] [WARN] [1791337116.623765515] [controller_server]: RegulatedPurePursuitController detected collision ahead!
[controller_server-54] [WARN] [1791337116.673742763] [controller_server]: RegulatedPurePursuitController detected collision ahead!
[controller_server-54] [WARN] [1791337116.723717850] [controller_server]: RegulatedPurePursuitController detected collision ahead!
[controller_server-54] [WARN] [1791337116.773715408] [controller_server]: RegulatedPurePursuitController detected collision ahead!
[controller_server-54] [INFO] [1791337116.823509811] [controller_server]: Passing new path to controller.
[controller_server-54] [WARN] [1791337116.823949810] [controller_server]: RegulatedPurePursuitController detected collision ahead!
[controller_server-54] [WARN] [1791337116.873759394] [controller_server]: RegulatedPurePursuitController detected collision ahead!
[controller_server-54] [WARN] [1791337116.923719230] [controller_server]: RegulatedPurePursuitController detected collision ahead!
[controller_server-54] [WARN] [1791337116.973762845] [controller_server]: RegulatedPurePursuitController detected collision ahead!
[controller_server-54] [WARN] [1791337117.023740306] [controller_server]: RegulatedPurePursuitController detected collision ahead!
[controller_server-54] [WARN] [1791337117.073745045] [controller_server]: RegulatedPurePursuitController detected collision ahead!
[controller_server-54] [WARN] [1791337117.123746795] [controller_server]: RegulatedPurePursuitController detected collision ahead!
[controller_server-54] [INFO] [1791337117.823507604] [controller_server]: Passing new path to controller.
[controller_server-54] [WARN] [1791337118.073733681] [controller_server]: RegulatedPurePursuitController detected collision ahead!
[controller_server-54] [WARN] [1791337118.123736381] [controller_server]: RegulatedPurePursuitController detected collision ahead!
[controller_server-54] [WARN] [1791337118.173741792] [controller_server]: RegulatedPurePursuitController detected collision ahead!
[controller_server-54] [WARN] [1791337118.223729260] [controller_server]: RegulatedPurePursuitController detected collision ahead!
[controller_server-54] [WARN] [1791337118.273958608] [controller_server]: RegulatedPurePursuitController detected collision ahead!
[controller_server-54] [WARN] [1791337118.323889307] [controller_server]: RegulatedPurePursuitController detected collision ahead!
[controller_server-54] [WARN] [1791337118.373745578] [controller_server]: RegulatedPurePursuitController detected collision ahead!
[controller_server-54] [WARN] [1791337118.423877954] [controller_server]: RegulatedPurePursuitController detected collision ahead!
[controller_server-54] [WARN] [1791337118.473735820] [controller_server]: RegulatedPurePursuitController detected collision ahead!
[controller_server-54] [WARN] [1791337118.523733750] [controller_server]: RegulatedPurePursuitController detected collision ahead!
[controller_server-54] [WARN] [1791337118.573746961] [controller_server]: RegulatedPurePursuitController detected collision ahead!
[controller_server-54] [WARN] [1791337118.623744085] [controller_server]: RegulatedPurePursuitController detected collision ahead!
[controller_server-54] [WARN] [1791337118.673745542] [controller_server]: RegulatedPurePursuitController detected collision ahead!
[controller_server-54] [WARN] [1791337118.723732291] [controller_server]: RegulatedPurePursuitController detected collision ahead!
[controller_server-54] [WARN] [1791337118.773769992] [controller_server]: RegulatedPurePursuitController detected collision ahead!
[controller_server-54] [WARN] [1791337118.823861069] [controller_server]: RegulatedPurePursuitController detected collision ahead!
[controller_server-54] [INFO] [1791337118.873501405] [controller_server]: Passing new path to controller.
[controller_server-54] [WARN] [1791337118.873839691] [controller_server]: RegulatedPurePursuitController detected collision ahead!
[controller_server-54] [WARN] [1791337118.923755189] [controller_server]: RegulatedPurePursuitController detected collision ahead!
[controller_server-54] [WARN] [1791337118.973755014] [controller_server]: RegulatedPurePursuitController detected collision ahead!
[controller_server-54] [WARN] [1791337119.023752617] [controller_server]: RegulatedPurePursuitController detected collision ahead!
[controller_server-54] [INFO] [1791337119.873505625] [controller_server]: Passing new path to controller.
[controller_server-54] [WARN] [1791337120.173751890] [controller_server]: RegulatedPurePursuitController detected collision ahead!
[controller_server-54] [WARN] [1791337120.223753602] [controller_server]: RegulatedPurePursuitController detected collision ahead!
[controller_server-54] [WARN] [1791337120.273773914] [controller_server]: RegulatedPurePursuitController detected collision ahead!
[controller_server-54] [WARN] [1791337120.323747458] [controller_server]: RegulatedPurePursuitController detected collision ahead!
[controller_server-54] [WARN] [1791337120.373775873] [controller_server]: RegulatedPurePursuitController detected collision ahead!
[controller_server-54] [WARN] [1791337120.423729362] [controller_server]: RegulatedPurePursuitController detected collision ahead!
[controller_server-54] [WARN] [1791337120.473878308] [controller_server]: RegulatedPurePursuitController detected collision ahead!
[controller_server-54] [WARN] [1791337120.523701884] [controller_server]: RegulatedPurePursuitController detected collision ahead!
[controller_server-54] [WARN] [1791337120.573714957] [controller_server]: RegulatedPurePursuitController detected collision ahead!
[controller_server-54] [WARN] [1791337120.623759703] [controller_server]: RegulatedPurePursuitController detected collision ahead!
[controller_server-54] [WARN] [1791337120.673769050] [controller_server]: RegulatedPurePursuitController detected collision ahead!
[controller_server-54] [WARN] [1791337120.723748921] [controller_server]: RegulatedPurePursuitController detected collision ahead!
[controller_server-54] [WARN] [1791337120.773743825] [controller_server]: RegulatedPurePursuitController detected collision ahead!
[controller_server-54] [WARN] [1791337120.823907422] [controller_server]: RegulatedPurePursuitController detected collision ahead!
[controller_server-54] [WARN] [1791337120.873767446] [controller_server]: RegulatedPurePursuitController detected collision ahead!
[controller_server-54] [INFO] [1791337120.923510497] [controller_server]: Passing new path to controller.
[controller_server-54] [WARN] [1791337120.923899923] [controller_server]: RegulatedPurePursuitController detected collision ahead!
[controller_server-54] [WARN] [1791337120.973761378] [controller_server]: RegulatedPurePursuitController detected collision ahead!
[controller_server-54] [WARN] [1791337121.023768774] [controller_server]: RegulatedPurePursuitController detected collision ahead!
[controller_server-54] [WARN] [1791337121.073844697] [controller_server]: RegulatedPurePursuitController detected collision ahead!
[controller_server-54] [WARN] [1791337121.123840210] [controller_server]: RegulatedPurePursuitController detected collision ahead!
[controller_server-54] [WARN] [1791337121.173786421] [controller_server]: RegulatedPurePursuitController detected collision ahead!
[controller_server-54] [WARN] [1791337121.223754348] [controller_server]: RegulatedPurePursuitController detected collision ahead!
[controller_server-54] [WARN] [1791337121.273770995] [controller_server]: RegulatedPurePursuitController detected collision ahead!
[controller_server-54] [WARN] [1791337121.323736990] [controller_server]: RegulatedPurePursuitController detected collision ahead!
[controller_server-54] [WARN] [1791337121.373727799] [controller_server]: RegulatedPurePursuitController detected collision ahead!
[controller_server-54] [INFO] [1791337121.923489183] [controller_server]: Passing new path to controller.
[controller_server-54] [WARN] [1791337122.123772064] [controller_server]: RegulatedPurePursuitController detected collision ahead!
[controller_server-54] [WARN] [1791337122.173741114] [controller_server]: RegulatedPurePursuitController detected collision ahead!
[controller_server-54] [WARN] [1791337122.223734051] [controller_server]: RegulatedPurePursuitController detected collision ahead!
[controller_server-54] [WARN] [1791337122.273739687] [controller_server]: RegulatedPurePursuitController detected collision ahead!
[controller_server-54] [WARN] [1791337122.323761332] [controller_server]: RegulatedPurePursuitController detected collision ahead!
[controller_server-54] [WARN] [1791337122.373757119] [controller_server]: RegulatedPurePursuitController detected collision ahead!
[controller_server-54] [WARN] [1791337122.423903742] [controller_server]: RegulatedPurePursuitController detected collision ahead!
[controller_server-54] [WARN] [1791337122.473710362] [controller_server]: RegulatedPurePursuitController detected collision ahead!
[controller_server-54] [WARN] [1791337122.523723299] [controller_server]: RegulatedPurePursuitController detected collision ahead!
[controller_server-54] [WARN] [1791337122.573754435] [controller_server]: RegulatedPurePursuitController detected collision ahead!
[controller_server-54] [WARN] [1791337122.623755104] [controller_server]: RegulatedPurePursuitController detected collision ahead!
[controller_server-54] [WARN] [1791337122.673732907] [controller_server]: RegulatedPurePursuitController detected collision ahead!
[controller_server-54] [WARN] [1791337122.723787717] [controller_server]: RegulatedPurePursuitController detected collision ahead!
[controller_server-54] [WARN] [1791337122.773754509] [controller_server]: RegulatedPurePursuitController detected collision ahead!
[controller_server-54] [WARN] [1791337122.823797849] [controller_server]: RegulatedPurePursuitController detected collision ahead!
[controller_server-54] [WARN] [1791337122.873769751] [controller_server]: RegulatedPurePursuitController detected collision ahead!
[controller_server-54] [WARN] [1791337122.923835679] [controller_server]: RegulatedPurePursuitController detected collision ahead!
[controller_server-54] [INFO] [1791337122.973508081] [controller_server]: Passing new path to controller.
[controller_server-54] [WARN] [1791337122.973869151] [controller_server]: RegulatedPurePursuitController detected collision ahead!
[controller_server-54] [WARN] [1791337123.023737734] [controller_server]: RegulatedPurePursuitController detected collision ahead!
[controller_server-54] [INFO] [1791337123.973479379] [controller_server]: Passing new path to controller.
[controller_server-54] [WARN] [1791337124.323869847] [controller_server]: RegulatedPurePursuitController detected collision ahead!
[controller_server-54] [WARN] [1791337124.373752725] [controller_server]: RegulatedPurePursuitController detected collision ahead!
[controller_server-54] [WARN] [1791337124.423816553] [controller_server]: RegulatedPurePursuitController detected collision ahead!
[controller_server-54] [WARN] [1791337124.473750701] [controller_server]: RegulatedPurePursuitController detected collision ahead!
[controller_server-54] [WARN] [1791337124.523749673] [controller_server]: RegulatedPurePursuitController detected collision ahead!
[controller_server-54] [WARN] [1791337124.573756454] [controller_server]: RegulatedPurePursuitController detected collision ahead!
[controller_server-54] [WARN] [1791337124.623775230] [controller_server]: RegulatedPurePursuitController detected collision ahead!
[controller_server-54] [WARN] [1791337124.673825802] [controller_server]: RegulatedPurePursuitController detected collision ahead!
[controller_server-54] [WARN] [1791337124.723758672] [controller_server]: RegulatedPurePursuitController detected collision ahead!
[controller_server-54] [WARN] [1791337124.773827144] [controller_server]: RegulatedPurePursuitController detected collision ahead!
[controller_server-54] [WARN] [1791337124.823764361] [controller_server]: RegulatedPurePursuitController detected collision ahead!
[controller_server-54] [INFO] [1791337125.023506827] [controller_server]: Passing new path to controller.
[controller_server-54] [WARN] [1791337125.923737748] [controller_server]: RegulatedPurePursuitController detected collision ahead!
[controller_server-54] [WARN] [1791337125.973740551] [controller_server]: RegulatedPurePursuitController detected collision ahead!
[controller_server-54] [INFO] [1791337126.023500727] [controller_server]: Passing new path to controller.
[controller_server-54] [WARN] [1791337126.023861874] [controller_server]: RegulatedPurePursuitController detected collision ahead!
[controller_server-54] [WARN] [1791337126.073736289] [controller_server]: RegulatedPurePursuitController detected collision ahead!
[controller_server-54] [WARN] [1791337126.123757368] [controller_server]: RegulatedPurePursuitController detected collision ahead!
[controller_server-54] [WARN] [1791337126.173753040] [controller_server]: RegulatedPurePursuitController detected collision ahead!
[controller_server-54] [WARN] [1791337126.223851871] [controller_server]: RegulatedPurePursuitController detected collision ahead!
[controller_server-54] [WARN] [1791337126.273748839] [controller_server]: RegulatedPurePursuitController detected collision ahead!
[controller_server-54] [WARN] [1791337126.323752133] [controller_server]: RegulatedPurePursuitController detected collision ahead!
[controller_server-54] [WARN] [1791337126.373754248] [controller_server]: RegulatedPurePursuitController detected collision ahead!
[controller_server-54] [WARN] [1791337126.423881519] [controller_server]: RegulatedPurePursuitController detected collision ahead!
[controller_server-54] [WARN] [1791337126.473814491] [controller_server]: RegulatedPurePursuitController detected collision ahead!
[controller_server-54] [WARN] [1791337126.523763014] [controller_server]: RegulatedPurePursuitController detected collision ahead!
[controller_server-54] [WARN] [1791337126.573734772] [controller_server]: RegulatedPurePursuitController detected collision ahead!
[controller_server-54] [WARN] [1791337126.623771928] [controller_server]: RegulatedPurePursuitController detected collision ahead!
[controller_server-54] [WARN] [1791337126.673793291] [controller_server]: RegulatedPurePursuitController detected collision ahead!
[controller_server-54] [WARN] [1791337126.723754869] [controller_server]: RegulatedPurePursuitController detected collision ahead!
[controller_server-54] [WARN] [1791337126.773787680] [controller_server]: RegulatedPurePursuitController detected collision ahead!
[controller_server-54] [WARN] [1791337126.823762745] [controller_server]: RegulatedPurePursuitController detected collision ahead!
[controller_server-54] [WARN] [1791337126.873944224] [controller_server]: RegulatedPurePursuitController detected collision ahead!
[controller_server-54] [WARN] [1791337126.923752890] [controller_server]: RegulatedPurePursuitController detected collision ahead!
[controller_server-54] [WARN] [1791337126.973712447] [controller_server]: RegulatedPurePursuitController detected collision ahead!
[controller_server-54] [WARN] [1791337127.023950080] [controller_server]: RegulatedPurePursuitController detected collision ahead!
[controller_server-54] [INFO] [1791337127.073505537] [controller_server]: Passing new path to controller.
[controller_server-54] [WARN] [1791337127.673922658] [controller_server]: RegulatedPurePursuitController detected collision ahead!
[controller_server-54] [WARN] [1791337127.723768256] [controller_server]: RegulatedPurePursuitController detected collision ahead!
[controller_server-54] [WARN] [1791337127.773719040] [controller_server]: RegulatedPurePursuitController detected collision ahead!
[controller_server-54] [WARN] [1791337127.823786203] [controller_server]: RegulatedPurePursuitController detected collision ahead!
[controller_server-54] [WARN] [1791337127.873850507] [controller_server]: RegulatedPurePursuitController detected collision ahead!
[controller_server-54] [WARN] [1791337127.923730063] [controller_server]: RegulatedPurePursuitController detected collision ahead!
[controller_server-54] [WARN] [1791337127.973746329] [controller_server]: RegulatedPurePursuitController detected collision ahead!
[controller_server-54] [WARN] [1791337128.023802873] [controller_server]: RegulatedPurePursuitController detected collision ahead!
[controller_server-54] [INFO] [1791337128.073488280] [controller_server]: Passing new path to controller.
[controller_server-54] [WARN] [1791337128.073875073] [controller_server]: RegulatedPurePursuitController detected collision ahead!
[controller_server-54] [WARN] [1791337128.123758123] [controller_server]: RegulatedPurePursuitController detected collision ahead!
[controller_server-54] [WARN] [1791337128.173753281] [controller_server]: RegulatedPurePursuitController detected collision ahead!
[controller_server-54] [WARN] [1791337128.223731821] [controller_server]: RegulatedPurePursuitController detected collision ahead!
[controller_server-54] [WARN] [1791337128.273833274] [controller_server]: RegulatedPurePursuitController detected collision ahead!
[controller_server-54] [WARN] [1791337128.323794277] [controller_server]: RegulatedPurePursuitController detected collision ahead!
[controller_server-54] [WARN] [1791337128.373875740] [controller_server]: RegulatedPurePursuitController detected collision ahead!
[controller_server-54] [INFO] [1791337129.123506968] [controller_server]: Passing new path to controller.
[controller_server-54] [WARN] [1791337129.423800647] [controller_server]: RegulatedPurePursuitController detected collision ahead!
[controller_server-54] [WARN] [1791337129.473931320] [controller_server]: RegulatedPurePursuitController detected collision ahead!
[controller_server-54] [WARN] [1791337129.523782631] [controller_server]: RegulatedPurePursuitController detected collision ahead!
[controller_server-54] [WARN] [1791337129.573832549] [controller_server]: RegulatedPurePursuitController detected collision ahead!
[controller_server-54] [WARN] [1791337129.623791903] [controller_server]: RegulatedPurePursuitController detected collision ahead!
[controller_server-54] [WARN] [1791337129.673780155] [controller_server]: RegulatedPurePursuitController detected collision ahead!
[controller_server-54] [WARN] [1791337129.723717571] [controller_server]: RegulatedPurePursuitController detected collision ahead!
[controller_server-54] [WARN] [1791337129.773749214] [controller_server]: RegulatedPurePursuitController detected collision ahead!
[controller_server-54] [WARN] [1791337129.823755237] [controller_server]: RegulatedPurePursuitController detected collision ahead!
[controller_server-54] [WARN] [1791337129.873737144] [controller_server]: RegulatedPurePursuitController detected collision ahead!
[controller_server-54] [WARN] [1791337129.923762587] [controller_server]: RegulatedPurePursuitController detected collision ahead!
[controller_server-54] [WARN] [1791337129.973765501] [controller_server]: RegulatedPurePursuitController detected collision ahead!
[controller_server-54] [WARN] [1791337130.023738161] [controller_server]: RegulatedPurePursuitController detected collision ahead!
[controller_server-54] [WARN] [1791337130.073737712] [controller_server]: RegulatedPurePursuitController detected collision ahead!
[controller_server-54] [INFO] [1791337130.123482362] [controller_server]: Passing new path to controller.
[controller_server-54] [WARN] [1791337130.123869506] [controller_server]: RegulatedPurePursuitController detected collision ahead!
[controller_server-54] [WARN] [1791337130.173818229] [controller_server]: RegulatedPurePursuitController detected collision ahead!
[controller_server-54] [INFO] [1791337131.173504299] [controller_server]: Passing new path to controller.
[controller_server-54] [WARN] [1791337131.323757669] [controller_server]: RegulatedPurePursuitController detected collision ahead!
[controller_server-54] [WARN] [1791337131.373777757] [controller_server]: RegulatedPurePursuitController detected collision ahead!
[controller_server-54] [WARN] [1791337131.423728132] [controller_server]: RegulatedPurePursuitController detected collision ahead!
[controller_server-54] [WARN] [1791337131.473714002] [controller_server]: RegulatedPurePursuitController detected collision ahead!
[controller_server-54] [WARN] [1791337131.523718953] [controller_server]: RegulatedPurePursuitController detected collision ahead!
[controller_server-54] [WARN] [1791337131.573709169] [controller_server]: RegulatedPurePursuitController detected collision ahead!
[controller_server-54] [WARN] [1791337131.623716670] [controller_server]: RegulatedPurePursuitController detected collision ahead!
[controller_server-54] [WARN] [1791337131.673783899] [controller_server]: RegulatedPurePursuitController detected collision ahead!
[controller_server-54] [WARN] [1791337131.723716885] [controller_server]: RegulatedPurePursuitController detected collision ahead!
[controller_server-54] [WARN] [1791337131.773801116] [controller_server]: RegulatedPurePursuitController detected collision ahead!
[controller_server-54] [INFO] [1791337132.173489207] [controller_server]: Passing new path to controller.
[controller_server-54] [WARN] [1791337132.873721063] [controller_server]: RegulatedPurePursuitController detected collision ahead!
[controller_server-54] [WARN] [1791337132.923729922] [controller_server]: RegulatedPurePursuitController detected collision ahead!
[controller_server-54] [WARN] [1791337132.973765320] [controller_server]: RegulatedPurePursuitController detected collision ahead!
[controller_server-54] [WARN] [1791337133.023736037] [controller_server]: RegulatedPurePursuitController detected collision ahead!
[controller_server-54] [WARN] [1791337133.073722548] [controller_server]: RegulatedPurePursuitController detected collision ahead!
[controller_server-54] [WARN] [1791337133.123746036] [controller_server]: RegulatedPurePursuitController detected collision ahead!
[controller_server-54] [WARN] [1791337133.173790087] [controller_server]: RegulatedPurePursuitController detected collision ahead!
[controller_server-54] [INFO] [1791337133.223489843] [controller_server]: Passing new path to controller.
[controller_server-54] [WARN] [1791337133.223926827] [controller_server]: RegulatedPurePursuitController detected collision ahead!
[controller_server-54] [WARN] [1791337133.273946730] [controller_server]: RegulatedPurePursuitController detected collision ahead!
[controller_server-54] [WARN] [1791337133.323758129] [controller_server]: RegulatedPurePursuitController detected collision ahead!
[controller_server-54] [WARN] [1791337133.373761921] [controller_server]: RegulatedPurePursuitController detected collision ahead!
[controller_server-54] [WARN] [1791337133.423880558] [controller_server]: RegulatedPurePursuitController detected collision ahead!
[controller_server-54] [WARN] [1791337133.473853616] [controller_server]: RegulatedPurePursuitController detected collision ahead!
[controller_server-54] [WARN] [1791337133.523763215] [controller_server]: RegulatedPurePursuitController detected collision ahead!
[controller_server-54] [WARN] [1791337133.573772243] [controller_server]: RegulatedPurePursuitController detected collision ahead!
[controller_server-54] [WARN] [1791337133.623882891] [controller_server]: RegulatedPurePursuitController detected collision ahead!
[controller_server-54] [WARN] [1791337133.673716616] [controller_server]: RegulatedPurePursuitController detected collision ahead!
[controller_server-54] [WARN] [1791337133.723763031] [controller_server]: RegulatedPurePursuitController detected collision ahead!
[controller_server-54] [WARN] [1791337133.773747233] [controller_server]: RegulatedPurePursuitController detected collision ahead!
[controller_server-54] [WARN] [1791337133.823745009] [controller_server]: RegulatedPurePursuitController detected collision ahead!
[controller_server-54] [WARN] [1791337133.873776327] [controller_server]: RegulatedPurePursuitController detected collision ahead!
[controller_server-54] [WARN] [1791337133.923771897] [controller_server]: RegulatedPurePursuitController detected collision ahead!
[controller_server-54] [WARN] [1791337133.973738673] [controller_server]: RegulatedPurePursuitController detected collision ahead!
[controller_server-54] [WARN] [1791337134.023828434] [controller_server]: RegulatedPurePursuitController detected collision ahead!
[controller_server-54] [INFO] [1791337134.223479958] [controller_server]: Passing new path to controller.
[controller_server-54] [WARN] [1791337134.573796224] [controller_server]: RegulatedPurePursuitController detected collision ahead!
[controller_server-54] [WARN] [1791337134.623780898] [controller_server]: RegulatedPurePursuitController detected collision ahead!
[controller_server-54] [WARN] [1791337134.673746752] [controller_server]: RegulatedPurePursuitController detected collision ahead!
[controller_server-54] [WARN] [1791337134.723743815] [controller_server]: RegulatedPurePursuitController detected collision ahead!
[controller_server-54] [WARN] [1791337134.773726153] [controller_server]: RegulatedPurePursuitController detected collision ahead!
[controller_server-54] [WARN] [1791337134.823736618] [controller_server]: RegulatedPurePursuitController detected collision ahead!
[controller_server-54] [WARN] [1791337134.873762071] [controller_server]: RegulatedPurePursuitController detected collision ahead!
[controller_server-54] [WARN] [1791337134.923753887] [controller_server]: RegulatedPurePursuitController detected collision ahead!
[controller_server-54] [WARN] [1791337134.973744877] [controller_server]: RegulatedPurePursuitController detected collision ahead!
[controller_server-54] [WARN] [1791337135.023793597] [controller_server]: RegulatedPurePursuitController detected collision ahead!
[controller_server-54] [WARN] [1791337135.073751269] [controller_server]: RegulatedPurePursuitController detected collision ahead!
[controller_server-54] [WARN] [1791337135.123748981] [controller_server]: RegulatedPurePursuitController detected collision ahead!
[controller_server-54] [WARN] [1791337135.173791365] [controller_server]: RegulatedPurePursuitController detected collision ahead!
[controller_server-54] [WARN] [1791337135.223810295] [controller_server]: RegulatedPurePursuitController detected collision ahead!
[controller_server-54] [INFO] [1791337135.273508373] [controller_server]: Passing new path to controller.
[controller_server-54] [WARN] [1791337135.273898960] [controller_server]: RegulatedPurePursuitController detected collision ahead!
[controller_server-54] [WARN] [1791337135.323833536] [controller_server]: RegulatedPurePursuitController detected collision ahead!
[controller_server-54] [WARN] [1791337135.373743577] [controller_server]: RegulatedPurePursuitController detected collision ahead!
[controller_server-54] [WARN] [1791337135.424001169] [controller_server]: RegulatedPurePursuitController detected collision ahead!
[controller_server-54] [WARN] [1791337135.473766113] [controller_server]: RegulatedPurePursuitController detected collision ahead!
[controller_server-54] [WARN] [1791337135.523762091] [controller_server]: RegulatedPurePursuitController detected collision ahead!
[controller_server-54] [WARN] [1791337135.573769849] [controller_server]: RegulatedPurePursuitController detected collision ahead!
[controller_server-54] [WARN] [1791337136.223776199] [controller_server]: RegulatedPurePursuitController detected collision ahead!
[controller_server-54] [INFO] [1791337136.273504749] [controller_server]: Passing new path to controller.
[controller_server-54] [WARN] [1791337136.273849568] [controller_server]: RegulatedPurePursuitController detected collision ahead!
[controller_server-54] [WARN] [1791337136.323758877] [controller_server]: RegulatedPurePursuitController detected collision ahead!
[controller_server-54] [WARN] [1791337136.373804677] [controller_server]: RegulatedPurePursuitController detected collision ahead!
[controller_server-54] [WARN] [1791337136.423718106] [controller_server]: RegulatedPurePursuitController detected collision ahead!
[controller_server-54] [WARN] [1791337136.473828545] [controller_server]: RegulatedPurePursuitController detected collision ahead!
[controller_server-54] [WARN] [1791337136.523716168] [controller_server]: RegulatedPurePursuitController detected collision ahead!
[controller_server-54] [WARN] [1791337136.573769403] [controller_server]: RegulatedPurePursuitController detected collision ahead!
[controller_server-54] [WARN] [1791337136.623760015] [controller_server]: RegulatedPurePursuitController detected collision ahead!
[controller_server-54] [WARN] [1791337136.673711918] [controller_server]: RegulatedPurePursuitController detected collision ahead!
[controller_server-54] [WARN] [1791337136.723706074] [controller_server]: RegulatedPurePursuitController detected collision ahead!
[controller_server-54] [WARN] [1791337136.773733646] [controller_server]: RegulatedPurePursuitController detected collision ahead!
[controller_server-54] [WARN] [1791337136.823824824] [controller_server]: RegulatedPurePursuitController detected collision ahead!
[controller_server-54] [WARN] [1791337136.873720480] [controller_server]: RegulatedPurePursuitController detected collision ahead!
[controller_server-54] [WARN] [1791337136.923882054] [controller_server]: RegulatedPurePursuitController detected collision ahead!
[controller_server-54] [WARN] [1791337136.973740726] [controller_server]: RegulatedPurePursuitController detected collision ahead!
[controller_server-54] [WARN] [1791337137.023762314] [controller_server]: RegulatedPurePursuitController detected collision ahead!
[controller_server-54] [WARN] [1791337137.073774515] [controller_server]: RegulatedPurePursuitController detected collision ahead!
[controller_server-54] [WARN] [1791337137.123726995] [controller_server]: RegulatedPurePursuitController detected collision ahead!
[controller_server-54] [WARN] [1791337137.173721090] [controller_server]: RegulatedPurePursuitController detected collision ahead!
[controller_server-54] [WARN] [1791337137.223756218] [controller_server]: RegulatedPurePursuitController detected collision ahead!
[controller_server-54] [WARN] [1791337137.273780203] [controller_server]: RegulatedPurePursuitController detected collision ahead!
[controller_server-54] [INFO] [1791337137.323479870] [controller_server]: Passing new path to controller.
[controller_server-54] [WARN] [1791337137.324056991] [controller_server]: RegulatedPurePursuitController detected collision ahead!
[controller_server-54] [WARN] [1791337137.373712087] [controller_server]: RegulatedPurePursuitController detected collision ahead!
[controller_server-54] [WARN] [1791337138.273755423] [controller_server]: RegulatedPurePursuitController detected collision ahead!
[controller_server-54] [INFO] [1791337138.323505974] [controller_server]: Passing new path to controller.
[controller_server-54] [WARN] [1791337138.323893134] [controller_server]: RegulatedPurePursuitController detected collision ahead!
[controller_server-54] [WARN] [1791337138.373973162] [controller_server]: RegulatedPurePursuitController detected collision ahead!
[controller_server-54] [WARN] [1791337138.423718787] [controller_server]: RegulatedPurePursuitController detected collision ahead!
[controller_server-54] [WARN] [1791337138.473891534] [controller_server]: RegulatedPurePursuitController detected collision ahead!
[controller_server-54] [WARN] [1791337138.523758074] [controller_server]: RegulatedPurePursuitController detected collision ahead!
[controller_server-54] [WARN] [1791337138.573824284] [controller_server]: RegulatedPurePursuitController detected collision ahead!
[controller_server-54] [WARN] [1791337138.623721900] [controller_server]: RegulatedPurePursuitController detected collision ahead!
[controller_server-54] [WARN] [1791337138.673700665] [controller_server]: RegulatedPurePursuitController detected collision ahead!
[controller_server-54] [WARN] [1791337138.723833780] [controller_server]: RegulatedPurePursuitController detected collision ahead!
[controller_server-54] [WARN] [1791337138.773806081] [controller_server]: RegulatedPurePursuitController detected collision ahead!
[controller_server-54] [WARN] [1791337138.823738328] [controller_server]: RegulatedPurePursuitController detected collision ahead!
[controller_server-54] [WARN] [1791337138.873878976] [controller_server]: RegulatedPurePursuitController detected collision ahead!
[controller_server-54] [WARN] [1791337138.923736493] [controller_server]: RegulatedPurePursuitController detected collision ahead!
[controller_server-54] [WARN] [1791337138.973749448] [controller_server]: RegulatedPurePursuitController detected collision ahead!
[controller_server-54] [WARN] [1791337139.023798756] [controller_server]: RegulatedPurePursuitController detected collision ahead!
[controller_server-54] [WARN] [1791337139.073769883] [controller_server]: RegulatedPurePursuitController detected collision ahead!
[controller_server-54] [WARN] [1791337139.123800099] [controller_server]: RegulatedPurePursuitController detected collision ahead!
[controller_server-54] [WARN] [1791337139.173761417] [controller_server]: RegulatedPurePursuitController detected collision ahead!
[controller_server-54] [WARN] [1791337139.223725888] [controller_server]: RegulatedPurePursuitController detected collision ahead!
[controller_server-54] [WARN] [1791337139.273744323] [controller_server]: RegulatedPurePursuitController detected collision ahead!
[controller_server-54] [INFO] [1791337139.323479539] [controller_server]: Passing new path to controller.
[controller_server-54] [WARN] [1791337139.323821545] [controller_server]: RegulatedPurePursuitController detected collision ahead!
[controller_server-54] [WARN] [1791337139.373743479] [controller_server]: RegulatedPurePursuitController detected collision ahead!
[controller_server-54] [WARN] [1791337139.873742966] [controller_server]: RegulatedPurePursuitController detected collision ahead!
[controller_server-54] [WARN] [1791337139.923792743] [controller_server]: RegulatedPurePursuitController detected collision ahead!
[controller_server-54] [WARN] [1791337139.973771309] [controller_server]: RegulatedPurePursuitController detected collision ahead!
[controller_server-54] [WARN] [1791337140.023749725] [controller_server]: RegulatedPurePursuitController detected collision ahead!
[controller_server-54] [WARN] [1791337140.073760397] [controller_server]: RegulatedPurePursuitController detected collision ahead!
[controller_server-54] [WARN] [1791337140.123721266] [controller_server]: RegulatedPurePursuitController detected collision ahead!
[controller_server-54] [WARN] [1791337140.173760813] [controller_server]: RegulatedPurePursuitController detected collision ahead!
[controller_server-54] [WARN] [1791337140.223794315] [controller_server]: RegulatedPurePursuitController detected collision ahead!
[controller_server-54] [WARN] [1791337140.273808443] [controller_server]: RegulatedPurePursuitController detected collision ahead!
[controller_server-54] [WARN] [1791337140.323743506] [controller_server]: RegulatedPurePursuitController detected collision ahead!
[controller_server-54] [INFO] [1791337140.373504652] [controller_server]: Passing new path to controller.
[controller_server-54] [WARN] [1791337140.373930623] [controller_server]: RegulatedPurePursuitController detected collision ahead!
[controller_server-54] [WARN] [1791337140.423792687] [controller_server]: RegulatedPurePursuitController detected collision ahead!
[controller_server-54] [WARN] [1791337140.473912354] [controller_server]: RegulatedPurePursuitController detected collision ahead!
[controller_server-54] [WARN] [1791337141.323785197] [controller_server]: RegulatedPurePursuitController detected collision ahead!
[controller_server-54] [WARN] [1791337141.373734077] [controller_server]: RegulatedPurePursuitController detected collision ahead!
[controller_server-54] [INFO] [1791337141.423478839] [controller_server]: Passing new path to controller.
[controller_server-54] [WARN] [1791337141.423841433] [controller_server]: RegulatedPurePursuitController detected collision ahead!
[controller_server-54] [WARN] [1791337141.473714075] [controller_server]: RegulatedPurePursuitController detected collision ahead!
[controller_server-54] [WARN] [1791337141.523887646] [controller_server]: RegulatedPurePursuitController detected collision ahead!
[controller_server-54] [WARN] [1791337141.573751146] [controller_server]: RegulatedPurePursuitController detected collision ahead!
[controller_server-54] [WARN] [1791337141.623744788] [controller_server]: RegulatedPurePursuitController detected collision ahead!
[controller_server-54] [WARN] [1791337141.673723005] [controller_server]: RegulatedPurePursuitController detected collision ahead!
[controller_server-54] [WARN] [1791337141.723789872] [controller_server]: RegulatedPurePursuitController detected collision ahead!
[controller_server-54] [WARN] [1791337141.773748383] [controller_server]: RegulatedPurePursuitController detected collision ahead!
[controller_server-54] [WARN] [1791337141.823742449] [controller_server]: RegulatedPurePursuitController detected collision ahead!
[controller_server-54] [WARN] [1791337141.873728039] [controller_server]: RegulatedPurePursuitController detected collision ahead!
[controller_server-54] [WARN] [1791337141.923810735] [controller_server]: RegulatedPurePursuitController detected collision ahead!
[controller_server-54] [WARN] [1791337141.973748945] [controller_server]: RegulatedPurePursuitController detected collision ahead!
[controller_server-54] [WARN] [1791337142.023781210] [controller_server]: RegulatedPurePursuitController detected collision ahead!
[controller_server-54] [WARN] [1791337142.073714712] [controller_server]: RegulatedPurePursuitController detected collision ahead!
[controller_server-54] [WARN] [1791337142.123857308] [controller_server]: RegulatedPurePursuitController detected collision ahead!
[controller_server-54] [WARN] [1791337142.173775541] [controller_server]: RegulatedPurePursuitController detected collision ahead!
[controller_server-54] [WARN] [1791337142.223776659] [controller_server]: RegulatedPurePursuitController detected collision ahead!
[controller_server-54] [WARN] [1791337142.273905718] [controller_server]: RegulatedPurePursuitController detected collision ahead!
[controller_server-54] [WARN] [1791337142.323769697] [controller_server]: RegulatedPurePursuitController detected collision ahead!
[controller_server-54] [WARN] [1791337142.373760791] [controller_server]: RegulatedPurePursuitController detected collision ahead!
[controller_server-54] [INFO] [1791337142.423488447] [controller_server]: Passing new path to controller.
[controller_server-54] [WARN] [1791337142.424087228] [controller_server]: RegulatedPurePursuitController detected collision ahead!
[controller_server-54] [INFO] [1791337143.473522010] [controller_server]: Passing new path to controller.
[controller_server-54] [WARN] [1791337143.623776577] [controller_server]: RegulatedPurePursuitController detected collision ahead!
[controller_server-54] [WARN] [1791337143.673722121] [controller_server]: RegulatedPurePursuitController detected collision ahead!
[controller_server-54] [WARN] [1791337143.723724191] [controller_server]: RegulatedPurePursuitController detected collision ahead!
[controller_server-54] [WARN] [1791337143.773773353] [controller_server]: RegulatedPurePursuitController detected collision ahead!
[controller_server-54] [WARN] [1791337143.823855714] [controller_server]: RegulatedPurePursuitController detected collision ahead!
[controller_server-54] [WARN] [1791337143.873734066] [controller_server]: RegulatedPurePursuitController detected collision ahead!
[controller_server-54] [WARN] [1791337143.923752434] [controller_server]: RegulatedPurePursuitController detected collision ahead!
[controller_server-54] [WARN] [1791337143.973742290] [controller_server]: RegulatedPurePursuitController detected collision ahead!
[controller_server-54] [INFO] [1791337144.473504116] [controller_server]: Passing new path to controller.
[controller_server-54] [INFO] [1791337145.523504595] [controller_server]: Passing new path to controller.
[controller_server-54] [INFO] [1791337146.523506797] [controller_server]: Passing new path to controller.
[bt_navigator-59] [ERROR] [1791337146.652991476] [bt_navigator_navigate_to_pose_rclcpp_node]: Failed to get result for follow_path in node halt!
[bt_navigator-59] [INFO] [1791337146.653120242] [bt_navigator]: [navigate_to_pose] [ActionServer] Client requested to cancel the goal. Cancelling.
[bt_navigator-59] [INFO] [1791337146.653232511] [bt_navigator]: Goal canceled
[controller_server-54] [INFO] [1791337146.673504705] [controller_server]: Cancellation was successful. Stopping the robot.
[controller_server-54] [INFO] [1791337146.673532967] [controller_server]: [follow_path] [ActionServer] Client requested to cancel the goal. Cancelling.
[gazebo-1] [WARN] [1791337151.439313024] [diffdrive_controller]: Ignoring the received message (timestamp 74.4000000000) because it is older than the current time by 0.6270000000 seconds, which exceeds the allowed timeout (0.5000)
[gazebo-1] [WARN] [1791337152.296371668] [diffdrive_controller]: Ignoring the received message (timestamp 74.4000000000) because it is older than the current time by 0.7260000000 seconds, which exceeds the allowed timeout (0.5000)
[gazebo-1] [WARN] [1791337152.842738599] [diffdrive_controller]: Ignoring the received message (timestamp 74.4000000000) because it is older than the current time by 0.8010000000 seconds, which exceeds the allowed timeout (0.5000)
[gazebo-1] [WARN] [1791337153.701327751] [diffdrive_controller]: Ignoring the received message (timestamp 74.4000000000) because it is older than the current time by 0.9000000000 seconds, which exceeds the allowed timeout (0.5000)
[gazebo-1] [WARN] [1791337154.857878964] [diffdrive_controller]: Ignoring the received message (timestamp 74.4000000000) because it is older than the current time by 1.0500000000 seconds, which exceeds the allowed timeout (0.5000)
[gazebo-1] [1;36m[GUI] [Dbg] [Gui.cc:535] [0m[1;36mShutting down gz-sim-gui[0m[1;36m[0m
[gazebo-1] [1;36m[GUI] [Dbg] [Application.cc:237] [0m[1;36mTerminating application.[0m[1;36m[0m
[gazebo-1] [1;36m[GUI] [Dbg] [MinimalScene.cc:841] [0m[1;36mDestroy scene [[0m[1;36mscene[0m[1;36m][0m[1;36m[0m
[gazebo-1] [INFO] [1791337926.067636940] [controller_manager.pal_statistics]: Async messages lost 0
[gazebo-1] [INFO] [1791337926.067669464] [controller_manager.pal_statistics]: publish_async_failures_ 0
[gazebo-1] [INFO] [1791337926.071108859] [controller_manager.pal_statistics]: Async messages lost 0
[gazebo-1] [INFO] [1791337926.071131231] [controller_manager.pal_statistics]: publish_async_failures_ 0
[gazebo-1] [1;36m[Dbg] [SignalHandler.cc:142] [0m[1;36mReceived signal[[0m[1;36m2[0m[1;36m].[0m
[gazebo-1] [1;36m[Dbg] [ServerPrivate.cc:122] [0m[1;36mServer received signal[[0m[1;36m2[0m[1;36m][0m
[gazebo-1] [1;36m[Dbg] [Sensors.cc:565] [0m[1;36mSensorsPrivate::Stop[0m[1;36m[0m
[gazebo-1] [1;36m[Dbg] [Sensors.cc:551] [0m[1;36mSensorsPrivate::RenderThread stopped[0m[1;36m[0m
[gazebo-1] [1;36m[Dbg] [gz.cc:434] [0m[1;36mShutting down gz-sim-server[0m[1;36m[0m
[gazebo-1] [1;36m[Dbg] [SimulationRunner.cc:560] [0m[1;36mExiting postupdate worker thread ([0m[1;36m7[0m[1;36m)[0m[1;36m[0m
[gazebo-1] [1;36m[Dbg] [SimulationRunner.cc:560] [0m[1;36mExiting postupdate worker thread ([0m[1;36m2[0m[1;36m)[0m[1;36m[0m
[gazebo-1] [1;36m[Dbg] [SimulationRunner.cc:560] [0m[1;36mExiting postupdate worker thread ([Dbg] [SimulationRunner.cc:560] [0m[1;36m3[0m[1;36m)[0m[1;36m[0m
[gazebo-1] [1;36mExiting postupdate worker thread ([Dbg] [SimulationRunner.cc:560] [0m[1;36mExiting postupdate worker thread ([0m[1;36m0[0m[1;36m)[0m[1;36m[0m
[gazebo-1] [1;36m[Dbg] [SimulationRunner.cc:560] [0m[1;36mExiting postupdate worker thread ([0m[1;36m1[0m[1;36m)[0m[1;36m[0m
[gazebo-1] [1;36m[Dbg] [SimulationRunner.cc:560] [0m[1;36mExiting postupdate worker thread ([0m[1;36m5[0m[1;36m)[0m[1;36m[0m
[gazebo-1] [1;36m[Dbg] [SimulationRunner.cc:560] [0m[1;36mExiting postupdate worker thread ([0m[1;36m4[0m[1;36m)[0m[1;36m[0m
[gazebo-1] [1;36m[Dbg] [SimulationRunner.cc:560] [0m[1;36mExiting postupdate worker thread ([0m[1;36m6[0m[1;36m)[0m[1;36m[0m
[gazebo-1] [1;36m[Dbg] [Sensors.cc:565] [0m[1;36mSensorsPrivate::Stop[0m[1;36m[0m
[INFO] [gazebo-1]: process has finished cleanly [pid 96355]
