[INFO] [launch]: All log files can be found below /home/y/u/yunqiao/.ros/log/2026-10-07-03-01-35-069123-yellow-17.eecs.kth.se-82546
[INFO] [launch]: Default logging verbosity is set to INFO
[INFO] [gazebo-1]: process started with pid [82554]
[INFO] [parameter_bridge-2]: process started with pid [82556]
[INFO] [robot_state_publisher-3]: process started with pid [82558]
[INFO] [robot_state_publisher-4]: process started with pid [82561]
[INFO] [static_transform_publisher-5]: process started with pid [82563]
[INFO] [create-6]: process started with pid [82565]
[INFO] [create-7]: process started with pid [82567]
[INFO] [parameter_bridge-8]: process started with pid [82569]
[INFO] [parameter_bridge-9]: process started with pid [82571]
[INFO] [parameter_bridge-10]: process started with pid [82573]
[INFO] [parameter_bridge-11]: process started with pid [82575]
[INFO] [parameter_bridge-12]: process started with pid [82577]
[INFO] [parameter_bridge-13]: process started with pid [82579]
[INFO] [parameter_bridge-14]: process started with pid [82581]
[INFO] [parameter_bridge-15]: process started with pid [82583]
[INFO] [parameter_bridge-16]: process started with pid [82585]
[INFO] [parameter_bridge-17]: process started with pid [82587]
[INFO] [parameter_bridge-18]: process started with pid [82590]
[INFO] [parameter_bridge-19]: process started with pid [82592]
[INFO] [parameter_bridge-20]: process started with pid [82594]
[INFO] [parameter_bridge-21]: process started with pid [82596]
[INFO] [parameter_bridge-22]: process started with pid [82598]
[INFO] [parameter_bridge-23]: process started with pid [82600]
[INFO] [parameter_bridge-24]: process started with pid [82602]
[INFO] [parameter_bridge-25]: process started with pid [82604]
[INFO] [parameter_bridge-26]: process started with pid [82606]
[INFO] [parameter_bridge-27]: process started with pid [82608]
[INFO] [parameter_bridge-28]: process started with pid [82610]
[INFO] [turtlebot4_node-29]: process started with pid [82612]
[INFO] [turtlebot4_gz_hmi_node-30]: process started with pid [82614]
[INFO] [spawner-31]: process started with pid [82616]
[INFO] [hazards_vector_publisher-32]: process started with pid [82618]
[INFO] [ir_intensity_vector_publisher-33]: process started with pid [82620]
[INFO] [motion_control-34]: process started with pid [82622]
[INFO] [wheel_status_publisher-35]: process started with pid [82624]
[INFO] [mock_publisher-36]: process started with pid [82626]
[INFO] [robot_state-37]: process started with pid [82628]
[INFO] [kidnap_estimator_publisher-38]: process started with pid [82630]
[INFO] [ui_mgr-39]: process started with pid [82632]
[INFO] [pose_republisher_node-40]: process started with pid [82634]
[INFO] [sensors_node-41]: process started with pid [82636]
[INFO] [interface_buttons_node-42]: process started with pid [82638]
[INFO] [static_transform_publisher-43]: process started with pid [82640]
[INFO] [static_transform_publisher-44]: process started with pid [82642]
[INFO] [parameter_bridge-45]: process started with pid [82644]
[INFO] [parameter_bridge-46]: process started with pid [82648]
[INFO] [wait_for_ready-47]: process started with pid [82650]
[INFO] [wait_for_ready-48]: process started with pid [82652]
[static_transform_publisher-5] [WARN] [1791334896.355759248] []: Old-style arguments are deprecated; see --help for new-style arguments
[static_transform_publisher-5] [INFO] [1791334896.420609837] [tf_odom_std_dock_link_publisher]: Spinning until stopped - publishing transform
[static_transform_publisher-5] translation: ('0.157000', '0.000000', '0.000000')
[static_transform_publisher-5] rotation: ('0.000000', '0.000000', '1.000000', '0.000000')
[static_transform_publisher-5] from 'odom' to 'std_dock_link'
[robot_state_publisher-3] [WARN] [1791334896.464625015] [kdl_parser]: The root link base_link has an inertia specified in the URDF, but KDL does not support a root link with an inertia.  As a workaround, you can add an extra dummy link to your URDF.
[robot_state_publisher-3] [INFO] [1791334896.464783874] [robot_state_publisher]: Robot initialized
[robot_state-37] [INFO] [1791334896.542525984] [robot_state]: Advertised topic: battery_state
[wheel_status_publisher-35] [INFO] [1791334896.552775225] [wheel_status_publisher]: Advertised topic: wheel_vels
[wheel_status_publisher-35] [INFO] [1791334896.553685693] [wheel_status_publisher]: Advertised topic: wheel_ticks
[mock_publisher-36] [INFO] [1791334896.560528030] [mock_publisher]: Advertised mocked topic: slip_status
[robot_state-37] [INFO] [1791334896.570666320] [robot_state]: Subscription to topic: dock_status
[robot_state-37] [INFO] [1791334896.571895432] [robot_state]: Advertised topic: stop_status
[robot_state-37] [INFO] [1791334896.573319664] [robot_state]: Subscription to topic: odom
[robot_state_publisher-4] [WARN] [1791334896.574535513] [kdl_parser]: The root link std_dock_link has an inertia specified in the URDF, but KDL does not support a root link with an inertia.  As a workaround, you can add an extra dummy link to your URDF.
[robot_state_publisher-4] [INFO] [1791334896.574592588] [dock_state_publisher]: Robot initialized
[static_transform_publisher-44] [WARN] [1791334896.591380548] []: Old-style arguments are deprecated; see --help for new-style arguments
[ui_mgr-39] [INFO] [1791334896.615974214] [ui_mgr]: Subscription to topic: cmd_lightring
[ui_mgr-39] [INFO] [1791334896.616377326] [ui_mgr]: Subscription to topic: cmd_audio
[static_transform_publisher-44] [INFO] [1791334896.632042370] [camera_stf]: Spinning until stopped - publishing transform
[static_transform_publisher-44] translation: ('0.000000', '0.000000', '0.000000')
[static_transform_publisher-44] rotation: ('0.499952', '-0.500000', '0.500000', '0.500048')
[static_transform_publisher-44] from 'oakd_rgb_camera_optical_frame' to 'turtlebot4/oakd_rgb_camera_frame/rgbd_camera'
[kidnap_estimator_publisher-38] [INFO] [1791334896.633790583] [kidnap_estimator_publisher]: Advertised topic: kidnap_status
[kidnap_estimator_publisher-38] [INFO] [1791334896.634555622] [kidnap_estimator_publisher]: Subscription to topic: hazard_detection
[turtlebot4_node-29] [INFO] [1791334896.637176680] [turtlebot4_node]: Init Turtlebot4 Node Main
[hazards_vector_publisher-32] [INFO] [1791334896.667384933] [hazards_vector_publisher]: Advertised topic: hazard_detection
[hazards_vector_publisher-32] [INFO] [1791334896.667744478] [hazards_vector_publisher]: Subscription to topic: _internal/bumper/event
[hazards_vector_publisher-32] [INFO] [1791334896.668846249] [hazards_vector_publisher]: Subscription to topic: _internal/cliff_front_left/event
[hazards_vector_publisher-32] [INFO] [1791334896.669319993] [hazards_vector_publisher]: Subscription to topic: _internal/cliff_front_right/event
[hazards_vector_publisher-32] [INFO] [1791334896.669861283] [hazards_vector_publisher]: Subscription to topic: _internal/cliff_side_left/event
[hazards_vector_publisher-32] [INFO] [1791334896.670106597] [hazards_vector_publisher]: Subscription to topic: _internal/cliff_side_right/event
[hazards_vector_publisher-32] [INFO] [1791334896.670328272] [hazards_vector_publisher]: Subscription to topic: _internal/wheel_drop/left_wheel/event
[hazards_vector_publisher-32] [INFO] [1791334896.670558792] [hazards_vector_publisher]: Subscription to topic: _internal/wheel_drop/right_wheel/event
[hazards_vector_publisher-32] [INFO] [1791334896.671391307] [hazards_vector_publisher]: Subscription to topic: _internal/backup_limit
[static_transform_publisher-43] [WARN] [1791334896.676147003] []: Old-style arguments are deprecated; see --help for new-style arguments
[turtlebot4_node-29] [INFO] [1791334896.688261963] [turtlebot4_node]: Buttons Init
[ir_intensity_vector_publisher-33] [INFO] [1791334896.695808677] [ir_intensity_vector_publisher]: Advertised topic: ir_intensity
[ir_intensity_vector_publisher-33] [INFO] [1791334896.696591850] [ir_intensity_vector_publisher]: Subscription to topic: _internal/ir_intensity_front_center_left
[ir_intensity_vector_publisher-33] [INFO] [1791334896.697648279] [ir_intensity_vector_publisher]: Subscription to topic: _internal/ir_intensity_front_center_right
[ir_intensity_vector_publisher-33] [INFO] [1791334896.698204723] [ir_intensity_vector_publisher]: Subscription to topic: _internal/ir_intensity_front_left
[ir_intensity_vector_publisher-33] [INFO] [1791334896.698512159] [ir_intensity_vector_publisher]: Subscription to topic: _internal/ir_intensity_front_right
[ir_intensity_vector_publisher-33] [INFO] [1791334896.698917917] [ir_intensity_vector_publisher]: Subscription to topic: _internal/ir_intensity_left
[ir_intensity_vector_publisher-33] [INFO] [1791334896.699407609] [ir_intensity_vector_publisher]: Subscription to topic: _internal/ir_intensity_right
[ir_intensity_vector_publisher-33] [INFO] [1791334896.699969412] [ir_intensity_vector_publisher]: Subscription to topic: _internal/ir_intensity_side_left
[motion_control-34] [INFO] [1791334896.703874915] [motion_control]: Enabling REFLEX_BUMP
[motion_control-34] [INFO] [1791334896.703958838] [motion_control]: Enabling REFLEX_CLIFF
[motion_control-34] [INFO] [1791334896.704033203] [motion_control]: Enabling REFLEX_STUCK
[motion_control-34] [INFO] [1791334896.704066677] [motion_control]: Enabling REFLEX_WHEEL_DROP
[turtlebot4_node-29] [INFO] [1791334896.713593127] [turtlebot4_node]: Init Display
[turtlebot4_node-29] [INFO] [1791334896.719548573] [turtlebot4_node]: Leds Init
[turtlebot4_node-29] [INFO] [1791334896.731435250] [turtlebot4_node]: Turtlebot4 standard running.
[static_transform_publisher-43] [INFO] [1791334896.743731100] [rplidar_stf]: Spinning until stopped - publishing transform
[static_transform_publisher-43] translation: ('0.000000', '0.000000', '0.000000')
[static_transform_publisher-43] rotation: ('0.000000', '0.000000', '0.000000', '1.000000')
[static_transform_publisher-43] from 'rplidar_link' to 'turtlebot4/rplidar_link/rplidar'
[create-6] [INFO] [1791334896.822834610] [ros_gz_sim]: Requesting list of world names.
[create-7] [INFO] [1791334896.929186190] [ros_gz_sim]: Requesting list of world names.
[parameter_bridge-2] [INFO] [1791334896.964891779] [clock_bridge]: Creating GZ->ROS Bridge: [/clock (gz.msgs.Clock) -> /clock (rosgraph_msgs/msg/Clock)] (Lazy 0)
[parameter_bridge-9] [INFO] [1791334896.974158561] [pose_bridge]: Creating GZ->ROS Bridge: [/model/turtlebot4/pose (gz.msgs.Pose_V) -> /model/turtlebot4/pose (tf2_msgs/msg/TFMessage)] (Lazy 0)
[parameter_bridge-9] [INFO] [1791334896.989935546] [pose_bridge]: Creating GZ->ROS Bridge: [/model/standard_dock/pose (gz.msgs.Pose_V) -> /model/standard_dock/pose (tf2_msgs/msg/TFMessage)] (Lazy 0)
[parameter_bridge-14] [INFO] [1791334897.002478845] [cliff_side_left_bridge]: Creating GZ->ROS Bridge: [/world/warehouse/model/turtlebot4/link/base_link/sensor/cliff_side_left/scan (gz.msgs.LaserScan) -> /world/warehouse/model/turtlebot4/link/base_link/sensor/cliff_side_left/scan (sensor_msgs/msg/LaserScan)] (Lazy 0)
[parameter_bridge-24] [INFO] [1791334897.009122035] [hmi_display_msg_bridge]: Creating ROS->GZ Bridge: [/hmi/display/raw (std_msgs/msg/String) -> /hmi/display/raw (gz.msgs.StringMsg)] (Lazy 0)
[parameter_bridge-24] [INFO] [1791334897.011084318] [hmi_display_msg_bridge]: Creating ROS->GZ Bridge: [/hmi/display/selected (std_msgs/msg/Int32) -> /hmi/display/selected (gz.msgs.Int32)] (Lazy 0)
[parameter_bridge-16] [INFO] [1791334897.029086258] [ir_intensity_front_center_left_bridge]: Creating GZ->ROS Bridge: [/world/warehouse/model/turtlebot4/link/ir_intensity_front_center_left/sensor/ir_intensity_front_center_left/scan (gz.msgs.LaserScan) -> /world/warehouse/model/turtlebot4/link/ir_intensity_front_center_left/sensor/ir_intensity_front_center_left/scan (sensor_msgs/msg/LaserScan)] (Lazy 0)
[parameter_bridge-17] [INFO] [1791334897.054749436] [ir_intensity_front_center_right_bridge]: Creating GZ->ROS Bridge: [/world/warehouse/model/turtlebot4/link/ir_intensity_front_center_right/sensor/ir_intensity_front_center_right/scan (gz.msgs.LaserScan) -> /world/warehouse/model/turtlebot4/link/ir_intensity_front_center_right/sensor/ir_intensity_front_center_right/scan (sensor_msgs/msg/LaserScan)] (Lazy 0)
[parameter_bridge-10] [INFO] [1791334897.080844390] [odom_base_tf_bridge]: Creating GZ->ROS Bridge: [/model/turtlebot4/tf (gz.msgs.Pose_V) -> /model/turtlebot4/tf (tf2_msgs/msg/TFMessage)] (Lazy 0)
[parameter_bridge-11] [INFO] [1791334897.168276445] [bumper_contact_bridge]: Creating GZ->ROS Bridge: [/bumper_contact (gz.msgs.Contacts) -> /bumper_contact (ros_gz_interfaces/msg/Contacts)] (Lazy 0)
[parameter_bridge-27] [INFO] [1791334897.205861678] [lidar_bridge]: Creating GZ->ROS Bridge: [/world/warehouse/model/turtlebot4/link/rplidar_link/sensor/rplidar/scan (gz.msgs.LaserScan) -> /world/warehouse/model/turtlebot4/link/rplidar_link/sensor/rplidar/scan (sensor_msgs/msg/LaserScan)] (Lazy 0)
[gazebo-1] Warning: Ignoring XDG_SESSION_TYPE=wayland on Gnome. Use QT_QPA_PLATFORM=wayland to run on Wayland anyway.
[parameter_bridge-19] [INFO] [1791334897.268072634] [ir_intensity_front_right_bridge]: Creating GZ->ROS Bridge: [/world/warehouse/model/turtlebot4/link/ir_intensity_front_right/sensor/ir_intensity_front_right/scan (gz.msgs.LaserScan) -> /world/warehouse/model/turtlebot4/link/ir_intensity_front_right/sensor/ir_intensity_front_right/scan (sensor_msgs/msg/LaserScan)] (Lazy 0)
[parameter_bridge-12] [INFO] [1791334897.284113869] [cliff_front_left_bridge]: Creating GZ->ROS Bridge: [/world/warehouse/model/turtlebot4/link/base_link/sensor/cliff_front_left/scan (gz.msgs.LaserScan) -> /world/warehouse/model/turtlebot4/link/base_link/sensor/cliff_front_left/scan (sensor_msgs/msg/LaserScan)] (Lazy 0)
[parameter_bridge-23] [INFO] [1791334897.345782288] [buttons_msg_bridge]: Creating GZ->ROS Bridge: [/create3_buttons (gz.msgs.Int32) -> /create3_buttons (std_msgs/msg/Int32)] (Lazy 0)
[parameter_bridge-25] [INFO] [1791334897.346827949] [hmi_buttons_msg_bridge]: Creating GZ->ROS Bridge: [/hmi/buttons (gz.msgs.Int32) -> /hmi/buttons (std_msgs/msg/Int32)] (Lazy 0)
[parameter_bridge-13] [INFO] [1791334897.352393548] [cliff_front_right_bridge]: Creating GZ->ROS Bridge: [/world/warehouse/model/turtlebot4/link/base_link/sensor/cliff_front_right/scan (gz.msgs.LaserScan) -> /world/warehouse/model/turtlebot4/link/base_link/sensor/cliff_front_right/scan (sensor_msgs/msg/LaserScan)] (Lazy 0)
[parameter_bridge-26] [INFO] [1791334897.371775705] [hmi_led_msg_bridge]: Creating ROS->GZ Bridge: [/hmi/led/power (std_msgs/msg/Int32) -> /hmi/led/power (gz.msgs.Int32)] (Lazy 0)
[parameter_bridge-8] [INFO] [1791334897.376771405] [cmd_vel_bridge]: Creating GZ->ROS Bridge: [/cmd_vel (gz.msgs.Twist) -> /cmd_vel (geometry_msgs/msg/TwistStamped)] (Lazy 0)
[parameter_bridge-26] [INFO] [1791334897.386658018] [hmi_led_msg_bridge]: Creating ROS->GZ Bridge: [/hmi/led/motors (std_msgs/msg/Int32) -> /hmi/led/motors (gz.msgs.Int32)] (Lazy 0)
[parameter_bridge-8] [INFO] [1791334897.388452454] [cmd_vel_bridge]: Creating ROS->GZ Bridge: [/model/turtlebot4/cmd_vel (geometry_msgs/msg/TwistStamped) -> /model/turtlebot4/cmd_vel (gz.msgs.Twist)] (Lazy 0)
[parameter_bridge-26] [INFO] [1791334897.391729887] [hmi_led_msg_bridge]: Creating ROS->GZ Bridge: [/hmi/led/comms (std_msgs/msg/Int32) -> /hmi/led/comms (gz.msgs.Int32)] (Lazy 0)
[parameter_bridge-26] [INFO] [1791334897.395116217] [hmi_led_msg_bridge]: Creating ROS->GZ Bridge: [/hmi/led/wifi (std_msgs/msg/Int32) -> /hmi/led/wifi (gz.msgs.Int32)] (Lazy 0)
[parameter_bridge-26] [INFO] [1791334897.396180231] [hmi_led_msg_bridge]: Creating ROS->GZ Bridge: [/hmi/led/battery (std_msgs/msg/Int32) -> /hmi/led/battery (gz.msgs.Int32)] (Lazy 0)
[parameter_bridge-26] [INFO] [1791334897.397121709] [hmi_led_msg_bridge]: Creating ROS->GZ Bridge: [/hmi/led/user1 (std_msgs/msg/Int32) -> /hmi/led/user1 (gz.msgs.Int32)] (Lazy 0)
[parameter_bridge-15] [INFO] [1791334897.395428463] [cliff_side_right_bridge]: Creating GZ->ROS Bridge: [/world/warehouse/model/turtlebot4/link/base_link/sensor/cliff_side_right/scan (gz.msgs.LaserScan) -> /world/warehouse/model/turtlebot4/link/base_link/sensor/cliff_side_right/scan (sensor_msgs/msg/LaserScan)] (Lazy 0)
[parameter_bridge-26] [INFO] [1791334897.404572209] [hmi_led_msg_bridge]: Creating ROS->GZ Bridge: [/hmi/led/user2 (std_msgs/msg/Int32) -> /hmi/led/user2 (gz.msgs.Int32)] (Lazy 0)
[parameter_bridge-28] [INFO] [1791334897.417792352] [camera_bridge]: Creating GZ->ROS Bridge: [/world/warehouse/model/turtlebot4/link/oakd_rgb_camera_frame/sensor/rgbd_camera/image (gz.msgs.Image) -> /world/warehouse/model/turtlebot4/link/oakd_rgb_camera_frame/sensor/rgbd_camera/image (sensor_msgs/msg/Image)] (Lazy 0)
[parameter_bridge-28] [INFO] [1791334897.424272730] [camera_bridge]: Creating GZ->ROS Bridge: [/world/warehouse/model/turtlebot4/link/oakd_rgb_camera_frame/sensor/rgbd_camera/depth_image (gz.msgs.Image) -> /world/warehouse/model/turtlebot4/link/oakd_rgb_camera_frame/sensor/rgbd_camera/depth_image (sensor_msgs/msg/Image)] (Lazy 0)
[parameter_bridge-28] [INFO] [1791334897.427000708] [camera_bridge]: Creating GZ->ROS Bridge: [/world/warehouse/model/turtlebot4/link/oakd_rgb_camera_frame/sensor/rgbd_camera/points (gz.msgs.PointCloudPacked) -> /world/warehouse/model/turtlebot4/link/oakd_rgb_camera_frame/sensor/rgbd_camera/points (sensor_msgs/msg/PointCloud2)] (Lazy 0)
[parameter_bridge-28] [INFO] [1791334897.429316635] [camera_bridge]: Creating GZ->ROS Bridge: [/world/warehouse/model/turtlebot4/link/oakd_rgb_camera_frame/sensor/rgbd_camera/camera_info (gz.msgs.CameraInfo) -> /world/warehouse/model/turtlebot4/link/oakd_rgb_camera_frame/sensor/rgbd_camera/camera_info (sensor_msgs/msg/CameraInfo)] (Lazy 0)
[parameter_bridge-21] [INFO] [1791334897.667580359] [ir_intensity_right_bridge]: Creating GZ->ROS Bridge: [/world/warehouse/model/turtlebot4/link/ir_intensity_right/sensor/ir_intensity_right/scan (gz.msgs.LaserScan) -> /world/warehouse/model/turtlebot4/link/ir_intensity_right/sensor/ir_intensity_right/scan (sensor_msgs/msg/LaserScan)] (Lazy 0)
[parameter_bridge-20] [INFO] [1791334897.671738840] [ir_intensity_left_bridge]: Creating GZ->ROS Bridge: [/world/warehouse/model/turtlebot4/link/ir_intensity_left/sensor/ir_intensity_left/scan (gz.msgs.LaserScan) -> /world/warehouse/model/turtlebot4/link/ir_intensity_left/sensor/ir_intensity_left/scan (sensor_msgs/msg/LaserScan)] (Lazy 0)
[parameter_bridge-18] [INFO] [1791334897.681498841] [ir_intensity_front_left_bridge]: Creating GZ->ROS Bridge: [/world/warehouse/model/turtlebot4/link/ir_intensity_front_left/sensor/ir_intensity_front_left/scan (gz.msgs.LaserScan) -> /world/warehouse/model/turtlebot4/link/ir_intensity_front_left/sensor/ir_intensity_front_left/scan (sensor_msgs/msg/LaserScan)] (Lazy 0)
[parameter_bridge-45] [INFO] [1791334897.683280966] [ros_gz_bridge]: Creating ROS->GZ Bridge: [/vacuum_gripper/attach (std_msgs/msg/Empty) -> /vacuum_gripper/attach (gz.msgs.Empty)] (Lazy 0)
[parameter_bridge-45] [INFO] [1791334897.687767733] [ros_gz_bridge]: Creating ROS->GZ Bridge: [/vacuum_gripper/detach (std_msgs/msg/Empty) -> /vacuum_gripper/detach (gz.msgs.Empty)] (Lazy 0)
[parameter_bridge-22] [INFO] [1791334897.692306110] [ir_intensity_side_left_bridge]: Creating GZ->ROS Bridge: [/world/warehouse/model/turtlebot4/link/ir_intensity_side_left/sensor/ir_intensity_side_left/scan (gz.msgs.LaserScan) -> /world/warehouse/model/turtlebot4/link/ir_intensity_side_left/sensor/ir_intensity_side_left/scan (sensor_msgs/msg/LaserScan)] (Lazy 0)
[wait_for_ready-47] [INFO] [1791334897.797363271] [wait_for_rviz]: [rviz] waiting for nodes=[] services=[] answering=[] topics=['/clock', '/scan'] (timeout 300s)
[wait_for_ready-48] [INFO] [1791334897.804671486] [wait_for_sim]: [sim] waiting for nodes=['controller_manager'] services=['/controller_manager/set_parameters'] answering=['/controller_manager/list_controllers'] topics=['/scan'] (timeout 300s)
[spawner-31] [INFO] [1791334897.811030964] [spawner_joint_state_broadcaster]: waiting for service /controller_manager/list_controllers to become available...
[parameter_bridge-24] [INFO] [1791334898.107378764] [hmi_display_msg_bridge]: Passing message from ROS std_msgs/msg/Int32 to Gazebo gz.msgs.Int32 (showing msg only once per type)
[parameter_bridge-24] [INFO] [1791334898.107470641] [hmi_display_msg_bridge]: Passing message from ROS std_msgs/msg/String to Gazebo gz.msgs.StringMsg (showing msg only once per type)
[gazebo-1] [1;36m[Dbg] [gz.cc:166] [0m[1;36mSubscribing to [[0m[1;36m/gazebo/starting_world[0m[1;36m].[0m[1;36m[0m
[gazebo-1] [1;36m[Dbg] [gz.cc:168] [0m[1;36mWaiting for a world to be set from the GUI...[0m[1;36m[0m
[gazebo-1] [1;32m[Msg] [0m[1;32mReceived world [[0m[1;32mwarehouse.sdf[0m[1;32m] from the GUI.[0m[1;32m[0m
[gazebo-1] [1;36m[Dbg] [gz.cc:172] [0m[1;36mUnsubscribing from [[0m[1;36m/gazebo/starting_world[0m[1;36m].[0m[1;36m[0m
[gazebo-1] [1;32m[Msg] [0m[1;32mGazebo Sim Server v[0m[1;32m8.10.0[0m[1;32m[0m
[gazebo-1] [1;32m[Msg] [0m[1;32mLoading SDF world file[[0m[1;32m/home/y/u/yunqiao/IROB_Mobile_Robot_Project/install/turtlebot4_gz_bringup/share/turtlebot4_gz_bringup/worlds/warehouse.sdf[0m[1;32m].[0m
[gazebo-1] [1;32m[Msg] [0m[1;32mServing entity system service on [[0m[1;32m/[0m[1;32mentity/system/add[0m[1;32m][0m[1;32m[0m
[gazebo-1] [1;36m[Dbg] [Physics.cc:899] [0m[1;36mLoaded [[0m[1;36mgz::physics::dartsim::Plugin[0m[1;36m] from library [[0m[1;36m/afs/kth.se/misc/info/kurser/DD2410/ht26/pixi/IROB/.pixi/envs/default/lib/gz-physics-7/engine-plugins/libgz-physics-dartsim-plugin.so[0m[1;36m][0m[1;36m[0m
[gazebo-1] [1;36m[Dbg] [SystemManager.cc:80] [0m[1;36mLoaded system [[0m[1;36mgz::sim::systems::Physics[0m[1;36m] for entity [[0m[1;36m1[0m[1;36m][0m[1;36m[0m
[gazebo-1] [1;32m[Msg] [0m[1;32mCreate[0m[1;32m service on [[0m[1;32m/world/warehouse/create_multiple[0m[1;32m] (async)[0m[1;32m[0m
[gazebo-1] [1;32m[Msg] [0m[1;32mCreate[0m[1;32m service on [[0m[1;32m/world/warehouse/create_multiple/blocking[0m[1;32m] (blocking)[0m[1;32m[0m
[gazebo-1] [1;32m[Msg] [0m[1;32mRemove[0m[1;32m service on [[0m[1;32m/world/warehouse/remove[0m[1;32m] (async)[0m[1;32m[0m
[gazebo-1] [1;32m[Msg] [0m[1;32mRemove[0m[1;32m service on [[0m[1;32m/world/warehouse/remove/blocking[0m[1;32m] (blocking)[0m[1;32m[0m
[gazebo-1] [1;32m[Msg] [0m[1;32mPose[0m[1;32m service on [[0m[1;32m/world/warehouse/set_pose[0m[1;32m] (async)[0m[1;32m[0m
[gazebo-1] [1;32m[Msg] [0m[1;32mPose[0m[1;32m service on [[0m[1;32m/world/warehouse/set_pose/blocking[0m[1;32m] (blocking)[0m[1;32m[0m
[gazebo-1] [1;32m[Msg] [0m[1;32mPose[0m[1;32m service on [[0m[1;32m/world/warehouse/set_pose_vector[0m[1;32m] (async)[0m[1;32m[0m
[gazebo-1] [1;32m[Msg] [0m[1;32mPose[0m[1;32m service on [[0m[1;32m/world/warehouse/set_pose_vector/blocking[0m[1;32m] (blocking)[0m[1;32m[0m
[gazebo-1] [1;32m[Msg] [0m[1;32mLight configuration[0m[1;32m service on [[0m[1;32m/world/warehouse/light_config[0m[1;32m] (async)[0m[1;32m[0m
[gazebo-1] [1;32m[Msg] [0m[1;32mLight configuration[0m[1;32m service on [[0m[1;32m/world/warehouse/light_config/blocking[0m[1;32m] (blocking)[0m[1;32m[0m
[gazebo-1] [1;32m[Msg] [0m[1;32mPhysics[0m[1;32m service on [[0m[1;32m/world/warehouse/set_physics[0m[1;32m] (async)[0m[1;32m[0m
[gazebo-1] [1;32m[Msg] [0m[1;32mPhysics[0m[1;32m service on [[0m[1;32m/world/warehouse/set_physics/blocking[0m[1;32m] (blocking)[0m[1;32m[0m
[gazebo-1] [1;32m[Msg] [0m[1;32mSphericalCoordinates[0m[1;32m service on [[0m[1;32m/world/warehouse/set_spherical_coordinates[0m[1;32m] (async)[0m[1;32m[0m
[gazebo-1] [1;32m[Msg] [0m[1;32mSphericalCoordinates[0m[1;32m service on [[0m[1;32m/world/warehouse/set_spherical_coordinates/blocking[0m[1;32m] (blocking)[0m[1;32m[0m
[gazebo-1] [1;32m[Msg] [0m[1;32mEnable collision[0m[1;32m service on [[0m[1;32m/world/warehouse/enable_collision[0m[1;32m] (async)[0m[1;32m[0m
[gazebo-1] [1;32m[Msg] [0m[1;32mEnable collision[0m[1;32m service on [[0m[1;32m/world/warehouse/enable_collision/blocking[0m[1;32m] (blocking)[0m[1;32m[0m
[gazebo-1] [1;32m[Msg] [0m[1;32mDisable collision[0m[1;32m service on [[0m[1;32m/world/warehouse/disable_collision[0m[1;32m] (async)[0m[1;32m[0m
[gazebo-1] [1;32m[Msg] [0m[1;32mDisable collision[0m[1;32m service on [[0m[1;32m/world/warehouse/disable_collision/blocking[0m[1;32m] (blocking)[0m[1;32m[0m
[gazebo-1] [1;32m[Msg] [0m[1;32mMaterial[0m[1;32m service on [[0m[1;32m/world/warehouse/visual_config[0m[1;32m] (async)[0m[1;32m[0m
[create-7] [INFO] [1791334898.231084847] [ros_gz_sim]: Waiting messages on topic [standard_dock_description].
[parameter_bridge-26] [INFO] [1791334898.281880937] [hmi_led_msg_bridge]: Passing message from ROS std_msgs/msg/Int32 to Gazebo gz.msgs.Int32 (showing msg only once per type)
[wait_for_ready-47] [WARN] [1791334898.323821046] [wait_for_rviz]: New publisher discovered on topic '/clock', offering incompatible QoS. No messages will be received from it. Last incompatible policy: DURABILITY
[wait_for_ready-47] [WARN] [1791334898.325553435] [wait_for_rviz]: New publisher discovered on topic '/scan', offering incompatible QoS. No messages will be received from it. Last incompatible policy: DURABILITY
[create-6] [INFO] [1791334898.331679226] [ros_gz_sim]: Waiting messages on topic [robot_description].
[create-6] [INFO] [1791334898.430091481] [ros_gz_sim]: Entity creation successful.
[parameter_bridge-27] [WARN] [1791334898.442839235] [lidar_bridge]: New subscription discovered on topic '/scan', requesting incompatible QoS. No messages will be sent to it. Last incompatible policy: DURABILITY_QOS_POLICY
[parameter_bridge-2] [WARN] [1791334898.443009148] [clock_bridge]: New subscription discovered on topic '/clock', requesting incompatible QoS. No messages will be sent to it. Last incompatible policy: DURABILITY_QOS_POLICY
[INFO] [create-6]: process has finished cleanly [pid 82565]
[parameter_bridge-46] [INFO] [1791334898.644103431] [odom_gt_bridge]: Creating GZ->ROS Bridge: [/model/turtlebot4/odometry (gz.msgs.Odometry) -> /odom_gt (nav_msgs/msg/Odometry)] (Lazy 0)
[parameter_bridge-46] [INFO] [1791334898.649024911] [odom_gt_bridge]: Creating GZ->ROS Bridge: [/model/turtlebot4/pose (gz.msgs.Pose_V) -> /tf (tf2_msgs/msg/TFMessage)] (Lazy 0)
[gazebo-1] [1;32m[Msg] [0m[1;32mMaterial[0m[1;32m service on [[0m[1;32m/world/warehouse/visual_config/blocking[1;32m[Msg] [0m[1;32mGazebo Sim GUI    v[0m[1;32m8.10.0[0m[1;32m[0m
[gazebo-1] [1;32m[Msg] [0m[1;32mDetected Wayland. Setting Qt to use the xcb plugin: [0m[1;32m'QT_QPA_PLATFORM=xcb'.[0m[1;32m[0m
[gazebo-1] [1;36m[Dbg] [Gui.cc:275] [0m[1;36mWaiting for subscribers to [[0m[1;36m/gazebo/starting_world[0m[1;36m]...[0m[1;36m[0m
[gazebo-1] [1;36m[Dbg] [Application.cc:96] [0m[1;36mInitializing application.[0m[1;36m[0m
[gazebo-1] [1;36m[Dbg] [Application.cc:170] [0m[1;36mQt using OpenGL graphics interface[0m[1;36m[0m
[gazebo-1] [1;36m[GUI] [Dbg] [Application.cc:657] [0m[1;36mCreate main window[0m[1;36m[0m
[gazebo-1] [1;36m[GUI] [Dbg] [PathManager.cc:68] [0m[1;36mRequesting resource paths through [[0m[1;36m/gazebo/resource_paths/get[0m[1;36m][0m[1;36m[0m
[gazebo-1] [1;36m[GUI] [Dbg] [Gui.cc:355] [0m[1;36mGUI requesting list of world names. The server may be busy [0m[1;36mdownloading resources. Please be patient.[0m[1;36m[0m
[gazebo-1] [1;36m[GUI] [Dbg] [PathManager.cc:57] [0m[1;36mReceived resource paths.[0m[1;36m[0m
[gazebo-1] [1;36m[GUI] [Dbg] [GuiRunner.cc:149] [0m[1;36mRequesting initial state from [[0m[1;36m/world/warehouse/state[0m[1;36m]...[0m[1;36m[0m
[gazebo-1] [1;32m[GUI] [0m[1;32m[Msg] [0m[1;32mLoading config [[0m[1;32m/home/y/u/yunqiao/IROB_Mobile_Robot_Project/install/turtlebot4_gz_bringup/share/turtlebot4_gz_bringup/gui/standard/gui.config[0m[1;32m][0m[1;32m[0m
[gazebo-1] [1;36m[GUI] [Dbg] [Application.cc:528] [0m[1;36mLoading plugin [[0m[1;36mMinimalScene[0m[1;36m][0m[1;36m[0m
[gazebo-1] [1;36m[GUI] [Dbg] [MinimalScene.cc:802] [0m[1;36mCreating gz-rendering interface for OpenGL[0m[1;36m[0m
[gazebo-1] [1;36m[GUI] [Dbg] [MinimalScene.cc:802] [0m[1;36mCreating gz-rendering interface for OpenGL[0m[1;36m[0m
[gazebo-1] [1;36m[GUI] [Dbg] [MinimalScene.cc:986] [0m[1;36mCreating render thread interface for OpenGL[0m[1;36m[0m
[gazebo-1] [1;36m[GUI] [Dbg] [MinimalScene.cc:802] [0m[1;36mCreating gz-rendering interface for OpenGL[0m[1;36m[0m
[gazebo-1] [1;36m[GUI] [Dbg] [MinimalScene.cc:986] [0m[1;36mCreating render thread interface for OpenGL[0m[1;36m[0m
[gazebo-1] [1;32m[GUI] [0m[1;32m[Msg] [0m[1;32mAdded plugin [[0m[1;32m3D View[0m[1;32m] to main window[0m[1;32m[0m
[gazebo-1] [1;32m[GUI] [0m[1;32m[Msg] [0m[1;32mLoaded plugin [[0m[1;32mMinimalScene[0m[1;32m] from path [[0m[1;32m/afs/kth.se/misc/info/kurser/DD2410/ht26/pixi/IROB/.pixi/envs/default/lib/gz-gui-8/plugins/libMinimalScene.so[0m[1;32m][0m[1;32m[0m
[gazebo-1] [1;36m[GUI] [Dbg] [Application.cc:528] [0m[1;36mLoading plugin [[0m[1;36mGzSceneManager[0m[1;36m][0m[1;36m[0m
[gazebo-1] [1;32m[GUI] [0m[1;32m[Msg] [0m[1;32mAdded plugin [[0m[1;32mScene Manager[0m[1;32m] to main window[0m[1;32m[0m
[gazebo-1] [1;32m[GUI] [0m[1;32m[Msg] [0m[1;32mLoaded plugin [[0m[1;32mGzSceneManager[0m[1;32m] from path [[0m[1;32m/afs/kth.se/misc/info/kurser/DD2410/ht26/pixi/IROB/.pixi/envs/default/lib/gz-sim-8/plugins/gui/libGzSceneManager.so[0m[1;32m][0m[1;32m[0m
[gazebo-1] [1;36m[GUI] [Dbg] [Application.cc:528] [0m[1;36mLoading plugin [[0m[1;36mInteractiveViewControl[0m[1;36m][0m[1;36m[0m
[gazebo-1] [1;32m[GUI] [0m[1;32m[Msg] [0m[1;32mCamera view controller topic advertised on [[0m[1;32m/gui/camera/view_control[0m[1;32m][0m[1;32m[0m
[gazebo-1] [1;32m[GUI] [0m[1;32m[Msg] [0m[1;32mCamera reference visual topic advertised on [[0m[1;32m/gui/camera/view_control/reference_visual[0m[1;32m][0m[1;32m[0m
[gazebo-1] [1;32m[GUI] [0m[1;32m[Msg] [0m[1;32mCamera view control sensitivity advertised on [[0m[1;32m/gui/camera/view_control/sensitivity[0m[1;32m][0m[1;32m[0m
[gazebo-1] [1;32m[GUI] [0m[1;32m[Msg] [0m[1;32mAdded plugin [[0m[1;32mInteractive view control[0m[1;32m] to main window[0m[1;32m[0m
[gazebo-1] [1;32m[GUI] [0m[1;32m[Msg] [0m[1;32mLoaded plugin [[0m[1;32mInteractiveViewControl[0m[1;32m] from path [[0m[1;32m/afs/kth.se/misc/info/kurser/DD2410/ht26/pixi/IROB/.pixi/envs/default/lib/gz-gui-8/plugins/libInteractiveViewControl.so[0m[1;32m][0m[1;32m[0m
[gazebo-1] [1;36m[GUI] [Dbg] [Application.cc:528] [0m[1;36mLoading plugin [[0m[1;36mWorldControl[0m[1;36m][0m[1;36m[0m
[gazebo-1] [1;33m[GUI] [Wrn] [Application.cc:908] [0m[1;33m[QT] file::/Turtlebot4Hmi/Turtlebot4Hmi.qml:102:7: Unable to assign [undefined] to QString[0m[1;33m[0m
[parameter_bridge-27] [WARN] [1791334898.838136131] [lidar_bridge]: New subscription discovered on topic '/scan', requesting incompatible QoS. No messages will be sent to it. Last incompatible policy: DURABILITY_QOS_POLICY
[wait_for_ready-48] [WARN] [1791334898.844593814] [wait_for_sim]: New publisher discovered on topic '/scan', offering incompatible QoS. No messages will be received from it. Last incompatible policy: DURABILITY
[gazebo-1] [1;33m[GUI] [Wrn] [Application.cc:908] [0m[1;33m[QT] file::/WorldStats/WorldStats.qml:53:3: QML RowLayout: Binding loop detected for property "x"[0m[1;33m[0m
[gazebo-1] [1;32m[GUI] [0m[1;32m[Msg] [0m[1;32mUsing world control service [[0m[1;32m/world/warehouse/control[0m[1;32m][0m[1;32m[0m
[gazebo-1] [1;32m[GUI] [0m[1;32m[Msg] [0m[1;32mListening to stats on [[0m[1;32m/world/warehouse/stats[0m[1;32m][0m[1;32m[0m
[gazebo-1] [1;36m[GUI] [Dbg] [WorldControl.cc:237] [0m[1;36mUsing an event to share WorldControl msgs with the server[0m
[gazebo-1] [1;32m[GUI] [0m[1;32m[Msg] [0m[1;32mAdded plugin [[0m[1;32mWorld control[0m[1;32m] to main window[0m[1;32m[0m
[gazebo-1] [1;32m[GUI] [0m[1;32m[Msg] [0m[1;32mLoaded plugin [[0m[1;32mWorldControl[0m[1;32m] from path [[0m[1;32m/afs/kth.se/misc/info/kurser/DD2410/ht26/pixi/IROB/.pixi/envs/default/lib/gz-gui-8/plugins/libWorldControl.so[0m[1;32m][0m[1;32m[0m
[gazebo-1] [1;36m[GUI] [Dbg] [Application.cc:528] [0m[1;36mLoading plugin [[0m[1;36mWorldStats[0m[1;36m][0m[1;36m[0m
[gazebo-1] [1;32m[GUI] [0m[1;32m[Msg] [0m[1;32mListening to stats on [[0m[1;32m/world/warehouse/stats[0m[1;32m][0m[1;32m[0m
[gazebo-1] [1;32m[GUI] [0m[1;32m[Msg] [0m[1;32mAdded plugin [[0m[1;32mWorld stats[0m[1;32m] to main window[0m[1;32m[0m
[gazebo-1] [1;32m[GUI] [0m[1;32m[Msg] [0m[1;32mLoaded plugin [[0m[1;32mWorldStats[0m[1;32m] from path [[0m[1;32m/afs/kth.se/misc/info/kurser/DD2410/ht26/pixi/IROB/.pixi/envs/default/lib/gz-gui-8/plugins/libWorldStats.so[0m[1;32m][0m[1;32m[0m
[gazebo-1] [1;36m[GUI] [Dbg] [Application.cc:528] [0m[1;36mLoading plugin [[0m[1;36mTransformControl[0m[1;36m][0m[1;36m[0m
[gazebo-1] [1;32m[GUI] [0m[1;32m[Msg] [0m[1;32mAdded plugin [[0m[1;32mTransform control[0m[1;32m] to main window[0m[1;32m[0m
[gazebo-1] [1;32m[GUI] [0m[1;32m[Msg] [0m[1;32mLoaded plugin [[0m[1;32mTransformControl[0m[1;32m] from path [[0m[1;32m/afs/kth.se/misc/info/kurser/DD2410/ht26/pixi/IROB/.pixi/envs/default/lib/gz-sim-8/plugins/gui/libTransformControl.so[0m[1;32m][0m[1;32m[0m
[gazebo-1] [1;36m[GUI] [Dbg] [Application.cc:528] [0m[1;36mLoading plugin [[0m[1;36mShapes[0m[1;36m][0m[1;36m[0m
[gazebo-1] [1;32m[GUI] [0m[1;32m[Msg] [0m[1;32mAdded plugin [[0m[1;32mShapes[0m[1;32m] to main window[0m[1;32m[0m
[gazebo-1] [1;32m[GUI] [0m[1;32m[Msg] [0m[1;32mLoaded plugin [[0m[1;32mShapes[0m[1;32m] from path [[0m[1;32m/afs/kth.se/misc/info/kurser/DD2410/ht26/pixi/IROB/.pixi/envs/default/lib/gz-sim-8/plugins/gui/libShapes.so[0m[1;32m][0m[1;32m[0m
[gazebo-1] [1;36m[GUI] [Dbg] [Application.cc:528] [0m[1;36mLoading plugin [[0m[1;36mTurtlebot4Hmi[0m[1;36m][0m[1;36m[0m
[gazebo-1] [1;32m[GUI] [0m[1;32m[Msg] [0m[1;32mAdded plugin [[0m[1;32mTurtlebot4 HMI[0m[1;32m] to main window[0m[1;32m[0m
[gazebo-1] [1;32m[GUI] [0m[1;32m[Msg] [0m[1;32mLoaded plugin [[0m[1;32mTurtlebot4Hmi[0m[1;32m] from path [[0m[1;32m/home/y/u/yunqiao/IROB_Mobile_Robot_Project/install/turtlebot4_gz_gui_plugins/share/turtlebot4_gz_gui_plugins/lib/libTurtlebot4Hmi.so[0m[1;32m][0m[1;32m[0m
[gazebo-1] [1;36m[GUI] [Dbg] [Application.cc:528] [0m[1;36mLoading plugin [[0m[1;36mTeleop[0m[1;36m][0m[1;36m[0m
[gazebo-1] [1;32m[GUI] [0m[1;32m[Msg] [0m[1;32mA new topic has been entered: '[0m[1;32m/cmd_vel[0m[1;32m ' [0m[1;32m[0m
[gazebo-1] [1;32m[GUI] [0m[1;32m[Msg] [0m[1;32mAdded plugin [[0m[1;32mTeleop[0m[1;32m] to main window[0m[1;32m[0m
[gazebo-1] [1;32m[GUI] [0m[1;32m[Msg] [0m[1;32mLoaded plugin [[0m[1;32mTeleop[0m[1;32m] from path [[0m[1;32m/afs/kth.se/misc/info/kurser/DD2410/ht26/pixi/IROB/.pixi/envs/default/lib/gz-gui-8/plugins/libTeleop.so[0m[1;32m][0m[1;32m[0m
[gazebo-1] [1;36m[GUI] [Dbg] [Application.cc:671] [0m[1;36mApplying config[0m[1;36m[0m
[gazebo-1] [1;36m[GUI] [Dbg] [MinimalScene.cc:802] [0m[1;36mCreating gz-rendering interface for OpenGL[0m[1;36m[0m
[gazebo-1] [1;36m[GUI] [Dbg] [MinimalScene.cc:986] [0m[1;36mCreating render thread interface for OpenGL[0m[1;36m[0m
[gazebo-1] [1;32m[GUI] [0m[1;32m[Msg] [0m[1;32mLoading plugin [[0m[1;32mgz-rendering-ogre2[0m[1;32m][0m[1;32m[0m
[gazebo-1] [1;36m[GUI] [Dbg] [MinimalScene.cc:749] [0m[1;36mCreate scene [[0m[1;36mscene[0m[1;36m][0m[1;36m[0m
[gazebo-1] [1;36m[GUI] [Dbg] [MinimalScene.cc:1037] [0m[1;36mCreating texture node render interface for OpenGL[0m[1;36m[0m
[create-7] [INFO] [1791334899.231211058] [ros_gz_sim]: Waiting messages on topic [standard_dock_description].
[gazebo-1] [1;36m[GUI] [Dbg] [TransformControl.cc:453] [0m[1;36mTransformControl [0m[1;32m] (blocking)[0m[1;32m[0m
[gazebo-1] [1;32m[Msg] [0m[1;32mMaterial[0m[1;32m service on [[0m[1;32m/world/warehouse/wheel_slip[0m[1;32m] (async)[0m[1;32m[0m
[gazebo-1] [1;32m[Msg] [0m[1;32mMaterial[0m[1;32m service on [[0m[1;32m/world/warehouse/wheel_slip/blocking[0m[1;32m] (blocking)[0m[1;32m[0m
[gazebo-1] [1;36m[Dbg] [SystemManager.cc:80] [0m[1;36mLoaded system [[0m[1;36mgz::sim::systems::UserCommands[0m[1;36m] for entity [[0m[1;36m1[0m[1;36m][0m[1;36m[0m
[gazebo-1] [1;36m[Dbg] [SystemManager.cc:80] [0m[1;36mLoaded system [[0m[1;36mgz::sim::systems::SceneBroadcaster[0m[1;36m] for entity [[0m[1;36m1[0m[1;36m][0m[1;36m[0m
[gazebo-1] [1;36m[Dbg] [SystemManager.cc:80] [0m[1;36mLoaded system [[0m[1;36mgz::sim::systems::Contact[0m[1;36m] for entity [[0m[1;36m1[0m[1;36m][0m[1;36m[0m
[gazebo-1] [1;32m[Msg] [0m[1;32mLoaded level [[0m[1;32mdefault[0m[1;32m][0m[1;32m[0m
[gazebo-1] [1;32m[Msg] [0m[1;32mServing world controls on [[0m[1;32m/world/warehouse[0m[1;32m/control], [[0m[1;32m/world/warehouse[0m[1;32m/control/state] and [[0m[1;32m/world/warehouse[0m[1;32m/playback/control][0m[1;32m[0m
[gazebo-1] [1;32m[Msg] [0m[1;32mServing GUI information on [[0m[1;32m/world/warehouse[0m[1;32m/[0m[1;32mgui/info[0m[1;32m][0m[1;32m[0m
[gazebo-1] [1;32m[Msg] [0m[1;32mWorld [[0m[1;32mwarehouse[0m[1;32m] initialized with [[0m[1;32mdefault_physics[0m[1;32m] physics profile.[0m[1;32m[0m
[gazebo-1] [1;32m[Msg] [0m[1;32mServing world SDF generation service on [[0m[1;32m/world/warehouse[0m[1;32m/[0m[1;32mgenerate_world_sdf[0m[1;32m][0m[1;32m[0m
[gazebo-1] [1;32m[Msg] [0m[1;32mServing world names on [[0m[1;32m/gazebo/worlds[0m[1;32m][0m[1;32m[0m
[gazebo-1] [1;32m[Msg] [0m[1;32mResource path add service on [[0m[1;32m/gazebo/resource_paths/add[0m[1;32m].[0m[1;32m[0m
[gazebo-1] [1;32m[Msg] [0m[1;32mResource path get service on [[0m[1;32m/gazebo/resource_paths/get[0m[1;32m].[0m[1;32m[0m
[gazebo-1] [1;32m[Msg] [0m[1;32mResource path resolve service on [[0m[1;32m/gazebo/resource_paths/resolve[0m[1;32m].[0m[1;32m[0m
[gazebo-1] [1;32m[Msg] [0m[1;32mResource paths published on [[0m[1;32m/gazebo/resource_paths[0m[1;32m].[0m[1;32m[0m
[gazebo-1] [1;32m[Msg] [0m[1;32mServer control service on [[0m[1;32m/server_control[0m[1;32m].[0m[1;32m[0m
[gazebo-1] [1;32m[Msg] [0m[1;32mFound no publishers on /stats, adding root stats topic[0m[1;32m[0m
[gazebo-1] [1;32m[Msg] [0m[1;32mFound no publishers on /clock, adding root clock topic[0m[1;32m[0m
[gazebo-1] [1;36m[Dbg] [SimulationRunner.cc:533] [0m[1;36mCreating PostUpdate worker threads: [0m[1;36m3[0m[1;36m[0m
[gazebo-1] [1;36m[Dbg] [SimulationRunner.cc:544] [0m[1;36mCreating postupdate worker thread ([0m[1;36m0[0m[1;36m)[0m[1;36m[0m
[gazebo-1] [1;36m[Dbg] [SimulationRunner.cc:544] [0m[1;36mCreating postupdate worker thread ([0m[1;36m1[0m[1;36m)[0m[1;36m[0m
[gazebo-1] [1;33mWarning [Utils.cc:132][0m [/sdf/model[@name="tb4_lite6"]/joint[@name="wheel_drop_left_joint"]/physics/ode/provide_feedback:<urdf-string>:L0]: XML Element[provide_feedback], child of element[ode], not defined in SDF. Copying[provide_feedback] as children of [ode].
[gazebo-1] [1;33mWarning [Utils.cc:132][0m [/sdf/model[@name="tb4_lite6"]/joint[@name="wheel_drop_right_joint"]/physics/ode/provide_feedback:<urdf-string>:L0]: XML Element[provide_feedback], child of element[ode], not defined in SDF. Copying[provide_feedback] as children of [ode].
[gazebo-1] [1;33m[Wrn] [SdfEntityCreator.cc:933] [0m[1;33mGazebo does not support Ogre material scripts. See [0m[1;33mhttps://gazebosim.org/api/sim/8/migrationsdf.html#:~:text=Materials [0m[1;33mfor details.[0m[1;33m[0m
[gazebo-1] [1;33m[Wrn] [SdfEntityCreator.cc:949] [0m[1;33mUsing an internal gazebo.material to parse [0m[1;33mGazebo/DarkGrey[0m[1;33m[0m
[gazebo-1] [1;33m[Wrn] [SdfEntityCreator.cc:933] [0m[1;33mGazebo does not support Ogre material scripts. See [0m[1;33mhttps://gazebosim.org/api/sim/8/migrationsdf.html#:~:text=Materials [0m[1;33mfor details.[0m[1;33m[0m
[gazebo-1] [1;33m[Wrn] [SdfEntityCreator.cc:949] [0m[1;33mUsing an internal gazebo.material to parse [0m[1;33mGazebo/DarkGrey[0m[1;33m[0m
[gazebo-1] [1;33m[Wrn] [SdfEntityCreator.cc:933] [0m[1;33mGazebo does not support Ogre material scripts. See [0m[1;33mhttps://gazebosim.org/api/sim/8/migrationsdf.html#:~:text=Materials [0m[1;33mfor details.[0m[1;33m[0m
[gazebo-1] [1;33m[Wrn] [SdfEntityCreator.cc:949] [0m[1;33mUsing an internal gazebo.material to parse [0m[1;33mGazebo/DarkGrey[0m[1;33m[0m
[gazebo-1] [1;33m[Wrn] [SdfEntityCreator.cc:933] [0m[1;33mGazebo does not support Ogre material scripts. See [0m[1;33mhttps://gazebosim.org/api/sim/8/migrationsdf.html#:~:text=Materials [0m[1;33mfor details.[0m[1;33m[0m
[gazebo-1] [1;33m[Wrn] [SdfEntityCreator.cc:949] [0m[1;33mUsing an internal gazebo.material to parse [0m[1;33mGazebo/DarkGrey[0m[1;33m[0m
[gazebo-1] [INFO] [1791334899.408990125] [gz_ros_control]: [gz_ros2_control] Fixed joint ['bumper_joint'] (Entity='254') is skipped.
[gazebo-1] [INFO] [1791334899.409023674] [gz_ros_control]: [gz_ros2_control] Fixed joint ['front_caster_joint'] (Entity='255') is skipped.
[gazebo-1] [INFO] [1791334899.409028829] [gz_ros_control]: [gz_ros2_control] Fixed joint ['front_left_bottom_weight_block_joint'] (Entity='256') is skipped.
[gazebo-1] [INFO] [1791334899.409031764] [gz_ros_control]: [gz_ros2_control] Fixed joint ['front_left_top_weight_block_joint'] (Entity='257') is skipped.
[gazebo-1] [INFO] [1791334899.409034390] [gz_ros_control]: [gz_ros2_control] Fixed joint ['front_right_bottom_weight_block_joint'] (Entity='258') is skipped.
[gazebo-1] [INFO] [1791334899.409036774] [gz_ros_control]: [gz_ros2_control] Fixed joint ['front_right_top_weight_block_joint'] (Entity='259') is skipped.
[gazebo-1] [INFO] [1791334899.409039603] [gz_ros_control]: [gz_ros2_control] Fixed joint ['imu_joint'] (Entity='260') is skipped.
[gazebo-1] [INFO] [1791334899.409042572] [gz_ros_control]: [gz_ros2_control] Fixed joint ['ir_intensity_front_center_left_joint'] (Entity='261') is skipped.
[gazebo-1] [INFO] [1791334899.409045156] [gz_ros_control]: [gz_ros2_control] Fixed joint ['ir_intensity_front_center_right_joint'] (Entity='262') is skipped.
[gazebo-1] [INFO] [1791334899.409047489] [gz_ros_control]: [gz_ros2_control] Fixed joint ['ir_intensity_front_left_joint'] (Entity='263') is skipped.
[gazebo-1] [INFO] [1791334899.409050008] [gz_ros_control]: [gz_ros2_control] Fixed joint ['ir_intensity_front_right_joint'] (Entity='264') is skipped.
[gazebo-1] [INFO] [1791334899.409052412] [gz_ros_control]: [gz_ros2_control] Fixed joint ['ir_intensity_left_joint'] (Entity='265') is skipped.
[gazebo-1] [INFO] [1791334899.409054649] [gz_ros_control]: [gz_ros2_control] Fixed joint ['ir_intensity_right_joint'] (Entity='266') is skipped.
[gazebo-1] [INFO] [1791334899.409057125] [gz_ros_control]: [gz_ros2_control] Fixed joint ['ir_intensity_side_left_joint'] (Entity='267') is skipped.
[gazebo-1] [INFO] [1791334899.409059603] [gz_ros_control]: [gz_ros2_control] Fixed joint ['ir_omni_joint'] (Entity='268') is skipped.
[gazebo-1] [INFO] [1791334899.409061694] [gz_ros_control]: [gz_ros2_control] Fixed joint ['mouse_joint'] (Entity='269') is skipped.
[gazebo-1] [INFO] [1791334899.409066377] [gz_ros_control]: [gz_ros2_control] Fixed joint ['arm_vacuum_gripper_fix'] (Entity='276') is skipped.
[gazebo-1] [INFO] [1791334899.409068960] [gz_ros_control]: [gz_ros2_control] Fixed joint ['front_left_tower_standoff_joint'] (Entity='277') is skipped.
[gazebo-1] [INFO] [1791334899.409071623] [gz_ros_control]: [gz_ros2_control] Fixed joint ['front_right_tower_standoff_joint'] (Entity='278') is skipped.
[gazebo-1] [INFO] [1791334899.409074139] [gz_ros_control]: [gz_ros2_control] Fixed joint ['oakd_camera_bracket_joint'] (Entity='279') is skipped.
[gazebo-1] [INFO] [1791334899.409076352] [gz_ros_control]: [gz_ros2_control] Fixed joint ['oakd_joint'] (Entity='280') is skipped.
[gazebo-1] [INFO] [1791334899.409078425] [gz_ros_control]: [gz_ros2_control] Fixed joint ['oakd_imu_joint'] (Entity='281') is skipped.
[gazebo-1] [INFO] [1791334899.409080415] [gz_ros_control]: [gz_ros2_control] Fixed joint ['oakd_left_camera_joint'] (Entity='282') is skipped.
[gazebo-1] [INFO] [1791334899.409082996] [gz_ros_control]: [gz_ros2_control] Fixed joint ['oakd_left_camera_optical_joint'] (Entity='283') is skipped.
[gazebo-1] [INFO] [1791334899.409085460] [gz_ros_control]: [gz_ros2_control] Fixed joint ['oakd_rgb_camera_joint'] (Entity='284') is skipped.
[gazebo-1] [INFO] [1791334899.409088385] [gz_ros_control]: [gz_ros2_control] Fixed joint ['oakd_rgb_camera_optical_joint'] (Entity='285') is skipped.
[gazebo-1] [INFO] [1791334899.409090894] [gz_ros_control]: [gz_ros2_control] Fixed joint ['oakd_right_camera_joint'] (Entity='286') is skipped.
[gazebo-1] [INFO] [1791334899.409093229] [gz_ros_control]: [gz_ros2_control] Fixed joint ['oakd_right_camera_optical_joint'] (Entity='287') is skipped.
[gazebo-1] [INFO] [1791334899.409095662] [gz_ros_control]: [gz_ros2_control] Fixed joint ['rear_left_tower_standoff_joint'] (Entity='288') is skipped.
[gazebo-1] [INFO] [1791334899.409098199] [gz_ros_control]: [gz_ros2_control] Fixed joint ['rear_right_tower_standoff_joint'] (Entity='289') is skipped.
[gazebo-1] [INFO] [1791334899.409100462] [gz_ros_control]: [gz_ros2_control] Fixed joint ['rplidar_joint'] (Entity='290') is skipped.
[gazebo-1] [INFO] [1791334899.409154206] [gz_ros_control]: [gz_ros2_control] Fixed joint ['tower_sensor_plate_joint'] (Entity='291') is skipped.
[gazebo-1] [INFO] [1791334899.413725400] [gz_ros_control]: Loading controller_manager
[gazebo-1] [INFO] [1791334899.435748237] [controller_manager]: Using ROS clock for triggering controller manager cycles.
[gazebo-1] [INFO] [1791334899.439331738] [controller_manager]: Subscribing to '/robot_description' topic for robot description.
[gazebo-1] [WARN] [1791334899.440698267] [gz_ros_control]: Waiting RM to load and initialize hardware...
[gazebo-1] [INFO] [1791334900.057335717] [controller_manager]: Received robot description from topic.
[gazebo-1] [INFO] [1791334900.057403850] [controller_manager]: Enforcing command limits is disabled. Command limits from URDF will be ignored.
[gazebo-1] [INFO] [1791334900.065902353] [gz_ros_control]: The position_proportional_gain has been set to: 0.1
[gazebo-1] [INFO] [1791334900.065950013] [gz_ros_control]: Loading joint: left_wheel_joint
[gazebo-1] [INFO] [1791334900.065954723] [gz_ros_control]: 	State:
[gazebo-1] [INFO] [1791334900.065957565] [gz_ros_control]: 		 velocity
[gazebo-1] [INFO] [1791334900.065963502] [gz_ros_control]: 		 position
[gazebo-1] [INFO] [1791334900.065969215] [gz_ros_control]: 	Command:
[gazebo-1] [INFO] [1791334900.065974170] [gz_ros_control]: 		 velocity
[gazebo-1] [INFO] [1791334900.066067599] [gz_ros_control]: Loading sensor: imu
[gazebo-1] [INFO] [1791334900.066076973] [gz_ros_control]: 	State:
[gazebo-1] [WARN] [1791334900.066081596] [gz_ros_control]: IMU sensor 'imu' not found in hardware_info, skipping.
[gazebo-1] [INFO] [1791334900.066174050] [controller_manager]: Initialize hardware 'left_wheel_controller' 
[gazebo-1] [WARN] [1791334900.066188410] [controller_manager.hardware_component.system.left_wheel_controller]: Executor is not available during hardware component initialization for 'left_wheel_controller'. Skipping node creation!
[gazebo-1] [INFO] [1791334900.066210301] [controller_manager]: Successful initialization of hardware 'left_wheel_controller'
[gazebo-1] [INFO] [1791334900.066282135] [gz_ros_control]: The position_proportional_gain has been set to: 0.1
[gazebo-1] [INFO] [1791334900.066296331] [gz_ros_control]: Loading joint: right_wheel_joint
[gazebo-1] [INFO] [1791334900.066300138] [gz_ros_control]: 	State:
[gazebo-1] [INFO] [1791334900.066302686] [gz_ros_control]: 		 velocity
[gazebo-1] [INFO] [1791334900.066305553] [gz_ros_control]: 		 position
[gazebo-1] [INFO] [1791334900.066308201] [gz_ros_control]: 	Command:
[gazebo-1] [INFO] [1791334900.066310323] [gz_ros_control]: 		 velocity
[gazebo-1] [INFO] [1791334900.066317401] [gz_ros_control]: Loading sensor: imu
[gazebo-1] [INFO] [1791334900.066321122] [gz_ros_control]: 	State:
[gazebo-1] [WARN] [1791334900.066325451] [gz_ros_control]: IMU sensor 'imu' not found in hardware_info, skipping.
[gazebo-1] [INFO] [1791334900.066346059] [controller_manager]: Initialize hardware 'right_wheel_controller' 
[gazebo-1] [WARN] [1791334900.066355926] [controller_manager.hardware_component.system.right_wheel_controller]: Executor is not available during hardware component initialization for 'right_wheel_controller'. Skipping node creation!
[gazebo-1] [INFO] [1791334900.066369117] [controller_manager]: Successful initialization of hardware 'right_wheel_controller'
[gazebo-1] [INFO] [1791334900.066417155] [gz_ros_control]: The position_proportional_gain has been set to: 0.1
[gazebo-1] [INFO] [1791334900.066433915] [gz_ros_control]: Loading joint: arm_joint1
[gazebo-1] [INFO] [1791334900.066437919] [gz_ros_control]: 	State:
[gazebo-1] [INFO] [1791334900.066440741] [gz_ros_control]: 		 position
[gazebo-1] [INFO] [1791334900.066444482] [gz_ros_control]: 		 velocity
[gazebo-1] [INFO] [1791334900.066448479] [gz_ros_control]: 	Command:
[gazebo-1] [INFO] [1791334900.066451673] [gz_ros_control]: 		 position
[gazebo-1] [INFO] [1791334900.066457223] [gz_ros_control]: 		 velocity
[gazebo-1] [INFO] [1791334900.066464752] [gz_ros_control]: Loading joint: arm_joint2
[gazebo-1] [INFO] [1791334900.066467348] [gz_ros_control]: 	State:
[gazebo-1] [INFO] [1791334900.066470203] [gz_ros_control]: 		 position
[gazebo-1] [INFO] [1791334900.066475117] [gz_ros_control]: 		 velocity
[gazebo-1] [INFO] [1791334900.066477318] [gz_ros_control]: 	Command:
[gazebo-1] [INFO] [1791334900.066479303] [gz_ros_control]: 		 position
[gazebo-1] [INFO] [1791334900.066483000] [gz_ros_control]: 		 velocity
[gazebo-1] [INFO] [1791334900.066488154] [gz_ros_control]: Loading joint: arm_joint3
[gazebo-1] [INFO] [1791334900.066521417] [gz_ros_control]: 	State:
[gazebo-1] [INFO] [1791334900.066526737] [gz_ros_control]: 		 position
[gazebo-1] [INFO] [1791334900.066529798] [gz_ros_control]: 		 velocity
[gazebo-1] [INFO] [1791334900.066531906] [gz_ros_control]: 	Command:
[gazebo-1] [INFO] [1791334900.066534091] [gz_ros_control]: 		 position
[gazebo-1] [INFO] [1791334900.066539411] [gz_ros_control]: 		 velocity
[gazebo-1] [INFO] [1791334900.066547907] [gz_ros_control]: Loading joint: arm_joint4
[gazebo-1] [INFO] [1791334900.066551780] [gz_ros_control]: 	State:
[gazebo-1] [INFO] [1791334900.066555383] [gz_ros_control]: 		 position
[gazebo-1] [INFO] [1791334900.066558924] [gz_ros_control]: 		 velocity
[gazebo-1] [INFO] [1791334900.066567383] [gz_ros_control]: 	Command:
[gazebo-1] [INFO] [1791334900.066571485] [gz_ros_control]: 		 position
[gazebo-1] [INFO] [1791334900.066579685] [gz_ros_control]: 		 velocity
[gazebo-1] [INFO] [1791334900.066589319] [gz_ros_control]: Loading joint: arm_joint5
[gazebo-1] [INFO] [1791334900.066592357] [gz_ros_control]: 	State:
[gazebo-1] [INFO] [1791334900.066595813] [gz_ros_control]: 		 position
[gazebo-1] [INFO] [1791334900.066600950] [gz_ros_control]: 		 velocity
[gazebo-1] [INFO] [1791334900.066604661] [gz_ros_control]: 	Command:
[gazebo-1] [INFO] [1791334900.066607096] [gz_ros_control]: 		 position
[gazebo-1] [INFO] [1791334900.066612261] [gz_ros_control]: 		 velocity
[gazebo-1] [INFO] [1791334900.066621630] [gz_ros_control]: Loading joint: arm_joint6
[gazebo-1] [INFO] [1791334900.066624673] [gz_ros_control]: 	State:
[gazebo-1] [INFO] [1791334900.066626850] [gz_ros_control]: 		 position
[gazebo-1] [INFO] [1791334900.066629381] [gz_ros_control]: 		 velocity
[gazebo-1] [INFO] [1791334900.066631450] [gz_ros_control]: 	Command:
[gazebo-1] [INFO] [1791334900.066633427] [gz_ros_control]: 		 position
[gazebo-1] [INFO] [1791334900.066637134] [gz_ros_control]: 		 velocity
[gazebo-1] [INFO] [1791334900.066640685] [gz_ros_control]: Loading sensor: imu
[gazebo-1] [INFO] [1791334900.066642997] [gz_ros_control]: 	State:
[gazebo-1] [WARN] [1791334900.066647035] [gz_ros_control]: IMU sensor 'imu' not found in hardware_info, skipping.
[gazebo-1] [INFO] [1791334900.066671860] [controller_manager]: Initialize hardware 'arm_gz_ros2_control/GazeboSimSystem' 
[gazebo-1] [WARN] [1791334900.066684490] [controller_manager.hardware_component.system.arm_gz_ros2_control/GazeboSimSystem]: Executor is not available during hardware component initialization for 'arm_gz_ros2_control/GazeboSimSystem'. Skipping node creation!
[gazebo-1] [INFO] [1791334900.066711124] [controller_manager]: Successful initialization of hardware 'arm_gz_ros2_control/GazeboSimSystem'
[gazebo-1] [INFO] [1791334900.066804657] [controller_manager]: Activating component 'arm_gz_ros2_control/GazeboSimSystem'.
[gazebo-1] [INFO] [1791334900.066814714] [resource_manager]: 'configure' hardware 'arm_gz_ros2_control/GazeboSimSystem' 
[gazebo-1] [INFO] [1791334900.066817146] [gz_ros_control]: System Successfully configured!
[gazebo-1] [INFO] [1791334900.066823040] [resource_manager]: Successful 'configure' of hardware 'arm_gz_ros2_control/GazeboSimSystem'
[gazebo-1] [INFO] [1791334900.066826987] [resource_manager]: 'activate' hardware 'arm_gz_ros2_control/GazeboSimSystem' 
[gazebo-1] [INFO] [1791334900.066829857] [resource_manager]: Successful 'activate' of hardware 'arm_gz_ros2_control/GazeboSimSystem'
[gazebo-1] [INFO] [1791334900.066849502] [controller_manager]: Activating component 'right_wheel_controller'.
[gazebo-1] [INFO] [1791334900.066855910] [resource_manager]: 'configure' hardware 'right_wheel_controller' 
[gazebo-1] [INFO] [1791334900.066857511] [gz_ros_control]: System Successfully configured!
[gazebo-1] [INFO] [1791334900.066862741] [resource_manager]: Successful 'configure' of hardware 'right_wheel_controller'
[gazebo-1] [INFO] [1791334900.066865163] [resource_manager]: 'activate' hardware 'right_wheel_controller' 
[gazebo-1] [INFO] [1791334900.066866982] [resource_manager]: Successful 'activate' of hardware 'right_wheel_controller'
[gazebo-1] [INFO] [1791334900.066875685] [controller_manager]: Activating component 'left_wheel_controller'.
[gazebo-1] [INFO] [1791334900.066878153] [resource_manager]: 'configure' hardware 'left_wheel_controller' 
[gazebo-1] [INFO] [1791334900.066879367] [gz_ros_control]: System Successfully configured!
[gazebo-1] [INFO] [1791334900.066881641] [resource_manager]: Successful 'configure' of hardware 'left_wheel_controller'
[gazebo-1] [INFO] [1791334900.066884257] [resource_manager]: 'activate' hardware 'left_wheel_controller' 
[gazebo-1] [INFO] [1791334900.066907861] [resource_manager]: Successful 'activate' of hardware 'left_wheel_controller'
[gazebo-1] [WARN] [1791334900.066925103] [controller_manager]: Component 'arm_gz_ros2_control/GazeboSimSystem' does not have read or write statistics initialized, skipping registration.
[gazebo-1] [WARN] [1791334900.066931062] [controller_manager]: Component 'right_wheel_controller' does not have read or write statistics initialized, skipping registration.
[gazebo-1] [WARN] [1791334900.066936790] [controller_manager]: Component 'left_wheel_controller' does not have read or write statistics initialized, skipping registration.
[gazebo-1] [INFO] [1791334900.066945894] [controller_manager]: Resource Manager has been successfully initialized. Starting Controller Manager services...
[create-7] [INFO] [1791334900.125689137] [ros_gz_sim]: Entity creation successful.
[INFO] [create-7]: process has finished cleanly [pid 82567]
[gazebo-1] [INFO] [1791334901.316009919] [controller_manager]: Loading controller : 'joint_state_broadcaster' of type 'joint_state_broadcaster/JointStateBroadcaster'
[gazebo-1] [INFO] [1791334901.316043800] [controller_manager]: Loading controller 'joint_state_broadcaster'
[wait_for_ready-48] [INFO] [1791334901.370210087] [wait_for_sim]: ready: node controller_manager
[wait_for_ready-48] [INFO] [1791334901.371660282] [wait_for_sim]: ready: service /controller_manager/set_parameters
[gazebo-1] [WARN] [1791334901.378687991] [controller_manager]: The use of remapping arguments to the controller_manager node is deprecated. Please use the '--controller-ros-args' argument of the spawner to pass remapping arguments to the controller node.
[gazebo-1] [INFO] [1791334901.378730049] [controller_manager]: Controller 'joint_state_broadcaster' node arguments: --ros-args --params-file /home/y/u/yunqiao/IROB_Mobile_Robot_Project/install/irobot_create_control/share/irobot_create_control/config/control.yaml --params-file /home/y/u/yunqiao/IROB_Mobile_Robot_Project/install/warehouse_inventory_robot/share/warehouse_inventory_robot/config/arm_controller_types.yaml --ros-args --remap ~/odom:=odom --remap /tf:=tf --remap /tf_static:=tf_static --remap /diagnostics:=diagnostics -p use_sim_time:=true --param use_sim_time:=true 
[spawner-31] [INFO] [1791334901.407885798] [spawner_joint_state_broadcaster]: Loaded joint_state_broadcaster
[wait_for_ready-48] [INFO] [1791334901.408940858] [wait_for_sim]: ready: service /controller_manager/list_controllers (answered a call)
[gazebo-1] [INFO] [1791334901.410102958] [controller_manager]: Configuring controller: 'joint_state_broadcaster'
[gazebo-1] [INFO] [1791334901.410177283] [joint_state_broadcaster]: 'joints' or 'interfaces' parameter is empty. All available state interfaces will be published
[gazebo-1] [INFO] [1791334901.427160311] [controller_manager]: Activating controllers: [ joint_state_broadcaster ]
[gazebo-1] [1;36m[Dbg] [SystemManager.cc:80] [0m[1;36mLoaded system [[0m[1;36mgz_ros2_control::GazeboSimROS2ControlPlugin[0m[1;36m] for entity [[0m[1;36m148[0m[1;36m][0m[1;36m[0m
[gazebo-1] [1;36m[Dbg] [SystemManager.cc:80] [0m[1;36mLoaded system [[0m[1;36mgz::sim::systems::PosePublisher[0m[1;36m] for entity [[0m[1;36m148[0m[1;36m][0m[1;36m[0m
[gazebo-1] [1;36m[Dbg] [SystemManager.cc:80] [0m[1;36mLoaded system [[0m[1;36mgz::sim::systems::Contact[0m[1;36m] for entity [[0m[1;36m148[0m[1;36m][0m[1;36m[0m
[gazebo-1] [1;36m[Dbg] [Sensors.cc:697] [0m[1;36mConfiguring Sensors system[0m[1;36m[0m
[gazebo-1] [1;36m[Dbg] [Sensors.cc:557] [0m[1;36mSensorsPrivate::Run[0m[1;36m[0m
[gazebo-1] [1;36m[Dbg] [SystemManager.cc:80] [0m[1;36mLoaded system [[0m[1;36mgz::sim::systems::Sensors[0m[1;36m] for entity [[0m[1;36m148[0m[1;36m][0m[1;36m[0m
[gazebo-1] [1;36m[Dbg] [Sensors.cc:532] [0m[1;36mSensorsPrivate::RenderThread started[0m[1;36m[0m
[gazebo-1] [1;36m[Dbg] [Sensors.cc:337] [0m[1;36mWaiting for init[0m[1;36m[0m
[gazebo-1] [1;36m[Dbg] [DetachableJoint.cc:137] [0m[1;36mDetach topic is: [0m[1;36m/vacuum_gripper/detach[0m[1;36m[0m
[gazebo-1] [1;36m[Dbg] [DetachableJoint.cc:143] [0m[1;36mDetachableJoint subscribing to messages on [0m[1;36m[[0m[1;36m/vacuum_gripper/detach[0m[1;36m][0m[1;36m[0m
[gazebo-1] [1;36m[Dbg] [DetachableJoint.cc:160] [0m[1;36mAttach topic is: [0m[1;36m/vacuum_gripper/attach[0m[1;36m[0m
[gazebo-1] [1;36m[Dbg] [DetachableJoint.cc:195] [0m[1;36mOutput topic is: [0m[1;36m/vacuum_gripper/state[0m[1;36m[0m
[gazebo-1] [1;36m[Dbg] [SystemManager.cc:80] [0m[1;36mLoaded system [[0m[1;36mgz::sim::systems::DetachableJoint[0m[1;36m] for entity [[0m[1;36m148[0m[1;36m][0m[1;36m[0m
[gazebo-1] [1;32m[Msg] [0m[1;32mOdometryPublisher publishing odometry on [[0m[1;32m/model/turtlebot4/odometry[0m[1;32m][0m[1;32m[0m
[gazebo-1] [1;32m[Msg] [0m[1;32mOdometryPublisher publishing odometry with covariance on [[0m[1;32m/model/turtlebot4/odometry_with_covariance[0m[1;32m][0m[1;32m[0m
[gazebo-1] [1;32m[Msg] [0m[1;32mOdometryPublisher publishing Pose_V (TF) on [[0m[1;32m/model/turtlebot4/pose[0m[1;32m][0m[1;32m[0m
[gazebo-1] [1;36m[Dbg] [SystemManager.cc:80] [0m[1;36mLoaded system [[0m[1;36mgz::sim::systems::OdometryPublisher[0m[1;36m] for entity [[0m[1;36m148[0m[1;36m][0m[1;36m[0m
[gazebo-1] [1;36m[Dbg] [UserCommands.cc:1094] [0m[1;36mCreated entity [[0m[1;36m148[0m[1;36m] named [[0m[1;36mturtlebot4[0m[1;36m][0m[1;36m[0m
[gazebo-1] [1;32m[Msg] [0m[1;32mContact system publishing on [0m[1;32m/bumper_contact[0m[1;32m[0m
[gazebo-1] [1;36m[Dbg] [SDFFeatures.cc:332] [0m[1;36mMesh construction from an SDF has not been implemented yet for [0m[1;36mdartsim. Use AttachMeshShapeFeature to use mesh shapes.[0m
[gazebo-1] [1;36m[Dbg] [SDFFeatures.cc:864] [0m[1;36mThe geometry element of collision [[0m[1;36mwarehouse_collision[0m[1;36m] [0m[1;36mcouldn't be created[0m
[gazebo-1] [1;36m[Dbg] [SDFFeatures.cc:332] [0m[1;36mMesh construction from an SDF has not been implemented yet for [0m[1;36mdartsim. Use AttachMeshShapeFeature to use mesh shapes.[0m
[gazebo-1] [1;36m[Dbg] [SDFFeatures.cc:864] [0m[1;36mThe geometry element of collision [[0m[1;36mcollision[0m[1;36m] [0m[1;36mcouldn't be created[0m
[gazebo-1] [1;36m[Dbg] [SDFFeatures.cc:332] [0m[1;36mMesh construction from an SDF has not been implemented yet for [0m[1;36mdartsim. Use AttachMeshShapeFeature to use mesh shapes.[0m
[gazebo-1] [1;36m[Dbg] [SDFFeatures.cc:864] [0m[1;36mThe geometry element of collision [[0m[1;36mcollision[0m[1;36m] [0m[1;36mcouldn't be created[0m
[gazebo-1] [1;36m[Dbg] [SDFFeatures.cc:332] [0m[1;36mMesh construction from an SDF has not been implemented yet for [0m[1;36mdartsim. Use AttachMeshShapeFeature to use mesh shapes.[0m
[gazebo-1] [1;36m[Dbg] [SDFFeatures.cc:864] [0m[1;36mThe geometry element of collision [[0m[1;36mcollision[0m[1;36m] [0m[1;36mcouldn't be created[0m
[gazebo-1] [1;36m[Dbg] [SDFFeatures.cc:332] [0m[1;36mMesh construction from an SDF has not been implemented yet for [0m[1;36mdartsim. Use AttachMeshShapeFeature to use mesh shapes.[0m
[gazebo-1] [1;33m[Wrn] [OBJLoader.cc:91] [0m[1;33mBoth `d` and `Tr` parameters defined for "Chair". Use the value of `d` for dissolve (line 8 in .mtl.)[0m
[gazebo-1] [1;33m[0m
[gazebo-1] [1;33m[Wrn] [OBJLoader.cc:91] [0m[1;33mBoth `d` and `Tr` parameters defined for "CoffeeTable". Use the value of `d` for dissolve (line 8 in .mtl.)[0m
[gazebo-1] [1;33m[0m
[gazebo-1] [1;36m[Dbg] [SDFFeatures.cc:864] [0m[1;36mThe geometry element of collision [[0m[1;36mcollision[0m[1;36m] [0m[1;36mcouldn't be created[0m
[gazebo-1] [1;36m[Dbg] [SDFFeatures.cc:332] [0m[1;36mMesh construction from an SDF has not been implemented yet for [0m[1;36mdartsim. Use AttachMeshShapeFeature to use mesh shapes.[0m
[gazebo-1] [1;36m[Dbg] [SDFFeatures.cc:864] [0m[1;36mThe geometry element of collision [[0m[1;36mcollision[0m[1;36m] [0m[1;36mcouldn't be created[0m
[gazebo-1] [1;36m[Dbg] [SDFFeatures.cc:332] [0m[1;36mMesh construction from an SDF has not been implemented yet for [0m[1;36mdartsim. Use AttachMeshShapeFeature to use mesh shapes.[0m
[gazebo-1] [1;36m[Dbg] [SDFFeatures.cc:864] [0m[1;36mThe geometry element of collision [[0m[1;36mbase_link_fixed_joint_lump__shell_collision_collision_1[0m[1;36m] [0m[1;36mcouldn't be created[0m
[gazebo-1] [1;36m[Dbg] [SDFFeatures.cc:332] [0m[1;36mMesh construction from an SDF has not been implemented yet for [0m[1;36mdartsim. Use AttachMeshShapeFeature to use mesh shapes.[0m
[gazebo-1] [1;36m[Dbg] [SDFFeatures.cc:864] [0m[1;36mThe geometry element of collision [[0m[1;36mbase_link_fixed_joint_lump__arm_link_base_collision_2[0m[1;36m] [0m[1;36mcouldn't be created[0m
[gazebo-1] [1;36m[Dbg] [SDFFeatures.cc:332] [0m[1;36mMesh construction from an SDF has not been implemented yet for [0m[1;36mdartsim. Use AttachMeshShapeFeature to use mesh shapes.[0m
[gazebo-1] [1;36m[Dbg] [SDFFeatures.cc:864] [0m[1;36mThe geometry element of collision [[0m[1;36mbumper_collision[0m[1;36m] [0m[1;36mcouldn't be created[0m
[gazebo-1] [1;36m[Dbg] [SDFFeatures.cc:332] [0m[1;36mMesh construction from an SDF has not been implemented yet for [0m[1;36mdartsim. Use AttachMeshShapeFeature to use mesh shapes.[0m
[gazebo-1] [1;36m[Dbg] [SDFFeatures.cc:864] [0m[1;36mThe geometry element of collision [[0m[1;36marm_link1_collision[0m[1;36m] [0m[1;36mcouldn't be created[0m
[gazebo-1] [1;36m[Dbg] [SDFFeatures.cc:332] [0m[1;36mMesh construction from an SDF has not been implemented yet for [0m[1;36mdartsim. Use AttachMeshShapeFeature to use mesh shapes.[0m
[gazebo-1] [1;36m[Dbg] [SDFFeatures.cc:864] [0m[1;36mThe geometry element of collision [[0m[1;36marm_link2_collision[0m[1;36m] [0m[1;36mcouldn't be created[0m
[gazebo-1] [1;36m[Dbg] [SDFFeatures.cc:332] [0m[1;36mMesh construction from an SDF has not been implemented yet for [0m[1;36mdartsim. Use AttachMeshShapeFeature to use mesh shapes.[0m
[gazebo-1] [1;36m[Dbg] [SDFFeatures.cc:864] [0m[1;36mThe geometry element of collision [[0m[1;36marm_link3_collision[0m[1;36m] [0m[1;36mcouldn't be created[0m
[gazebo-1] [1;36m[Dbg] [SDFFeatures.cc:332] [0m[1;36mMesh construction from an SDF has not been implemented yet for [0m[1;36mdartsim. Use AttachMeshShapeFeature to use mesh shapes.[0m
[gazebo-1] [1;36m[Dbg] [SDFFeatures.cc:864] [0m[1;36mThe geometry element of collision [[0m[1;36marm_link4_collision[0m[1;36m] [0m[1;36mcouldn't be created[0m
[gazebo-1] [1;36m[Dbg] [SDFFeatures.cc:332] [0m[1;36mMesh construction from an SDF has not been implemented yet for [0m[1;36mdartsim. Use AttachMeshShapeFeature to use mesh shapes.[0m
[gazebo-1] [1;36m[Dbg] [SDFFeatures.cc:864] [0m[1;36mThe geometry element of collision [[0m[1;36marm_link5_collision[0m[1;36m] [0m[1;36mcouldn't be created[0m
[gazebo-1] [1;36m[Dbg] [SDFFeatures.cc:332] [0m[1;36mMesh construction from an SDF has not been implemented yet for [0m[1;36mdartsim. Use AttachMeshShapeFeature to use mesh shapes.[0m
[gazebo-1] [1;36m[Dbg] [SDFFeatures.cc:864] [0m[1;36mThe geometry element of collision [[0m[1;36marm_link6_collision[0m[1;36m] [0m[1;36mcouldn't be created[0m
[gazebo-1] [1;36m[Dbg] [SDFFeatures.cc:332] [0m[1;36mMesh construction from an SDF has not been implemented yet for [0m[1;36mdartsim. Use AttachMeshShapeFeature to use mesh shapes.[0m
[gazebo-1] [1;36m[Dbg] [SDFFeatures.cc:864] [0m[1;36mThe geometry element of collision [[0m[1;36marm_uflite_vacuum_gripper_link_collision[0m[1;36m] [0m[1;36mcouldn't be created[0m
[gazebo-1] [1;36m[Dbg] [SimulationFeatures.cc:90] [0m[1;36mSimulation timestep set to: [0m[1;36m0.003[0m[1;36m[0m
[gazebo-1] [1;33m[Wrn] [Component.hh:127] [0m[1;33mTrying to serialize component with data type [[0m[1;33mSt10shared_ptrIN3sdf3v147ElementEE[0m[1;33m], which doesn't have [0m[1;33m`operator<<`. Component will not be serialized.[0m[1;33m[0m
[gazebo-1] [1;33m[GUI] [Wrn] [Component.hh:172] [0m[1;33mTrying to deserialize component with data type [[0m[1;33mSt10shared_ptrIN3sdf3v147ElementEE[0m[1;33m], which doesn't have [0m[1;33m`operator>>`. Component will not be deserialized.[0m[1;33m[0m
[wait_for_ready-47] [INFO] [1791334901.659744606] [wait_for_rviz]: ready: topic /clock (message received)
[gazebo-1] [ERROR] [1791334901.699290765] [gz_ros_control]: Desired controller update period (0.001 s) is faster than the gazebo simulation period (0.003 s).
[gazebo-1] [INFO] [1791334901.703148245] [controller_manager]: Successfully switched controllers!
[gazebo-1] [1;32m[Msg] [0m[1;32mServing scene information on [[0m[1;32m/world/warehouse[0m[1;32m/[0m[1;32mscene/info[0m[1;32m][0m[1;32m[0m
[gazebo-1] [1;32m[Msg] [0m[1;32mServing graph information on [[0m[1;32m/world/warehouse[0m[1;32m/[0m[1;32mscene/graph[0m[1;32m][0m[1;32m[0m
[gazebo-1] [1;32m[Msg] [0m[1;32mServing full state on [[0m[1;32m/world/warehouse[0m[1;32m/[0m[1;32mstate[0m[1;32m][0m[1;32m[0m
[gazebo-1] [1;32m[Msg] [0m[1;32mServing full state (async) on [[0m[1;32m/world/warehouse[0m[1;32m/[0m[1;32mstate_async[0m[1;32m][0m[1;32m[0m
[gazebo-1] [1;32m[Msg] [0m[1;32mPublishing scene information on [[0m[1;32m/world/warehouse/scene/info[0m[1;32m][0m[1;32m[0m
[gazebo-1] [1;32m[Msg] [0m[1;32mPublishing entity deletions on [[0m[1;32m/world/warehouse/scene/deletion[0m[1;32m][0m[1;32m[0m
[gazebo-1] [1;32m[Msg] [0m[1;32mPublishing state changes on [[0m[1;32m/world/warehouse/state[0m[1;32m][0m[1;32m[0m
[gazebo-1] [1;32m[Msg] [0m[1;32mPublishing pose messages on [[0m[1;32m/world/warehouse[0m[1;32m/[0m[1;32mpose/info[0m[1;32m][0m[1;32m[0m
[gazebo-1] [1;32m[Msg] [0m[1;32mPublishing dynamic pose messages on [[0m[1;32m/world/warehouse[0m[1;32m/[0m[1;32mdynamic_pose/info[0m[1;32m][0m[1;32m[0m
[gazebo-1] [1;36m[Dbg] [EntityComponentManager.cc:1656] [0m[1;36mUpdated state thread iterators: [0m[1;36m16[0m[1;36m threads processing around [0m[1;36m19[0m[1;36m entities each.[0m[1;36m[0m
[gazebo-1] [1;36m[Dbg] [SimulationRunner.cc:560] [0m[1;36mExiting postupdate worker thread ([0m[1;36m0[0m[1;36m)[0m[1;36m[0m
[gazebo-1] [1;36m[Dbg] [SimulationRunner.cc:560] [0m[1;36mExiting postupdate worker thread ([0m[1;36m1[0m[1;36m)[0m[1;36m[0m
[gazebo-1] [1;36m[Dbg] [SimulationRunner.cc:533] [0m[1;36mCreating PostUpdate worker threads: [0m[1;36m8[0m[1;36m[0m
[gazebo-1] [1;36m[Dbg] [SimulationRunner.cc:544] [0m[1;36mCreating postupdate worker thread ([0m[1;36m0[0m[1;36m)[0m[1;36m[0m
[gazebo-1] [1;36m[Dbg] [SimulationRunner.cc:544] [0m[1;36mCreating postupdate worker thread ([0m[1;36m1[0m[1;36m)[0m[1;36m[0m
[gazebo-1] [1;36m[Dbg] [SimulationRunner.cc:544] [0m[1;36mCreating postupdate worker thread ([0m[1;36m2[0m[1;36m)[0m[1;36m[0m
[gazebo-1] [1;36m[Dbg] [SimulationRunner.cc:544] [0m[1;36mCreating postupdate worker thread ([0m[1;36m3[0m[1;36m)[0m[1;36m[0m
[gazebo-1] [1;36m[Dbg] [SimulationRunner.cc:544] [0m[1;36mCreating postupdate worker thread ([0m[1;36m4[0m[1;36m)[0m[1;36m[0m
[gazebo-1] [1;36m[Dbg] [SimulationRunner.cc:544] [0m[1;36mCreating postupdate worker thread ([0m[1;36m5[0m[1;36m)[0m[1;36m[0m
[gazebo-1] [1;36m[Dbg] [SimulationRunner.cc:544] [0m[1;36mCreating postupdate worker thread ([0m[1;36m6[0m[1;36m)[0m[1;36m[0m
[gazebo-1] [1;36m[Dbg] [SystemManager.cc:80] [0m[1;36mLoaded system [[0m[1;36mgz::sim::systems::PosePublisher[0m[1;36m] for entity [[0m[1;36m296[0m[1;36m][0m[1;36m[0m
[gazebo-1] [1;36m[Dbg] [UserCommands.cc:1094] [0m[1;36mCreated entity [[0m[1;36m296[0m[1;36m] named [[0m[1;36mstandard_dock[0m[1;36m][0m[1;36m[0m
[gazebo-1] [1;36m[Dbg] [DetachableJoint.cc:343] [0m[1;36mAttaching entity: [0m[1;36m312[0m[1;36m[0m
[gazebo-1] [1;36m[Dbg] [Physics.cc:1939] [0m[1;36mCreating detachable joint [[0m[1;36m312[0m[1;36m][0m[1;36m[0m
[gazebo-1] [1;36m[Dbg] [Sensors.cc:953] [0m[1;36mInitialization needed[0m[1;36m[0m
[gazebo-1] [1;36m[Dbg] [Sensors.cc:349] [0m[1;36mInitializing render context[0m[1;36m[0m
[gazebo-1] [1;32m[Msg] [0m[1;32mLoading plugin [[0m[1;32mgz-rendering-ogre2[0m[1;32m][0m[1;32m[0m
[gazebo-1] [1;36m[Dbg] [SimulationRunner.cc:560] [0m[1;36mExiting postupdate worker thread ([0m[1;36m0[0m[1;36m)[0m[1;36m[0m
[gazebo-1] [1;36m[Dbg] [SimulationRunner.cc:560] [0m[1;36mExiting postupdate worker thread ([0m[1;36m6[0m[1;36m)[0m[1;36m[0m
[gazebo-1] [1;36m[Dbg] [SimulationRunner.cc:560] [0m[1;36mExiting postupdate worker thread ([0m[1;36m1[0m[1;36m)[0m[1;36m[0m
[gazebo-1] [1;36m[Dbg] [SimulationRunner.cc:560] [0m[1;36mExiting postupdate worker thread ([0m[1;36m5[0m[1;36m)[0m[1;36m[0m
[gazebo-1] [1;36m[Dbg] [SimulationRunner.cc:560] [0m[1;36mExiting postupdate worker thread ([0m[1;36m2[0m[1;36m)[0m[1;36m[0m
[spawner-31] [INFO] [1791334901.729312678] [spawner_joint_state_broadcaster]: Configured and activated joint_state_broadcaster
[gazebo-1] [1;36m[Dbg] [SimulationRunner.cc:560] [Dbg] [SimulationRunner.cc:560] [0m[1;36mExiting postupdate worker thread ([0m[1;36m4[0m[1;36m)[0m[1;36m[Dbg] [Simulatiplugin is using camera [[0m[1;36mscene::Camera(65527)[0m[1;36m][0m[1;36m[0m
[gazebo-1] [1;36m[GUI] [Dbg] [InteractiveViewControl.cc:176] [0m[1;36mInteractiveViewControl plugin is moving camera [[0m[1;36mscene::Camera(65527)[0m[1;36m][0m[1;36m[0m
[gazebo-1] [1;33mWarning [Utils.cc:132][0m [/sdf/model[@name="tb4_lite6"]/joint[@name="wheel_drop_left_joint"]/physics/ode/provide_feedback:<data-string>:L2544]: XML Element[provide_feedback], child of element[ode], not defined in SDF. Copying[provide_feedback] as children of [ode].
[gazebo-1] [1;33mWarning [Utils.cc:132][0m [/sdf/model[@name="tb4_lite6"]/joint[@name="wheel_drop_right_joint"]/physics/ode/provide_feedback:<data-string>:L2665]: XML Element[provide_feedback], child of element[ode], not defined in SDF. Copying[provide_feedback] as children of [ode].
[INFO] [spawner-31]: process has finished cleanly [pid 82616]
[INFO] [spawner-49]: process started with pid [83805]
[spawner-49] [INFO] [1791334902.161135334] [spawner_diffdrive_controller]: waiting for service /controller_manager/list_controllers to become available...
[gazebo-1] [1;33m[GUI] [Wrn] [OBJLoader.cc:91] [0m[1;33mBoth `d` and `Tr` parameters defined for "Chair". Use the value of `d` for dissolve (line 8 in .mtl.)[0m
[gazebo-1] [1;33m[0m
[gazebo-1] [1;33m[GUI] [Wrn] [OBJLoader.cc:91] [0m[1;33mBoth `d` and `Tr` parameters defined for "CoffeeTable". Use the value of `d` for dissolve (line 8 in .mtl.)[0m
[gazebo-1] [1;33m[0m
[gazebo-1] [1;33m[Wrn] [ColladaLoader.cc:2395] [0m[1;33mTriangle input semantic: '[0m[1;33mCOLOR[0m[1;33m' is currently[0m[1;33m not supported[0m[1;33m[0m
[gazebo-1] [1;33m[Wrn] [ColladaLoader.cc:2395] [0m[1;33mTriangle input semantic: '[0m[1;33mCOLOR[0m[1;33m' is currently[0m[1;33m not supported[0m[1;33m[0m
[gazebo-1] onRunner.cc:560] [Dbg] [SimulationRunner.cc:560] [0m[1;36mExiting postupdate worker thread ([0m[1;36m3[0m[1;36m)[0m[1;36m[0m
[gazebo-1] [1;36m[Dbg] [SimulationRunner.cc:533] [0m[1;36mCreating PostUpdate worker threads: [0m[1;36m9[0m[1;36m[0m
[gazebo-1] [1;36m[Dbg] [SimulationRunner.cc:544] [0m[1;36mCreating postupdate worker thread ([0m[1;36m0[0m[1;36m)[0m[1;36m[0m
[gazebo-1] [1;36m[Dbg] [SimulationRunner.cc:544] [0m[1;36mCreating postupdate worker thread ([0m[1;36m1[0m[1;36m)[0m[1;36m[0m
[gazebo-1] [1;36m[Dbg] [SimulationRunner.cc:544] [0m[1;36mCreating postupdate worker thread ([0m[1;36m2[0m[1;36m)[0m[1;36m[0m
[gazebo-1] [1;36m[Dbg] [SimulationRunner.cc:544] [0m[1;36mCreating postupdate worker thread ([0m[1;36m3[0m[1;36m)[0m[1;36m[0m
[gazebo-1] [1;36m[Dbg] [SimulationRunner.cc:544] [0m[1;36mCreating postupdate worker thread ([0m[1;36m4[0m[1;36m)[0m[1;36m[0m
[gazebo-1] [1;36m[Dbg] [SimulationRunner.cc:544] [0m[1;36mCreating postupdate worker thread ([0m[1;36m5[0m[1;36m)[0m[1;36m[0m
[gazebo-1] [1;36m[Dbg] [SimulationRunner.cc:544] [0m[1;36mCreating postupdate worker thread ([0m[1;36m6[0m[1;36m)[0m[1;36m[0m
[gazebo-1] [1;36m[Dbg] [SimulationRunner.cc:544] [0m[1;36mCreating postupdate worker thread ([0m[1;36m7[0m[1;36m)[0m[1;36m[0m
[gazebo-1] [1;36m[Dbg] [RenderUtil.cc:2646] [0m[1;36mCreate scene [[0m[1;36mscene[0m[1;36m][0m[1;36m[0m
[gazebo-1] [1;36m[Dbg] [Sensors.cc:391] [0m[1;36mRendering Thread initialized[0m[1;36m[0m
[gazebo-1] [1;36m[Dbg] [Sensors.cc:953] [0m[1;36mInitialization needed[0m[1;36m[0m
[gazebo-1] [1;36m[Dbg] [RgbdCameraSensor.cc:210] [0m[1;36mRGB images for [[0m[1;36mturtlebot4::oakd_rgb_camera_frame::rgbd_camera[0m[1;36m] advertised on [[0m[1;36mworld/warehouse/model/turtlebot4/link/oakd_rgb_camera_frame/sensor/rgbd_camera[0m[1;36m/image][0m[1;36m[0m
[gazebo-1] [1;36m[Dbg] [RgbdCameraSensor.cc:224] [0m[1;36mDepth images for [[0m[1;36mturtlebot4::oakd_rgb_camera_frame::rgbd_camera[0m[1;36m] advertised on [[0m[1;36mworld/warehouse/model/turtlebot4/link/oakd_rgb_camera_frame/sensor/rgbd_camera[0m[1;36m/depth_image][0m[1;36m[0m
[gazebo-1] [1;36m[Dbg] [RgbdCameraSensor.cc:238] [0m[1;36mPoints for [[0m[1;36mturtlebot4::oakd_rgb_camera_frame::rgbd_camera[0m[1;36m] advertised on [[0m[1;36mworld/warehouse/model/turtlebot4/link/oakd_rgb_camera_frame/sensor/rgbd_camera[0m[1;36m/points][0m[1;36m[0m
[gazebo-1] [1;36m[Dbg] [CameraSensor.cc:695] [0m[1;36mCamera info for [[0m[1;36mturtlebot4::oakd_rgb_camera_frame::rgbd_camera[0m[1;36m] advertised on [[0m[1;36mworld/warehouse/model/turtlebot4/link/oakd_rgb_camera_frame/sensor/rgbd_camera/camera_info[0m[1;36m][0m[1;36m[0m
[gazebo-1] [1;36m[Dbg] [Lidar.cc:139] [0m[1;36mLaser scans for [[0m[1;36mturtlebot4::base_link::cliff_front_left[0m[1;36m] advertised on [[0m[1;36mworld/warehouse/model/turtlebot4/link/base_link/sensor/cliff_front_left/scan[0m[1;36m][0m[1;36m[0m
[gazebo-1] [1;36m[Dbg] [GpuLidarSensor.cc:164] [0m[1;36mLidar points for [[0m[1;36mturtlebot4::base_link::cliff_front_left[0m[1;36m] advertised on [[0m[1;36mworld/warehouse/model/turtlebot4/link/base_link/sensor/cliff_front_left/scan/points[0m[1;36m][0m[1;36m[0m
[gazebo-1] [1;36m[Dbg] [Lidar.cc:139] [0m[1;36mLaser scans for [[0m[1;36mturtlebot4::base_link::cliff_front_right[0m[1;36m] advertised on [[0m[1;36mworld/warehouse/model/turtlebot4/link/base_link/sensor/cliff_front_right/scan[0m[1;36m][0m[1;36m[0m
[gazebo-1] [1;36m[Dbg] [GpuLidarSensor.cc:164] [0m[1;36mLidar points for [[0m[1;36mturtlebot4::base_link::cliff_front_right[0m[1;36m] advertised on [[0m[1;36mworld/warehouse/model/turtlebot4/link/base_link/sensor/cliff_front_right/scan/points[0m[1;36m][0m[1;36m[0m
[gazebo-1] [1;36m[Dbg] [Lidar.cc:139] [0m[1;36mLaser scans for [[0m[1;36mturtlebot4::base_link::cliff_side_left[0m[1;36m] advertised on [[0m[1;36mworld/warehouse/model/turtlebot4/link/base_link/sensor/cliff_side_left/scan[0m[1;36m][0m[1;36m[0m
[gazebo-1] [1;36m[Dbg] [GpuLidarSensor.cc:164] [0m[1;36mLidar points for [[0m[1;36mturtlebot4::base_link::cliff_side_left[0m[1;36m] advertised on [[0m[1;36mworld/warehouse/model/turtlebot4/link/base_link/sensor/cliff_side_left/scan/points[0m[1;36m][0m[1;36m[0m
[gazebo-1] [1;36m[Dbg] [Lidar.cc:139] [0m[1;36mLaser scans for [[0m[1;36mturtlebot4::base_link::cliff_side_right[0m[1;36m] advertised on [[0m[1;36mworld/warehouse/model/turtlebot4/link/base_link/sensor/cliff_side_right/scan[0m[1;36m][0m[1;36m[0m
[gazebo-1] [1;36m[Dbg] [GpuLidarSensor.cc:164] [0m[1;36mLidar points for [[0m[1;36mturtlebot4::base_link::cliff_side_right[0m[1;36m] advertised on [[0m[1;36mworld/warehouse/model/turtlebot4/link/base_link/sensor/cliff_side_right/scan/points[0m[1;36m][0m[1;36m[0m
[gazebo-1] [1;36m[Dbg] [Lidar.cc:139] [0m[1;36mLaser scans for [[0m[1;36mturtlebot4::ir_intensity_front_center_left::ir_intensity_front_center_left[0m[1;36m] advertised on [[0m[1;36mworld/warehouse/model/turtlebot4/link/ir_intensity_front_center_left/sensor/ir_intensity_front_center_left/scan[0m[1;36m][0m[1;36m[0m
[gazebo-1] [1;36m[Dbg] [GpuLidarSensor.cc:164] [0m[1;36mLidar points for [[0m[1;36mturtlebot4::ir_intensity_front_center_left::ir_intensity_front_center_left[0m[1;36m] advertised on [[0m[1;36mworld/warehouse/model/turtlebot4/link/ir_intensity_front_center_left/sensor/ir_intensity_front_center_left/scan/points[0m[1;36m][0m[1;36m[0m
[gazebo-1] [1;36m[Dbg] [Lidar.cc:139] [0m[1;36mLaser scans for [[0m[1;36mturtlebot4::ir_intensity_front_center_right::ir_intensity_front_center_right[0m[1;36m] advertised on [[0m[1;36mworld/warehouse/model/turtlebot4/link/ir_intensity_front_center_right/sensor/ir_intensity_front_center_right/scan[0m[1;36m][0m[1;36m[0m
[gazebo-1] [1;36m[Dbg] [GpuLidarSensor.cc:164] [0m[1;36mLidar points for [[0m[1;36mturtlebot4::ir_intensity_front_center_right::ir_intensity_front_center_right[0m[1;36m] advertised on [[0m[1;36mworld/warehouse/model/turtlebot4/link/ir_intensity_front_center_right/sensor/ir_intensity_front_center_right/scan/points[0m[1;36m][0m[1;36m[0m
[gazebo-1] [1;36m[Dbg] [Lidar.cc:139] [0m[1;36mLaser scans for [[0m[1;36mturtlebot4::ir_intensity_front_left::ir_intensity_front_left[0m[1;36m] advertised on [[0m[1;36mworld/warehouse/model/turtlebot4/link/ir_intensity_front_left/sensor/ir_intensity_front_left/scan[0m[1;36m][0m[1;36m[0m
[gazebo-1] [1;36m[Dbg] [GpuLidarSensor.cc:164] [0m[1;36mLidar points for [[0m[1;36mturtlebot4::ir_intensity_front_left::ir_intensity_front_left[0m[1;36m] advertised on [[0m[1;36mworld/warehouse/model/turtlebot4/link/ir_intensity_front_left/sensor/ir_intensity_front_left/scan/points[0m[1;36m][0m[1;36m[0m
[gazebo-1] [1;36m[Dbg] [Lidar.cc:139] [0m[1;36mLaser scans for [[0m[1;36mturtlebot4::ir_intensity_front_right::ir_intensity_front_right[0m[1;36m] advertised on [[0m[1;36mworld/warehouse/model/turtlebot4/link/ir_intensity_front_right/sensor/ir_intensity_front_right/scan[0m[1;36m][0m[1;36m[0m
[gazebo-1] [1;36m[Dbg] [GpuLidarSensor.cc:164] [0m[1;36mLidar points for [[0m[1;36mturtlebot4::ir_intensity_front_right::ir_intensity_front_right[0m[1;36m] advertised on [[0m[1;36mworld/warehouse/model/turtlebot4/link/ir_intensity_front_right/sensor/ir_intensity_front_right/scan/points[0m[1;36m][0m[1;36m[0m
[gazebo-1] [1;36m[Dbg] [Lidar.cc:139] [0m[1;36mLaser scans for [[0m[1;36mturtlebot4::ir_intensity_left::ir_intensity_left[0m[1;36m] advertised on [[0m[1;36mworld/warehouse/model/turtlebot4/link/ir_intensity_left/sensor/ir_intensity_left/scan[0m[1;36m][0m[1;36m[0m
[gazebo-1] [1;36m[Dbg] [GpuLidarSensor.cc:164] [0m[1;36mLidar points for [[0m[1;36mturtlebot4::ir_intensity_left::ir_intensity_left[0m[1;36m] advertised on [[0m[1;36mworld/warehouse/model/turtlebot4/link/ir_intensity_left/sensor/ir_intensity_left/scan/points[0m[1;36m][0m[1;36m[0m
[gazebo-1] [1;36m[Dbg] [Lidar.cc:139] [0m[1;36mLaser scans for [[0m[1;36mturtlebot4::ir_intensity_right::ir_intensity_right[0m[1;36m] advertised on [[0m[1;36mworld/warehouse/model/turtlebot4/link/ir_intensity_right/sensor/ir_intensity_right/scan[0m[1;36m][0m[1;36m[0m
[wait_for_ready-47] [INFO] [1791334903.927324379] [wait_for_rviz]: ready: topic /scan (message received)
[wait_for_ready-48] [INFO] [1791334903.927357386] [wait_for_sim]: ready: topic /scan (message received)
[motion_control-34] [INFO] [1791334903.944548104] [motion_control]: Robot max speed is now 0.460000 m/s
[parameter_bridge-8] [INFO] [1791334903.944737095] [cmd_vel_bridge]: Passing message from ROS geometry_msgs/msg/TwistStamped to Gazebo gz.msgs.Twist (showing msg only once per type)
[wait_for_ready-48] [sim] ready after 6.2s
[wait_for_ready-47] [rviz] ready after 6.2s
[turtlebot4_node-29] [INFO] [1791334903.976766376] [turtlebot4_node]: OAKD stopped
[turtlebot4_node-29] [INFO] [1791334903.976806574] [turtlebot4_node]: RPLIDAR stopped
[spawner-49] [INFO] [1791334903.999110274] [spawner_diffdrive_controller]: Setting controller param "params_file" to "['/home/y/u/yunqiao/IROB_Mobile_Robot_Project/install/irobot_create_control/share/irobot_create_control/config/control.yaml']" for diffdrive_controller
[gazebo-1] [INFO] [1791334904.007309099] [controller_manager]: Loading controller : 'diffdrive_controller' of type 'diff_drive_controller/DiffDriveController'
[gazebo-1] [INFO] [1791334904.007356134] [controller_manager]: Loading controller 'diffdrive_controller'
[gazebo-1] [WARN] [1791334904.013693149] [controller_manager]: The use of remapping arguments to the controller_manager node is deprecated. Please use the '--controller-ros-args' argument of the spawner to pass remapping arguments to the controller node.
[gazebo-1] [INFO] [1791334904.013742236] [controller_manager]: Controller 'diffdrive_controller' node arguments: --ros-args --params-file /home/y/u/yunqiao/IROB_Mobile_Robot_Project/install/irobot_create_control/share/irobot_create_control/config/control.yaml --params-file /home/y/u/yunqiao/IROB_Mobile_Robot_Project/install/warehouse_inventory_robot/share/warehouse_inventory_robot/config/arm_controller_types.yaml --ros-args --remap ~/odom:=odom --remap /tf:=tf --remap /tf_static:=tf_static --remap /diagnostics:=diagnostics -p use_sim_time:=true --params-file /home/y/u/yunqiao/IROB_Mobile_Robot_Project/install/irobot_create_control/share/irobot_create_control/config/control.yaml --param use_sim_time:=true 
[spawner-49] [INFO] [1791334904.051875726] [spawner_diffdrive_controller]: Loaded diffdrive_controller
[gazebo-1] [INFO] [1791334904.054229894] [controller_manager]: Configuring controller: 'diffdrive_controller'
[gazebo-1] [WARN] [1791334904.054326193] [diffdrive_controller]: [deprecated] has_jerk_limits parameter is deprecated, instead set the respective limits to NAN
[gazebo-1] [WARN] [1791334904.054359861] [diffdrive_controller]: [deprecated] has_jerk_limits parameter is deprecated, instead set the respective limits to NAN
[gazebo-1] [WARN] [1791334904.068903968] [diffdrive_controller]: Can't accept new commands. subscriber is inactive
[gazebo-1] [INFO] [1791334904.068962496] [controller_manager]: Activating controllers: [ diffdrive_controller ]
[gazebo-1] [INFO] [1791334904.070099540] [controller_manager]: Successfully switched controllers!
[spawner-49] [INFO] [1791334904.073858449] [spawner_diffdrive_controller]: Configured and activated diffdrive_controller
[gazebo-1] [WARN] [1791334904.102771145] [diffdrive_controller]: Received TwistStamped with zero timestamp, setting it to current time, this message will only be shown once
[INFO] [wait_for_ready-47]: process has finished cleanly [pid 82650]
[INFO] [wait_for_ready-48]: process has finished cleanly [pid 82652]
[INFO] [spawner-49]: process has finished cleanly [pid 83805]
[INFO] [rviz2-50]: process started with pid [83898]
[INFO] [spawner-51]: process started with pid [83916]
[INFO] [static_transform_publisher-52]: process started with pid [83918]
[INFO] [map_server-53]: process started with pid [83920]
[INFO] [amcl-54]: process started with pid [83922]
[INFO] [lifecycle_manager-55]: process started with pid [83924]
[INFO] [controller_server-56]: process started with pid [83926]
[INFO] [smoother_server-57]: process started with pid [83928]
[INFO] [planner_server-58]: process started with pid [83930]
[INFO] [route_server-59]: process started with pid [83932]
[INFO] [behavior_server-60]: process started with pid [83934]
[INFO] [bt_navigator-61]: process started with pid [83936]
[INFO] [waypoint_follower-62]: process started with pid [83938]
[INFO] [velocity_smoother-63]: process started with pid [83940]
[INFO] [collision_monitor-64]: process started with pid [83942]
[INFO] [opennav_docking-65]: process started with pid [83944]
[INFO] [lifecycle_manager-66]: process started with pid [83946]
[rviz2-50] Warning: Ignoring XDG_SESSION_TYPE=wayland on Gnome. Use QT_QPA_PLATFORM=wayland to run on Wayland anyway.
[gazebo-1] [1;36m[Dbg] [GpuLidarSensor.cc:164] [0m[1;36mLidar points for [[0m[1;36mturtlebot4::ir_intensity_right::ir_intensity_right[0m[1;36m] advertised on [[0m[1;36mworld/warehouse/model/turtlebot4/link/ir_intensity_right/sensor/ir_intensity_right/scan/points[0m[1;36m][0m[1;36m[0m
[gazebo-1] [1;36m[Dbg] [Lidar.cc:139] [0m[1;36mLaser scans for [[0m[1;36mturtlebot4::ir_intensity_side_left::ir_intensity_side_left[0m[1;36m] advertised on [[0m[1;36mworld/warehouse/model/turtlebot4/link/ir_intensity_side_left/sensor/ir_intensity_side_left/scan[0m[1;36m][0m[1;36m[0m
[gazebo-1] [1;36m[Dbg] [GpuLidarSensor.cc:164] [0m[1;36mLidar points for [[0m[1;36mturtlebot4::ir_intensity_side_left::ir_intensity_side_left[0m[1;36m] advertised on [[0m[1;36mworld/warehouse/model/turtlebot4/link/ir_intensity_side_left/sensor/ir_intensity_side_left/scan/points[0m[1;36m][0m[1;36m[0m
[gazebo-1] [1;36m[Dbg] [Lidar.cc:139] [0m[1;36mLaser scans for [[0m[1;36mturtlebot4::rplidar_link::rplidar[0m[1;36m] advertised on [[0m[1;36mworld/warehouse/model/turtlebot4/link/rplidar_link/sensor/rplidar/scan[0m[1;36m][0m[1;36m[0m
[gazebo-1] [1;36m[Dbg] [GpuLidarSensor.cc:164] [0m[1;36mLidar points for [[0m[1;36mturtlebot4::rplidar_link::rplidar[0m[1;36m] advertised on [[0m[1;36mworld/warehouse/model/turtlebot4/link/rplidar_link/sensor/rplidar/scan/points[0m[1;36m][0m[1;36m[0m
[gazebo-1] [1;36m[Dbg] [Lidar.cc:139] [0m[1;36mLaser scans for [[0m[1;36mstandard_dock::green_buoy_link::green_buoy[0m[1;36m] advertised on [[0m[1;36mworld/warehouse/model/standard_dock/link/green_buoy_link/sensor/green_buoy/scan[0m[1;36m][0m[1;36m[0m
[gazebo-1] [1;36m[Dbg] [GpuLidarSensor.cc:164] [0m[1;36mLidar points for [[0m[1;36mstandard_dock::green_buoy_link::green_buoy[0m[1;36m] advertised on [[0m[1;36mworld/warehouse/model/standard_dock/link/green_buoy_link/sensor/green_buoy/scan/points[0m[1;36m][0m[1;36m[0m
[gazebo-1] [1;36m[Dbg] [Lidar.cc:139] [0m[1;36mLaser scans for [[0m[1;36mstandard_dock::halo_link::halo[0m[1;36m] advertised on [[0m[1;36mworld/warehouse/model/standard_dock/link/halo_link/sensor/halo/scan[0m[1;36m][0m[1;36m[0m
[gazebo-1] [1;36m[Dbg] [GpuLidarSensor.cc:164] [0m[1;36mLidar points for [[0m[1;36mstandard_dock::halo_link::halo[0m[1;36m] advertised on [[0m[1;36mworld/warehouse/model/standard_dock/link/halo_link/sensor/halo/scan/points[0m[1;36m][0m[1;36m[0m
[gazebo-1] [1;36m[Dbg] [Lidar.cc:139] [0m[1;36mLaser scans for [[0m[1;36mstandard_dock::red_buoy_link::red_buoy[0m[1;36m] advertised on [[0m[1;36mworld/warehouse/model/standard_dock/link/red_buoy_link/sensor/red_buoy/scan[0m[1;36m][0m[1;36m[0m
[gazebo-1] [1;36m[Dbg] [GpuLidarSensor.cc:164] [0m[1;36mLidar points for [[0m[1;36mstandard_dock::red_buoy_link::red_buoy[0m[1;36m] advertised on [[0m[1;36mworld/warehouse/model/standard_dock/link/red_buoy_link/sensor/red_buoy/scan/points[0m[1;36m][0m[1;36m[0m
[gazebo-1] [1;36m[Dbg] [Lidar.cc:139] [0m[1;36mLaser scans for [[0m[1;36mstandard_dock::yellow_buoy_link::yellow_buoy[0m[1;36m] advertised on [[0m[1;36mworld/warehouse/model/standard_dock/link/yellow_buoy_link/sensor/yellow_buoy/scan[0m[1;36m][0m[1;36m[0m
[gazebo-1] [1;36m[Dbg] [GpuLidarSensor.cc:164] [0m[1;36mLidar points for [[0m[1;36mstandard_dock::yellow_buoy_link::yellow_buoy[0m[1;36m] advertised on [[0m[1;36mworld/warehouse/model/standard_dock/link/yellow_buoy_link/sensor/yellow_buoy/scan/points[0m[1;36m][0m[1;36m[0m
[static_transform_publisher-52] [WARN] [1791334904.406510001] []: Old-style arguments are deprecated; see --help for new-style arguments
[static_transform_publisher-52] [INFO] [1791334904.448244004] [map_to_odom_static_tf]: Spinning until stopped - publishing transform
[static_transform_publisher-52] translation: ('0.000000', '0.000000', '0.000000')
[static_transform_publisher-52] rotation: ('0.000000', '0.000000', '0.000000', '1.000000')
[static_transform_publisher-52] from 'map' to 'odom'
[lifecycle_manager-55] [INFO] [1791334904.518973021] [lifecycle_manager_localization]: Creating
[lifecycle_manager-55] [INFO] [1791334904.537377936] [lifecycle_manager_localization]: [34m[1mCreating and initializing lifecycle service clients[0m[0m
[behavior_server-60] [INFO] [1791334904.569114829] [behavior_server]: 
[behavior_server-60] 	behavior_server lifecycle node launched. 
[behavior_server-60] 	Waiting on external lifecycle transitions to activate
[behavior_server-60] 	See https://design.ros2.org/articles/node_lifecycle.html for more information.
[velocity_smoother-63] [INFO] [1791334904.575253002] [velocity_smoother]: 
[velocity_smoother-63] 	velocity_smoother lifecycle node launched. 
[velocity_smoother-63] 	Waiting on external lifecycle transitions to activate
[velocity_smoother-63] 	See https://design.ros2.org/articles/node_lifecycle.html for more information.
[rviz2-50] [INFO] [1791334904.585972063] [rviz2]: Stereo is NOT SUPPORTED
[rviz2-50] [INFO] [1791334904.586052485] [rviz2]: OpenGl version: 4.6 (GLSL 4.6)
[rviz2-50] [INFO] [1791334904.620430336] [rviz2]: Stereo is NOT SUPPORTED
[planner_server-58] [INFO] [1791334904.952385483] [planner_server]: 
[planner_server-58] 	planner_server lifecycle node launched. 
[planner_server-58] 	Waiting on external lifecycle transitions to activate
[planner_server-58] 	See https://design.ros2.org/articles/node_lifecycle.html for more information.
[planner_server-58] [INFO] [1791334904.962418893] [planner_server]: Creating
[collision_monitor-64] [INFO] [1791334904.965452141] [collision_monitor]: 
[collision_monitor-64] 	collision_monitor lifecycle node launched. 
[collision_monitor-64] 	Waiting on external lifecycle transitions to activate
[collision_monitor-64] 	See https://design.ros2.org/articles/node_lifecycle.html for more information.
[bt_navigator-61] [INFO] [1791334904.966969007] [bt_navigator]: 
[bt_navigator-61] 	bt_navigator lifecycle node launched. 
[bt_navigator-61] 	Waiting on external lifecycle transitions to activate
[bt_navigator-61] 	See https://design.ros2.org/articles/node_lifecycle.html for more information.
[waypoint_follower-62] [INFO] [1791334904.967628845] [waypoint_follower]: 
[waypoint_follower-62] 	waypoint_follower lifecycle node launched. 
[waypoint_follower-62] 	Waiting on external lifecycle transitions to activate
[waypoint_follower-62] 	See https://design.ros2.org/articles/node_lifecycle.html for more information.
[waypoint_follower-62] [INFO] [1791334904.971116444] [waypoint_follower]: Creating
[amcl-54] [INFO] [1791334904.975359416] [amcl]: 
[amcl-54] 	amcl lifecycle node launched. 
[amcl-54] 	Waiting on external lifecycle transitions to activate
[amcl-54] 	See https://design.ros2.org/articles/node_lifecycle.html for more information.
[bt_navigator-61] [INFO] [1791334904.977301229] [bt_navigator]: Creating
[amcl-54] [INFO] [1791334904.977912370] [amcl]: Creating
[controller_server-56] [INFO] [1791334905.002508721] [controller_server]: 
[controller_server-56] 	controller_server lifecycle node launched. 
[controller_server-56] 	Waiting on external lifecycle transitions to activate
[controller_server-56] 	See https://design.ros2.org/articles/node_lifecycle.html for more information.
[opennav_docking-65] [INFO] [1791334905.005434145] [docking_server]: 
[opennav_docking-65] 	docking_server lifecycle node launched. 
[opennav_docking-65] 	Waiting on external lifecycle transitions to activate
[opennav_docking-65] 	See https://design.ros2.org/articles/node_lifecycle.html for more information.
[opennav_docking-65] [INFO] [1791334905.005488411] [docking_server]: Creating docking_server
[planner_server-58] [INFO] [1791334905.013581108] [global_costmap.global_costmap]: 
[planner_server-58] 	global_costmap lifecycle node launched. 
[planner_server-58] 	Waiting on external lifecycle transitions to activate
[planner_server-58] 	See https://design.ros2.org/articles/node_lifecycle.html for more information.
[planner_server-58] [INFO] [1791334905.016310580] [global_costmap.global_costmap]: Creating Costmap
[controller_server-56] [INFO] [1791334905.028435368] [controller_server]: Creating controller server
[map_server-53] [INFO] [1791334905.098423011] [map_server]: 
[map_server-53] 	map_server lifecycle node launched. 
[map_server-53] 	Waiting on external lifecycle transitions to activate
[map_server-53] 	See https://design.ros2.org/articles/node_lifecycle.html for more information.
[map_server-53] [INFO] [1791334905.098473197] [map_server]: Creating
[lifecycle_manager-55] [INFO] [1791334905.174260292] [lifecycle_manager_localization]: [34m[1mStarting managed nodes bringup...[0m[0m
[lifecycle_manager-55] [INFO] [1791334905.174309687] [lifecycle_manager_localization]: [34m[1mConfiguring map_server[0m[0m
[map_server-53] [INFO] [1791334905.174937613] [map_server]: Configuring
[map_server-53] [INFO] [1791334905.174983515] [map_io]: Loading yaml file: /home/y/u/yunqiao/IROB_Mobile_Robot_Project/install/warehouse_inventory_robot/share/warehouse_inventory_robot/maps/warehouse.yaml
[map_server-53] [INFO] [1791334905.177612195] [map_io]: resolution: 0.03
[map_server-53] [INFO] [1791334905.177637447] [map_io]: origin[0]: -15.1
[map_server-53] [INFO] [1791334905.177640559] [map_io]: origin[1]: -25
[map_server-53] [INFO] [1791334905.177643418] [map_io]: origin[2]: 0
[map_server-53] [INFO] [1791334905.177646250] [map_io]: free_thresh: 0.1
[map_server-53] [INFO] [1791334905.177648761] [map_io]: occupied_thresh: 0.65
[map_server-53] [INFO] [1791334905.177651624] [map_io]: mode: trinary
[map_server-53] [INFO] [1791334905.177654196] [map_io]: negate: 0
[map_server-53] [INFO] [1791334905.177846275] [map_io]: Loading image_file: /home/y/u/yunqiao/IROB_Mobile_Robot_Project/install/warehouse_inventory_robot/share/warehouse_inventory_robot/maps/warehouse.pgm
[map_server-53] [INFO] [1791334905.199437958] [map_io]: Read map /home/y/u/yunqiao/IROB_Mobile_Robot_Project/install/warehouse_inventory_robot/share/warehouse_inventory_robot/maps/warehouse.pgm: 1006 X 1674 map @ 0.03 m/cell
[spawner-51] [INFO] [1791334905.208667113] [spawner_lite6_traj_controller]: waiting for service /controller_manager/list_controllers to become available...
[controller_server-56] [INFO] [1791334905.352532708] [local_costmap.local_costmap]: 
[controller_server-56] 	local_costmap lifecycle node launched. 
[controller_server-56] 	Waiting on external lifecycle transitions to activate
[controller_server-56] 	See https://design.ros2.org/articles/node_lifecycle.html for more information.
[controller_server-56] [INFO] [1791334905.355030954] [local_costmap.local_costmap]: Creating Costmap
[lifecycle_manager-66] [INFO] [1791334905.364178548] [lifecycle_manager_navigation]: Creating
[lifecycle_manager-66] [INFO] [1791334905.373715492] [lifecycle_manager_navigation]: [34m[1mCreating and initializing lifecycle service clients[0m[0m
[route_server-59] [INFO] [1791334905.380011846] [route_server]: 
[route_server-59] 	route_server lifecycle node launched. 
[route_server-59] 	Waiting on external lifecycle transitions to activate
[route_server-59] 	See https://design.ros2.org/articles/node_lifecycle.html for more information.
[smoother_server-57] [INFO] [1791334905.383722429] [smoother_server]: 
[smoother_server-57] 	smoother_server lifecycle node launched. 
[smoother_server-57] 	Waiting on external lifecycle transitions to activate
[smoother_server-57] 	See https://design.ros2.org/articles/node_lifecycle.html for more information.
[smoother_server-57] [INFO] [1791334905.389797843] [smoother_server]: Creating smoother server
[map_server-53] [WARN] [1791334905.447898701] [map_server.rclcpp]: failed to send response to /map_server/change_state (timeout): client will not receive response, at /home/runner/conda-bld/bld/rattler-build_ros-jazzy-rmw-fastrtps-shared-cpp_1782301755/work/ros-jazzy-rmw-fastrtps-shared-cpp/src/work/src/rmw_response.cpp:153, at /home/runner/conda-bld/bld/rattler-build_ros-jazzy-rcl_1782302707/work/ros-jazzy-rcl/src/work/src/rcl/service.c:400
[rviz2-50] [INFO] [1791334905.773676875] [rviz2]: Stereo is NOT SUPPORTED
[spawner-51] [INFO] [1791334905.803024145] [spawner_lite6_traj_controller]: Setting controller param "params_file" to "['/home/y/u/yunqiao/IROB_Mobile_Robot_Project/install/warehouse_inventory_robot/share/warehouse_inventory_robot/config/arm_controllers.yaml']" for lite6_traj_controller
[gazebo-1] [INFO] [1791334905.811151720] [controller_manager]: Loading controller : 'lite6_traj_controller' of type 'joint_trajectory_controller/JointTrajectoryController'
[gazebo-1] [INFO] [1791334905.811194199] [controller_manager]: Loading controller 'lite6_traj_controller'
[gazebo-1] [WARN] [1791334905.817090948] [controller_manager]: The use of remapping arguments to the controller_manager node is deprecated. Please use the '--controller-ros-args' argument of the spawner to pass remapping arguments to the controller node.
[gazebo-1] [INFO] [1791334905.817132143] [controller_manager]: Controller 'lite6_traj_controller' node arguments: --ros-args --params-file /home/y/u/yunqiao/IROB_Mobile_Robot_Project/install/irobot_create_control/share/irobot_create_control/config/control.yaml --params-file /home/y/u/yunqiao/IROB_Mobile_Robot_Project/install/warehouse_inventory_robot/share/warehouse_inventory_robot/config/arm_controller_types.yaml --ros-args --remap ~/odom:=odom --remap /tf:=tf --remap /tf_static:=tf_static --remap /diagnostics:=diagnostics -p use_sim_time:=true --params-file /home/y/u/yunqiao/IROB_Mobile_Robot_Project/install/warehouse_inventory_robot/share/warehouse_inventory_robot/config/arm_controllers.yaml --param use_sim_time:=true 
[spawner-51] [INFO] [1791334906.010905728] [spawner_lite6_traj_controller]: Loaded lite6_traj_controller
[gazebo-1] [INFO] [1791334906.043677658] [controller_manager]: Configuring controller: 'lite6_traj_controller'
[gazebo-1] [INFO] [1791334906.043903165] [lite6_traj_controller]: No specific joint names are used for command interfaces. Using 'joints' parameter.
[gazebo-1] [INFO] [1791334906.043927509] [lite6_traj_controller]: Command interfaces are [position velocity] and state interfaces are [position velocity].
[gazebo-1] [INFO] [1791334906.043945230] [lite6_traj_controller]: Using 'splines' interpolation method.
[gazebo-1] [INFO] [1791334906.067679903] [lite6_traj_controller]: Action status changes will be monitored at 10.00 Hz.
[gazebo-1] [INFO] [1791334906.082766640] [lite6_traj_controller]: No scaling interface set. This controller will not read speed scaling from the hardware.
[gazebo-1] [INFO] [1791334906.172758366] [controller_manager]: Activating controllers: [ lite6_traj_controller ]
[gazebo-1] [INFO] [1791334906.286397672] [controller_manager]: Successfully switched controllers!
[spawner-51] [INFO] [1791334906.343195519] [spawner_lite6_traj_controller]: Configured and activated lite6_traj_controller
[lifecycle_manager-66] [INFO] [1791334906.469650936] [lifecycle_manager_navigation]: [34m[1mStarting managed nodes bringup...[0m[0m
[lifecycle_manager-66] [INFO] [1791334906.469681504] [lifecycle_manager_navigation]: [34m[1mConfiguring controller_server[0m[0m
[controller_server-56] [INFO] [1791334906.469977682] [controller_server]: Configuring controller interface
[controller_server-56] [INFO] [1791334906.470002480] [controller_server]: getting progress checker plugins..
[controller_server-56] [INFO] [1791334906.470340175] [controller_server]: getting goal checker plugins..
[controller_server-56] [INFO] [1791334906.470523684] [controller_server]: Controller frequency set to 20.0000Hz
[controller_server-56] [INFO] [1791334906.470551420] [local_costmap.local_costmap]: Configuring
[controller_server-56] [INFO] [1791334906.482148684] [local_costmap.local_costmap]: Using plugin "static_layer"
[controller_server-56] [INFO] [1791334906.486103373] [local_costmap.local_costmap]: Subscribing to the map topic (/map) with transient local durability
[controller_server-56] [INFO] [1791334906.488253661] [local_costmap.local_costmap]: Initialized plugin "static_layer"
[controller_server-56] [INFO] [1791334906.488285720] [local_costmap.local_costmap]: Using plugin "voxel_layer"
[controller_server-56] [INFO] [1791334906.489371927] [local_costmap.local_costmap]: Subscribed to Topics: scan
[controller_server-56] [INFO] [1791334906.504056170] [local_costmap.local_costmap]: Initialized plugin "voxel_layer"
[controller_server-56] [INFO] [1791334906.504083623] [local_costmap.local_costmap]: Using plugin "inflation_layer"
[controller_server-56] [INFO] [1791334906.505068569] [local_costmap.local_costmap]: Initialized plugin "inflation_layer"
[controller_server-56] [INFO] [1791334906.534496622] [controller_server]: Created progress_checker : progress_checker of type nav2_controller::SimpleProgressChecker
[controller_server-56] [INFO] [1791334906.534989963] [controller_server]: Controller Server has progress_checker  progress checkers available.
[controller_server-56] [INFO] [1791334906.536182731] [controller_server]: Created goal checker : general_goal_checker of type nav2_controller::SimpleGoalChecker
[controller_server-56] [INFO] [1791334906.536834533] [controller_server]: Controller Server has general_goal_checker  goal checkers available.
[controller_server-56] [INFO] [1791334906.538468071] [controller_server]: Created controller : FollowPath of type nav2_mppi_controller::MPPIController
[controller_server-56] [INFO] [1791334906.541666936] [controller_server]: Controller period is equal to model dt. Control sequence shifting is ON
[controller_server-56] [INFO] [1791334906.545049268] [controller_server]: ConstraintCritic instantiated with 1 power and 4.000000 weight.
[controller_server-56] [INFO] [1791334906.545090099] [controller_server]: Critic loaded : mppi::critics::ConstraintCritic
[controller_server-56] [INFO] [1791334906.546809925] [controller_server]: InflationCostCritic instantiated with 1 power and 300.000000 / 0.015000 weights. Critic will collision check based on footprint cost.
[controller_server-56] [INFO] [1791334906.546842227] [controller_server]: Critic loaded : mppi::critics::CostCritic
[controller_server-56] [INFO] [1791334906.547458357] [controller_server]: GoalCritic instantiated with 1 power and 5.000000 weight.
[controller_server-56] [INFO] [1791334906.547482107] [controller_server]: Critic loaded : mppi::critics::GoalCritic
[controller_server-56] [INFO] [1791334906.548264331] [controller_server]: GoalAngleCritic instantiated with 1 power, 3.000000 weight, 0.500000 angular threshold and symmetric_yaw_tolerance disabled
[controller_server-56] [INFO] [1791334906.548286081] [controller_server]: Critic loaded : mppi::critics::GoalAngleCritic
[controller_server-56] [INFO] [1791334906.549524408] [controller_server]: ReferenceTrajectoryCritic instantiated with 1 power and 14.000000 weight
[controller_server-56] [INFO] [1791334906.549550730] [controller_server]: Critic loaded : mppi::critics::PathAlignCritic
[controller_server-56] [INFO] [1791334906.550602923] [controller_server]: Critic loaded : mppi::critics::PathFollowCritic
[controller_server-56] [INFO] [1791334906.551757452] [controller_server]: PathAngleCritic instantiated with 1 power and 2.000000 weight. Mode set to: Forward Preference
[controller_server-56] [INFO] [1791334906.551785979] [controller_server]: Critic loaded : mppi::critics::PathAngleCritic
[controller_server-56] [INFO] [1791334906.552532656] [controller_server]: PreferForwardCritic instantiated with 1 power and 5.000000 weight.
[controller_server-56] [INFO] [1791334906.552552925] [controller_server]: Critic loaded : mppi::critics::PreferForwardCritic
[controller_server-56] [INFO] [1791334906.554354828] [controller_server]: Optimizer reset
[controller_server-56] [INFO] [1791334906.560778685] [MPPIController]: Configured MPPI Controller: FollowPath
[controller_server-56] [INFO] [1791334906.560810969] [controller_server]: Controller Server has FollowPath  controllers available.
[INFO] [spawner-51]: process has finished cleanly [pid 83916]
[lifecycle_manager-66] [INFO] [1791334906.573683492] [lifecycle_manager_navigation]: [34m[1mConfiguring smoother_server[0m[0m
[smoother_server-57] [INFO] [1791334906.573895952] [smoother_server]: Configuring smoother server
[smoother_server-57] [INFO] [1791334906.591547428] [smoother_server]: Created smoother : simple_smoother of type nav2_smoother::SimpleSmoother
[smoother_server-57] [INFO] [1791334906.593266741] [smoother_server]: Smoother Server has simple_smoother  smoothers available.
[lifecycle_manager-66] [INFO] [1791334906.603884740] [lifecycle_manager_navigation]: [34m[1mConfiguring planner_server[0m[0m
[planner_server-58] [INFO] [1791334906.604078187] [planner_server]: Configuring
[planner_server-58] [INFO] [1791334906.604103066] [global_costmap.global_costmap]: Configuring
[planner_server-58] [INFO] [1791334906.620293873] [global_costmap.global_costmap]: Using plugin "static_layer"
[planner_server-58] [INFO] [1791334906.626329383] [global_costmap.global_costmap]: Subscribing to the map topic (/map) with transient local durability
[planner_server-58] [INFO] [1791334906.629478011] [global_costmap.global_costmap]: Initialized plugin "static_layer"
[planner_server-58] [INFO] [1791334906.629512063] [global_costmap.global_costmap]: Using plugin "obstacle_layer"
[planner_server-58] [INFO] [1791334906.631228616] [global_costmap.global_costmap]: Subscribed to Topics: scan
[planner_server-58] [INFO] [1791334906.638283688] [global_costmap.global_costmap]: Initialized plugin "obstacle_layer"
[planner_server-58] [INFO] [1791334906.638335263] [global_costmap.global_costmap]: Using plugin "inflation_layer"
[planner_server-58] [INFO] [1791334906.639875879] [global_costmap.global_costmap]: Initialized plugin "inflation_layer"
[planner_server-58] [INFO] [1791334906.680422876] [planner_server]: Created global planner plugin GridBased of type nav2_navfn_planner::NavfnPlanner
[planner_server-58] [INFO] [1791334906.680460769] [planner_server]: Configuring plugin GridBased of type NavfnPlanner
[planner_server-58] [INFO] [1791334906.681685586] [planner_server]: Planner Server has GridBased  planners available.
[lifecycle_manager-66] [INFO] [1791334906.707073558] [lifecycle_manager_navigation]: [34m[1mConfiguring route_server[0m[0m
[route_server-59] [INFO] [1791334906.707464650] [route_server]: Configuring
[route_server-59] [INFO] [1791334906.757027419] [route_server]: Created GraphFileLoader GeoJsonGraphFileLoader of type nav2_route::GeoJsonGraphFileLoader
[route_server-59] [INFO] [1791334906.757062309] [route_server]: Configuring geojson graph file loader
[route_server-59] [INFO] [1791334906.757067269] [route_server]: No graph file provided to load yet.
[route_server-59] [INFO] [1791334906.762671912] [route_server]: Created edge cost function plugin DistanceScorer of type nav2_route::DistanceScorer
[route_server-59] [INFO] [1791334906.762699213] [route_server]: Configuring distance scorer.
[route_server-59] [INFO] [1791334906.763444073] [route_server]: Created edge cost function plugin DynamicEdgesScorer of type nav2_route::DynamicEdgesScorer
[route_server-59] [INFO] [1791334906.763467227] [route_server]: Configuring adjust edges scorer.
[route_server-59] [INFO] [1791334906.771693144] [route_server]: Created route operation AdjustSpeedLimit of type nav2_route::AdjustSpeedLimit
[route_server-59] [INFO] [1791334906.771730563] [route_server]: Configuring Adjust speed limit operation.
[route_server-59] [INFO] [1791334906.774220796] [route_server]: Created route operation ReroutingService of type nav2_route::ReroutingService
[route_server-59] [INFO] [1791334906.774254275] [route_server]: Configuring Rerouting service operation.
[lifecycle_manager-66] [INFO] [1791334906.779930651] [lifecycle_manager_navigation]: [34m[1mConfiguring behavior_server[0m[0m
[behavior_server-60] [INFO] [1791334906.780200616] [behavior_server]: Configuring
[behavior_server-60] [INFO] [1791334906.793442011] [behavior_server]: Creating behavior plugin spin of type nav2_behaviors::Spin
[behavior_server-60] [INFO] [1791334906.795730851] [behavior_server]: Creating behavior plugin backup of type nav2_behaviors::BackUp
[behavior_server-60] [INFO] [1791334906.798420854] [behavior_server]: Creating behavior plugin drive_on_heading of type nav2_behaviors::DriveOnHeading
[behavior_server-60] [INFO] [1791334906.800454350] [behavior_server]: Creating behavior plugin assisted_teleop of type nav2_behaviors::AssistedTeleop
[behavior_server-60] [INFO] [1791334906.802768213] [behavior_server]: Creating behavior plugin wait of type nav2_behaviors::Wait
[behavior_server-60] [INFO] [1791334906.815923857] [behavior_server]: Configuring spin
[behavior_server-60] [INFO] [1791334906.831322511] [behavior_server]: Configuring backup
[behavior_server-60] [INFO] [1791334906.860062207] [behavior_server]: Configuring drive_on_heading
[behavior_server-60] [INFO] [1791334906.872772100] [behavior_server]: Configuring assisted_teleop
[behavior_server-60] [INFO] [1791334906.893975605] [behavior_server]: Configuring wait
[lifecycle_manager-66] [INFO] [1791334906.905290455] [lifecycle_manager_navigation]: [34m[1mConfiguring velocity_smoother[0m[0m
[velocity_smoother-63] [INFO] [1791334906.905529712] [velocity_smoother]: Configuring velocity smoother
[lifecycle_manager-66] [INFO] [1791334906.928385647] [lifecycle_manager_navigation]: [34m[1mConfiguring collision_monitor[0m[0m
[collision_monitor-64] [INFO] [1791334906.930880097] [collision_monitor]: Configuring
[collision_monitor-64] [INFO] [1791334906.948770473] [collision_monitor]: [scan]: Creating Scan
[collision_monitor-64] [INFO] [1791334906.961232907] [collision_monitor]: [FootprintApproach]: Creating Polygon
[collision_monitor-64] [INFO] [1791334906.965095034] [collision_monitor]: [FootprintApproach]: Polygon points are not defined. Using dynamic subscription instead.
[collision_monitor-64] [INFO] [1791334906.966818447] [collision_monitor]: [FootprintApproach]: Making footprint subscriber on local_costmap/published_footprint topic
[lifecycle_manager-66] [INFO] [1791334906.998162669] [lifecycle_manager_navigation]: [34m[1mConfiguring bt_navigator[0m[0m
[bt_navigator-61] [INFO] [1791334906.998402633] [bt_navigator]: Configuring
[bt_navigator-61] [INFO] [1791334907.013888953] [bt_navigator]: Creating navigator id navigate_to_pose of type nav2_bt_navigator::NavigateToPoseNavigator
[bt_navigator-61] [INFO] [1791334907.122116047] [bt_navigator]: Creating navigator id navigate_through_poses of type nav2_bt_navigator::NavigateThroughPosesNavigator
[lifecycle_manager-66] [INFO] [1791334907.186530770] [lifecycle_manager_navigation]: [34m[1mConfiguring waypoint_follower[0m[0m
[waypoint_follower-62] [INFO] [1791334907.187793935] [waypoint_follower]: Configuring
[waypoint_follower-62] [INFO] [1791334907.235766049] [waypoint_follower]: Created waypoint_task_executor : wait_at_waypoint of type nav2_waypoint_follower::WaitAtWaypoint
[lifecycle_manager-66] [INFO] [1791334907.237321695] [lifecycle_manager_navigation]: [34m[1mConfiguring docking_server[0m[0m
[opennav_docking-65] [INFO] [1791334907.237518026] [docking_server]: Configuring docking_server
[opennav_docking-65] [INFO] [1791334907.237549093] [docking_server]: Controller frequency set to 50.0000Hz
[opennav_docking-65] [INFO] [1791334907.301888461] [docking_server]: Created charging dock plugin simple_charging_dock of type opennav_docking::SimpleChargingDock
[opennav_docking-65] [WARN] [1791334907.313632480] [docking_server]: Dock database filepath nor dock parameters set. Docking actions can only be executed specifying the dock pose via the action request. Or update the dock database via the reload_database service.
[opennav_docking-65] [INFO] [1791334907.313678078] [docking_server]: Docking Server has 1 dock types and 0 dock instances available.
[lifecycle_manager-66] [INFO] [1791334907.316684363] [lifecycle_manager_navigation]: [34m[1mActivating controller_server[0m[0m
[controller_server-56] [INFO] [1791334907.316935271] [controller_server]: Activating
[controller_server-56] [INFO] [1791334907.316976563] [local_costmap.local_costmap]: Activating
[controller_server-56] [INFO] [1791334907.316984198] [local_costmap.local_costmap]: Checking transform
[controller_server-56] [INFO] [1791334907.317064947] [local_costmap.local_costmap]: start
[controller_server-56] [WARN] [1791334907.518756607] [controller_server]: Parameter controller_server.verbose not found
[controller_server-56] [INFO] [1791334907.520089715] [controller_server]: Optimizer reset
[controller_server-56] [INFO] [1791334907.520506951] [MPPIController]: Activated MPPI Controller: FollowPath
[controller_server-56] [INFO] [1791334907.520523881] [controller_server]: Creating bond (controller_server) to lifecycle manager.
[rviz2-50] [INFO] [1791334907.618035205] [rviz2]: Trying to create a map of size 50 x 50 using 1 swatches
[rviz2-50] [ERROR] [1791334907.623433662] [rviz2]: rviz/glsl120/indexed_8bit_image.vert
[rviz2-50] rviz/glsl120/indexed_8bit_image.frag
[rviz2-50]  GLSL link result : 
[rviz2-50] active samplers with a different type refer to the same texture image unit
[lifecycle_manager-66] [INFO] [1791334907.629633266] [lifecycle_manager_navigation]: Server controller_server connected with bond.
[lifecycle_manager-66] [INFO] [1791334907.629658968] [lifecycle_manager_navigation]: [34m[1mActivating smoother_server[0m[0m
[smoother_server-57] [INFO] [1791334907.630080694] [smoother_server]: Activating
[smoother_server-57] [INFO] [1791334907.630099707] [smoother_server]: Creating bond (smoother_server) to lifecycle manager.
[lifecycle_manager-66] [INFO] [1791334907.738490608] [lifecycle_manager_navigation]: Server smoother_server connected with bond.
[lifecycle_manager-66] [INFO] [1791334907.738517414] [lifecycle_manager_navigation]: [34m[1mActivating planner_server[0m[0m
[planner_server-58] [INFO] [1791334907.738944239] [planner_server]: Activating
[planner_server-58] [INFO] [1791334907.738963898] [global_costmap.global_costmap]: Activating
[planner_server-58] [INFO] [1791334907.738968358] [global_costmap.global_costmap]: Checking transform
[planner_server-58] [INFO] [1791334907.739039133] [global_costmap.global_costmap]: start
[planner_server-58] [WARN] [1791334908.739188317] [nav2_costmap_2d]: Robot is out of bounds of the costmap
[planner_server-58] [WARN] [1791334908.739219909] [global_costmap.global_costmap]: Sensor origin at (-0.04, 0.00) is out of map bounds (0.00, 0.00) to (4.95, 4.95). The costmap cannot raytrace for it.
[planner_server-58] [INFO] [1791334908.740607606] [planner_server]: Activating plugin GridBased of type NavfnPlanner
[planner_server-58] [INFO] [1791334908.742885303] [planner_server]: Creating bond (planner_server) to lifecycle manager.
[lifecycle_manager-66] [INFO] [1791334908.849758304] [lifecycle_manager_navigation]: Server planner_server connected with bond.
[lifecycle_manager-66] [INFO] [1791334908.849802065] [lifecycle_manager_navigation]: [34m[1mActivating route_server[0m[0m
[route_server-59] [INFO] [1791334908.850295684] [route_server]: Activating
[route_server-59] [INFO] [1791334908.850330104] [route_server]: Creating bond (route_server) to lifecycle manager.
[lifecycle_manager-66] [INFO] [1791334908.957316076] [lifecycle_manager_navigation]: Server route_server connected with bond.
[lifecycle_manager-66] [INFO] [1791334908.957345326] [lifecycle_manager_navigation]: [34m[1mActivating behavior_server[0m[0m
[behavior_server-60] [INFO] [1791334908.958018484] [behavior_server]: Activating
[behavior_server-60] [INFO] [1791334908.958045740] [behavior_server]: Activating spin
[behavior_server-60] [INFO] [1791334908.958051417] [behavior_server]: Activating backup
[behavior_server-60] [INFO] [1791334908.958055510] [behavior_server]: Activating drive_on_heading
[behavior_server-60] [INFO] [1791334908.958060186] [behavior_server]: Activating assisted_teleop
[behavior_server-60] [INFO] [1791334908.958063538] [behavior_server]: Activating wait
[behavior_server-60] [INFO] [1791334908.958068463] [behavior_server]: Creating bond (behavior_server) to lifecycle manager.
[lifecycle_manager-66] [INFO] [1791334909.070360227] [lifecycle_manager_navigation]: Server behavior_server connected with bond.
[lifecycle_manager-66] [INFO] [1791334909.070460798] [lifecycle_manager_navigation]: [34m[1mActivating velocity_smoother[0m[0m
[velocity_smoother-63] [INFO] [1791334909.070972391] [velocity_smoother]: Activating
[velocity_smoother-63] [INFO] [1791334909.071011314] [velocity_smoother]: Creating bond (velocity_smoother) to lifecycle manager.
[lifecycle_manager-66] [INFO] [1791334909.179107574] [lifecycle_manager_navigation]: Server velocity_smoother connected with bond.
[lifecycle_manager-66] [INFO] [1791334909.179135687] [lifecycle_manager_navigation]: [34m[1mActivating collision_monitor[0m[0m
[collision_monitor-64] [INFO] [1791334909.179623422] [collision_monitor]: Activating
[collision_monitor-64] [INFO] [1791334909.179642722] [collision_monitor]: Creating bond (collision_monitor) to lifecycle manager.
[lifecycle_manager-66] [INFO] [1791334909.287365302] [lifecycle_manager_navigation]: Server collision_monitor connected with bond.
[lifecycle_manager-66] [INFO] [1791334909.287468690] [lifecycle_manager_navigation]: [34m[1mActivating bt_navigator[0m[0m
[bt_navigator-61] [INFO] [1791334909.288005127] [bt_navigator]: Activating
[controller_server-56] [WARN] [1791334909.317489840] [local_costmap.local_costmap]: Can't update static costmap layer, no map received
[bt_navigator-61] [INFO] [1791334909.413979440] [bt_navigator]: Creating bond (bt_navigator) to lifecycle manager.
[lifecycle_manager-66] [INFO] [1791334909.522226741] [lifecycle_manager_navigation]: Server bt_navigator connected with bond.
[lifecycle_manager-66] [INFO] [1791334909.522259458] [lifecycle_manager_navigation]: [34m[1mActivating waypoint_follower[0m[0m
[waypoint_follower-62] [INFO] [1791334909.522793224] [waypoint_follower]: Activating
[waypoint_follower-62] [INFO] [1791334909.522813224] [waypoint_follower]: Creating bond (waypoint_follower) to lifecycle manager.
[lifecycle_manager-66] [INFO] [1791334909.630605759] [lifecycle_manager_navigation]: Server waypoint_follower connected with bond.
[lifecycle_manager-66] [INFO] [1791334909.630651707] [lifecycle_manager_navigation]: [34m[1mActivating docking_server[0m[0m
[opennav_docking-65] [INFO] [1791334909.631165578] [docking_server]: Activating docking_server
[opennav_docking-65] [INFO] [1791334909.648704870] [docking_server]: Creating bond (docking_server) to lifecycle manager.
[planner_server-58] [WARN] [1791334909.739180888] [global_costmap.global_costmap]: Sensor origin at (-0.04, 0.00) is out of map bounds (0.00, 0.00) to (4.95, 4.95). The costmap cannot raytrace for it.
[lifecycle_manager-66] [INFO] [1791334909.756811837] [lifecycle_manager_navigation]: Server docking_server connected with bond.
[lifecycle_manager-66] [INFO] [1791334909.756839098] [lifecycle_manager_navigation]: [34m[1mManaged nodes are active[0m[0m
[lifecycle_manager-66] [INFO] [1791334909.756842853] [lifecycle_manager_navigation]: [34m[1mCreating bond timer...[0m[0m
[planner_server-58] [WARN] [1791334910.739173595] [global_costmap.global_costmap]: Sensor origin at (-0.04, 0.00) is out of map bounds (0.00, 0.00) to (4.95, 4.95). The costmap cannot raytrace for it.
[controller_server-56] [WARN] [1791334911.317395083] [local_costmap.local_costmap]: Can't update static costmap layer, no map received
[planner_server-58] [WARN] [1791334911.739173025] [global_costmap.global_costmap]: Sensor origin at (-0.04, 0.00) is out of map bounds (0.00, 0.00) to (4.95, 4.95). The costmap cannot raytrace for it.
[rviz2-50] [INFO] [1791334911.959415938] [rviz2]: Trying to create a map of size 83 x 83 using 1 swatches
[planner_server-58] [WARN] [1791334912.739180300] [global_costmap.global_costmap]: Sensor origin at (-0.04, 0.00) is out of map bounds (0.00, 0.00) to (4.95, 4.95). The costmap cannot raytrace for it.
[controller_server-56] [WARN] [1791334913.317418638] [local_costmap.local_costmap]: Can't update static costmap layer, no map received
[planner_server-58] [WARN] [1791334913.739166389] [global_costmap.global_costmap]: Sensor origin at (-0.04, 0.00) is out of map bounds (0.00, 0.00) to (4.95, 4.95). The costmap cannot raytrace for it.
[planner_server-58] [WARN] [1791334914.739161748] [nav2_costmap_2d]: Robot is out of bounds of the costmap
[planner_server-58] [WARN] [1791334914.739200708] [global_costmap.global_costmap]: Sensor origin at (-0.04, 0.00) is out of map bounds (0.00, 0.00) to (4.95, 4.95). The costmap cannot raytrace for it.
[controller_server-56] [WARN] [1791334915.317482832] [local_costmap.local_costmap]: Can't update static costmap layer, no map received
[planner_server-58] [WARN] [1791334915.739154398] [global_costmap.global_costmap]: Sensor origin at (-0.04, 0.00) is out of map bounds (0.00, 0.00) to (4.95, 4.95). The costmap cannot raytrace for it.
[planner_server-58] [WARN] [1791334916.739157874] [global_costmap.global_costmap]: Sensor origin at (-0.04, 0.00) is out of map bounds (0.00, 0.00) to (4.95, 4.95). The costmap cannot raytrace for it.
[controller_server-56] [WARN] [1791334917.317375958] [local_costmap.local_costmap]: Can't update static costmap layer, no map received
[planner_server-58] [WARN] [1791334917.739153090] [global_costmap.global_costmap]: Sensor origin at (-0.04, 0.00) is out of map bounds (0.00, 0.00) to (4.95, 4.95). The costmap cannot raytrace for it.
[planner_server-58] [WARN] [1791334917.739218613] [global_costmap.global_costmap]: Can't update static costmap layer, no map received
[planner_server-58] [WARN] [1791334918.739180014] [global_costmap.global_costmap]: Sensor origin at (-0.04, 0.00) is out of map bounds (0.00, 0.00) to (4.95, 4.95). The costmap cannot raytrace for it.
[controller_server-56] [WARN] [1791334919.317432566] [local_costmap.local_costmap]: Can't update static costmap layer, no map received
[planner_server-58] [WARN] [1791334919.739165052] [global_costmap.global_costmap]: Sensor origin at (-0.04, 0.00) is out of map bounds (0.00, 0.00) to (4.95, 4.95). The costmap cannot raytrace for it.
[planner_server-58] [WARN] [1791334920.739143996] [nav2_costmap_2d]: Robot is out of bounds of the costmap
[planner_server-58] [WARN] [1791334920.739164900] [global_costmap.global_costmap]: Sensor origin at (-0.04, 0.00) is out of map bounds (0.00, 0.00) to (4.95, 4.95). The costmap cannot raytrace for it.
[controller_server-56] [WARN] [1791334921.317386207] [local_costmap.local_costmap]: Can't update static costmap layer, no map received
[planner_server-58] [WARN] [1791334921.739168248] [global_costmap.global_costmap]: Sensor origin at (-0.04, 0.00) is out of map bounds (0.00, 0.00) to (4.95, 4.95). The costmap cannot raytrace for it.
[planner_server-58] [WARN] [1791334922.739149456] [global_costmap.global_costmap]: Sensor origin at (-0.04, 0.00) is out of map bounds (0.00, 0.00) to (4.95, 4.95). The costmap cannot raytrace for it.
[controller_server-56] [WARN] [1791334923.317541232] [local_costmap.local_costmap]: Can't update static costmap layer, no map received
[planner_server-58] [WARN] [1791334923.739156536] [global_costmap.global_costmap]: Sensor origin at (-0.04, 0.00) is out of map bounds (0.00, 0.00) to (4.95, 4.95). The costmap cannot raytrace for it.
[planner_server-58] [WARN] [1791334924.739152548] [global_costmap.global_costmap]: Sensor origin at (-0.04, 0.00) is out of map bounds (0.00, 0.00) to (4.95, 4.95). The costmap cannot raytrace for it.
[controller_server-56] [WARN] [1791334925.317410226] [local_costmap.local_costmap]: Can't update static costmap layer, no map received
[planner_server-58] [WARN] [1791334925.739146156] [nav2_costmap_2d]: Robot is out of bounds of the costmap
[planner_server-58] [WARN] [1791334925.739167290] [global_costmap.global_costmap]: Sensor origin at (-0.04, 0.00) is out of map bounds (0.00, 0.00) to (4.95, 4.95). The costmap cannot raytrace for it.
[planner_server-58] [WARN] [1791334926.739150119] [global_costmap.global_costmap]: Sensor origin at (-0.04, 0.00) is out of map bounds (0.00, 0.00) to (4.95, 4.95). The costmap cannot raytrace for it.
[controller_server-56] [WARN] [1791334927.317385373] [local_costmap.local_costmap]: Can't update static costmap layer, no map received
[planner_server-58] [WARN] [1791334927.739152210] [global_costmap.global_costmap]: Sensor origin at (-0.04, 0.00) is out of map bounds (0.00, 0.00) to (4.95, 4.95). The costmap cannot raytrace for it.
[planner_server-58] [WARN] [1791334927.739187044] [global_costmap.global_costmap]: Can't update static costmap layer, no map received
[planner_server-58] [WARN] [1791334928.739151542] [global_costmap.global_costmap]: Sensor origin at (-0.04, 0.00) is out of map bounds (0.00, 0.00) to (4.95, 4.95). The costmap cannot raytrace for it.
[controller_server-56] [WARN] [1791334929.317417240] [local_costmap.local_costmap]: Can't update static costmap layer, no map received
[planner_server-58] [WARN] [1791334929.739152970] [global_costmap.global_costmap]: Sensor origin at (-0.04, 0.00) is out of map bounds (0.00, 0.00) to (4.95, 4.95). The costmap cannot raytrace for it.
[planner_server-58] [WARN] [1791334930.739149034] [nav2_costmap_2d]: Robot is out of bounds of the costmap
[planner_server-58] [WARN] [1791334930.739170847] [global_costmap.global_costmap]: Sensor origin at (-0.04, 0.00) is out of map bounds (0.00, 0.00) to (4.95, 4.95). The costmap cannot raytrace for it.
[controller_server-56] [WARN] [1791334931.317391219] [local_costmap.local_costmap]: Can't update static costmap layer, no map received
[planner_server-58] [WARN] [1791334931.739154278] [global_costmap.global_costmap]: Sensor origin at (-0.04, 0.00) is out of map bounds (0.00, 0.00) to (4.95, 4.95). The costmap cannot raytrace for it.
[planner_server-58] [WARN] [1791334932.739161249] [global_costmap.global_costmap]: Sensor origin at (-0.04, 0.00) is out of map bounds (0.00, 0.00) to (4.95, 4.95). The costmap cannot raytrace for it.
[controller_server-56] [WARN] [1791334933.317430491] [local_costmap.local_costmap]: Can't update static costmap layer, no map received
[planner_server-58] [WARN] [1791334933.739309755] [global_costmap.global_costmap]: Sensor origin at (-0.04, 0.00) is out of map bounds (0.00, 0.00) to (4.95, 4.95). The costmap cannot raytrace for it.
[turtlebot4_node-29] [ERROR] [1791334933.987182673] [turtlebot4_node]: Service stop_motor unavailable.
[turtlebot4_node-29] [ERROR] [1791334933.997502018] [turtlebot4_node]: Service oakd/stop_camera unavailable.
[planner_server-58] [WARN] [1791334934.739174456] [global_costmap.global_costmap]: Sensor origin at (-0.04, 0.00) is out of map bounds (0.00, 0.00) to (4.95, 4.95). The costmap cannot raytrace for it.
[controller_server-56] [WARN] [1791334935.317398946] [local_costmap.local_costmap]: Can't update static costmap layer, no map received
[planner_server-58] [WARN] [1791334935.739148168] [global_costmap.global_costmap]: Sensor origin at (-0.04, 0.00) is out of map bounds (0.00, 0.00) to (4.95, 4.95). The costmap cannot raytrace for it.
[planner_server-58] [WARN] [1791334936.739159685] [nav2_costmap_2d]: Robot is out of bounds of the costmap
[planner_server-58] [WARN] [1791334936.739182915] [global_costmap.global_costmap]: Sensor origin at (-0.04, 0.00) is out of map bounds (0.00, 0.00) to (4.95, 4.95). The costmap cannot raytrace for it.
[controller_server-56] [WARN] [1791334937.317430789] [local_costmap.local_costmap]: Can't update static costmap layer, no map received
[planner_server-58] [WARN] [1791334937.739152448] [global_costmap.global_costmap]: Sensor origin at (-0.04, 0.00) is out of map bounds (0.00, 0.00) to (4.95, 4.95). The costmap cannot raytrace for it.
[planner_server-58] [WARN] [1791334937.739183719] [global_costmap.global_costmap]: Can't update static costmap layer, no map received
[planner_server-58] [WARN] [1791334938.739155508] [global_costmap.global_costmap]: Sensor origin at (-0.04, 0.00) is out of map bounds (0.00, 0.00) to (4.95, 4.95). The costmap cannot raytrace for it.
[gazebo-1] [INFO] [1791334939.117221542] [lite6_traj_controller]: Received new action goal
[gazebo-1] [INFO] [1791334939.117263704] [lite6_traj_controller]: Accepted new action goal
[controller_server-56] [WARN] [1791334939.317440273] [local_costmap.local_costmap]: Can't update static costmap layer, no map received
[planner_server-58] [WARN] [1791334939.739154249] [global_costmap.global_costmap]: Sensor origin at (-0.04, 0.00) is out of map bounds (0.00, 0.00) to (4.95, 4.95). The costmap cannot raytrace for it.
[planner_server-58] [WARN] [1791334940.739151569] [global_costmap.global_costmap]: Sensor origin at (-0.04, 0.00) is out of map bounds (0.00, 0.00) to (4.95, 4.95). The costmap cannot raytrace for it.
[controller_server-56] [WARN] [1791334941.317386201] [local_costmap.local_costmap]: Can't update static costmap layer, no map received
[planner_server-58] [WARN] [1791334941.739155780] [global_costmap.global_costmap]: Sensor origin at (-0.04, 0.00) is out of map bounds (0.00, 0.00) to (4.95, 4.95). The costmap cannot raytrace for it.
[planner_server-58] [WARN] [1791334942.739146306] [nav2_costmap_2d]: Robot is out of bounds of the costmap
[planner_server-58] [WARN] [1791334942.739169708] [global_costmap.global_costmap]: Sensor origin at (-0.04, 0.00) is out of map bounds (0.00, 0.00) to (4.95, 4.95). The costmap cannot raytrace for it.
[controller_server-56] [WARN] [1791334943.317419587] [local_costmap.local_costmap]: Can't update static costmap layer, no map received
[planner_server-58] [WARN] [1791334943.739158612] [global_costmap.global_costmap]: Sensor origin at (-0.04, 0.00) is out of map bounds (0.00, 0.00) to (4.95, 4.95). The costmap cannot raytrace for it.
[planner_server-58] [WARN] [1791334944.739165814] [global_costmap.global_costmap]: Sensor origin at (-0.04, 0.00) is out of map bounds (0.00, 0.00) to (4.95, 4.95). The costmap cannot raytrace for it.
[controller_server-56] [WARN] [1791334945.317426225] [local_costmap.local_costmap]: Can't update static costmap layer, no map received
[planner_server-58] [WARN] [1791334945.739171941] [global_costmap.global_costmap]: Sensor origin at (-0.04, 0.00) is out of map bounds (0.00, 0.00) to (4.95, 4.95). The costmap cannot raytrace for it.
[planner_server-58] [WARN] [1791334946.739151413] [global_costmap.global_costmap]: Sensor origin at (-0.04, 0.00) is out of map bounds (0.00, 0.00) to (4.95, 4.95). The costmap cannot raytrace for it.
[controller_server-56] [WARN] [1791334947.317382884] [local_costmap.local_costmap]: Can't update static costmap layer, no map received
[planner_server-58] [WARN] [1791334947.739147389] [nav2_costmap_2d]: Robot is out of bounds of the costmap
[planner_server-58] [WARN] [1791334947.739168539] [global_costmap.global_costmap]: Sensor origin at (-0.04, 0.00) is out of map bounds (0.00, 0.00) to (4.95, 4.95). The costmap cannot raytrace for it.
[planner_server-58] [WARN] [1791334947.739192026] [global_costmap.global_costmap]: Can't update static costmap layer, no map received
[planner_server-58] [WARN] [1791334948.739162707] [global_costmap.global_costmap]: Sensor origin at (-0.04, 0.00) is out of map bounds (0.00, 0.00) to (4.95, 4.95). The costmap cannot raytrace for it.
[controller_server-56] [WARN] [1791334949.317409436] [local_costmap.local_costmap]: Can't update static costmap layer, no map received
[planner_server-58] [WARN] [1791334949.739158334] [global_costmap.global_costmap]: Sensor origin at (-0.04, 0.00) is out of map bounds (0.00, 0.00) to (4.95, 4.95). The costmap cannot raytrace for it.
[planner_server-58] [WARN] [1791334950.739151644] [global_costmap.global_costmap]: Sensor origin at (-0.04, 0.00) is out of map bounds (0.00, 0.00) to (4.95, 4.95). The costmap cannot raytrace for it.
[controller_server-56] [WARN] [1791334951.317408622] [local_costmap.local_costmap]: Can't update static costmap layer, no map received
[planner_server-58] [WARN] [1791334951.739154327] [global_costmap.global_costmap]: Sensor origin at (-0.04, 0.00) is out of map bounds (0.00, 0.00) to (4.95, 4.95). The costmap cannot raytrace for it.
[planner_server-58] [WARN] [1791334952.739172058] [nav2_costmap_2d]: Robot is out of bounds of the costmap
[planner_server-58] [WARN] [1791334952.739196630] [global_costmap.global_costmap]: Sensor origin at (-0.04, 0.00) is out of map bounds (0.00, 0.00) to (4.95, 4.95). The costmap cannot raytrace for it.
[controller_server-56] [WARN] [1791334953.317509308] [local_costmap.local_costmap]: Can't update static costmap layer, no map received
[planner_server-58] [WARN] [1791334953.739167653] [global_costmap.global_costmap]: Sensor origin at (-0.04, 0.00) is out of map bounds (0.00, 0.00) to (4.95, 4.95). The costmap cannot raytrace for it.
[planner_server-58] [WARN] [1791334954.739178518] [global_costmap.global_costmap]: Sensor origin at (-0.04, 0.00) is out of map bounds (0.00, 0.00) to (4.95, 4.95). The costmap cannot raytrace for it.
[controller_server-56] [WARN] [1791334955.317450580] [local_costmap.local_costmap]: Can't update static costmap layer, no map received
[planner_server-58] [WARN] [1791334955.739156462] [global_costmap.global_costmap]: Sensor origin at (-0.04, 0.00) is out of map bounds (0.00, 0.00) to (4.95, 4.95). The costmap cannot raytrace for it.
[planner_server-58] [WARN] [1791334956.739161865] [global_costmap.global_costmap]: Sensor origin at (-0.04, 0.00) is out of map bounds (0.00, 0.00) to (4.95, 4.95). The costmap cannot raytrace for it.
[controller_server-56] [WARN] [1791334957.317412105] [local_costmap.local_costmap]: Can't update static costmap layer, no map received
[planner_server-58] [WARN] [1791334957.739158394] [global_costmap.global_costmap]: Sensor origin at (-0.04, 0.00) is out of map bounds (0.00, 0.00) to (4.95, 4.95). The costmap cannot raytrace for it.
[planner_server-58] [WARN] [1791334957.739193644] [global_costmap.global_costmap]: Can't update static costmap layer, no map received
[planner_server-58] [WARN] [1791334958.739145045] [nav2_costmap_2d]: Robot is out of bounds of the costmap
[planner_server-58] [WARN] [1791334958.739168885] [global_costmap.global_costmap]: Sensor origin at (-0.04, 0.00) is out of map bounds (0.00, 0.00) to (4.95, 4.95). The costmap cannot raytrace for it.
[controller_server-56] [WARN] [1791334959.317434067] [local_costmap.local_costmap]: Can't update static costmap layer, no map received
[planner_server-58] [WARN] [1791334959.739142490] [global_costmap.global_costmap]: Sensor origin at (-0.04, 0.00) is out of map bounds (0.00, 0.00) to (4.95, 4.95). The costmap cannot raytrace for it.
[planner_server-58] [WARN] [1791334960.739158621] [global_costmap.global_costmap]: Sensor origin at (-0.04, 0.00) is out of map bounds (0.00, 0.00) to (4.95, 4.95). The costmap cannot raytrace for it.
[controller_server-56] [WARN] [1791334961.317401062] [local_costmap.local_costmap]: Can't update static costmap layer, no map received
[planner_server-58] [WARN] [1791334961.739147879] [global_costmap.global_costmap]: Sensor origin at (-0.04, 0.00) is out of map bounds (0.00, 0.00) to (4.95, 4.95). The costmap cannot raytrace for it.
[planner_server-58] [WARN] [1791334962.739143988] [global_costmap.global_costmap]: Sensor origin at (-0.04, 0.00) is out of map bounds (0.00, 0.00) to (4.95, 4.95). The costmap cannot raytrace for it.
[controller_server-56] [WARN] [1791334963.317428653] [local_costmap.local_costmap]: Can't update static costmap layer, no map received
[planner_server-58] [WARN] [1791334963.739145924] [nav2_costmap_2d]: Robot is out of bounds of the costmap
[planner_server-58] [WARN] [1791334963.739169357] [global_costmap.global_costmap]: Sensor origin at (-0.04, 0.00) is out of map bounds (0.00, 0.00) to (4.95, 4.95). The costmap cannot raytrace for it.
[planner_server-58] [WARN] [1791334964.739149520] [global_costmap.global_costmap]: Sensor origin at (-0.04, 0.00) is out of map bounds (0.00, 0.00) to (4.95, 4.95). The costmap cannot raytrace for it.
[controller_server-56] [WARN] [1791334965.317434140] [local_costmap.local_costmap]: Can't update static costmap layer, no map received
[planner_server-58] [WARN] [1791334965.739152508] [global_costmap.global_costmap]: Sensor origin at (-0.04, 0.00) is out of map bounds (0.00, 0.00) to (4.95, 4.95). The costmap cannot raytrace for it.
[planner_server-58] [WARN] [1791334966.739154001] [global_costmap.global_costmap]: Sensor origin at (-0.04, 0.00) is out of map bounds (0.00, 0.00) to (4.95, 4.95). The costmap cannot raytrace for it.
[controller_server-56] [WARN] [1791334967.317415212] [local_costmap.local_costmap]: Can't update static costmap layer, no map received
[planner_server-58] [WARN] [1791334967.739150862] [global_costmap.global_costmap]: Sensor origin at (-0.04, 0.00) is out of map bounds (0.00, 0.00) to (4.95, 4.95). The costmap cannot raytrace for it.
[planner_server-58] [WARN] [1791334967.739184033] [global_costmap.global_costmap]: Can't update static costmap layer, no map received
[planner_server-58] [WARN] [1791334968.739150616] [global_costmap.global_costmap]: Sensor origin at (-0.04, 0.00) is out of map bounds (0.00, 0.00) to (4.95, 4.95). The costmap cannot raytrace for it.
[controller_server-56] [WARN] [1791334969.317661079] [local_costmap.local_costmap]: Can't update static costmap layer, no map received
[gazebo-1] [INFO] [1791334969.570306184] [lite6_traj_controller]: Goal reached, success!
[motion_control-34] [INFO] [1791334969.720708453] [motion_control]: Received new undock goal
[planner_server-58] [WARN] [1791334969.739159725] [nav2_costmap_2d]: Robot is out of bounds of the costmap
[planner_server-58] [WARN] [1791334969.739183140] [global_costmap.global_costmap]: Sensor origin at (-0.04, 0.00) is out of map bounds (0.00, 0.00) to (4.95, 4.95). The costmap cannot raytrace for it.
[planner_server-58] [WARN] [1791334970.739149550] [global_costmap.global_costmap]: Sensor origin at (-0.04, 0.00) is out of map bounds (0.00, 0.00) to (4.95, 4.95). The costmap cannot raytrace for it.
[controller_server-56] [WARN] [1791334971.317624437] [local_costmap.local_costmap]: Can't update static costmap layer, no map received
[turtlebot4_node-29] [INFO] [1791334971.540992743] [turtlebot4_node]: OAKD started
[turtlebot4_node-29] [INFO] [1791334971.541033233] [turtlebot4_node]: RPLIDAR started
[planner_server-58] [WARN] [1791334971.739152387] [global_costmap.global_costmap]: Sensor origin at (-0.04, 0.00) is out of map bounds (0.00, 0.00) to (4.95, 4.95). The costmap cannot raytrace for it.
[planner_server-58] [WARN] [1791334972.739153047] [global_costmap.global_costmap]: Sensor origin at (-0.06, 0.00) is out of map bounds (0.00, 0.00) to (4.95, 4.95). The costmap cannot raytrace for it.
[controller_server-56] [WARN] [1791334973.317427390] [local_costmap.local_costmap]: Can't update static costmap layer, no map received
[planner_server-58] [WARN] [1791334973.739154505] [global_costmap.global_costmap]: Sensor origin at (-0.08, 0.00) is out of map bounds (0.00, 0.00) to (4.95, 4.95). The costmap cannot raytrace for it.
[planner_server-58] [WARN] [1791334974.739164153] [global_costmap.global_costmap]: Sensor origin at (-0.10, 0.00) is out of map bounds (0.00, 0.00) to (4.95, 4.95). The costmap cannot raytrace for it.
[controller_server-56] [WARN] [1791334975.317431671] [local_costmap.local_costmap]: Can't update static costmap layer, no map received
[planner_server-58] [WARN] [1791334975.739148351] [nav2_costmap_2d]: Robot is out of bounds of the costmap
[planner_server-58] [WARN] [1791334975.739170199] [global_costmap.global_costmap]: Sensor origin at (-0.12, 0.01) is out of map bounds (0.00, 0.00) to (4.95, 4.95). The costmap cannot raytrace for it.
[planner_server-58] [WARN] [1791334976.739150416] [global_costmap.global_costmap]: Sensor origin at (-0.13, 0.01) is out of map bounds (0.00, 0.00) to (4.95, 4.95). The costmap cannot raytrace for it.
[controller_server-56] [WARN] [1791334977.317434071] [local_costmap.local_costmap]: Can't update static costmap layer, no map received
[planner_server-58] [WARN] [1791334977.739152173] [global_costmap.global_costmap]: Sensor origin at (-0.16, 0.01) is out of map bounds (0.00, 0.00) to (4.95, 4.95). The costmap cannot raytrace for it.
[planner_server-58] [WARN] [1791334977.739188853] [global_costmap.global_costmap]: Can't update static costmap layer, no map received
[planner_server-58] [WARN] [1791334978.739154022] [global_costmap.global_costmap]: Sensor origin at (-0.18, 0.01) is out of map bounds (0.00, 0.00) to (4.95, 4.95). The costmap cannot raytrace for it.
