[INFO] [launch]: All log files can be found below /home/y/u/yunqiao/.ros/log/2026-10-07-00-02-12-980653-yellow-17.eecs.kth.se-46594
[INFO] [launch]: Default logging verbosity is set to INFO
[INFO] [gazebo-1]: process started with pid [46622]
[INFO] [parameter_bridge-2]: process started with pid [46624]
[INFO] [robot_state_publisher-3]: process started with pid [46626]
[INFO] [robot_state_publisher-4]: process started with pid [46629]
[INFO] [static_transform_publisher-5]: process started with pid [46631]
[INFO] [create-6]: process started with pid [46633]
[INFO] [create-7]: process started with pid [46635]
[INFO] [parameter_bridge-8]: process started with pid [46637]
[INFO] [parameter_bridge-9]: process started with pid [46639]
[INFO] [parameter_bridge-10]: process started with pid [46641]
[INFO] [parameter_bridge-11]: process started with pid [46643]
[INFO] [parameter_bridge-12]: process started with pid [46645]
[INFO] [parameter_bridge-13]: process started with pid [46647]
[INFO] [parameter_bridge-14]: process started with pid [46649]
[INFO] [parameter_bridge-15]: process started with pid [46651]
[INFO] [parameter_bridge-16]: process started with pid [46653]
[INFO] [parameter_bridge-17]: process started with pid [46655]
[INFO] [parameter_bridge-18]: process started with pid [46657]
[INFO] [parameter_bridge-19]: process started with pid [46660]
[INFO] [parameter_bridge-20]: process started with pid [46662]
[INFO] [parameter_bridge-21]: process started with pid [46664]
[INFO] [parameter_bridge-22]: process started with pid [46666]
[INFO] [parameter_bridge-23]: process started with pid [46668]
[INFO] [parameter_bridge-24]: process started with pid [46670]
[INFO] [parameter_bridge-25]: process started with pid [46672]
[INFO] [parameter_bridge-26]: process started with pid [46674]
[INFO] [parameter_bridge-27]: process started with pid [46676]
[INFO] [parameter_bridge-28]: process started with pid [46678]
[INFO] [turtlebot4_node-29]: process started with pid [46680]
[INFO] [turtlebot4_gz_hmi_node-30]: process started with pid [46682]
[INFO] [spawner-31]: process started with pid [46684]
[INFO] [hazards_vector_publisher-32]: process started with pid [46686]
[INFO] [ir_intensity_vector_publisher-33]: process started with pid [46688]
[INFO] [motion_control-34]: process started with pid [46690]
[INFO] [wheel_status_publisher-35]: process started with pid [46692]
[INFO] [mock_publisher-36]: process started with pid [46694]
[INFO] [robot_state-37]: process started with pid [46696]
[INFO] [kidnap_estimator_publisher-38]: process started with pid [46698]
[INFO] [ui_mgr-39]: process started with pid [46700]
[INFO] [pose_republisher_node-40]: process started with pid [46702]
[INFO] [sensors_node-41]: process started with pid [46704]
[INFO] [interface_buttons_node-42]: process started with pid [46706]
[INFO] [static_transform_publisher-43]: process started with pid [46708]
[INFO] [static_transform_publisher-44]: process started with pid [46710]
[INFO] [parameter_bridge-45]: process started with pid [46712]
[INFO] [parameter_bridge-46]: process started with pid [46714]
[INFO] [wait_for_ready-47]: process started with pid [46716]
[INFO] [wait_for_ready-48]: process started with pid [46718]
[static_transform_publisher-5] [WARN] [1791324135.353149770] []: Old-style arguments are deprecated; see --help for new-style arguments
[static_transform_publisher-5] [INFO] [1791324135.482916268] [tf_odom_std_dock_link_publisher]: Spinning until stopped - publishing transform
[static_transform_publisher-5] translation: ('0.157000', '0.000000', '0.000000')
[static_transform_publisher-5] rotation: ('0.000000', '0.000000', '1.000000', '0.000000')
[static_transform_publisher-5] from 'odom' to 'std_dock_link'
[motion_control-34] [INFO] [1791324135.565381012] [motion_control]: Enabling REFLEX_BUMP
[motion_control-34] [INFO] [1791324135.565695153] [motion_control]: Enabling REFLEX_CLIFF
[motion_control-34] [INFO] [1791324135.566234454] [motion_control]: Enabling REFLEX_STUCK
[motion_control-34] [INFO] [1791324135.566423897] [motion_control]: Enabling REFLEX_WHEEL_DROP
[ir_intensity_vector_publisher-33] [INFO] [1791324135.567238678] [ir_intensity_vector_publisher]: Advertised topic: ir_intensity
[ir_intensity_vector_publisher-33] [INFO] [1791324135.567507597] [ir_intensity_vector_publisher]: Subscription to topic: _internal/ir_intensity_front_center_left
[ir_intensity_vector_publisher-33] [INFO] [1791324135.567685868] [ir_intensity_vector_publisher]: Subscription to topic: _internal/ir_intensity_front_center_right
[ir_intensity_vector_publisher-33] [INFO] [1791324135.567857688] [ir_intensity_vector_publisher]: Subscription to topic: _internal/ir_intensity_front_left
[ir_intensity_vector_publisher-33] [INFO] [1791324135.568846311] [ir_intensity_vector_publisher]: Subscription to topic: _internal/ir_intensity_front_right
[ir_intensity_vector_publisher-33] [INFO] [1791324135.569218732] [ir_intensity_vector_publisher]: Subscription to topic: _internal/ir_intensity_left
[ir_intensity_vector_publisher-33] [INFO] [1791324135.569453745] [ir_intensity_vector_publisher]: Subscription to topic: _internal/ir_intensity_right
[ir_intensity_vector_publisher-33] [INFO] [1791324135.569678700] [ir_intensity_vector_publisher]: Subscription to topic: _internal/ir_intensity_side_left
[ui_mgr-39] [INFO] [1791324135.626376830] [ui_mgr]: Subscription to topic: cmd_lightring
[ui_mgr-39] [INFO] [1791324135.626875555] [ui_mgr]: Subscription to topic: cmd_audio
[hazards_vector_publisher-32] [INFO] [1791324135.632608184] [hazards_vector_publisher]: Advertised topic: hazard_detection
[hazards_vector_publisher-32] [INFO] [1791324135.632995493] [hazards_vector_publisher]: Subscription to topic: _internal/bumper/event
[hazards_vector_publisher-32] [INFO] [1791324135.633236871] [hazards_vector_publisher]: Subscription to topic: _internal/cliff_front_left/event
[hazards_vector_publisher-32] [INFO] [1791324135.633463802] [hazards_vector_publisher]: Subscription to topic: _internal/cliff_front_right/event
[hazards_vector_publisher-32] [INFO] [1791324135.637613687] [hazards_vector_publisher]: Subscription to topic: _internal/cliff_side_left/event
[hazards_vector_publisher-32] [INFO] [1791324135.638540891] [hazards_vector_publisher]: Subscription to topic: _internal/cliff_side_right/event
[hazards_vector_publisher-32] [INFO] [1791324135.639209614] [hazards_vector_publisher]: Subscription to topic: _internal/wheel_drop/left_wheel/event
[hazards_vector_publisher-32] [INFO] [1791324135.639460534] [hazards_vector_publisher]: Subscription to topic: _internal/wheel_drop/right_wheel/event
[hazards_vector_publisher-32] [INFO] [1791324135.639724718] [hazards_vector_publisher]: Subscription to topic: _internal/backup_limit
[wheel_status_publisher-35] [INFO] [1791324135.641108863] [wheel_status_publisher]: Advertised topic: wheel_vels
[wheel_status_publisher-35] [INFO] [1791324135.641759908] [wheel_status_publisher]: Advertised topic: wheel_ticks
[kidnap_estimator_publisher-38] [INFO] [1791324135.647046209] [kidnap_estimator_publisher]: Advertised topic: kidnap_status
[kidnap_estimator_publisher-38] [INFO] [1791324135.647413380] [kidnap_estimator_publisher]: Subscription to topic: hazard_detection
[mock_publisher-36] [INFO] [1791324135.693987085] [mock_publisher]: Advertised mocked topic: slip_status
[robot_state-37] [INFO] [1791324135.696864339] [robot_state]: Advertised topic: battery_state
[robot_state-37] [INFO] [1791324135.710663357] [robot_state]: Subscription to topic: dock_status
[robot_state-37] [INFO] [1791324135.712070034] [robot_state]: Advertised topic: stop_status
[robot_state-37] [INFO] [1791324135.717664611] [robot_state]: Subscription to topic: odom
[turtlebot4_node-29] [INFO] [1791324135.746014941] [turtlebot4_node]: Init Turtlebot4 Node Main
[robot_state_publisher-4] [WARN] [1791324135.759664552] [kdl_parser]: The root link std_dock_link has an inertia specified in the URDF, but KDL does not support a root link with an inertia.  As a workaround, you can add an extra dummy link to your URDF.
[robot_state_publisher-4] [INFO] [1791324135.759715037] [dock_state_publisher]: Robot initialized
[static_transform_publisher-43] [WARN] [1791324135.771109346] []: Old-style arguments are deprecated; see --help for new-style arguments
[robot_state_publisher-3] [WARN] [1791324135.798164413] [kdl_parser]: The root link base_link has an inertia specified in the URDF, but KDL does not support a root link with an inertia.  As a workaround, you can add an extra dummy link to your URDF.
[robot_state_publisher-3] [INFO] [1791324135.799665768] [robot_state_publisher]: Robot initialized
[static_transform_publisher-44] [WARN] [1791324135.820350821] []: Old-style arguments are deprecated; see --help for new-style arguments
[turtlebot4_node-29] [INFO] [1791324135.825902293] [turtlebot4_node]: Buttons Init
[turtlebot4_node-29] [INFO] [1791324135.833807037] [turtlebot4_node]: Init Display
[turtlebot4_node-29] [INFO] [1791324135.834459982] [turtlebot4_node]: Leds Init
[turtlebot4_node-29] [INFO] [1791324135.838515965] [turtlebot4_node]: Turtlebot4 standard running.
[static_transform_publisher-43] [INFO] [1791324135.853578055] [rplidar_stf]: Spinning until stopped - publishing transform
[static_transform_publisher-43] translation: ('0.000000', '0.000000', '0.000000')
[static_transform_publisher-43] rotation: ('0.000000', '0.000000', '0.000000', '1.000000')
[static_transform_publisher-43] from 'rplidar_link' to 'turtlebot4/rplidar_link/rplidar'
[static_transform_publisher-44] [INFO] [1791324135.893297081] [camera_stf]: Spinning until stopped - publishing transform
[static_transform_publisher-44] translation: ('0.000000', '0.000000', '0.000000')
[static_transform_publisher-44] rotation: ('0.499952', '-0.500000', '0.500000', '0.500048')
[static_transform_publisher-44] from 'oakd_rgb_camera_optical_frame' to 'turtlebot4/oakd_rgb_camera_frame/rgbd_camera'
[create-6] [INFO] [1791324136.230623496] [ros_gz_sim]: Requesting list of world names.
[create-7] [INFO] [1791324136.273501346] [ros_gz_sim]: Requesting list of world names.
[parameter_bridge-2] [INFO] [1791324136.360715466] [clock_bridge]: Creating GZ->ROS Bridge: [/clock (gz.msgs.Clock) -> /clock (rosgraph_msgs/msg/Clock)] (Lazy 0)
[parameter_bridge-10] [INFO] [1791324136.381586216] [odom_base_tf_bridge]: Creating GZ->ROS Bridge: [/model/turtlebot4/tf (gz.msgs.Pose_V) -> /model/turtlebot4/tf (tf2_msgs/msg/TFMessage)] (Lazy 0)
[parameter_bridge-15] [INFO] [1791324136.418960931] [cliff_side_right_bridge]: Creating GZ->ROS Bridge: [/world/warehouse/model/turtlebot4/link/base_link/sensor/cliff_side_right/scan (gz.msgs.LaserScan) -> /world/warehouse/model/turtlebot4/link/base_link/sensor/cliff_side_right/scan (sensor_msgs/msg/LaserScan)] (Lazy 0)
[parameter_bridge-24] [INFO] [1791324136.424097099] [hmi_display_msg_bridge]: Creating ROS->GZ Bridge: [/hmi/display/raw (std_msgs/msg/String) -> /hmi/display/raw (gz.msgs.StringMsg)] (Lazy 0)
[parameter_bridge-24] [INFO] [1791324136.436970867] [hmi_display_msg_bridge]: Creating ROS->GZ Bridge: [/hmi/display/selected (std_msgs/msg/Int32) -> /hmi/display/selected (gz.msgs.Int32)] (Lazy 0)
[gazebo-1] Warning: Ignoring XDG_SESSION_TYPE=wayland on Gnome. Use QT_QPA_PLATFORM=wayland to run on Wayland anyway.
[parameter_bridge-21] [INFO] [1791324137.112752429] [ir_intensity_right_bridge]: Creating GZ->ROS Bridge: [/world/warehouse/model/turtlebot4/link/ir_intensity_right/sensor/ir_intensity_right/scan (gz.msgs.LaserScan) -> /world/warehouse/model/turtlebot4/link/ir_intensity_right/sensor/ir_intensity_right/scan (sensor_msgs/msg/LaserScan)] (Lazy 0)
[parameter_bridge-14] [INFO] [1791324137.152354763] [cliff_side_left_bridge]: Creating GZ->ROS Bridge: [/world/warehouse/model/turtlebot4/link/base_link/sensor/cliff_side_left/scan (gz.msgs.LaserScan) -> /world/warehouse/model/turtlebot4/link/base_link/sensor/cliff_side_left/scan (sensor_msgs/msg/LaserScan)] (Lazy 0)
[parameter_bridge-27] [INFO] [1791324137.186244493] [lidar_bridge]: Creating GZ->ROS Bridge: [/world/warehouse/model/turtlebot4/link/rplidar_link/sensor/rplidar/scan (gz.msgs.LaserScan) -> /world/warehouse/model/turtlebot4/link/rplidar_link/sensor/rplidar/scan (sensor_msgs/msg/LaserScan)] (Lazy 0)
[parameter_bridge-22] [INFO] [1791324137.189965541] [ir_intensity_side_left_bridge]: Creating GZ->ROS Bridge: [/world/warehouse/model/turtlebot4/link/ir_intensity_side_left/sensor/ir_intensity_side_left/scan (gz.msgs.LaserScan) -> /world/warehouse/model/turtlebot4/link/ir_intensity_side_left/sensor/ir_intensity_side_left/scan (sensor_msgs/msg/LaserScan)] (Lazy 0)
[parameter_bridge-19] [INFO] [1791324137.190323123] [ir_intensity_front_right_bridge]: Creating GZ->ROS Bridge: [/world/warehouse/model/turtlebot4/link/ir_intensity_front_right/sensor/ir_intensity_front_right/scan (gz.msgs.LaserScan) -> /world/warehouse/model/turtlebot4/link/ir_intensity_front_right/sensor/ir_intensity_front_right/scan (sensor_msgs/msg/LaserScan)] (Lazy 0)
[parameter_bridge-11] [INFO] [1791324137.197774361] [bumper_contact_bridge]: Creating GZ->ROS Bridge: [/bumper_contact (gz.msgs.Contacts) -> /bumper_contact (ros_gz_interfaces/msg/Contacts)] (Lazy 0)
[parameter_bridge-16] [INFO] [1791324137.214881696] [ir_intensity_front_center_left_bridge]: Creating GZ->ROS Bridge: [/world/warehouse/model/turtlebot4/link/ir_intensity_front_center_left/sensor/ir_intensity_front_center_left/scan (gz.msgs.LaserScan) -> /world/warehouse/model/turtlebot4/link/ir_intensity_front_center_left/sensor/ir_intensity_front_center_left/scan (sensor_msgs/msg/LaserScan)] (Lazy 0)
[parameter_bridge-8] [INFO] [1791324137.219815054] [cmd_vel_bridge]: Creating GZ->ROS Bridge: [/cmd_vel (gz.msgs.Twist) -> /cmd_vel (geometry_msgs/msg/TwistStamped)] (Lazy 0)
[parameter_bridge-8] [INFO] [1791324137.224346712] [cmd_vel_bridge]: Creating ROS->GZ Bridge: [/model/turtlebot4/cmd_vel (geometry_msgs/msg/TwistStamped) -> /model/turtlebot4/cmd_vel (gz.msgs.Twist)] (Lazy 0)
[parameter_bridge-25] [INFO] [1791324137.245028734] [hmi_buttons_msg_bridge]: Creating GZ->ROS Bridge: [/hmi/buttons (gz.msgs.Int32) -> /hmi/buttons (std_msgs/msg/Int32)] (Lazy 0)
[parameter_bridge-28] [INFO] [1791324137.281844210] [camera_bridge]: Creating GZ->ROS Bridge: [/world/warehouse/model/turtlebot4/link/oakd_rgb_camera_frame/sensor/rgbd_camera/image (gz.msgs.Image) -> /world/warehouse/model/turtlebot4/link/oakd_rgb_camera_frame/sensor/rgbd_camera/image (sensor_msgs/msg/Image)] (Lazy 0)
[parameter_bridge-12] [INFO] [1791324137.293131031] [cliff_front_left_bridge]: Creating GZ->ROS Bridge: [/world/warehouse/model/turtlebot4/link/base_link/sensor/cliff_front_left/scan (gz.msgs.LaserScan) -> /world/warehouse/model/turtlebot4/link/base_link/sensor/cliff_front_left/scan (sensor_msgs/msg/LaserScan)] (Lazy 0)
[parameter_bridge-17] [INFO] [1791324137.295352065] [ir_intensity_front_center_right_bridge]: Creating GZ->ROS Bridge: [/world/warehouse/model/turtlebot4/link/ir_intensity_front_center_right/sensor/ir_intensity_front_center_right/scan (gz.msgs.LaserScan) -> /world/warehouse/model/turtlebot4/link/ir_intensity_front_center_right/sensor/ir_intensity_front_center_right/scan (sensor_msgs/msg/LaserScan)] (Lazy 0)
[parameter_bridge-28] [INFO] [1791324137.299045247] [camera_bridge]: Creating GZ->ROS Bridge: [/world/warehouse/model/turtlebot4/link/oakd_rgb_camera_frame/sensor/rgbd_camera/depth_image (gz.msgs.Image) -> /world/warehouse/model/turtlebot4/link/oakd_rgb_camera_frame/sensor/rgbd_camera/depth_image (sensor_msgs/msg/Image)] (Lazy 0)
[parameter_bridge-9] [INFO] [1791324137.302502350] [pose_bridge]: Creating GZ->ROS Bridge: [/model/turtlebot4/pose (gz.msgs.Pose_V) -> /model/turtlebot4/pose (tf2_msgs/msg/TFMessage)] (Lazy 0)
[parameter_bridge-28] [INFO] [1791324137.303500944] [camera_bridge]: Creating GZ->ROS Bridge: [/world/warehouse/model/turtlebot4/link/oakd_rgb_camera_frame/sensor/rgbd_camera/points (gz.msgs.PointCloudPacked) -> /world/warehouse/model/turtlebot4/link/oakd_rgb_camera_frame/sensor/rgbd_camera/points (sensor_msgs/msg/PointCloud2)] (Lazy 0)
[parameter_bridge-28] [INFO] [1791324137.304829159] [camera_bridge]: Creating GZ->ROS Bridge: [/world/warehouse/model/turtlebot4/link/oakd_rgb_camera_frame/sensor/rgbd_camera/camera_info (gz.msgs.CameraInfo) -> /world/warehouse/model/turtlebot4/link/oakd_rgb_camera_frame/sensor/rgbd_camera/camera_info (sensor_msgs/msg/CameraInfo)] (Lazy 0)
[parameter_bridge-9] [INFO] [1791324137.314382274] [pose_bridge]: Creating GZ->ROS Bridge: [/model/standard_dock/pose (gz.msgs.Pose_V) -> /model/standard_dock/pose (tf2_msgs/msg/TFMessage)] (Lazy 0)
[parameter_bridge-26] [INFO] [1791324137.342802646] [hmi_led_msg_bridge]: Creating ROS->GZ Bridge: [/hmi/led/power (std_msgs/msg/Int32) -> /hmi/led/power (gz.msgs.Int32)] (Lazy 0)
[parameter_bridge-18] [INFO] [1791324137.346154267] [ir_intensity_front_left_bridge]: Creating GZ->ROS Bridge: [/world/warehouse/model/turtlebot4/link/ir_intensity_front_left/sensor/ir_intensity_front_left/scan (gz.msgs.LaserScan) -> /world/warehouse/model/turtlebot4/link/ir_intensity_front_left/sensor/ir_intensity_front_left/scan (sensor_msgs/msg/LaserScan)] (Lazy 0)
[parameter_bridge-26] [INFO] [1791324137.346360957] [hmi_led_msg_bridge]: Creating ROS->GZ Bridge: [/hmi/led/motors (std_msgs/msg/Int32) -> /hmi/led/motors (gz.msgs.Int32)] (Lazy 0)
[parameter_bridge-26] [INFO] [1791324137.348778851] [hmi_led_msg_bridge]: Creating ROS->GZ Bridge: [/hmi/led/comms (std_msgs/msg/Int32) -> /hmi/led/comms (gz.msgs.Int32)] (Lazy 0)
[parameter_bridge-20] [INFO] [1791324137.352594225] [ir_intensity_left_bridge]: Creating GZ->ROS Bridge: [/world/warehouse/model/turtlebot4/link/ir_intensity_left/sensor/ir_intensity_left/scan (gz.msgs.LaserScan) -> /world/warehouse/model/turtlebot4/link/ir_intensity_left/sensor/ir_intensity_left/scan (sensor_msgs/msg/LaserScan)] (Lazy 0)
[parameter_bridge-26] [INFO] [1791324137.355432151] [hmi_led_msg_bridge]: Creating ROS->GZ Bridge: [/hmi/led/wifi (std_msgs/msg/Int32) -> /hmi/led/wifi (gz.msgs.Int32)] (Lazy 0)
[parameter_bridge-26] [INFO] [1791324137.360509696] [hmi_led_msg_bridge]: Creating ROS->GZ Bridge: [/hmi/led/battery (std_msgs/msg/Int32) -> /hmi/led/battery (gz.msgs.Int32)] (Lazy 0)
[parameter_bridge-24] [INFO] [1791324137.361691136] [hmi_display_msg_bridge]: Passing message from ROS std_msgs/msg/String to Gazebo gz.msgs.StringMsg (showing msg only once per type)
[parameter_bridge-24] [INFO] [1791324137.361752410] [hmi_display_msg_bridge]: Passing message from ROS std_msgs/msg/Int32 to Gazebo gz.msgs.Int32 (showing msg only once per type)
[parameter_bridge-26] [INFO] [1791324137.363054758] [hmi_led_msg_bridge]: Creating ROS->GZ Bridge: [/hmi/led/user1 (std_msgs/msg/Int32) -> /hmi/led/user1 (gz.msgs.Int32)] (Lazy 0)
[parameter_bridge-26] [INFO] [1791324137.365142316] [hmi_led_msg_bridge]: Creating ROS->GZ Bridge: [/hmi/led/user2 (std_msgs/msg/Int32) -> /hmi/led/user2 (gz.msgs.Int32)] (Lazy 0)
[parameter_bridge-23] [INFO] [1791324137.401946176] [buttons_msg_bridge]: Creating GZ->ROS Bridge: [/create3_buttons (gz.msgs.Int32) -> /create3_buttons (std_msgs/msg/Int32)] (Lazy 0)
[parameter_bridge-45] [INFO] [1791324137.419498025] [ros_gz_bridge]: Creating ROS->GZ Bridge: [/vacuum_gripper/attach (std_msgs/msg/Empty) -> /vacuum_gripper/attach (gz.msgs.Empty)] (Lazy 0)
[parameter_bridge-45] [INFO] [1791324137.424451027] [ros_gz_bridge]: Creating ROS->GZ Bridge: [/vacuum_gripper/detach (std_msgs/msg/Empty) -> /vacuum_gripper/detach (gz.msgs.Empty)] (Lazy 0)
[parameter_bridge-13] [INFO] [1791324137.435279007] [cliff_front_right_bridge]: Creating GZ->ROS Bridge: [/world/warehouse/model/turtlebot4/link/base_link/sensor/cliff_front_right/scan (gz.msgs.LaserScan) -> /world/warehouse/model/turtlebot4/link/base_link/sensor/cliff_front_right/scan (sensor_msgs/msg/LaserScan)] (Lazy 0)
[gazebo-1] [1;36m[Dbg] [gz.cc:166] [0m[1;36mSubscribing to [[0m[1;36m/gazebo/starting_world[0m[1;36m].[0m[1;36m[0m
[gazebo-1] [1;36m[Dbg] [gz.cc:168] [0m[1;36mWaiting for a world to be set from the GUI...[0m[1;36m[0m
[gazebo-1] [1;32m[Msg] [0m[1;32mReceived world [[0m[1;32mwarehouse.sdf[0m[1;32m] from the GUI.[0m[1;32m[0m
[gazebo-1] [1;36m[Dbg] [gz.cc:172] [0m[1;36mUnsubscribing from [[0m[1;36m/gazebo/starting_world[0m[1;36m].[0m[1;36m[0m
[gazebo-1] [1;32m[Msg] [0m[1;32mGazebo Sim Server v[0m[1;32m8.10.0[0m[1;32m[0m
[gazebo-1] [1;32m[Msg] [0m[1;32mLoading SDF world file[[0m[1;32m/home/y/u/yunqiao/IROB_Mobile_Robot_Project/install/turtlebot4_gz_bringup/share/turtlebot4_gz_bringup/worlds/warehouse.sdf[0m[1;32m].[0m
[gazebo-1] [1;32m[Msg] [0m[1;32mServing entity system service on [[0m[1;32m/[0m[1;32mentity/system/add[0m[1;32m][0m[1;32m[0m
[gazebo-1] [1;36m[Dbg] [Physics.cc:899] [0m[1;36mLoaded [[0m[1;36mgz::physics::dartsim::Plugin[0m[1;36m] from library [[0m[1;36m/afs/kth.se/misc/info/kurser/DD2410/ht26/pixi/IROB/.pixi/envs/default/lib/gz-physics-7/engine-plugins/libgz-physics-dartsim-plugin.so[0m[1;36m][0m[1;36m[0m
[gazebo-1] [1;36m[Dbg] [SystemManager.cc:80] [0m[1;36mLoaded system [[0m[1;36mgz::sim::systems::Physics[0m[1;36m] for entity [[0m[1;36m1[0m[1;36m][0m[1;36m[0m
[gazebo-1] [1;32m[Msg] [0m[1;32mCreate[0m[1;32m service on [[0m[1;32m/world/warehouse/create_multiple[0m[1;32m] (async)[0m[1;32m[0m
[gazebo-1] [1;32m[Msg] [0m[1;32mCreate[0m[1;32m service on [[0m[1;32m/world/warehouse/create_multiple/blocking[0m[1;32m] (blocking)[0m[1;32m[0m
[gazebo-1] [1;32m[Msg] [0m[1;32mRemove[0m[1;32m service on [[0m[1;32m/world/warehouse/remove[0m[1;32m] (async)[0m[1;32m[0m
[gazebo-1] [1;32m[Msg] [0m[1;32mRemove[0m[1;32m service on [[0m[1;32m/world/warehouse/remove/blocking[0m[1;32m] (blocking)[0m[1;32m[0m
[gazebo-1] [1;32m[Msg] [0m[1;32mPose[0m[1;32m service on [[0m[1;32m/world/warehouse/set_pose[0m[1;32m] (async)[0m[1;32m[0m
[gazebo-1] [1;32m[Msg] [0m[1;32mPose[0m[1;32m service on [[0m[1;32m/world/warehouse/set_pose/blocking[0m[1;32m] (blocking)[0m[1;32m[0m
[gazebo-1] [1;32m[Msg] [0m[1;32mPose[0m[1;32m service on [[0m[1;32m/world/warehouse/set_pose_vector[0m[1;32m] (async)[0m[1;32m[0m
[gazebo-1] [1;32m[Msg] [0m[1;32mPose[0m[1;32m service on [[0m[1;32m/world/warehouse/set_pose_vector/blocking[0m[1;32m] (blocking)[0m[1;32m[0m
[gazebo-1] [1;32m[Msg] [0m[1;32mLight configuration[0m[1;32m service on [[0m[1;32m/world/warehouse/light_config[0m[1;32m] (async)[0m[1;32m[0m
[gazebo-1] [1;32m[Msg] [0m[1;32mLight configuration[0m[1;32m service on [[0m[1;32m/world/warehouse/light_config/blocking[0m[1;32m] (blocking)[0m[1;32m[0m
[gazebo-1] [1;32m[Msg] [0m[1;32mPhysics[0m[1;32m service on [[0m[1;32m/world/warehouse/set_physics[0m[1;32m] (async)[0m[1;32m[0m
[gazebo-1] [1;32m[Msg] [0m[1;32mPhysics[0m[1;32m service on [[0m[1;32m/world/warehouse/set_physics/blocking[0m[1;32m] (blocking)[0m[1;32m[0m
[gazebo-1] [1;32m[Msg] [0m[1;32mSphericalCoordinates[0m[1;32m service on [[0m[1;32m/world/warehouse/set_spherical_coordinates[0m[1;32m] (async)[0m[1;32m[0m
[gazebo-1] [1;32m[Msg] [0m[1;32mSphericalCoordinates[0m[1;32m service on [[0m[1;32m/world/warehouse/set_spherical_coordinates/blocking[0m[1;32m] (blocking)[0m[1;32m[0m
[gazebo-1] [1;32m[Msg] [0m[1;32mEnable collision[0m[1;32m service on [[0m[1;32m/world/warehouse/enable_collision[0m[1;32m] (async)[0m[1;32m[0m
[gazebo-1] [1;32m[Msg] [0m[1;32mEnable collision[0m[1;32m service on [[0m[1;32m/world/warehouse/enable_collision/blocking[0m[1;32m] (blocking)[0m[1;32m[0m
[gazebo-1] [1;32m[Msg] [0m[1;32mDisable collision[0m[1;32m service on [[0m[1;32m/world/warehouse/disable_collision[0m[1;32m] (async)[0m[1;32m[0m
[gazebo-1] [1;32m[Msg] [0m[1;32mDisable collision[0m[1;32m service on [[0m[1;32m/world/warehouse/disable_collision/blocking[0m[1;32m] (blocking)[0m[1;32m[0m
[gazebo-1] [1;32m[Msg] [0m[1;32mMaterial[0m[1;32m service on [[0m[1;32m/world/warehouse/visual_config[0m[1;32m] (async)[0m[1;32m[0m
[wait_for_ready-48] [INFO] [1791324137.500439426] [wait_for_sim]: [sim] waiting for nodes=['controller_manager'] services=['/controller_manager/set_parameters'] answering=['/controller_manager/list_controllers'] topics=['/scan'] (timeout 300s)
[wait_for_ready-47] [INFO] [1791324137.510146239] [wait_for_rviz]: [rviz] waiting for nodes=[] services=[] answering=[] topics=['/clock', '/scan'] (timeout 300s)
[spawner-31] [INFO] [1791324137.540217451] [spawner_joint_state_broadcaster]: waiting for service /controller_manager/list_controllers to become available...
[create-6] [INFO] [1791324137.582869585] [ros_gz_sim]: Waiting messages on topic [robot_description].
[create-7] [INFO] [1791324137.683031469] [ros_gz_sim]: Waiting messages on topic [standard_dock_description].
[create-7] [INFO] [1791324137.782340487] [ros_gz_sim]: Entity creation successful.
[create-6] [INFO] [1791324137.782347259] [ros_gz_sim]: Entity creation successful.
[INFO] [create-6]: process has finished cleanly [pid 46633]
[INFO] [create-7]: process has finished cleanly [pid 46635]
[parameter_bridge-27] [WARN] [1791324138.032106620] [lidar_bridge]: New subscription discovered on topic '/scan', requesting incompatible QoS. No messages will be sent to it. Last incompatible policy: DURABILITY_QOS_POLICY
[wait_for_ready-47] [WARN] [1791324138.035499534] [wait_for_rviz]: New publisher discovered on topic '/clock', offering incompatible QoS. No messages will be received from it. Last incompatible policy: DURABILITY
[wait_for_ready-47] [WARN] [1791324138.037244830] [wait_for_rviz]: New publisher discovered on topic '/scan', offering incompatible QoS. No messages will be received from it. Last incompatible policy: DURABILITY
[wait_for_ready-48] [WARN] [1791324138.037245173] [wait_for_sim]: New publisher discovered on topic '/scan', offering incompatible QoS. No messages will be received from it. Last incompatible policy: DURABILITY
[parameter_bridge-2] [WARN] [1791324138.044263420] [clock_bridge]: New subscription discovered on topic '/clock', requesting incompatible QoS. No messages will be sent to it. Last incompatible policy: DURABILITY_QOS_POLICY
[parameter_bridge-27] [WARN] [1791324138.049066262] [lidar_bridge]: New subscription discovered on topic '/scan', requesting incompatible QoS. No messages will be sent to it. Last incompatible policy: DURABILITY_QOS_POLICY
[gazebo-1] [1;32m[Msg] [0m[1;32mMaterial[0m[1;32m service on [[0m[1;32m/world/warehouse/visual_config/blocking[1;32m[Msg] [0m[1;32mGazebo Sim GUI    v[0m[1;32m8.10.0[0m[1;32m[0m
[gazebo-1] [1;32m[Msg] [0m[1;32mDetected Wayland. Setting Qt to use the xcb plugin: [0m[1;32m'QT_QPA_PLATFORM=xcb'.[0m[1;32m[0m
[gazebo-1] [1;36m[Dbg] [Gui.cc:275] [0m[1;36mWaiting for subscribers to [[0m[1;36m/gazebo/starting_world[0m[1;36m]...[0m[1;36m[0m
[gazebo-1] [1;36m[Dbg] [Application.cc:96] [0m[1;36mInitializing application.[0m[1;36m[0m
[gazebo-1] [1;36m[Dbg] [Application.cc:170] [0m[1;36mQt using OpenGL graphics interface[0m[1;36m[0m
[gazebo-1] [1;36m[GUI] [Dbg] [Application.cc:657] [0m[1;36mCreate main window[0m[1;36m[0m
[gazebo-1] [1;36m[GUI] [Dbg] [PathManager.cc:68] [0m[1;36mRequesting resource paths through [[0m[1;36m/gazebo/resource_paths/get[0m[1;36m][0m[1;36m[0m
[gazebo-1] [1;36m[GUI] [Dbg] [Gui.cc:355] [0m[1;36mGUI requesting list of world names. The server may be busy [0m[1;36mdownloading resources. Please be patient.[0m[1;36m[0m
[gazebo-1] [1;36m[GUI] [Dbg] [GuiRunner.cc:149] [0m[1;36mRequesting initial state from [[0m[1;36m/world/warehouse/state[0m[1;36m]...[0m[1;36m[0m
[gazebo-1] [1;36m[GUI] [Dbg] [PathManager.cc:57] [0m[1;36mReceived resource paths.[0m[1;36m[0m
[gazebo-1] [1;32m[GUI] [0m[1;32m[Msg] [0m[1;32mLoading config [[0m[1;32m/home/y/u/yunqiao/IROB_Mobile_Robot_Project/install/turtlebot4_gz_bringup/share/turtlebot4_gz_bringup/gui/standard/gui.config[0m[1;32m][0m[1;32m[0m
[gazebo-1] [1;36m[GUI] [Dbg] [Application.cc:528] [0m[1;36mLoading plugin [[0m[1;36mMinimalScene[0m[1;36m][0m[1;36m[0m
[gazebo-1] [1;36m[GUI] [Dbg] [MinimalScene.cc:802] [0m[1;36mCreating gz-rendering interface for OpenGL[0m[1;36m[0m
[gazebo-1] [1;36m[GUI] [Dbg] [MinimalScene.cc:802] [0m[1;36mCreating gz-rendering interface for OpenGL[0m[1;36m[0m
[gazebo-1] [1;36m[GUI] [Dbg] [MinimalScene.cc:986] [0m[1;36mCreating render thread interface for OpenGL[0m[1;36m[0m
[gazebo-1] [1;36m[GUI] [Dbg] [MinimalScene.cc:802] [0m[1;36mCreating gz-rendering interface for OpenGL[0m[1;36m[0m
[gazebo-1] [1;36m[GUI] [Dbg] [MinimalScene.cc:986] [0m[1;36mCreating render thread interface for OpenGL[0m[1;36m[0m
[gazebo-1] [1;32m[GUI] [0m[1;32m[Msg] [0m[1;32mAdded plugin [[0m[1;32m3D View[0m[1;32m] to main window[0m[1;32m[0m
[gazebo-1] [1;32m[GUI] [0m[1;32m[Msg] [0m[1;32mLoaded plugin [[0m[1;32mMinimalScene[0m[1;32m] from path [[0m[1;32m/afs/kth.se/misc/info/kurser/DD2410/ht26/pixi/IROB/.pixi/envs/default/lib/gz-gui-8/plugins/libMinimalScene.so[0m[1;32m][0m[1;32m[0m
[gazebo-1] [1;36m[GUI] [Dbg] [Application.cc:528] [0m[1;36mLoading plugin [[0m[1;36mGzSceneManager[0m[1;36m][0m[1;36m[0m
[gazebo-1] [1;32m[GUI] [0m[1;32m[Msg] [0m[1;32mAdded plugin [[0m[1;32mScene Manager[0m[1;32m] to main window[0m[1;32m[0m
[gazebo-1] [1;32m[GUI] [0m[1;32m[Msg] [0m[1;32mLoaded plugin [[0m[1;32mGzSceneManager[0m[1;32m] from path [[0m[1;32m/afs/kth.se/misc/info/kurser/DD2410/ht26/pixi/IROB/.pixi/envs/default/lib/gz-sim-8/plugins/gui/libGzSceneManager.so[0m[1;32m][0m[1;32m[0m
[gazebo-1] [1;36m[GUI] [Dbg] [Application.cc:528] [0m[1;36mLoading plugin [[0m[1;36mInteractiveViewControl[0m[1;36m][0m[1;36m[0m
[gazebo-1] [1;32m[GUI] [0m[1;32m[Msg] [0m[1;32mCamera view controller topic advertised on [[0m[1;32m/gui/camera/view_control[0m[1;32m][0m[1;32m[0m
[gazebo-1] [1;32m[GUI] [0m[1;32m[Msg] [0m[1;32mCamera reference visual topic advertised on [[0m[1;32m/gui/camera/view_control/reference_visual[0m[1;32m][0m[1;32m[0m
[gazebo-1] [1;32m[GUI] [0m[1;32m[Msg] [0m[1;32mCamera view control sensitivity advertised on [[0m[1;32m/gui/camera/view_control/sensitivity[0m[1;32m][0m[1;32m[0m
[gazebo-1] [1;32m[GUI] [0m[1;32m[Msg] [0m[1;32mAdded plugin [[0m[1;32mInteractive view control[0m[1;32m] to main window[0m[1;32m[0m
[gazebo-1] [1;32m[GUI] [0m[1;32m[Msg] [0m[1;32mLoaded plugin [[0m[1;32mInteractiveViewControl[0m[1;32m] from path [[0m[1;32m/afs/kth.se/misc/info/kurser/DD2410/ht26/pixi/IROB/.pixi/envs/default/lib/gz-gui-8/plugins/libInteractiveViewControl.so[0m[1;32m][0m[1;32m[0m
[gazebo-1] [1;36m[GUI] [Dbg] [Application.cc:528] [0m[1;36mLoading plugin [[0m[1;36mWorldControl[0m[1;36m][0m[1;36m[0m
[parameter_bridge-26] [INFO] [1791324138.138774181] [hmi_led_msg_bridge]: Passing message from ROS std_msgs/msg/Int32 to Gazebo gz.msgs.Int32 (showing msg only once per type)
[gazebo-1] [1;33m[GUI] [Wrn] [Application.cc:908] [0m[1;33m[QT] file::/Turtlebot4Hmi/Turtlebot4Hmi.qml:102:7: Unable to assign [undefined] to QString[0m[1;33m[0m
[gazebo-1] [1;33m[GUI] [Wrn] [Application.cc:908] [0m[1;33m[QT] file::/WorldStats/WorldStats.qml:53:3: QML RowLayout: Binding loop detected for property "x"[0m[1;33m[0m
[parameter_bridge-46] [INFO] [1791324138.330021614] [odom_gt_bridge]: Creating GZ->ROS Bridge: [/model/turtlebot4/odometry (gz.msgs.Odometry) -> /odom_gt (nav_msgs/msg/Odometry)] (Lazy 0)
[parameter_bridge-46] [INFO] [1791324138.335617217] [odom_gt_bridge]: Creating GZ->ROS Bridge: [/model/turtlebot4/pose (gz.msgs.Pose_V) -> /tf (tf2_msgs/msg/TFMessage)] (Lazy 0)
[gazebo-1] [1;32m[GUI] [0m[1;32m[Msg] [0m[1;32mUsing world control service [[0m[1;32m/world/warehouse/control[0m[1;32m][0m[1;32m[0m
[gazebo-1] [1;32m[GUI] [0m[1;32m[Msg] [0m[1;32mListening to stats on [[0m[1;32m/world/warehouse/stats[0m[1;32m][0m[1;32m[0m
[gazebo-1] [1;36m[GUI] [Dbg] [WorldControl.cc:237] [0m[1;36mUsing an event to share WorldControl msgs with the server[0m
[gazebo-1] [1;32m[GUI] [0m[1;32m[Msg] [0m[1;32mAdded plugin [[0m[1;32mWorld control[0m[1;32m] to main window[0m[1;32m[0m
[gazebo-1] [1;32m[GUI] [0m[1;32m[Msg] [0m[1;32mLoaded plugin [[0m[1;32mWorldControl[0m[1;32m] from path [[0m[1;32m/afs/kth.se/misc/info/kurser/DD2410/ht26/pixi/IROB/.pixi/envs/default/lib/gz-gui-8/plugins/libWorldControl.so[0m[1;32m][0m[1;32m[0m
[gazebo-1] [1;36m[GUI] [Dbg] [Application.cc:528] [0m[1;36mLoading plugin [[0m[1;36mWorldStats[0m[1;36m][0m[1;36m[0m
[gazebo-1] [1;32m[GUI] [0m[1;32m[Msg] [0m[1;32mListening to stats on [[0m[1;32m/world/warehouse/stats[0m[1;32m][0m[1;32m[0m
[gazebo-1] [1;32m[GUI] [0m[1;32m[Msg] [0m[1;32mAdded plugin [[0m[1;32mWorld stats[0m[1;32m] to main window[0m[1;32m[0m
[gazebo-1] [1;32m[GUI] [0m[1;32m[Msg] [0m[1;32mLoaded plugin [[0m[1;32mWorldStats[0m[1;32m] from path [[0m[1;32m/afs/kth.se/misc/info/kurser/DD2410/ht26/pixi/IROB/.pixi/envs/default/lib/gz-gui-8/plugins/libWorldStats.so[0m[1;32m][0m[1;32m[0m
[gazebo-1] [1;36m[GUI] [Dbg] [Application.cc:528] [0m[1;36mLoading plugin [[0m[1;36mTransformControl[0m[1;36m][0m[1;36m[0m
[gazebo-1] [1;32m[GUI] [0m[1;32m[Msg] [0m[1;32mAdded plugin [[0m[1;32mTransform control[0m[1;32m] to main window[0m[1;32m[0m
[gazebo-1] [1;32m[GUI] [0m[1;32m[Msg] [0m[1;32mLoaded plugin [[0m[1;32mTransformControl[0m[1;32m] from path [[0m[1;32m/afs/kth.se/misc/info/kurser/DD2410/ht26/pixi/IROB/.pixi/envs/default/lib/gz-sim-8/plugins/gui/libTransformControl.so[0m[1;32m][0m[1;32m[0m
[gazebo-1] [1;36m[GUI] [Dbg] [Application.cc:528] [0m[1;36mLoading plugin [[0m[1;36mShapes[0m[1;36m][0m[1;36m[0m
[gazebo-1] [1;32m[GUI] [0m[1;32m[Msg] [0m[1;32mAdded plugin [[0m[1;32mShapes[0m[1;32m] to main window[0m[1;32m[0m
[gazebo-1] [1;32m[GUI] [0m[1;32m[Msg] [0m[1;32mLoaded plugin [[0m[1;32mShapes[0m[1;32m] from path [[0m[1;32m/afs/kth.se/misc/info/kurser/DD2410/ht26/pixi/IROB/.pixi/envs/default/lib/gz-sim-8/plugins/gui/libShapes.so[0m[1;32m][0m[1;32m[0m
[gazebo-1] [1;36m[GUI] [Dbg] [Application.cc:528] [0m[1;36mLoading plugin [[0m[1;36mTurtlebot4Hmi[0m[1;36m][0m[1;36m[0m
[gazebo-1] [1;32m[GUI] [0m[1;32m[Msg] [0m[1;32mAdded plugin [[0m[1;32mTurtlebot4 HMI[0m[1;32m] to main window[0m[1;32m[0m
[gazebo-1] [1;32m[GUI] [0m[1;32m[Msg] [0m[1;32mLoaded plugin [[0m[1;32mTurtlebot4Hmi[0m[1;32m] from path [[0m[1;32m/home/y/u/yunqiao/IROB_Mobile_Robot_Project/install/turtlebot4_gz_gui_plugins/share/turtlebot4_gz_gui_plugins/lib/libTurtlebot4Hmi.so[0m[1;32m][0m[1;32m[0m
[gazebo-1] [1;36m[GUI] [Dbg] [Application.cc:528] [0m[1;36mLoading plugin [[0m[1;36mTeleop[0m[1;36m][0m[1;36m[0m
[gazebo-1] [1;32m[GUI] [0m[1;32m[Msg] [0m[1;32mA new topic has been entered: '[0m[1;32m/cmd_vel[0m[1;32m ' [0m[1;32m[0m
[gazebo-1] [1;32m[GUI] [0m[1;32m[Msg] [0m[1;32mAdded plugin [[0m[1;32mTeleop[0m[1;32m] to main window[0m[1;32m[0m
[gazebo-1] [1;32m[GUI] [0m[1;32m[Msg] [0m[1;32mLoaded plugin [[0m[1;32mTeleop[0m[1;32m] from path [[0m[1;32m/afs/kth.se/misc/info/kurser/DD2410/ht26/pixi/IROB/.pixi/envs/default/lib/gz-gui-8/plugins/libTeleop.so[0m[1;32m][0m[1;32m[0m
[gazebo-1] [1;36m[GUI] [Dbg] [Application.cc:671] [0m[1;36mApplying config[0m[1;36m[0m
[gazebo-1] [1;36m[GUI] [Dbg] [MinimalScene.cc:802] [0m[1;36mCreating gz-rendering interface for OpenGL[0m[1;36m[0m
[gazebo-1] [1;36m[GUI] [Dbg] [MinimalScene.cc:986] [0m[1;36mCreating render thread interface for OpenGL[0m[1;36m[0m
[gazebo-1] [1;32m[GUI] [0m[1;32m[Msg] [0m[1;32mLoading plugin [[0m[1;32mgz-rendering-ogre2[0m[1;32m][0m[1;32m[0m
[gazebo-1] [1;36m[GUI] [Dbg] [MinimalScene.cc:749] [0m[1;36mCreate scene [[0m[1;36mscene[0m[1;36m][0m[1;36m[0m
[gazebo-1] [1;36m[GUI] [Dbg] [MinimalScene.cc:1037] [0m[1;36mCreating texture node render interface for OpenGL[0m[1;36m[0m
[gazebo-1] [1;36m[GUI] [Dbg] [TransformControl.cc:453] [0m[1;36mTransformControl [0m[1;32m] (blocking)[0m[1;32m[0m
[gazebo-1] [1;32m[Msg] [0m[1;32mMaterial[0m[1;32m service on [[0m[1;32m/world/warehouse/wheel_slip[0m[1;32m] (async)[0m[1;32m[0m
[gazebo-1] [1;32m[Msg] [0m[1;32mMaterial[0m[1;32m service on [[0m[1;32m/world/warehouse/wheel_slip/blocking[0m[1;32m] (blocking)[0m[1;32m[0m
[gazebo-1] [1;36m[Dbg] [SystemManager.cc:80] [0m[1;36mLoaded system [[0m[1;36mgz::sim::systems::UserCommands[0m[1;36m] for entity [[0m[1;36m1[0m[1;36m][0m[1;36m[0m
[gazebo-1] [1;36m[Dbg] [SystemManager.cc:80] [0m[1;36mLoaded system [[0m[1;36mgz::sim::systems::SceneBroadcaster[0m[1;36m] for entity [[0m[1;36m1[0m[1;36m][0m[1;36m[0m
[gazebo-1] [1;36m[Dbg] [SystemManager.cc:80] [0m[1;36mLoaded system [[0m[1;36mgz::sim::systems::Contact[0m[1;36m] for entity [[0m[1;36m1[0m[1;36m][0m[1;36m[0m
[gazebo-1] [1;32m[Msg] [0m[1;32mLoaded level [[0m[1;32mdefault[0m[1;32m][0m[1;32m[0m
[gazebo-1] [1;32m[Msg] [0m[1;32mServing world controls on [[0m[1;32m/world/warehouse[0m[1;32m/control], [[0m[1;32m/world/warehouse[0m[1;32m/control/state] and [[0m[1;32m/world/warehouse[0m[1;32m/playback/control][0m[1;32m[0m
[gazebo-1] [1;32m[Msg] [0m[1;32mServing GUI information on [[0m[1;32m/world/warehouse[0m[1;32m/[0m[1;32mgui/info[0m[1;32m][0m[1;32m[0m
[gazebo-1] [1;32m[Msg] [0m[1;32mWorld [[0m[1;32mwarehouse[0m[1;32m] initialized with [[0m[1;32mdefault_physics[0m[1;32m] physics profile.[0m[1;32m[0m
[gazebo-1] [1;32m[Msg] [0m[1;32mServing world SDF generation service on [[0m[1;32m/world/warehouse[0m[1;32m/[0m[1;32mgenerate_world_sdf[0m[1;32m][0m[1;32m[0m
[gazebo-1] [1;32m[Msg] [0m[1;32mServing world names on [[0m[1;32m/gazebo/worlds[0m[1;32m][0m[1;32m[0m
[gazebo-1] [1;32m[Msg] [0m[1;32mResource path add service on [[0m[1;32m/gazebo/resource_paths/add[0m[1;32m].[0m[1;32m[0m
[gazebo-1] [1;32m[Msg] [0m[1;32mResource path get service on [[0m[1;32m/gazebo/resource_paths/get[0m[1;32m].[0m[1;32m[0m
[gazebo-1] [1;32m[Msg] [0m[1;32mResource path resolve service on [[0m[1;32m/gazebo/resource_paths/resolve[0m[1;32m].[0m[1;32m[0m
[gazebo-1] [1;32m[Msg] [0m[1;32mResource paths published on [[0m[1;32m/gazebo/resource_paths[0m[1;32m].[0m[1;32m[0m
[gazebo-1] [1;32m[Msg] [0m[1;32mServer control service on [[0m[1;32m/server_control[0m[1;32m].[0m[1;32m[0m
[gazebo-1] [1;32m[Msg] [0m[1;32mFound no publishers on /stats, adding root stats topic[0m[1;32m[0m
[gazebo-1] [1;32m[Msg] [0m[1;32mFound no publishers on /clock, adding root clock topic[0m[1;32m[0m
[gazebo-1] [1;36m[Dbg] [SimulationRunner.cc:533] [0m[1;36mCreating PostUpdate worker threads: [0m[1;36m3[0m[1;36m[0m
[gazebo-1] [1;36m[Dbg] [SimulationRunner.cc:544] [0m[1;36mCreating postupdate worker thread ([0m[1;36m0[0m[1;36m)[0m[1;36m[0m
[gazebo-1] [1;36m[Dbg] [SimulationRunner.cc:544] [0m[1;36mCreating postupdate worker thread ([0m[1;36m1[0m[1;36m)[0m[1;36m[0m
[gazebo-1] [1;33mWarning [Utils.cc:132][0m [/sdf/model[@name="tb4_lite6"]/joint[@name="wheel_drop_left_joint"]/physics/ode/provide_feedback:<urdf-string>:L0]: XML Element[provide_feedback], child of element[ode], not defined in SDF. Copying[provide_feedback] as children of [ode].
[gazebo-1] [1;33mWarning [Utils.cc:132][0m [/sdf/model[@name="tb4_lite6"]/joint[@name="wheel_drop_right_joint"]/physics/ode/provide_feedback:<urdf-string>:L0]: XML Element[provide_feedback], child of element[ode], not defined in SDF. Copying[provide_feedback] as children of [ode].
[gazebo-1] [1;33m[Wrn] [SdfEntityCreator.cc:933] [0m[1;33mGazebo does not support Ogre material scripts. See [0m[1;33mhttps://gazebosim.org/api/sim/8/migrationsdf.html#:~:text=Materials [0m[1;33mfor details.[0m[1;33m[0m
[gazebo-1] [1;33m[Wrn] [SdfEntityCreator.cc:949] [0m[1;33mUsing an internal gazebo.material to parse [0m[1;33mGazebo/DarkGrey[0m[1;33m[0m
[gazebo-1] [1;33m[Wrn] [SdfEntityCreator.cc:933] [0m[1;33mGazebo does not support Ogre material scripts. See [0m[1;33mhttps://gazebosim.org/api/sim/8/migrationsdf.html#:~:text=Materials [0m[1;33mfor details.[0m[1;33m[0m
[gazebo-1] [1;33m[Wrn] [SdfEntityCreator.cc:949] [0m[1;33mUsing an internal gazebo.material to parse [0m[1;33mGazebo/DarkGrey[0m[1;33m[0m
[gazebo-1] [1;33m[Wrn] [SdfEntityCreator.cc:933] [0m[1;33mGazebo does not support Ogre material scripts. See [0m[1;33mhttps://gazebosim.org/api/sim/8/migrationsdf.html#:~:text=Materials [0m[1;33mfor details.[0m[1;33m[0m
[gazebo-1] [1;33m[Wrn] [SdfEntityCreator.cc:949] [0m[1;33mUsing an internal gazebo.material to parse [0m[1;33mGazebo/DarkGrey[0m[1;33m[0m
[gazebo-1] [1;33m[Wrn] [SdfEntityCreator.cc:933] [0m[1;33mGazebo does not support Ogre material scripts. See [0m[1;33mhttps://gazebosim.org/api/sim/8/migrationsdf.html#:~:text=Materials [0m[1;33mfor details.[0m[1;33m[0m
[gazebo-1] [1;33m[Wrn] [SdfEntityCreator.cc:949] [0m[1;33mUsing an internal gazebo.material to parse [0m[1;33mGazebo/DarkGrey[0m[1;33m[0m
[gazebo-1] [INFO] [1791324138.813546417] [gz_ros_control]: [gz_ros2_control] Fixed joint ['bumper_joint'] (Entity='254') is skipped.
[gazebo-1] [INFO] [1791324138.813585843] [gz_ros_control]: [gz_ros2_control] Fixed joint ['front_caster_joint'] (Entity='255') is skipped.
[gazebo-1] [INFO] [1791324138.813591515] [gz_ros_control]: [gz_ros2_control] Fixed joint ['front_left_bottom_weight_block_joint'] (Entity='256') is skipped.
[gazebo-1] [INFO] [1791324138.813597757] [gz_ros_control]: [gz_ros2_control] Fixed joint ['front_left_top_weight_block_joint'] (Entity='257') is skipped.
[gazebo-1] [INFO] [1791324138.813602353] [gz_ros_control]: [gz_ros2_control] Fixed joint ['front_right_bottom_weight_block_joint'] (Entity='258') is skipped.
[gazebo-1] [INFO] [1791324138.813606340] [gz_ros_control]: [gz_ros2_control] Fixed joint ['front_right_top_weight_block_joint'] (Entity='259') is skipped.
[gazebo-1] [INFO] [1791324138.813612112] [gz_ros_control]: [gz_ros2_control] Fixed joint ['imu_joint'] (Entity='260') is skipped.
[gazebo-1] [INFO] [1791324138.813616346] [gz_ros_control]: [gz_ros2_control] Fixed joint ['ir_intensity_front_center_left_joint'] (Entity='261') is skipped.
[gazebo-1] [INFO] [1791324138.813621415] [gz_ros_control]: [gz_ros2_control] Fixed joint ['ir_intensity_front_center_right_joint'] (Entity='262') is skipped.
[gazebo-1] [INFO] [1791324138.813625101] [gz_ros_control]: [gz_ros2_control] Fixed joint ['ir_intensity_front_left_joint'] (Entity='263') is skipped.
[gazebo-1] [INFO] [1791324138.813629496] [gz_ros_control]: [gz_ros2_control] Fixed joint ['ir_intensity_front_right_joint'] (Entity='264') is skipped.
[gazebo-1] [INFO] [1791324138.813635432] [gz_ros_control]: [gz_ros2_control] Fixed joint ['ir_intensity_left_joint'] (Entity='265') is skipped.
[gazebo-1] [INFO] [1791324138.813640525] [gz_ros_control]: [gz_ros2_control] Fixed joint ['ir_intensity_right_joint'] (Entity='266') is skipped.
[gazebo-1] [INFO] [1791324138.813644307] [gz_ros_control]: [gz_ros2_control] Fixed joint ['ir_intensity_side_left_joint'] (Entity='267') is skipped.
[gazebo-1] [INFO] [1791324138.813648494] [gz_ros_control]: [gz_ros2_control] Fixed joint ['ir_omni_joint'] (Entity='268') is skipped.
[gazebo-1] [INFO] [1791324138.813651849] [gz_ros_control]: [gz_ros2_control] Fixed joint ['mouse_joint'] (Entity='269') is skipped.
[gazebo-1] [INFO] [1791324138.813659021] [gz_ros_control]: [gz_ros2_control] Fixed joint ['arm_vacuum_gripper_fix'] (Entity='276') is skipped.
[gazebo-1] [INFO] [1791324138.813663240] [gz_ros_control]: [gz_ros2_control] Fixed joint ['front_left_tower_standoff_joint'] (Entity='277') is skipped.
[gazebo-1] [INFO] [1791324138.813666595] [gz_ros_control]: [gz_ros2_control] Fixed joint ['front_right_tower_standoff_joint'] (Entity='278') is skipped.
[gazebo-1] [INFO] [1791324138.813670706] [gz_ros_control]: [gz_ros2_control] Fixed joint ['oakd_camera_bracket_joint'] (Entity='279') is skipped.
[gazebo-1] [INFO] [1791324138.813674722] [gz_ros_control]: [gz_ros2_control] Fixed joint ['oakd_joint'] (Entity='280') is skipped.
[gazebo-1] [INFO] [1791324138.813678374] [gz_ros_control]: [gz_ros2_control] Fixed joint ['oakd_imu_joint'] (Entity='281') is skipped.
[gazebo-1] [INFO] [1791324138.813681858] [gz_ros_control]: [gz_ros2_control] Fixed joint ['oakd_left_camera_joint'] (Entity='282') is skipped.
[gazebo-1] [INFO] [1791324138.813685136] [gz_ros_control]: [gz_ros2_control] Fixed joint ['oakd_left_camera_optical_joint'] (Entity='283') is skipped.
[gazebo-1] [INFO] [1791324138.813689951] [gz_ros_control]: [gz_ros2_control] Fixed joint ['oakd_rgb_camera_joint'] (Entity='284') is skipped.
[gazebo-1] [INFO] [1791324138.813693009] [gz_ros_control]: [gz_ros2_control] Fixed joint ['oakd_rgb_camera_optical_joint'] (Entity='285') is skipped.
[gazebo-1] [INFO] [1791324138.813696487] [gz_ros_control]: [gz_ros2_control] Fixed joint ['oakd_right_camera_joint'] (Entity='286') is skipped.
[gazebo-1] [INFO] [1791324138.813700082] [gz_ros_control]: [gz_ros2_control] Fixed joint ['oakd_right_camera_optical_joint'] (Entity='287') is skipped.
[gazebo-1] [INFO] [1791324138.813703345] [gz_ros_control]: [gz_ros2_control] Fixed joint ['rear_left_tower_standoff_joint'] (Entity='288') is skipped.
[gazebo-1] [INFO] [1791324138.813706451] [gz_ros_control]: [gz_ros2_control] Fixed joint ['rear_right_tower_standoff_joint'] (Entity='289') is skipped.
[gazebo-1] [INFO] [1791324138.813709525] [gz_ros_control]: [gz_ros2_control] Fixed joint ['rplidar_joint'] (Entity='290') is skipped.
[gazebo-1] [INFO] [1791324138.813775800] [gz_ros_control]: [gz_ros2_control] Fixed joint ['tower_sensor_plate_joint'] (Entity='291') is skipped.
[gazebo-1] [INFO] [1791324138.819089641] [gz_ros_control]: Loading controller_manager
[gazebo-1] [INFO] [1791324138.849445677] [controller_manager]: Using ROS clock for triggering controller manager cycles.
[gazebo-1] [INFO] [1791324138.854254573] [controller_manager]: Subscribing to '/robot_description' topic for robot description.
[gazebo-1] [WARN] [1791324138.856912153] [gz_ros_control]: Waiting RM to load and initialize hardware...
[wait_for_ready-48] [INFO] [1791324139.047997956] [wait_for_sim]: ready: node controller_manager
[wait_for_ready-48] [INFO] [1791324139.049771565] [wait_for_sim]: ready: service /controller_manager/set_parameters
[gazebo-1] [INFO] [1791324139.402644454] [controller_manager]: Received robot description from topic.
[gazebo-1] [INFO] [1791324139.402725042] [controller_manager]: Enforcing command limits is disabled. Command limits from URDF will be ignored.
[gazebo-1] [INFO] [1791324139.411798570] [gz_ros_control]: The position_proportional_gain has been set to: 0.1
[gazebo-1] [INFO] [1791324139.411859958] [gz_ros_control]: Loading joint: left_wheel_joint
[gazebo-1] [INFO] [1791324139.411869141] [gz_ros_control]: 	State:
[gazebo-1] [INFO] [1791324139.411874386] [gz_ros_control]: 		 velocity
[gazebo-1] [INFO] [1791324139.411879620] [gz_ros_control]: 		 position
[gazebo-1] [INFO] [1791324139.411886418] [gz_ros_control]: 	Command:
[gazebo-1] [INFO] [1791324139.411890953] [gz_ros_control]: 		 velocity
[gazebo-1] [INFO] [1791324139.412010698] [gz_ros_control]: Loading sensor: imu
[gazebo-1] [INFO] [1791324139.412022050] [gz_ros_control]: 	State:
[gazebo-1] [WARN] [1791324139.412029305] [gz_ros_control]: IMU sensor 'imu' not found in hardware_info, skipping.
[gazebo-1] [INFO] [1791324139.412144575] [controller_manager]: Initialize hardware 'left_wheel_controller' 
[gazebo-1] [WARN] [1791324139.412158778] [controller_manager.hardware_component.system.left_wheel_controller]: Executor is not available during hardware component initialization for 'left_wheel_controller'. Skipping node creation!
[gazebo-1] [INFO] [1791324139.412183308] [controller_manager]: Successful initialization of hardware 'left_wheel_controller'
[gazebo-1] [INFO] [1791324139.412253251] [gz_ros_control]: The position_proportional_gain has been set to: 0.1
[gazebo-1] [INFO] [1791324139.412270636] [gz_ros_control]: Loading joint: right_wheel_joint
[gazebo-1] [INFO] [1791324139.412276031] [gz_ros_control]: 	State:
[gazebo-1] [INFO] [1791324139.412280336] [gz_ros_control]: 		 velocity
[gazebo-1] [INFO] [1791324139.412284655] [gz_ros_control]: 		 position
[gazebo-1] [INFO] [1791324139.412289385] [gz_ros_control]: 	Command:
[gazebo-1] [INFO] [1791324139.412293243] [gz_ros_control]: 		 velocity
[gazebo-1] [INFO] [1791324139.412302022] [gz_ros_control]: Loading sensor: imu
[gazebo-1] [INFO] [1791324139.412306930] [gz_ros_control]: 	State:
[gazebo-1] [WARN] [1791324139.412310966] [gz_ros_control]: IMU sensor 'imu' not found in hardware_info, skipping.
[gazebo-1] [INFO] [1791324139.412335161] [controller_manager]: Initialize hardware 'right_wheel_controller' 
[gazebo-1] [WARN] [1791324139.412347740] [controller_manager.hardware_component.system.right_wheel_controller]: Executor is not available during hardware component initialization for 'right_wheel_controller'. Skipping node creation!
[gazebo-1] [INFO] [1791324139.412364515] [controller_manager]: Successful initialization of hardware 'right_wheel_controller'
[gazebo-1] [INFO] [1791324139.412414024] [gz_ros_control]: The position_proportional_gain has been set to: 0.1
[gazebo-1] [INFO] [1791324139.412427837] [gz_ros_control]: Loading joint: arm_joint1
[gazebo-1] [INFO] [1791324139.412432967] [gz_ros_control]: 	State:
[gazebo-1] [INFO] [1791324139.412437048] [gz_ros_control]: 		 position
[gazebo-1] [INFO] [1791324139.412441410] [gz_ros_control]: 		 velocity
[gazebo-1] [INFO] [1791324139.412445935] [gz_ros_control]: 	Command:
[gazebo-1] [INFO] [1791324139.412449816] [gz_ros_control]: 		 position
[gazebo-1] [INFO] [1791324139.412456994] [gz_ros_control]: 		 velocity
[gazebo-1] [INFO] [1791324139.412467694] [gz_ros_control]: Loading joint: arm_joint2
[gazebo-1] [INFO] [1791324139.412472075] [gz_ros_control]: 	State:
[gazebo-1] [INFO] [1791324139.412476101] [gz_ros_control]: 		 position
[gazebo-1] [INFO] [1791324139.412480791] [gz_ros_control]: 		 velocity
[gazebo-1] [INFO] [1791324139.412484629] [gz_ros_control]: 	Command:
[gazebo-1] [INFO] [1791324139.412491318] [gz_ros_control]: 		 position
[gazebo-1] [INFO] [1791324139.412498505] [gz_ros_control]: 		 velocity
[gazebo-1] [INFO] [1791324139.412508048] [gz_ros_control]: Loading joint: arm_joint3
[gazebo-1] [INFO] [1791324139.412578201] [gz_ros_control]: 	State:
[gazebo-1] [INFO] [1791324139.412586019] [gz_ros_control]: 		 position
[gazebo-1] [INFO] [1791324139.412591460] [gz_ros_control]: 		 velocity
[gazebo-1] [INFO] [1791324139.412595964] [gz_ros_control]: 	Command:
[gazebo-1] [INFO] [1791324139.412599460] [gz_ros_control]: 		 position
[gazebo-1] [INFO] [1791324139.412608262] [gz_ros_control]: 		 velocity
[gazebo-1] [INFO] [1791324139.412618862] [gz_ros_control]: Loading joint: arm_joint4
[gazebo-1] [INFO] [1791324139.412623599] [gz_ros_control]: 	State:
[gazebo-1] [INFO] [1791324139.412627553] [gz_ros_control]: 		 position
[gazebo-1] [INFO] [1791324139.412631286] [gz_ros_control]: 		 velocity
[gazebo-1] [INFO] [1791324139.412634932] [gz_ros_control]: 	Command:
[gazebo-1] [INFO] [1791324139.412638246] [gz_ros_control]: 		 position
[gazebo-1] [INFO] [1791324139.412644686] [gz_ros_control]: 		 velocity
[gazebo-1] [INFO] [1791324139.412652874] [gz_ros_control]: Loading joint: arm_joint5
[gazebo-1] [INFO] [1791324139.412660451] [gz_ros_control]: 	State:
[gazebo-1] [INFO] [1791324139.412664560] [gz_ros_control]: 		 position
[gazebo-1] [INFO] [1791324139.412671237] [gz_ros_control]: 		 velocity
[gazebo-1] [INFO] [1791324139.412675290] [gz_ros_control]: 	Command:
[gazebo-1] [INFO] [1791324139.412679008] [gz_ros_control]: 		 position
[gazebo-1] [INFO] [1791324139.412688126] [gz_ros_control]: 		 velocity
[gazebo-1] [INFO] [1791324139.412696968] [gz_ros_control]: Loading joint: arm_joint6
[gazebo-1] [INFO] [1791324139.412701329] [gz_ros_control]: 	State:
[gazebo-1] [INFO] [1791324139.412705703] [gz_ros_control]: 		 position
[gazebo-1] [INFO] [1791324139.412709786] [gz_ros_control]: 		 velocity
[gazebo-1] [INFO] [1791324139.412714049] [gz_ros_control]: 	Command:
[gazebo-1] [INFO] [1791324139.412717790] [gz_ros_control]: 		 position
[gazebo-1] [INFO] [1791324139.412723636] [gz_ros_control]: 		 velocity
[gazebo-1] [INFO] [1791324139.412729847] [gz_ros_control]: Loading sensor: imu
[gazebo-1] [INFO] [1791324139.412734320] [gz_ros_control]: 	State:
[gazebo-1] [WARN] [1791324139.412741823] [gz_ros_control]: IMU sensor 'imu' not found in hardware_info, skipping.
[gazebo-1] [INFO] [1791324139.412775461] [controller_manager]: Initialize hardware 'arm_gz_ros2_control/GazeboSimSystem' 
[gazebo-1] [WARN] [1791324139.412793127] [controller_manager.hardware_component.system.arm_gz_ros2_control/GazeboSimSystem]: Executor is not available during hardware component initialization for 'arm_gz_ros2_control/GazeboSimSystem'. Skipping node creation!
[gazebo-1] [INFO] [1791324139.412831478] [controller_manager]: Successful initialization of hardware 'arm_gz_ros2_control/GazeboSimSystem'
[gazebo-1] [INFO] [1791324139.412940149] [controller_manager]: Activating component 'arm_gz_ros2_control/GazeboSimSystem'.
[gazebo-1] [INFO] [1791324139.412949827] [resource_manager]: 'configure' hardware 'arm_gz_ros2_control/GazeboSimSystem' 
[gazebo-1] [INFO] [1791324139.412953213] [gz_ros_control]: System Successfully configured!
[gazebo-1] [INFO] [1791324139.412962758] [resource_manager]: Successful 'configure' of hardware 'arm_gz_ros2_control/GazeboSimSystem'
[gazebo-1] [INFO] [1791324139.412968875] [resource_manager]: 'activate' hardware 'arm_gz_ros2_control/GazeboSimSystem' 
[gazebo-1] [INFO] [1791324139.412973787] [resource_manager]: Successful 'activate' of hardware 'arm_gz_ros2_control/GazeboSimSystem'
[gazebo-1] [INFO] [1791324139.412996368] [controller_manager]: Activating component 'right_wheel_controller'.
[gazebo-1] [INFO] [1791324139.413001027] [resource_manager]: 'configure' hardware 'right_wheel_controller' 
[gazebo-1] [INFO] [1791324139.413003391] [gz_ros_control]: System Successfully configured!
[gazebo-1] [INFO] [1791324139.413010628] [resource_manager]: Successful 'configure' of hardware 'right_wheel_controller'
[gazebo-1] [INFO] [1791324139.413013332] [resource_manager]: 'activate' hardware 'right_wheel_controller' 
[gazebo-1] [INFO] [1791324139.413016288] [resource_manager]: Successful 'activate' of hardware 'right_wheel_controller'
[gazebo-1] [INFO] [1791324139.413029175] [controller_manager]: Activating component 'left_wheel_controller'.
[gazebo-1] [INFO] [1791324139.413033968] [resource_manager]: 'configure' hardware 'left_wheel_controller' 
[gazebo-1] [INFO] [1791324139.413036269] [gz_ros_control]: System Successfully configured!
[gazebo-1] [INFO] [1791324139.413040241] [resource_manager]: Successful 'configure' of hardware 'left_wheel_controller'
[gazebo-1] [INFO] [1791324139.413042870] [resource_manager]: 'activate' hardware 'left_wheel_controller' 
[gazebo-1] [INFO] [1791324139.413070691] [resource_manager]: Successful 'activate' of hardware 'left_wheel_controller'
[gazebo-1] [WARN] [1791324139.413086645] [controller_manager]: Component 'arm_gz_ros2_control/GazeboSimSystem' does not have read or write statistics initialized, skipping registration.
[gazebo-1] [WARN] [1791324139.413092208] [controller_manager]: Component 'right_wheel_controller' does not have read or write statistics initialized, skipping registration.
[gazebo-1] [WARN] [1791324139.413096370] [controller_manager]: Component 'left_wheel_controller' does not have read or write statistics initialized, skipping registration.
[gazebo-1] [INFO] [1791324139.413108665] [controller_manager]: Resource Manager has been successfully initialized. Starting Controller Manager services...
[gazebo-1] [WARN] [1791324139.642592827] [controller_manager.rclcpp]: failed to send response to /controller_manager/list_controllers (timeout): client will not receive response, at /home/runner/conda-bld/bld/rattler-build_ros-jazzy-rmw-fastrtps-shared-cpp_1782301755/work/ros-jazzy-rmw-fastrtps-shared-cpp/src/work/src/rmw_response.cpp:153, at /home/runner/conda-bld/bld/rattler-build_ros-jazzy-rcl_1782302707/work/ros-jazzy-rcl/src/work/src/rcl/service.c:400
[gazebo-1] [WARN] [1791324139.866271806] [controller_manager.rclcpp]: failed to send response to /controller_manager/list_controllers (timeout): client will not receive response, at /home/runner/conda-bld/bld/rattler-build_ros-jazzy-rmw-fastrtps-shared-cpp_1782301755/work/ros-jazzy-rmw-fastrtps-shared-cpp/src/work/src/rmw_response.cpp:153, at /home/runner/conda-bld/bld/rattler-build_ros-jazzy-rcl_1782302707/work/ros-jazzy-rcl/src/work/src/rcl/service.c:400
[gazebo-1] [1;36m[Dbg] [SystemManager.cc:80] [0m[1;36mLoaded system [[0m[1;36mgz_ros2_control::GazeboSimROS2ControlPlugin[0m[1;36m] for entity [[0m[1;36m148[0m[1;36m][0m[1;36m[0m
[gazebo-1] [1;36m[Dbg] [SystemManager.cc:80] [0m[1;36mLoaded system [[0m[1;36mgz::sim::systems::PosePublisher[0m[1;36m] for entity [[0m[1;36m148[0m[1;36m][0m[1;36m[0m
[gazebo-1] [1;36m[Dbg] [SystemManager.cc:80] [0m[1;36mLoaded system [[0m[1;36mgz::sim::systems::Contact[0m[1;36m] for entity [[0m[1;36m148[0m[1;36m][0m[1;36m[0m
[gazebo-1] [1;36m[Dbg] [Sensors.cc:697] [0m[1;36mConfiguring Sensors system[0m[1;36m[0m
[gazebo-1] [1;36m[Dbg] [Sensors.cc:557] [0m[1;36mSensorsPrivate::Run[0m[1;36m[0m
[gazebo-1] [1;36m[Dbg] [SystemManager.cc:80] [0m[1;36mLoaded system [[0m[1;36mgz::sim::systems::Sensors[0m[1;36m] for entity [[0m[1;36m148[0m[1;36m][0m[1;36m[0m
[gazebo-1] [1;36m[Dbg] [Sensors.cc:532] [0m[1;36mSensorsPrivate::RenderThread started[0m[1;36m[0m
[gazebo-1] [1;36m[Dbg] [Sensors.cc:337] [0m[1;36mWaiting for init[0m[1;36m[0m
[gazebo-1] [1;36m[Dbg] [DetachableJoint.cc:137] [0m[1;36mDetach topic is: [0m[1;36m/vacuum_gripper/detach[0m[1;36m[0m
[gazebo-1] [1;36m[Dbg] [DetachableJoint.cc:143] [0m[1;36mDetachableJoint subscribing to messages on [0m[1;36m[[0m[1;36m/vacuum_gripper/detach[0m[1;36m][0m[1;36m[0m
[gazebo-1] [1;36m[Dbg] [DetachableJoint.cc:160] [0m[1;36mAttach topic is: [0m[1;36m/vacuum_gripper/attach[0m[1;36m[0m
[gazebo-1] [1;36m[Dbg] [DetachableJoint.cc:195] [0m[1;36mOutput topic is: [0m[1;36m/vacuum_gripper/state[0m[1;36m[0m
[gazebo-1] [1;36m[Dbg] [SystemManager.cc:80] [0m[1;36mLoaded system [[0m[1;36mgz::sim::systems::DetachableJoint[0m[1;36m] for entity [[0m[1;36m148[0m[1;36m][0m[1;36m[0m
[gazebo-1] [1;32m[Msg] [0m[1;32mOdometryPublisher publishing odometry on [[0m[1;32m/model/turtlebot4/odometry[0m[1;32m][0m[1;32m[0m
[gazebo-1] [1;32m[Msg] [0m[1;32mOdometryPublisher publishing odometry with covariance on [[0m[1;32m/model/turtlebot4/odometry_with_covariance[0m[1;32m][0m[1;32m[0m
[gazebo-1] [1;32m[Msg] [0m[1;32mOdometryPublisher publishing Pose_V (TF) on [[0m[1;32m/model/turtlebot4/pose[0m[1;32m][0m[1;32m[0m
[gazebo-1] [1;36m[Dbg] [SystemManager.cc:80] [0m[1;36mLoaded system [[0m[1;36mgz::sim::systems::OdometryPublisher[0m[1;36m] for entity [[0m[1;36m148[0m[1;36m][0m[1;36m[0m
[gazebo-1] [1;36m[Dbg] [UserCommands.cc:1094] [0m[1;36mCreated entity [[0m[1;36m148[0m[1;36m] named [[0m[1;36mturtlebot4[0m[1;36m][0m[1;36m[0m
[gazebo-1] [1;36m[Dbg] [SystemManager.cc:80] [0m[1;36mLoaded system [[0m[1;36mgz::sim::systems::PosePublisher[0m[1;36m] for entity [[0m[1;36m296[0m[1;36m][0m[1;36m[0m
[gazebo-1] [1;36m[Dbg] [UserCommands.cc:1094] [0m[1;36mCreated entity [[0m[1;36m296[0m[1;36m] named [[0m[1;36mstandard_dock[0m[1;36m][0m[1;36m[0m
[gazebo-1] [1;32m[Msg] [0m[1;32mContact system publishing on [0m[1;32m/bumper_contact[0m[1;32m[0m
[gazebo-1] [1;36m[Dbg] [SDFFeatures.cc:332] [0m[1;36mMesh construction from an SDF has not been implemented yet for [0m[1;36mdartsim. Use AttachMeshShapeFeature to use mesh shapes.[0m
[gazebo-1] [1;36m[Dbg] [SDFFeatures.cc:864] [0m[1;36mThe geometry element of collision [[0m[1;36mwarehouse_collision[0m[1;36m] [0m[1;36mcouldn't be created[0m
[gazebo-1] [1;36m[Dbg] [SDFFeatures.cc:332] [0m[1;36mMesh construction from an SDF has not been implemented yet for [0m[1;36mdartsim. Use AttachMeshShapeFeature to use mesh shapes.[0m
[gazebo-1] [1;36m[Dbg] [SDFFeatures.cc:864] [0m[1;36mThe geometry element of collision [[0m[1;36mcollision[0m[1;36m] [0m[1;36mcouldn't be created[0m
[gazebo-1] [1;36m[Dbg] [SDFFeatures.cc:332] [0m[1;36mMesh construction from an SDF has not been implemented yet for [0m[1;36mdartsim. Use AttachMeshShapeFeature to use mesh shapes.[0m
[gazebo-1] [1;36m[Dbg] [SDFFeatures.cc:864] [0m[1;36mThe geometry element of collision [[0m[1;36mcollision[0m[1;36m] [0m[1;36mcouldn't be created[0m
[gazebo-1] [1;36m[Dbg] [SDFFeatures.cc:332] [0m[1;36mMesh construction from an SDF has not been implemented yet for [0m[1;36mdartsim. Use AttachMeshShapeFeature to use mesh shapes.[0m
[gazebo-1] [1;36m[Dbg] [SDFFeatures.cc:864] [0m[1;36mThe geometry element of collision [[0m[1;36mcollision[0m[1;36m] [0m[1;36mcouldn't be created[0m
[gazebo-1] [1;36m[Dbg] [SDFFeatures.cc:332] [0m[1;36mMesh construction from an SDF has not been implemented yet for [0m[1;36mdartsim. Use AttachMeshShapeFeature to use mesh shapes.[0m
[gazebo-1] [1;36m[Dbg] [SDFFeatures.cc:864] [0m[1;36mThe geometry element of collision [[0m[1;36mcollision[0m[1;36m] [0m[1;36mcouldn't be created[0m
[gazebo-1] [1;36m[Dbg] [SDFFeatures.cc:332] [0m[1;36mMesh construction from an SDF has not been implemented yet for [0m[1;36mdartsim. Use AttachMeshShapeFeature to use mesh shapes.[0m
[gazebo-1] [1;36m[Dbg] [SDFFeatures.cc:864] [0m[1;36mThe geometry element of collision [[0m[1;36mcollision[0m[1;36m] [0m[1;36mcouldn't be created[0m
[gazebo-1] [1;36m[Dbg] [SDFFeatures.cc:332] [0m[1;36mMesh construction from an SDF has not been implemented yet for [0m[1;36mdartsim. Use AttachMeshShapeFeature to use mesh shapes.[0m
[gazebo-1] [1;36m[Dbg] [SDFFeatures.cc:864] [0m[1;36mThe geometry element of collision [[0m[1;36mbase_link_fixed_joint_lump__shell_collision_collision_1[0m[1;36m] [0m[1;36mcouldn't be created[0m
[gazebo-1] [1;36m[Dbg] [SDFFeatures.cc:332] [0m[1;36mMesh construction from an SDF has not been implemented yet for [0m[1;36mdartsim. Use AttachMeshShapeFeature to use mesh shapes.[0m
[gazebo-1] [1;36m[Dbg] [SDFFeatures.cc:864] [0m[1;36mThe geometry element of collision [[0m[1;36mbase_link_fixed_joint_lump__arm_link_base_collision_2[0m[1;36m] [0m[1;36mcouldn't be created[0m
[gazebo-1] [1;36m[Dbg] [SDFFeatures.cc:332] [0m[1;36mMesh construction from an SDF has not been implemented yet for [0m[1;36mdartsim. Use AttachMeshShapeFeature to use mesh shapes.[0m
[gazebo-1] [1;36m[Dbg] [SDFFeatures.cc:864] [0m[1;36mThe geometry element of collision [[0m[1;36mbumper_collision[0m[1;36m] [0m[1;36mcouldn't be created[0m
[gazebo-1] [1;36m[Dbg] [SDFFeatures.cc:332] [0m[1;36mMesh construction from an SDF has not been implemented yet for [0m[1;36mdartsim. Use AttachMeshShapeFeature to use mesh shapes.[0m
[gazebo-1] [1;36m[Dbg] [SDFFeatures.cc:864] [0m[1;36mThe geometry element of collision [[0m[1;36marm_link1_collision[0m[1;36m] [0m[1;36mcouldn't be created[0m
[gazebo-1] [1;36m[Dbg] [SDFFeatures.cc:332] [0m[1;36mMesh construction from an SDF has not been implemented yet for [0m[1;36mdartsim. Use AttachMeshShapeFeature to use mesh shapes.[0m
[gazebo-1] [1;36m[Dbg] [SDFFeatures.cc:864] [0m[1;36mThe geometry element of collision [[0m[1;36marm_link2_collision[0m[1;36m] [0m[1;36mcouldn't be created[0m
[gazebo-1] [1;36m[Dbg] [SDFFeatures.cc:332] [0m[1;36mMesh construction from an SDF has not been implemented yet for [0m[1;36mdartsim. Use AttachMeshShapeFeature to use mesh shapes.[0m
[gazebo-1] [1;36m[Dbg] [SDFFeatures.cc:864] [0m[1;36mThe geometry element of collision [[0m[1;36marm_link3_collision[0m[1;36m] [0m[1;36mcouldn't be created[0m
[gazebo-1] [1;36m[Dbg] [SDFFeatures.cc:332] [0m[1;36mMesh construction from an SDF has not been implemented yet for [0m[1;36mdartsim. Use AttachMeshShapeFeature to use mesh shapes.[0m
[gazebo-1] [1;36m[Dbg] [SDFFeatures.cc:864] [0m[1;36mThe geometry element of collision [[0m[1;36marm_link4_collision[0m[1;36m] [0m[1;36mcouldn't be created[0m
[gazebo-1] [1;36m[Dbg] [SDFFeatures.cc:332] [0m[1;36mMesh construction from an SDF has not been implemented yet for [0m[1;36mdartsim. Use AttachMeshShapeFeature to use mesh shapes.[0m
[gazebo-1] [1;36m[Dbg] [SDFFeatures.cc:864] [0m[1;36mThe geometry element of collision [[0m[1;36marm_link5_collision[0m[1;36m] [0m[1;36mcouldn't be created[0m
[gazebo-1] [1;36m[Dbg] [SDFFeatures.cc:332] [0m[1;36mMesh construction from an SDF has not been implemented yet for [0m[1;36mdartsim. Use AttachMeshShapeFeature to use mesh shapes.[0m
[gazebo-1] [1;36m[Dbg] [SDFFeatures.cc:864] [0m[1;36mThe geometry element of collision [[0m[1;36marm_link6_collision[0m[1;36m] [0m[1;36mcouldn't be created[0m
[gazebo-1] [1;36m[Dbg] [SDFFeatures.cc:332] [0m[1;36mMesh construction from an SDF has not been implemented yet for [0m[1;36mdartsim. Use AttachMeshShapeFeature to use mesh shapes.[0m
[gazebo-1] [1;33m[Wrn] [OBJLoader.cc:91] [0m[1;33mBoth `d` and `Tr` parameters defined for "Chair". Use the value of `d` for dissolve (line 8 in .mtl.)[0m
[gazebo-1] [1;33m[0m
[gazebo-1] [1;33m[Wrn] [OBJLoader.cc:91] [0m[1;33mBoth `d` and `Tr` parameters defined for "CoffeeTable". Use the value of `d` for dissolve (line 8 in .mtl.)[0m
[gazebo-1] [1;33m[0m
[gazebo-1] [1;33m[Wrn] [Component.hh:127] [0m[1;33mTrying to serialize component with data type [[0m[1;33mSt10shared_ptrIN3sdf3v147ElementEE[0m[1;33m], which doesn't have [0m[1;33m`operator<<`. Component will not be serialized.[0m[1;33m[0m
[gazebo-1] [ERROR] [1791324141.104631882] [gz_ros_control]: Desired controller update period (0.001 s) is faster than the gazebo simulation period (0.003 s).
[wait_for_ready-47] [INFO] [1791324141.105914972] [wait_for_rviz]: ready: topic /clock (message received)
[gazebo-1] [1;36m[Dbg] [SDFFeatures.cc:864] [0m[1;36mThe geometry element of collision [[0m[1;36marm_ufplugin is using camera [[0m[1;36mscene::Camera(65527)[0m[1;36m][0m[1;36m[0m
[gazebo-1] [1;36m[GUI] [Dbg] [InteractiveViewControl.cc:176] [0m[1;36mInteractiveViewControl plugin is moving camera [[0m[1;36mscene::Camera(65527)[0m[1;36m][0m[1;36m[0m
[gazebo-1] [1;33mWarning [Utils.cc:132][0m [/sdf/model[@name="tb4_lite6"]/joint[@name="wheel_drop_left_joint"]/physics/ode/provide_feedback:<data-string>:L2544]: XML Element[provide_feedback], child of element[ode], not defined in SDF. Copying[provide_feedback] as children of [ode].
[gazebo-1] [1;33mWarning [Utils.cc:132][0m [/sdf/model[@name="tb4_lite6"]/joint[@name="wheel_drop_right_joint"]/physics/ode/provide_feedback:<data-string>:L2665]: XML Element[provide_feedback], child of element[ode], not defined in SDF. Copying[provide_feedback] as children of [ode].
[gazebo-1] [1;33m[GUI] [Wrn] [Component.hh:172] [0m[1;33mTrying to deserialize component with data type [[0m[1;33mSt10shared_ptrIN3sdf3v147ElementEE[0m[1;33m], which doesn't have [0m[1;33m`operator>>`. Component will not be deserialized.[0m[1;33m[0m
[gazebo-1] [1;33m[GUI] [Wrn] [OBJLoader.cc:91] [0m[1;33mBoth `d` and `Tr` parameters defined for "Chair". Use the value of `d` for dissolve (line 8 in .mtl.)[0m
[gazebo-1] [1;33m[0m
[gazebo-1] [1;33m[GUI] [Wrn] [OBJLoader.cc:91] [0m[1;33mBoth `d` and `Tr` parameters defined for "CoffeeTable". Use the value of `d` for dissolve (line 8 in .mtl.)[0m
[gazebo-1] [1;33m[0m
[gazebo-1] [1;33m[Wrn] [ColladaLoader.cc:2395] [0m[1;33mTriangle input semantic: '[0m[1;33mCOLOR[0m[1;33m' is currently[0m[1;33m not supported[0m[1;33m[0m
[gazebo-1] [1;33m[Wrn] [ColladaLoader.cc:2395] [0m[1;33mTriangle input semantic: '[0m[1;33mCOLOR[0m[1;33m' is currently[0m[1;33m not supported[0m[1;33m[0m
[gazebo-1] lite_vacuum_gripper_link_collision[0m[1;36m] [0m[1;36mcouldn't be created[0m
[gazebo-1] [1;36m[Dbg] [SimulationFeatures.cc:90] [0m[1;36mSimulation timestep set to: [0m[1;36m0.003[0m[1;36m[0m
[gazebo-1] [1;32m[Msg] [0m[1;32mServing scene information on [[0m[1;32m/world/warehouse[0m[1;32m/[0m[1;32mscene/info[0m[1;32m][0m[1;32m[0m
[gazebo-1] [1;32m[Msg] [0m[1;32mServing graph information on [[0m[1;32m/world/warehouse[0m[1;32m/[0m[1;32mscene/graph[0m[1;32m][0m[1;32m[0m
[gazebo-1] [1;32m[Msg] [0m[1;32mServing full state on [[0m[1;32m/world/warehouse[0m[1;32m/[0m[1;32mstate[0m[1;32m][0m[1;32m[0m
[gazebo-1] [1;32m[Msg] [0m[1;32mServing full state (async) on [[0m[1;32m/world/warehouse[0m[1;32m/[0m[1;32mstate_async[0m[1;32m][0m[1;32m[0m
[gazebo-1] [1;32m[Msg] [0m[1;32mPublishing scene information on [[0m[1;32m/world/warehouse/scene/info[0m[1;32m][0m[1;32m[0m
[gazebo-1] [1;32m[Msg] [0m[1;32mPublishing entity deletions on [[0m[1;32m/world/warehouse/scene/deletion[0m[1;32m][0m[1;32m[0m
[gazebo-1] [1;32m[Msg] [0m[1;32mPublishing state changes on [[0m[1;32m/world/warehouse/state[0m[1;32m][0m[1;32m[0m
[gazebo-1] [1;32m[Msg] [0m[1;32mPublishing pose messages on [[0m[1;32m/world/warehouse[0m[1;32m/[0m[1;32mpose/info[0m[1;32m][0m[1;32m[0m
[gazebo-1] [1;32m[Msg] [0m[1;32mPublishing dynamic pose messages on [[0m[1;32m/world/warehouse[0m[1;32m/[0m[1;32mdynamic_pose/info[0m[1;32m][0m[1;32m[0m
[gazebo-1] [1;36m[Dbg] [EntityComponentManager.cc:1656] [0m[1;36mUpdated state thread iterators: [0m[1;36m16[0m[1;36m threads processing around [0m[1;36m20[0m[1;36m entities each.[0m[1;36m[0m
[gazebo-1] [1;36m[Dbg] [SimulationRunner.cc:560] [0m[1;36mExiting postupdate worker thread ([0m[1;36m0[0m[1;36m)[0m[1;36m[0m
[gazebo-1] [1;36m[Dbg] [SimulationRunner.cc:560] [0m[1;36mExiting postupdate worker thread ([0m[1;36m1[0m[1;36m)[0m[1;36m[0m
[gazebo-1] [1;36m[Dbg] [SimulationRunner.cc:533] [0m[1;36mCreating PostUpdate worker threads: [0m[1;36m9[0m[1;36m[0m
[gazebo-1] [1;36m[Dbg] [SimulationRunner.cc:544] [0m[1;36mCreating postupdate worker thread ([0m[1;36m0[0m[1;36m)[0m[1;36m[0m
[gazebo-1] [1;36m[Dbg] [SimulationRunner.cc:544] [0m[1;36mCreating postupdate worker thread ([0m[1;36m1[0m[1;36m)[0m[1;36m[0m
[gazebo-1] [1;36m[Dbg] [SimulationRunner.cc:544] [0m[1;36mCreating postupdate worker thread ([0m[1;36m2[0m[1;36m)[0m[1;36m[0m
[gazebo-1] [1;36m[Dbg] [SimulationRunner.cc:544] [0m[1;36mCreating postupdate worker thread ([0m[1;36m3[0m[1;36m)[0m[1;36m[0m
[gazebo-1] [1;36m[Dbg] [SimulationRunner.cc:544] [0m[1;36mCreating postupdate worker thread ([0m[1;36m4[0m[1;36m)[0m[1;36m[0m
[gazebo-1] [1;36m[Dbg] [SimulationRunner.cc:544] [0m[1;36mCreating postupdate worker thread ([0m[1;36m5[0m[1;36m)[0m[1;36m[0m
[gazebo-1] [1;36m[Dbg] [SimulationRunner.cc:544] [0m[1;36mCreating postupdate worker thread ([0m[1;36m6[0m[1;36m)[0m[1;36m[0m
[gazebo-1] [1;36m[Dbg] [SimulationRunner.cc:544] [0m[1;36mCreating postupdate worker thread ([0m[1;36m7[0m[1;36m)[0m[1;36m[0m
[gazebo-1] [1;36m[Dbg] [DetachableJoint.cc:343] [0m[1;36mAttaching entity: [0m[1;36m312[0m[1;36m[0m
[gazebo-1] [1;36m[Dbg] [Physics.cc:1939] [0m[1;36mCreating detachable joint [[0m[1;36m312[0m[1;36m][0m[1;36m[0m
[gazebo-1] [1;36m[Dbg] [Sensors.cc:953] [0m[1;36mInitialization needed[0m[1;36m[0m
[gazebo-1] [1;36m[Dbg] [Sensors.cc:349] [0m[1;36mInitializing render context[0m[1;36m[0m
[gazebo-1] [1;32m[Msg] [0m[1;32mLoading plugin [[0m[1;32mgz-rendering-ogre2[0m[1;32m][0m[1;32m[0m
[gazebo-1] [1;36m[Dbg] [RenderUtil.cc:2646] [0m[1;36mCreate scene [[0m[1;36mscene[0m[1;36m][0m[1;36m[0m
[gazebo-1] [1;36m[Dbg] [Sensors.cc:391] [0m[1;36mRendering Thread initialized[0m[1;36m[0m
[gazebo-1] [1;36m[Dbg] [Sensors.cc:953] [0m[1;36mInitialization needed[0m[1;36m[0m
[gazebo-1] [1;36m[Dbg] [RgbdCameraSensor.cc:210] [0m[1;36mRGB images for [[0m[1;36mturtlebot4::oakd_rgb_camera_frame::rgbd_camera[0m[1;36m] advertised on [[0m[1;36mworld/warehouse/model/turtlebot4/link/oakd_rgb_camera_frame/sensor/rgbd_camera[0m[1;36m/image][0m[1;36m[0m
[gazebo-1] [1;36m[Dbg] [RgbdCameraSensor.cc:224] [0m[1;36mDepth images for [[0m[1;36mturtlebot4::oakd_rgb_camera_frame::rgbd_camera[0m[1;36m] advertised on [[0m[1;36mworld/warehouse/model/turtlebot4/link/oakd_rgb_camera_frame/sensor/rgbd_camera[0m[1;36m/depth_image][0m[1;36m[0m
[gazebo-1] [1;36m[Dbg] [RgbdCameraSensor.cc:238] [0m[1;36mPoints for [[0m[1;36mturtlebot4::oakd_rgb_camera_frame::rgbd_camera[0m[1;36m] advertised on [[0m[1;36mworld/warehouse/model/turtlebot4/link/oakd_rgb_camera_frame/sensor/rgbd_camera[0m[1;36m/points][0m[1;36m[0m
[gazebo-1] [1;36m[Dbg] [CameraSensor.cc:695] [0m[1;36mCamera info for [[0m[1;36mturtlebot4::oakd_rgb_camera_frame::rgbd_camera[0m[1;36m] advertised on [[0m[1;36mworld/warehouse/model/turtlebot4/link/oakd_rgb_camera_frame/sensor/rgbd_camera/camera_info[0m[1;36m][0m[1;36m[0m
[gazebo-1] [1;36m[Dbg] [Lidar.cc:139] [0m[1;36mLaser scans for [[0m[1;36mturtlebot4::base_link::cliff_front_left[0m[1;36m] advertised on [[0m[1;36mworld/warehouse/model/turtlebot4/link/base_link/sensor/cliff_front_left/scan[0m[1;36m][0m[1;36m[0m
[gazebo-1] [1;36m[Dbg] [GpuLidarSensor.cc:164] [0m[1;36mLidar points for [[0m[1;36mturtlebot4::base_link::cliff_front_left[0m[1;36m] advertised on [[0m[1;36mworld/warehouse/model/turtlebot4/link/base_link/sensor/cliff_front_left/scan/points[0m[1;36m][0m[1;36m[0m
[gazebo-1] [1;36m[Dbg] [Lidar.cc:139] [0m[1;36mLaser scans for [[0m[1;36mturtlebot4::base_link::cliff_front_right[0m[1;36m] advertised on [[0m[1;36mworld/warehouse/model/turtlebot4/link/base_link/sensor/cliff_front_right/scan[0m[1;36m][0m[1;36m[0m
[gazebo-1] [1;36m[Dbg] [GpuLidarSensor.cc:164] [0m[1;36mLidar points for [[0m[1;36mturtlebot4::base_link::cliff_front_right[0m[1;36m] advertised on [[0m[1;36mworld/warehouse/model/turtlebot4/link/base_link/sensor/cliff_front_right/scan/points[0m[1;36m][0m[1;36m[0m
[gazebo-1] [1;36m[Dbg] [Lidar.cc:139] [0m[1;36mLaser scans for [[0m[1;36mturtlebot4::base_link::cliff_side_left[0m[1;36m] advertised on [[0m[1;36mworld/warehouse/model/turtlebot4/link/base_link/sensor/cliff_side_left/scan[0m[1;36m][0m[1;36m[0m
[gazebo-1] [1;36m[Dbg] [GpuLidarSensor.cc:164] [0m[1;36mLidar points for [[0m[1;36mturtlebot4::base_link::cliff_side_left[0m[1;36m] advertised on [[0m[1;36mworld/warehouse/model/turtlebot4/link/base_link/sensor/cliff_side_left/scan/points[0m[1;36m][0m[1;36m[0m
[gazebo-1] [1;36m[Dbg] [Lidar.cc:139] [0m[1;36mLaser scans for [[0m[1;36mturtlebot4::base_link::cliff_side_right[0m[1;36m] advertised on [[0m[1;36mworld/warehouse/model/turtlebot4/link/base_link/sensor/cliff_side_right/scan[0m[1;36m][0m[1;36m[0m
[gazebo-1] [1;36m[Dbg] [GpuLidarSensor.cc:164] [0m[1;36mLidar points for [[0m[1;36mturtlebot4::base_link::cliff_side_right[0m[1;36m] advertised on [[0m[1;36mworld/warehouse/model/turtlebot4/link/base_link/sensor/cliff_side_right/scan/points[0m[1;36m][0m[1;36m[0m
[gazebo-1] [1;36m[Dbg] [Lidar.cc:139] [0m[1;36mLaser scans for [[0m[1;36mturtlebot4::ir_intensity_front_center_left::ir_intensity_front_center_left[0m[1;36m] advertised on [[0m[1;36mworld/warehouse/model/turtlebot4/link/ir_intensity_front_center_left/sensor/ir_intensity_front_center_left/scan[0m[1;36m][0m[1;36m[0m
[gazebo-1] [1;36m[Dbg] [GpuLidarSensor.cc:164] [0m[1;36mLidar points for [[0m[1;36mturtlebot4::ir_intensity_front_center_left::ir_intensity_front_center_left[0m[1;36m] advertised on [[0m[1;36mworld/warehouse/model/turtlebot4/link/ir_intensity_front_center_left/sensor/ir_intensity_front_center_left/scan/points[0m[1;36m][0m[1;36m[0m
[gazebo-1] [1;36m[Dbg] [Lidar.cc:139] [0m[1;36mLaser scans for [[0m[1;36mturtlebot4::ir_intensity_front_center_right::ir_intensity_front_center_right[0m[1;36m] advertised on [[0m[1;36mworld/warehouse/model/turtlebot4/link/ir_intensity_front_center_right/sensor/ir_intensity_front_center_right/scan[0m[1;36m][0m[1;36m[0m
[gazebo-1] [1;36m[Dbg] [GpuLidarSensor.cc:164] [0m[1;36mLidar points for [[0m[1;36mturtlebot4::ir_intensity_front_center_right::ir_intensity_front_center_right[0m[1;36m] advertised on [[0m[1;36mworld/warehouse/model/turtlebot4/link/ir_intensity_front_center_right/sensor/ir_intensity_front_center_right/scan/points[0m[1;36m][0m[1;36m[0m
[gazebo-1] [1;36m[Dbg] [Lidar.cc:139] [0m[1;36mLaser scans for [[0m[1;36mturtlebot4::ir_intensity_front_left::ir_intensity_front_left[0m[1;36m] advertised on [[0m[1;36mworld/warehouse/model/turtlebot4/link/ir_intensity_front_left/sensor/ir_intensity_front_left/scan[0m[1;36m][0m[1;36m[0m
[gazebo-1] [1;36m[Dbg] [GpuLidarSensor.cc:164] [0m[1;36mLidar points for [[0m[1;36mturtlebot4::ir_intensity_front_left::ir_intensity_front_left[0m[1;36m] advertised on [[0m[1;36mworld/warehouse/model/turtlebot4/link/ir_intensity_front_left/sensor/ir_intensity_front_left/scan/points[0m[1;36m][0m[1;36m[0m
[gazebo-1] [1;36m[Dbg] [Lidar.cc:139] [0m[1;36mLaser scans for [[0m[1;36mturtlebot4::ir_intensity_front_right::ir_intensity_front_right[0m[1;36m] advertised on [[0m[1;36mworld/warehouse/model/turtlebot4/link/ir_intensity_front_right/sensor/ir_intensity_front_right/scan[0m[1;36m][0m[1;36m[0m
[gazebo-1] [1;36m[Dbg] [GpuLidarSensor.cc:164] [0m[1;36mLidar points for [[0m[1;36mturtlebot4::ir_intensity_front_right::ir_intensity_front_right[0m[1;36m] advertised on [[0m[1;36mworld/warehouse/model/turtlebot4/link/ir_intensity_front_right/sensor/ir_intensity_front_right/scan/points[0m[1;36m][0m[1;36m[0m
[gazebo-1] [1;36m[Dbg] [Lidar.cc:139] [0m[1;36mLaser scans for [[0m[1;36mturtlebot4::ir_intensity_left::ir_intensity_left[0m[1;36m] advertised on [[0m[1;36mworld/warehouse/model/turtlebot4/link/ir_intensity_left/sensor/ir_intensity_left/scan[0m[1;36m][0m[1;36m[0m
[gazebo-1] [1;36m[Dbg] [GpuLidarSensor.cc:164] [0m[1;36mLidar points for [[0m[1;36mturtlebot4::ir_intensity_left::ir_intensity_left[0m[1;36m] advertised on [[0m[1;36mworld/warehouse/model/turtlebot4/link/ir_intensity_left/sensor/ir_intensity_left/scan/points[0m[1;36m][0m[1;36m[0m
[gazebo-1] [1;36m[Dbg] [Lidar.cc:139] [0m[1;36mLaser scans for [[0m[1;36mturtlebot4::ir_intensity_right::ir_intensity_right[0m[1;36m] advertised on [[0m[1;36mworld/warehouse/model/turtlebot4/link/ir_intensity_right/sensor/ir_intensity_right/scan[0m[1;36m][0m[1;36m[0m
[gazebo-1] [1;36m[Dbg] [GpuLidarSensor.cc:164] [0m[1;36mLidar points for [[0m[1;36mturtlebot4::ir_intensity_right::ir_intensity_right[0m[1;36m] advertised on [[0m[1;36mworld/warehouse/model/turtlebot4/link/ir_intensity_right/sensor/ir_intensity_right/scan/points[0m[1;36m][0m[1;36m[0m
[gazebo-1] [1;36m[Dbg] [Lidar.cc:139] [0m[1;36mLaser scans for [[0m[1;36mturtlebot4::ir_intensity_side_left::ir_intensity_side_left[0m[1;36m] advertised on [[0m[1;36mworld/warehouse/model/turtlebot4/link/ir_intensity_side_left/sensor/ir_intensity_side_left/scan[0m[1;36m][0m[1;36m[0m
[gazebo-1] [1;36m[Dbg] [GpuLidarSensor.cc:164] [0m[1;36mLidar points for [[0m[1;36mturtlebot4::ir_intensity_side_left::ir_intensity_side_left[0m[1;36m] advertised on [[0m[1;36mworld/warehouse/model/turtlebot4/link/ir_intensity_side_left/sensor/ir_intensity_side_left/scan/points[0m[1;36m][0m[1;36m[0m
[gazebo-1] [1;36m[Dbg] [Lidar.cc:139] [0m[1;36mLaser scans for [[0m[1;36mturtlebot4::rplidar_link::rplidar[0m[1;36m] advertised on [[0m[1;36mworld/warehouse/model/turtlebot4/link/rplidar_link/sensor/rplidar/scan[0m[1;36m][0m[1;36m[0m
[gazebo-1] [1;36m[Dbg] [GpuLidarSensor.cc:164] [0m[1;36mLidar points for [[0m[1;36mturtlebot4::rplidar_link::rplidar[0m[1;36m] advertised on [[0m[1;36mworld/warehouse/model/turtlebot4/link/rplidar_link/sensor/rplidar/scan/points[0m[1;36m][0m[1;36m[0m
[gazebo-1] [1;36m[Dbg] [Lidar.cc:139] [0m[1;36mLaser scans for [[0m[1;36mstandard_dock::green_buoy_link::green_buoy[0m[1;36m] advertised on [[0m[1;36mworld/warehouse/model/standard_dock/link/green_buoy_link/sensor/green_buoy/scan[0m[1;36m][0m[1;36m[0m
[gazebo-1] [1;36m[Dbg] [GpuLidarSensor.cc:164] [0m[1;36mLidar points for [[0m[1;36mstandard_dock::green_buoy_link::green_buoy[0m[1;36m] advertised on [[0m[1;36mworld/warehouse/model/standard_dock/link/green_buoy_link/sensor/green_buoy/scan/points[0m[1;36m][0m[1;36m[0m
[wait_for_ready-47] [INFO] [1791324143.242230311] [wait_for_rviz]: ready: topic /scan (message received)
[motion_control-34] [INFO] [1791324143.256019482] [motion_control]: Robot max speed is now 0.460000 m/s
[parameter_bridge-8] [INFO] [1791324143.256688129] [cmd_vel_bridge]: Passing message from ROS geometry_msgs/msg/TwistStamped to Gazebo gz.msgs.Twist (showing msg only once per type)
[wait_for_ready-47] [rviz] ready after 5.8s
[turtlebot4_node-29] [INFO] [1791324143.293470148] [turtlebot4_node]: OAKD stopped
[turtlebot4_node-29] [INFO] [1791324143.293517775] [turtlebot4_node]: RPLIDAR stopped
[INFO] [wait_for_ready-47]: process has finished cleanly [pid 46716]
[INFO] [rviz2-49]: process started with pid [47872]
[rviz2-49] Warning: Ignoring XDG_SESSION_TYPE=wayland on Gnome. Use QT_QPA_PLATFORM=wayland to run on Wayland anyway.
[rviz2-49] [INFO] [1791324143.729292004] [rviz2]: Stereo is NOT SUPPORTED
[rviz2-49] [INFO] [1791324143.729367326] [rviz2]: OpenGl version: 4.6 (GLSL 4.6)
[rviz2-49] [INFO] [1791324143.756363340] [rviz2]: Stereo is NOT SUPPORTED
[gazebo-1] [1;36m[Dbg] [Lidar.cc:139] [0m[1;36mLaser scans for [[0m[1;36mstandard_dock::halo_link::halo[0m[1;36m] advertised on [[0m[1;36mworld/warehouse/model/standard_dock/link/halo_link/sensor/halo/scan[0m[1;36m][0m[1;36m[0m
[gazebo-1] [1;36m[Dbg] [GpuLidarSensor.cc:164] [0m[1;36mLidar points for [[0m[1;36mstandard_dock::halo_link::halo[0m[1;36m] advertised on [[0m[1;36mworld/warehouse/model/standard_dock/link/halo_link/sensor/halo/scan/points[0m[1;36m][0m[1;36m[0m
[gazebo-1] [1;36m[Dbg] [Lidar.cc:139] [0m[1;36mLaser scans for [[0m[1;36mstandard_dock::red_buoy_link::red_buoy[0m[1;36m] advertised on [[0m[1;36mworld/warehouse/model/standard_dock/link/red_buoy_link/sensor/red_buoy/scan[0m[1;36m][0m[1;36m[0m
[gazebo-1] [1;36m[Dbg] [GpuLidarSensor.cc:164] [0m[1;36mLidar points for [[0m[1;36mstandard_dock::red_buoy_link::red_buoy[0m[1;36m] advertised on [[0m[1;36mworld/warehouse/model/standard_dock/link/red_buoy_link/sensor/red_buoy/scan/points[0m[1;36m][0m[1;36m[0m
[gazebo-1] [1;36m[Dbg] [Lidar.cc:139] [0m[1;36mLaser scans for [[0m[1;36mstandard_dock::yellow_buoy_link::yellow_buoy[0m[1;36m] advertised on [[0m[1;36mworld/warehouse/model/standard_dock/link/yellow_buoy_link/sensor/yellow_buoy/scan[0m[1;36m][0m[1;36m[0m
[gazebo-1] [1;36m[Dbg] [GpuLidarSensor.cc:164] [0m[1;36mLidar points for [[0m[1;36mstandard_dock::yellow_buoy_link::yellow_buoy[0m[1;36m] advertised on [[0m[1;36mworld/warehouse/model/standard_dock/link/yellow_buoy_link/sensor/yellow_buoy/scan/points[0m[1;36m][0m[1;36m[0m
[gazebo-1] [1;33m[GUI] [Wrn] [ColladaLoader.cc:2395] [0m[1;33mTriangle input semantic: '[0m[1;33mCOLOR[0m[1;33m' is currently[0m[1;33m not supported[0m[1;33m[0m
[gazebo-1] [1;33m[GUI] [Wrn] [ColladaLoader.cc:2395] [0m[1;33mTriangle input semantic: '[0m[1;33mCOLOR[0m[1;33m' is currently[0m[1;33m not supported[0m[1;33m[0m
[rviz2-49] [INFO] [1791324144.337607417] [rviz2]: Stereo is NOT SUPPORTED
[spawner-31] [WARN] [1791324149.543368100] [spawner_joint_state_broadcaster]: Failed getting a result from calling /controller_manager/list_controllers in 10.0. (Attempt 1 of 3.)
[gazebo-1] [INFO] [1791324149.546138160] [controller_manager]: Loading controller : 'joint_state_broadcaster' of type 'joint_state_broadcaster/JointStateBroadcaster'
[gazebo-1] [INFO] [1791324149.546173254] [controller_manager]: Loading controller 'joint_state_broadcaster'
[gazebo-1] [WARN] [1791324149.555695479] [controller_manager]: The use of remapping arguments to the controller_manager node is deprecated. Please use the '--controller-ros-args' argument of the spawner to pass remapping arguments to the controller node.
[gazebo-1] [INFO] [1791324149.555748166] [controller_manager]: Controller 'joint_state_broadcaster' node arguments: --ros-args --params-file /home/y/u/yunqiao/IROB_Mobile_Robot_Project/install/irobot_create_control/share/irobot_create_control/config/control.yaml --params-file /home/y/u/yunqiao/IROB_Mobile_Robot_Project/install/warehouse_inventory_robot/share/warehouse_inventory_robot/config/arm_controller_types.yaml --ros-args --remap ~/odom:=odom --remap /tf:=tf --remap /tf_static:=tf_static --remap /diagnostics:=diagnostics -p use_sim_time:=true --param use_sim_time:=true 
[wait_for_ready-48] [INFO] [1791324149.634218380] [wait_for_sim]: ready: topic /scan (message received)
[spawner-31] [INFO] [1791324149.636311191] [spawner_joint_state_broadcaster]: Loaded joint_state_broadcaster
[gazebo-1] [INFO] [1791324149.638758119] [controller_manager]: Configuring controller: 'joint_state_broadcaster'
[gazebo-1] [INFO] [1791324149.638844043] [joint_state_broadcaster]: 'joints' or 'interfaces' parameter is empty. All available state interfaces will be published
[wait_for_ready-48] [INFO] [1791324149.642125631] [wait_for_sim]: ready: service /controller_manager/list_controllers (answered a call)
[wait_for_ready-48] [sim] ready after 12.2s
[gazebo-1] [INFO] [1791324149.748855078] [controller_manager]: Activating controllers: [ joint_state_broadcaster ]
[gazebo-1] [INFO] [1791324149.749057145] [controller_manager]: Successfully switched controllers!
[spawner-31] [INFO] [1791324149.752861704] [spawner_joint_state_broadcaster]: Configured and activated joint_state_broadcaster
[INFO] [wait_for_ready-48]: process has finished cleanly [pid 46718]
[INFO] [spawner-50]: process started with pid [47987]
[INFO] [static_transform_publisher-51]: process started with pid [47989]
[INFO] [map_server-52]: process started with pid [47991]
[INFO] [lifecycle_manager-53]: process started with pid [47993]
[INFO] [controller_server-54]: process started with pid [47995]
[INFO] [smoother_server-55]: process started with pid [47997]
[INFO] [planner_server-56]: process started with pid [47999]
[INFO] [route_server-57]: process started with pid [48001]
[INFO] [behavior_server-58]: process started with pid [48003]
[INFO] [bt_navigator-59]: process started with pid [48005]
[INFO] [waypoint_follower-60]: process started with pid [48007]
[INFO] [velocity_smoother-61]: process started with pid [48009]
[INFO] [collision_monitor-62]: process started with pid [48011]
[INFO] [opennav_docking-63]: process started with pid [48013]
[INFO] [lifecycle_manager-64]: process started with pid [48015]
[INFO] [spawner-31]: process has finished cleanly [pid 46684]
[INFO] [spawner-65]: process started with pid [48017]
[static_transform_publisher-51] [WARN] [1791324150.050208391] []: Old-style arguments are deprecated; see --help for new-style arguments
[static_transform_publisher-51] [INFO] [1791324150.101256417] [map_to_odom_static_tf]: Spinning until stopped - publishing transform
[static_transform_publisher-51] translation: ('0.000000', '0.000000', '0.000000')
[static_transform_publisher-51] rotation: ('0.000000', '0.000000', '0.000000', '1.000000')
[static_transform_publisher-51] from 'map' to 'odom'
[lifecycle_manager-53] [INFO] [1791324150.151022986] [lifecycle_manager_map]: Creating
[lifecycle_manager-53] [INFO] [1791324150.163171830] [lifecycle_manager_map]: [34m[1mCreating and initializing lifecycle service clients[0m[0m
[velocity_smoother-61] [INFO] [1791324150.163967136] [velocity_smoother]: 
[velocity_smoother-61] 	velocity_smoother lifecycle node launched. 
[velocity_smoother-61] 	Waiting on external lifecycle transitions to activate
[velocity_smoother-61] 	See https://design.ros2.org/articles/node_lifecycle.html for more information.
[behavior_server-58] [INFO] [1791324150.375805847] [behavior_server]: 
[behavior_server-58] 	behavior_server lifecycle node launched. 
[behavior_server-58] 	Waiting on external lifecycle transitions to activate
[behavior_server-58] 	See https://design.ros2.org/articles/node_lifecycle.html for more information.
[lifecycle_manager-64] [INFO] [1791324150.386076566] [lifecycle_manager_navigation]: Creating
[smoother_server-55] [INFO] [1791324150.399165877] [smoother_server]: 
[smoother_server-55] 	smoother_server lifecycle node launched. 
[smoother_server-55] 	Waiting on external lifecycle transitions to activate
[smoother_server-55] 	See https://design.ros2.org/articles/node_lifecycle.html for more information.
[smoother_server-55] [INFO] [1791324150.405793703] [smoother_server]: Creating smoother server
[waypoint_follower-60] [INFO] [1791324150.681972966] [waypoint_follower]: 
[waypoint_follower-60] 	waypoint_follower lifecycle node launched. 
[waypoint_follower-60] 	Waiting on external lifecycle transitions to activate
[waypoint_follower-60] 	See https://design.ros2.org/articles/node_lifecycle.html for more information.
[waypoint_follower-60] [INFO] [1791324150.686242880] [waypoint_follower]: Creating
[lifecycle_manager-64] [INFO] [1791324150.730893269] [lifecycle_manager_navigation]: [34m[1mCreating and initializing lifecycle service clients[0m[0m
[route_server-57] [INFO] [1791324150.809457357] [route_server]: 
[route_server-57] 	route_server lifecycle node launched. 
[route_server-57] 	Waiting on external lifecycle transitions to activate
[route_server-57] 	See https://design.ros2.org/articles/node_lifecycle.html for more information.
[bt_navigator-59] [INFO] [1791324151.064783978] [bt_navigator]: 
[bt_navigator-59] 	bt_navigator lifecycle node launched. 
[bt_navigator-59] 	Waiting on external lifecycle transitions to activate
[bt_navigator-59] 	See https://design.ros2.org/articles/node_lifecycle.html for more information.
[planner_server-56] [INFO] [1791324151.069657834] [planner_server]: 
[planner_server-56] 	planner_server lifecycle node launched. 
[planner_server-56] 	Waiting on external lifecycle transitions to activate
[planner_server-56] 	See https://design.ros2.org/articles/node_lifecycle.html for more information.
[map_server-52] [INFO] [1791324151.078582394] [map_server]: 
[map_server-52] 	map_server lifecycle node launched. 
[map_server-52] 	Waiting on external lifecycle transitions to activate
[map_server-52] 	See https://design.ros2.org/articles/node_lifecycle.html for more information.
[map_server-52] [INFO] [1791324151.078640530] [map_server]: Creating
[bt_navigator-59] [INFO] [1791324151.079080097] [bt_navigator]: Creating
[planner_server-56] [INFO] [1791324151.084982832] [planner_server]: Creating
[planner_server-56] [INFO] [1791324151.167225006] [global_costmap.global_costmap]: 
[planner_server-56] 	global_costmap lifecycle node launched. 
[planner_server-56] 	Waiting on external lifecycle transitions to activate
[planner_server-56] 	See https://design.ros2.org/articles/node_lifecycle.html for more information.
[controller_server-54] [INFO] [1791324151.180471750] [controller_server]: 
[controller_server-54] 	controller_server lifecycle node launched. 
[controller_server-54] 	Waiting on external lifecycle transitions to activate
[controller_server-54] 	See https://design.ros2.org/articles/node_lifecycle.html for more information.
[planner_server-56] [INFO] [1791324151.187775154] [global_costmap.global_costmap]: Creating Costmap
[collision_monitor-62] [INFO] [1791324151.214983697] [collision_monitor]: 
[collision_monitor-62] 	collision_monitor lifecycle node launched. 
[collision_monitor-62] 	Waiting on external lifecycle transitions to activate
[collision_monitor-62] 	See https://design.ros2.org/articles/node_lifecycle.html for more information.
[controller_server-54] [INFO] [1791324151.254820545] [controller_server]: Creating controller server
[spawner-50] [INFO] [1791324151.288582487] [spawner_lite6_traj_controller]: waiting for service /controller_manager/list_controllers to become available...
[opennav_docking-63] [INFO] [1791324151.376865985] [docking_server]: 
[opennav_docking-63] 	docking_server lifecycle node launched. 
[opennav_docking-63] 	Waiting on external lifecycle transitions to activate
[opennav_docking-63] 	See https://design.ros2.org/articles/node_lifecycle.html for more information.
[opennav_docking-63] [INFO] [1791324151.376928489] [docking_server]: Creating docking_server
[controller_server-54] [INFO] [1791324151.513641101] [local_costmap.local_costmap]: 
[controller_server-54] 	local_costmap lifecycle node launched. 
[controller_server-54] 	Waiting on external lifecycle transitions to activate
[controller_server-54] 	See https://design.ros2.org/articles/node_lifecycle.html for more information.
[controller_server-54] [INFO] [1791324151.515950247] [local_costmap.local_costmap]: Creating Costmap
[lifecycle_manager-64] [INFO] [1791324151.656224166] [lifecycle_manager_navigation]: [34m[1mStarting managed nodes bringup...[0m[0m
[lifecycle_manager-64] [INFO] [1791324151.656258925] [lifecycle_manager_navigation]: [34m[1mConfiguring controller_server[0m[0m
[controller_server-54] [INFO] [1791324151.657808766] [controller_server]: Configuring controller interface
[controller_server-54] [INFO] [1791324151.657837746] [controller_server]: getting progress checker plugins..
[controller_server-54] [INFO] [1791324151.658157603] [controller_server]: getting goal checker plugins..
[controller_server-54] [INFO] [1791324151.658926387] [controller_server]: Controller frequency set to 20.0000Hz
[controller_server-54] [INFO] [1791324151.658973100] [local_costmap.local_costmap]: Configuring
[controller_server-54] [INFO] [1791324151.679672786] [local_costmap.local_costmap]: Using plugin "static_layer"
[controller_server-54] [INFO] [1791324151.683897092] [local_costmap.local_costmap]: Subscribing to the map topic (/map) with transient local durability
[controller_server-54] [INFO] [1791324151.686921099] [local_costmap.local_costmap]: Initialized plugin "static_layer"
[controller_server-54] [INFO] [1791324151.686955905] [local_costmap.local_costmap]: Using plugin "voxel_layer"
[controller_server-54] [INFO] [1791324151.687882313] [local_costmap.local_costmap]: Subscribed to Topics: scan
[controller_server-54] [INFO] [1791324151.705263478] [local_costmap.local_costmap]: Initialized plugin "voxel_layer"
[controller_server-54] [INFO] [1791324151.705297146] [local_costmap.local_costmap]: Using plugin "inflation_layer"
[controller_server-54] [INFO] [1791324151.706540472] [local_costmap.local_costmap]: Initialized plugin "inflation_layer"
[controller_server-54] [INFO] [1791324151.741366162] [controller_server]: Created progress_checker : progress_checker of type nav2_controller::SimpleProgressChecker
[controller_server-54] [INFO] [1791324151.742087020] [controller_server]: Controller Server has progress_checker  progress checkers available.
[controller_server-54] [INFO] [1791324151.743205261] [controller_server]: Created goal checker : general_goal_checker of type nav2_controller::SimpleGoalChecker
[controller_server-54] [INFO] [1791324151.744036371] [controller_server]: Controller Server has general_goal_checker  goal checkers available.
[controller_server-54] [INFO] [1791324151.746456439] [controller_server]: Created controller : FollowPath of type nav2_mppi_controller::MPPIController
[controller_server-54] [INFO] [1791324151.750757785] [controller_server]: Controller period is equal to model dt. Control sequence shifting is ON
[controller_server-54] [INFO] [1791324151.754182981] [controller_server]: ConstraintCritic instantiated with 1 power and 4.000000 weight.
[controller_server-54] [INFO] [1791324151.754224507] [controller_server]: Critic loaded : mppi::critics::ConstraintCritic
[controller_server-54] [INFO] [1791324151.756686195] [controller_server]: InflationCostCritic instantiated with 1 power and 300.000000 / 0.015000 weights. Critic will collision check based on footprint cost.
[controller_server-54] [INFO] [1791324151.756724848] [controller_server]: Critic loaded : mppi::critics::CostCritic
[controller_server-54] [INFO] [1791324151.757503471] [controller_server]: GoalCritic instantiated with 1 power and 5.000000 weight.
[controller_server-54] [INFO] [1791324151.757534716] [controller_server]: Critic loaded : mppi::critics::GoalCritic
[controller_server-54] [INFO] [1791324151.758440978] [controller_server]: GoalAngleCritic instantiated with 1 power, 3.000000 weight, 0.500000 angular threshold and symmetric_yaw_tolerance disabled
[controller_server-54] [INFO] [1791324151.758466816] [controller_server]: Critic loaded : mppi::critics::GoalAngleCritic
[controller_server-54] [INFO] [1791324151.760057286] [controller_server]: ReferenceTrajectoryCritic instantiated with 1 power and 14.000000 weight
[controller_server-54] [INFO] [1791324151.760090904] [controller_server]: Critic loaded : mppi::critics::PathAlignCritic
[controller_server-54] [INFO] [1791324151.761024449] [controller_server]: Critic loaded : mppi::critics::PathFollowCritic
[controller_server-54] [INFO] [1791324151.762376928] [controller_server]: PathAngleCritic instantiated with 1 power and 2.000000 weight. Mode set to: Forward Preference
[controller_server-54] [INFO] [1791324151.762403929] [controller_server]: Critic loaded : mppi::critics::PathAngleCritic
[controller_server-54] [INFO] [1791324151.763169654] [controller_server]: PreferForwardCritic instantiated with 1 power and 5.000000 weight.
[controller_server-54] [INFO] [1791324151.763194659] [controller_server]: Critic loaded : mppi::critics::PreferForwardCritic
[controller_server-54] [INFO] [1791324151.764953207] [controller_server]: Optimizer reset
[controller_server-54] [INFO] [1791324151.771559399] [MPPIController]: Configured MPPI Controller: FollowPath
[controller_server-54] [INFO] [1791324151.771598703] [controller_server]: Controller Server has FollowPath  controllers available.
[lifecycle_manager-64] [INFO] [1791324151.805964476] [lifecycle_manager_navigation]: [34m[1mConfiguring smoother_server[0m[0m
[smoother_server-55] [INFO] [1791324151.806407814] [smoother_server]: Configuring smoother server
[smoother_server-55] [INFO] [1791324151.826629746] [smoother_server]: Created smoother : simple_smoother of type nav2_smoother::SimpleSmoother
[smoother_server-55] [INFO] [1791324151.828435510] [smoother_server]: Smoother Server has simple_smoother  smoothers available.
[lifecycle_manager-64] [INFO] [1791324151.840458732] [lifecycle_manager_navigation]: [34m[1mConfiguring planner_server[0m[0m
[planner_server-56] [INFO] [1791324151.840759807] [planner_server]: Configuring
[planner_server-56] [INFO] [1791324151.840791950] [global_costmap.global_costmap]: Configuring
[planner_server-56] [INFO] [1791324151.854186462] [global_costmap.global_costmap]: Using plugin "static_layer"
[planner_server-56] [INFO] [1791324151.858600049] [global_costmap.global_costmap]: Subscribing to the map topic (/map) with transient local durability
[planner_server-56] [INFO] [1791324151.861013792] [global_costmap.global_costmap]: Initialized plugin "static_layer"
[planner_server-56] [INFO] [1791324151.861038988] [global_costmap.global_costmap]: Using plugin "obstacle_layer"
[planner_server-56] [INFO] [1791324151.862553023] [global_costmap.global_costmap]: Subscribed to Topics: scan
[planner_server-56] [INFO] [1791324151.869050188] [global_costmap.global_costmap]: Initialized plugin "obstacle_layer"
[planner_server-56] [INFO] [1791324151.869078923] [global_costmap.global_costmap]: Using plugin "inflation_layer"
[planner_server-56] [INFO] [1791324151.870648293] [global_costmap.global_costmap]: Initialized plugin "inflation_layer"
[spawner-50] [INFO] [1791324151.905371990] [spawner_lite6_traj_controller]: Setting controller param "params_file" to "['/home/y/u/yunqiao/IROB_Mobile_Robot_Project/install/warehouse_inventory_robot/share/warehouse_inventory_robot/config/arm_controllers.yaml']" for lite6_traj_controller
[gazebo-1] [INFO] [1791324151.915253462] [controller_manager]: Loading controller : 'lite6_traj_controller' of type 'joint_trajectory_controller/JointTrajectoryController'
[gazebo-1] [INFO] [1791324151.915309144] [controller_manager]: Loading controller 'lite6_traj_controller'
[planner_server-56] [INFO] [1791324151.919728815] [planner_server]: Created global planner plugin GridBased of type nav2_navfn_planner::NavfnPlanner
[planner_server-56] [INFO] [1791324151.919765301] [planner_server]: Configuring plugin GridBased of type NavfnPlanner
[planner_server-56] [INFO] [1791324151.920611480] [planner_server]: Planner Server has GridBased  planners available.
[gazebo-1] [WARN] [1791324151.929147452] [controller_manager]: The use of remapping arguments to the controller_manager node is deprecated. Please use the '--controller-ros-args' argument of the spawner to pass remapping arguments to the controller node.
[gazebo-1] [INFO] [1791324151.929215007] [controller_manager]: Controller 'lite6_traj_controller' node arguments: --ros-args --params-file /home/y/u/yunqiao/IROB_Mobile_Robot_Project/install/irobot_create_control/share/irobot_create_control/config/control.yaml --params-file /home/y/u/yunqiao/IROB_Mobile_Robot_Project/install/warehouse_inventory_robot/share/warehouse_inventory_robot/config/arm_controller_types.yaml --ros-args --remap ~/odom:=odom --remap /tf:=tf --remap /tf_static:=tf_static --remap /diagnostics:=diagnostics -p use_sim_time:=true --params-file /home/y/u/yunqiao/IROB_Mobile_Robot_Project/install/warehouse_inventory_robot/share/warehouse_inventory_robot/config/arm_controllers.yaml --param use_sim_time:=true 
[lifecycle_manager-64] [INFO] [1791324151.944342582] [lifecycle_manager_navigation]: [34m[1mConfiguring route_server[0m[0m
[route_server-57] [INFO] [1791324151.944674518] [route_server]: Configuring
[lifecycle_manager-53] [INFO] [1791324152.006591791] [lifecycle_manager_map]: [34m[1mStarting managed nodes bringup...[0m[0m
[lifecycle_manager-53] [INFO] [1791324152.006640100] [lifecycle_manager_map]: [34m[1mConfiguring map_server[0m[0m
[map_server-52] [INFO] [1791324152.007804341] [map_server]: Configuring
[map_server-52] [INFO] [1791324152.007869299] [map_io]: Loading yaml file: /home/y/u/yunqiao/IROB_Mobile_Robot_Project/install/warehouse_inventory_robot/share/warehouse_inventory_robot/maps/warehouse.yaml
[map_server-52] [INFO] [1791324152.008161181] [map_io]: resolution: 0.03
[map_server-52] [INFO] [1791324152.008172824] [map_io]: origin[0]: -15.1
[map_server-52] [INFO] [1791324152.008176533] [map_io]: origin[1]: -25
[map_server-52] [INFO] [1791324152.008179776] [map_io]: origin[2]: 0
[map_server-52] [INFO] [1791324152.008183337] [map_io]: free_thresh: 0.1
[map_server-52] [INFO] [1791324152.008186525] [map_io]: occupied_thresh: 0.65
[map_server-52] [INFO] [1791324152.008189411] [map_io]: mode: trinary
[map_server-52] [INFO] [1791324152.008192727] [map_io]: negate: 0
[map_server-52] [INFO] [1791324152.008405334] [map_io]: Loading image_file: /home/y/u/yunqiao/IROB_Mobile_Robot_Project/install/warehouse_inventory_robot/share/warehouse_inventory_robot/maps/warehouse.pgm
[map_server-52] [INFO] [1791324152.036759833] [map_io]: Read map /home/y/u/yunqiao/IROB_Mobile_Robot_Project/install/warehouse_inventory_robot/share/warehouse_inventory_robot/maps/warehouse.pgm: 1006 X 1674 map @ 0.03 m/cell
[spawner-50] [INFO] [1791324152.038229333] [spawner_lite6_traj_controller]: Loaded lite6_traj_controller
[lifecycle_manager-53] [INFO] [1791324152.061573271] [lifecycle_manager_map]: [34m[1mActivating map_server[0m[0m
[map_server-52] [INFO] [1791324152.061923491] [map_server]: Activating
[map_server-52] [INFO] [1791324152.066285332] [map_server]: Creating bond (map_server) to lifecycle manager.
[route_server-57] [INFO] [1791324152.068433983] [route_server]: Created GraphFileLoader GeoJsonGraphFileLoader of type nav2_route::GeoJsonGraphFileLoader
[route_server-57] [INFO] [1791324152.068487001] [route_server]: Configuring geojson graph file loader
[route_server-57] [INFO] [1791324152.068510535] [route_server]: No graph file provided to load yet.
[route_server-57] [INFO] [1791324152.080600610] [route_server]: Created edge cost function plugin DistanceScorer of type nav2_route::DistanceScorer
[route_server-57] [INFO] [1791324152.080631260] [route_server]: Configuring distance scorer.
[route_server-57] [INFO] [1791324152.081164778] [route_server]: Created edge cost function plugin DynamicEdgesScorer of type nav2_route::DynamicEdgesScorer
[route_server-57] [INFO] [1791324152.081192799] [route_server]: Configuring adjust edges scorer.
[controller_server-54] [INFO] [1791324152.090306316] [local_costmap.local_costmap]: StaticLayer: Resizing static layer to 1006 X 1674 at 0.030000 m/pix
[planner_server-56] [INFO] [1791324152.090657386] [global_costmap.global_costmap]: StaticLayer: Resizing costmap to 1006 X 1674 at 0.030000 m/pix
[route_server-57] [INFO] [1791324152.090687209] [route_server]: Created route operation AdjustSpeedLimit of type nav2_route::AdjustSpeedLimit
[route_server-57] [INFO] [1791324152.090720352] [route_server]: Configuring Adjust speed limit operation.
[route_server-57] [INFO] [1791324152.093544661] [route_server]: Created route operation ReroutingService of type nav2_route::ReroutingService
[route_server-57] [INFO] [1791324152.093589346] [route_server]: Configuring Rerouting service operation.
[lifecycle_manager-64] [INFO] [1791324152.100651710] [lifecycle_manager_navigation]: [34m[1mConfiguring behavior_server[0m[0m
[behavior_server-58] [INFO] [1791324152.100884370] [behavior_server]: Configuring
[behavior_server-58] [INFO] [1791324152.110533486] [behavior_server]: Creating behavior plugin spin of type nav2_behaviors::Spin
[behavior_server-58] [INFO] [1791324152.112703523] [behavior_server]: Creating behavior plugin backup of type nav2_behaviors::BackUp
[behavior_server-58] [INFO] [1791324152.115023874] [behavior_server]: Creating behavior plugin drive_on_heading of type nav2_behaviors::DriveOnHeading
[behavior_server-58] [INFO] [1791324152.116900723] [behavior_server]: Creating behavior plugin assisted_teleop of type nav2_behaviors::AssistedTeleop
[behavior_server-58] [INFO] [1791324152.119287354] [behavior_server]: Creating behavior plugin wait of type nav2_behaviors::Wait
[rviz2-49] [INFO] [1791324152.121285872] [rviz2]: Trying to create a map of size 1006 x 1674 using 1 swatches
[gazebo-1] [INFO] [1791324152.124735004] [controller_manager]: Configuring controller: 'lite6_traj_controller'
[gazebo-1] [INFO] [1791324152.124911536] [lite6_traj_controller]: No specific joint names are used for command interfaces. Using 'joints' parameter.
[gazebo-1] [INFO] [1791324152.124929163] [lite6_traj_controller]: Command interfaces are [position velocity] and state interfaces are [position velocity].
[gazebo-1] [INFO] [1791324152.124939820] [lite6_traj_controller]: Using 'splines' interpolation method.
[gazebo-1] [INFO] [1791324152.131252896] [lite6_traj_controller]: Action status changes will be monitored at 10.00 Hz.
[behavior_server-58] [INFO] [1791324152.132730673] [behavior_server]: Configuring spin
[behavior_server-58] [INFO] [1791324152.147746086] [behavior_server]: Configuring backup
[behavior_server-58] [INFO] [1791324152.160975903] [behavior_server]: Configuring drive_on_heading
[gazebo-1] [INFO] [1791324152.168046724] [lite6_traj_controller]: No scaling interface set. This controller will not read speed scaling from the hardware.
[rviz2-49] [ERROR] [1791324152.176971984] [rviz2]: rviz/glsl120/indexed_8bit_image.vert
[rviz2-49] rviz/glsl120/indexed_8bit_image.frag
[rviz2-49]  GLSL link result : 
[rviz2-49] active samplers with a different type refer to the same texture image unit
[behavior_server-58] [INFO] [1791324152.180571057] [behavior_server]: Configuring assisted_teleop
[lifecycle_manager-53] [INFO] [1791324152.185802347] [lifecycle_manager_map]: Server map_server connected with bond.
[lifecycle_manager-53] [INFO] [1791324152.185848494] [lifecycle_manager_map]: [34m[1mManaged nodes are active[0m[0m
[lifecycle_manager-53] [INFO] [1791324152.185856144] [lifecycle_manager_map]: [34m[1mCreating bond timer...[0m[0m
[behavior_server-58] [INFO] [1791324152.203630073] [behavior_server]: Configuring wait
[lifecycle_manager-64] [INFO] [1791324152.212908506] [lifecycle_manager_navigation]: [34m[1mConfiguring velocity_smoother[0m[0m
[velocity_smoother-61] [INFO] [1791324152.213166222] [velocity_smoother]: Configuring velocity smoother
[lifecycle_manager-64] [INFO] [1791324152.224268715] [lifecycle_manager_navigation]: [34m[1mConfiguring collision_monitor[0m[0m
[collision_monitor-62] [INFO] [1791324152.225401815] [collision_monitor]: Configuring
[gazebo-1] [INFO] [1791324152.228123342] [controller_manager]: Activating controllers: [ lite6_traj_controller ]
[gazebo-1] [INFO] [1791324152.230447030] [controller_manager]: Successfully switched controllers!
[collision_monitor-62] [INFO] [1791324152.238302504] [collision_monitor]: [scan]: Creating Scan
[spawner-50] [INFO] [1791324152.239231985] [spawner_lite6_traj_controller]: Configured and activated lite6_traj_controller
[collision_monitor-62] [INFO] [1791324152.244343733] [collision_monitor]: [FootprintApproach]: Creating Polygon
[collision_monitor-62] [INFO] [1791324152.244588877] [collision_monitor]: [FootprintApproach]: Polygon points are not defined. Using dynamic subscription instead.
[collision_monitor-62] [INFO] [1791324152.245558111] [collision_monitor]: [FootprintApproach]: Making footprint subscriber on local_costmap/published_footprint topic
[lifecycle_manager-64] [INFO] [1791324152.279320856] [lifecycle_manager_navigation]: [34m[1mConfiguring bt_navigator[0m[0m
[bt_navigator-59] [INFO] [1791324152.279833862] [bt_navigator]: Configuring
[bt_navigator-59] [INFO] [1791324152.293041844] [bt_navigator]: Creating navigator id navigate_to_pose of type nav2_bt_navigator::NavigateToPoseNavigator
[bt_navigator-59] [INFO] [1791324152.428442110] [bt_navigator]: Creating navigator id navigate_through_poses of type nav2_bt_navigator::NavigateThroughPosesNavigator
[spawner-65] [INFO] [1791324152.491319095] [spawner_diffdrive_controller]: waiting for service /controller_manager/list_controllers to become available...
[INFO] [spawner-50]: process has finished cleanly [pid 47987]
[lifecycle_manager-64] [INFO] [1791324152.546633064] [lifecycle_manager_navigation]: [34m[1mConfiguring waypoint_follower[0m[0m
[waypoint_follower-60] [INFO] [1791324152.777811880] [waypoint_follower]: Configuring
[waypoint_follower-60] [INFO] [1791324152.832277457] [waypoint_follower]: Created waypoint_task_executor : wait_at_waypoint of type nav2_waypoint_follower::WaitAtWaypoint
[lifecycle_manager-64] [INFO] [1791324152.833615546] [lifecycle_manager_navigation]: [34m[1mConfiguring docking_server[0m[0m
[opennav_docking-63] [INFO] [1791324152.833825016] [docking_server]: Configuring docking_server
[opennav_docking-63] [INFO] [1791324152.833849079] [docking_server]: Controller frequency set to 50.0000Hz
[opennav_docking-63] [INFO] [1791324152.875134371] [docking_server]: Created charging dock plugin simple_charging_dock of type opennav_docking::SimpleChargingDock
[opennav_docking-63] [WARN] [1791324152.884281394] [docking_server]: Dock database filepath nor dock parameters set. Docking actions can only be executed specifying the dock pose via the action request. Or update the dock database via the reload_database service.
[opennav_docking-63] [INFO] [1791324152.884328877] [docking_server]: Docking Server has 1 dock types and 0 dock instances available.
[lifecycle_manager-64] [INFO] [1791324152.887425117] [lifecycle_manager_navigation]: [34m[1mActivating controller_server[0m[0m
[controller_server-54] [INFO] [1791324152.887655655] [controller_server]: Activating
[controller_server-54] [INFO] [1791324152.887679886] [local_costmap.local_costmap]: Activating
[controller_server-54] [INFO] [1791324152.887684991] [local_costmap.local_costmap]: Checking transform
[controller_server-54] [INFO] [1791324152.887751037] [local_costmap.local_costmap]: start
[controller_server-54] [WARN] [1791324153.089329178] [controller_server]: Parameter controller_server.verbose not found
[controller_server-54] [INFO] [1791324153.090803420] [controller_server]: Optimizer reset
[controller_server-54] [INFO] [1791324153.091121941] [MPPIController]: Activated MPPI Controller: FollowPath
[controller_server-54] [INFO] [1791324153.091135450] [controller_server]: Creating bond (controller_server) to lifecycle manager.
[rviz2-49] [INFO] [1791324153.150554827] [rviz2]: Trying to create a map of size 50 x 50 using 1 swatches
[lifecycle_manager-64] [INFO] [1791324153.199446680] [lifecycle_manager_navigation]: Server controller_server connected with bond.
[lifecycle_manager-64] [INFO] [1791324153.199480823] [lifecycle_manager_navigation]: [34m[1mActivating smoother_server[0m[0m
[smoother_server-55] [INFO] [1791324153.200036056] [smoother_server]: Activating
[smoother_server-55] [INFO] [1791324153.200058653] [smoother_server]: Creating bond (smoother_server) to lifecycle manager.
[lifecycle_manager-64] [INFO] [1791324153.306902480] [lifecycle_manager_navigation]: Server smoother_server connected with bond.
[lifecycle_manager-64] [INFO] [1791324153.306940783] [lifecycle_manager_navigation]: [34m[1mActivating planner_server[0m[0m
[planner_server-56] [INFO] [1791324153.307398595] [planner_server]: Activating
[planner_server-56] [INFO] [1791324153.307419730] [global_costmap.global_costmap]: Activating
[planner_server-56] [INFO] [1791324153.307424509] [global_costmap.global_costmap]: Checking transform
[planner_server-56] [INFO] [1791324153.307497914] [global_costmap.global_costmap]: start
[planner_server-56] [INFO] [1791324154.359059586] [planner_server]: Activating plugin GridBased of type NavfnPlanner
[planner_server-56] [INFO] [1791324154.361518637] [planner_server]: Creating bond (planner_server) to lifecycle manager.
[rviz2-49] [INFO] [1791324154.415360331] [rviz2]: Trying to create a map of size 1006 x 1674 using 1 swatches
[lifecycle_manager-64] [INFO] [1791324154.469897533] [lifecycle_manager_navigation]: Server planner_server connected with bond.
[lifecycle_manager-64] [INFO] [1791324154.469934714] [lifecycle_manager_navigation]: [34m[1mActivating route_server[0m[0m
[route_server-57] [INFO] [1791324154.470473811] [route_server]: Activating
[route_server-57] [INFO] [1791324154.470507763] [route_server]: Creating bond (route_server) to lifecycle manager.
[lifecycle_manager-64] [INFO] [1791324154.579052377] [lifecycle_manager_navigation]: Server route_server connected with bond.
[lifecycle_manager-64] [INFO] [1791324154.579083231] [lifecycle_manager_navigation]: [34m[1mActivating behavior_server[0m[0m
[behavior_server-58] [INFO] [1791324154.579550345] [behavior_server]: Activating
[behavior_server-58] [INFO] [1791324154.579573554] [behavior_server]: Activating spin
[behavior_server-58] [INFO] [1791324154.579584999] [behavior_server]: Activating backup
[behavior_server-58] [INFO] [1791324154.579588736] [behavior_server]: Activating drive_on_heading
[behavior_server-58] [INFO] [1791324154.579592171] [behavior_server]: Activating assisted_teleop
[behavior_server-58] [INFO] [1791324154.579595587] [behavior_server]: Activating wait
[behavior_server-58] [INFO] [1791324154.579599250] [behavior_server]: Creating bond (behavior_server) to lifecycle manager.
[lifecycle_manager-64] [INFO] [1791324154.686839845] [lifecycle_manager_navigation]: Server behavior_server connected with bond.
[lifecycle_manager-64] [INFO] [1791324154.686872030] [lifecycle_manager_navigation]: [34m[1mActivating velocity_smoother[0m[0m
[velocity_smoother-61] [INFO] [1791324154.687286124] [velocity_smoother]: Activating
[velocity_smoother-61] [INFO] [1791324154.687309474] [velocity_smoother]: Creating bond (velocity_smoother) to lifecycle manager.
[lifecycle_manager-64] [INFO] [1791324154.795515853] [lifecycle_manager_navigation]: Server velocity_smoother connected with bond.
[lifecycle_manager-64] [INFO] [1791324154.795542135] [lifecycle_manager_navigation]: [34m[1mActivating collision_monitor[0m[0m
[collision_monitor-62] [INFO] [1791324154.795991055] [collision_monitor]: Activating
[collision_monitor-62] [INFO] [1791324154.796008697] [collision_monitor]: Creating bond (collision_monitor) to lifecycle manager.
[lifecycle_manager-64] [INFO] [1791324154.903056864] [lifecycle_manager_navigation]: Server collision_monitor connected with bond.
[lifecycle_manager-64] [INFO] [1791324154.903085269] [lifecycle_manager_navigation]: [34m[1mActivating bt_navigator[0m[0m
[bt_navigator-59] [INFO] [1791324154.903536874] [bt_navigator]: Activating
[spawner-65] [INFO] [1791324155.025507060] [spawner_diffdrive_controller]: Setting controller param "params_file" to "['/home/y/u/yunqiao/IROB_Mobile_Robot_Project/install/irobot_create_control/share/irobot_create_control/config/control.yaml']" for diffdrive_controller
[bt_navigator-59] [INFO] [1791324155.032934152] [bt_navigator]: Creating bond (bt_navigator) to lifecycle manager.
[gazebo-1] [INFO] [1791324155.036607992] [controller_manager]: Loading controller : 'diffdrive_controller' of type 'diff_drive_controller/DiffDriveController'
[gazebo-1] [INFO] [1791324155.036671877] [controller_manager]: Loading controller 'diffdrive_controller'
[gazebo-1] [WARN] [1791324155.045736557] [controller_manager]: The use of remapping arguments to the controller_manager node is deprecated. Please use the '--controller-ros-args' argument of the spawner to pass remapping arguments to the controller node.
[gazebo-1] [INFO] [1791324155.045787682] [controller_manager]: Controller 'diffdrive_controller' node arguments: --ros-args --params-file /home/y/u/yunqiao/IROB_Mobile_Robot_Project/install/irobot_create_control/share/irobot_create_control/config/control.yaml --params-file /home/y/u/yunqiao/IROB_Mobile_Robot_Project/install/warehouse_inventory_robot/share/warehouse_inventory_robot/config/arm_controller_types.yaml --ros-args --remap ~/odom:=odom --remap /tf:=tf --remap /tf_static:=tf_static --remap /diagnostics:=diagnostics -p use_sim_time:=true --params-file /home/y/u/yunqiao/IROB_Mobile_Robot_Project/install/irobot_create_control/share/irobot_create_control/config/control.yaml --param use_sim_time:=true 
[spawner-65] [INFO] [1791324155.107139986] [spawner_diffdrive_controller]: Loaded diffdrive_controller
[gazebo-1] [INFO] [1791324155.110692540] [controller_manager]: Configuring controller: 'diffdrive_controller'
[gazebo-1] [WARN] [1791324155.110793955] [diffdrive_controller]: [deprecated] has_jerk_limits parameter is deprecated, instead set the respective limits to NAN
[gazebo-1] [WARN] [1791324155.110808694] [diffdrive_controller]: [deprecated] has_jerk_limits parameter is deprecated, instead set the respective limits to NAN
[lifecycle_manager-64] [INFO] [1791324155.142250089] [lifecycle_manager_navigation]: Server bt_navigator connected with bond.
[lifecycle_manager-64] [INFO] [1791324155.142282839] [lifecycle_manager_navigation]: [34m[1mActivating waypoint_follower[0m[0m
[waypoint_follower-60] [INFO] [1791324155.142794064] [waypoint_follower]: Activating
[waypoint_follower-60] [INFO] [1791324155.142814675] [waypoint_follower]: Creating bond (waypoint_follower) to lifecycle manager.
[gazebo-1] [INFO] [1791324155.227624092] [controller_manager]: Activating controllers: [ diffdrive_controller ]
[gazebo-1] [INFO] [1791324155.229008260] [controller_manager]: Successfully switched controllers!
[spawner-65] [INFO] [1791324155.233054647] [spawner_diffdrive_controller]: Configured and activated diffdrive_controller
[lifecycle_manager-64] [INFO] [1791324155.251307974] [lifecycle_manager_navigation]: Server waypoint_follower connected with bond.
[lifecycle_manager-64] [INFO] [1791324155.251356717] [lifecycle_manager_navigation]: [34m[1mActivating docking_server[0m[0m
[opennav_docking-63] [INFO] [1791324155.252065339] [docking_server]: Activating docking_server
[opennav_docking-63] [INFO] [1791324155.282066719] [docking_server]: Creating bond (docking_server) to lifecycle manager.
[lifecycle_manager-64] [INFO] [1791324155.392762113] [lifecycle_manager_navigation]: Server docking_server connected with bond.
[lifecycle_manager-64] [INFO] [1791324155.392794217] [lifecycle_manager_navigation]: [34m[1mManaged nodes are active[0m[0m
[lifecycle_manager-64] [INFO] [1791324155.392805793] [lifecycle_manager_navigation]: [34m[1mCreating bond timer...[0m[0m
[INFO] [spawner-65]: process has finished cleanly [pid 48017]
[gazebo-1] [WARN] [1791324157.244175298] [diffdrive_controller]: Received TwistStamped with zero timestamp, setting it to current time, this message will only be shown once
[turtlebot4_node-29] [ERROR] [1791324173.303755220] [turtlebot4_node]: Service stop_motor unavailable.
[turtlebot4_node-29] [ERROR] [1791324173.314041282] [turtlebot4_node]: Service oakd/stop_camera unavailable.
[motion_control-34] [INFO] [1791324186.425252464] [motion_control]: Received new undock goal
[turtlebot4_node-29] [INFO] [1791324188.051949721] [turtlebot4_node]: OAKD started
[turtlebot4_node-29] [INFO] [1791324188.051993036] [turtlebot4_node]: RPLIDAR started
[turtlebot4_node-29] [ERROR] [1791324218.062357776] [turtlebot4_node]: Service start_motor unavailable.
[turtlebot4_node-29] [ERROR] [1791324218.072639681] [turtlebot4_node]: Service oakd/start_camera unavailable.
[motion_control-34] [INFO] [1791324418.549602731] [motion_control]: Undock Goal Exceeded Runtime
[motion_control-34] [INFO] [1791324418.549660512] [motion_control]: Undock Goal Succeeded
[bt_navigator-59] [INFO] [1791324426.185470558] [bt_navigator]: Begin navigating from current location (-0.67, 0.03) to (1.98, 7.15)
[controller_server-54] [INFO] [1791324426.216415872] [controller_server]: Received a goal, begin computing control effort.
[controller_server-54] [WARN] [1791324426.216446105] [controller_server]: No goal checker was specified in parameter 'current_goal_checker'. Server will use only plugin loaded general_goal_checker . This warning will appear once.
[controller_server-54] [WARN] [1791324426.216452014] [controller_server]: No progress checker was specified in parameter 'current_progress_checker'. Server will use only plugin loaded progress_checker . This warning will appear once.
[controller_server-54] [INFO] [1791324427.266613857] [controller_server]: Passing new path to controller.
[controller_server-54] [INFO] [1791324428.316599121] [controller_server]: Passing new path to controller.
[controller_server-54] [INFO] [1791324429.316576548] [controller_server]: Passing new path to controller.
[controller_server-54] [INFO] [1791324430.366574556] [controller_server]: Passing new path to controller.
[controller_server-54] [INFO] [1791324431.366574933] [controller_server]: Passing new path to controller.
[controller_server-54] [INFO] [1791324432.416602415] [controller_server]: Passing new path to controller.
[controller_server-54] [INFO] [1791324433.416573532] [controller_server]: Passing new path to controller.
[controller_server-54] [INFO] [1791324434.466601183] [controller_server]: Passing new path to controller.
[controller_server-54] [INFO] [1791324435.466575687] [controller_server]: Passing new path to controller.
[controller_server-54] [INFO] [1791324436.516595995] [controller_server]: Passing new path to controller.
[controller_server-54] [INFO] [1791324437.516622042] [controller_server]: Passing new path to controller.
[controller_server-54] [INFO] [1791324438.566602078] [controller_server]: Passing new path to controller.
[controller_server-54] [INFO] [1791324439.566573954] [controller_server]: Passing new path to controller.
[controller_server-54] [INFO] [1791324440.616596055] [controller_server]: Passing new path to controller.
[controller_server-54] [INFO] [1791324441.666639887] [controller_server]: Passing new path to controller.
[controller_server-54] [INFO] [1791324442.666527339] [controller_server]: Passing new path to controller.
[controller_server-54] [INFO] [1791324443.716573428] [controller_server]: Passing new path to controller.
[controller_server-54] [INFO] [1791324444.716576025] [controller_server]: Passing new path to controller.
[controller_server-54] [INFO] [1791324445.766580977] [controller_server]: Passing new path to controller.
[controller_server-54] [INFO] [1791324446.766595812] [controller_server]: Passing new path to controller.
[controller_server-54] [INFO] [1791324447.816582208] [controller_server]: Passing new path to controller.
[controller_server-54] [INFO] [1791324448.816596037] [controller_server]: Passing new path to controller.
[controller_server-54] [INFO] [1791324449.866610297] [controller_server]: Passing new path to controller.
[controller_server-54] [INFO] [1791324450.866599239] [controller_server]: Passing new path to controller.
[controller_server-54] [INFO] [1791324451.916571338] [controller_server]: Passing new path to controller.
[controller_server-54] [INFO] [1791324452.916594036] [controller_server]: Passing new path to controller.
[controller_server-54] [INFO] [1791324453.966575021] [controller_server]: Passing new path to controller.
[controller_server-54] [INFO] [1791324454.966598694] [controller_server]: Passing new path to controller.
[controller_server-54] [INFO] [1791324456.016571813] [controller_server]: Passing new path to controller.
[controller_server-54] [INFO] [1791324457.016576062] [controller_server]: Passing new path to controller.
[controller_server-54] [INFO] [1791324458.066603976] [controller_server]: Passing new path to controller.
[controller_server-54] [INFO] [1791324459.066605132] [controller_server]: Passing new path to controller.
[controller_server-54] [INFO] [1791324460.116578405] [controller_server]: Passing new path to controller.
[controller_server-54] [INFO] [1791324461.116580730] [controller_server]: Passing new path to controller.
[controller_server-54] [INFO] [1791324462.166599304] [controller_server]: Passing new path to controller.
[controller_server-54] [INFO] [1791324463.166578952] [controller_server]: Passing new path to controller.
[controller_server-54] [INFO] [1791324464.166601793] [controller_server]: Passing new path to controller.
[controller_server-54] [INFO] [1791324465.216574804] [controller_server]: Passing new path to controller.
[controller_server-54] [INFO] [1791324466.266598647] [controller_server]: Passing new path to controller.
[controller_server-54] [INFO] [1791324467.266577748] [controller_server]: Passing new path to controller.
[controller_server-54] [INFO] [1791324468.316576515] [controller_server]: Passing new path to controller.
[motion_control-34] [WARN] [1791324469.284623513] [motion_control]: Ignoring velocities commanded while an autonomous behavior is running!
[controller_server-54] [INFO] [1791324469.316609142] [controller_server]: Passing new path to controller.
[controller_server-54] [INFO] [1791324470.366577448] [controller_server]: Passing new path to controller.
[controller_server-54] [INFO] [1791324471.366598998] [controller_server]: Passing new path to controller.
[controller_server-54] [INFO] [1791324472.416608505] [controller_server]: Passing new path to controller.
[controller_server-54] [INFO] [1791324473.416580086] [controller_server]: Passing new path to controller.
[controller_server-54] [INFO] [1791324474.466598963] [controller_server]: Passing new path to controller.
[controller_server-54] [INFO] [1791324475.466578441] [controller_server]: Passing new path to controller.
[controller_server-54] [INFO] [1791324476.516634442] [controller_server]: Passing new path to controller.
[controller_server-54] [INFO] [1791324477.516588024] [controller_server]: Passing new path to controller.
[controller_server-54] [INFO] [1791324478.566574208] [controller_server]: Passing new path to controller.
[controller_server-54] [INFO] [1791324479.566574860] [controller_server]: Passing new path to controller.
[controller_server-54] [INFO] [1791324480.616600694] [controller_server]: Passing new path to controller.
[motion_control-34] [WARN] [1791324480.820227977] [motion_control]: Ignoring velocities commanded while an autonomous behavior is running!
[controller_server-54] [INFO] [1791324481.616576150] [controller_server]: Passing new path to controller.
[controller_server-54] [INFO] [1791324482.666573849] [controller_server]: Passing new path to controller.
[controller_server-54] [INFO] [1791324483.666617532] [controller_server]: Passing new path to controller.
[controller_server-54] [INFO] [1791324484.716630548] [controller_server]: Passing new path to controller.
[controller_server-54] [INFO] [1791324485.716577167] [controller_server]: Passing new path to controller.
