[INFO] [launch]: All log files can be found below /home/y/u/yunqiao/.ros/log/2026-10-07-02-13-43-129359-yellow-17.eecs.kth.se-67822
[INFO] [launch]: Default logging verbosity is set to INFO
[INFO] [gazebo-1]: process started with pid [67852]
[INFO] [parameter_bridge-2]: process started with pid [67854]
[INFO] [robot_state_publisher-3]: process started with pid [67856]
[INFO] [robot_state_publisher-4]: process started with pid [67859]
[INFO] [static_transform_publisher-5]: process started with pid [67861]
[INFO] [create-6]: process started with pid [67863]
[INFO] [create-7]: process started with pid [67865]
[INFO] [parameter_bridge-8]: process started with pid [67867]
[INFO] [parameter_bridge-9]: process started with pid [67869]
[INFO] [parameter_bridge-10]: process started with pid [67871]
[INFO] [parameter_bridge-11]: process started with pid [67873]
[INFO] [parameter_bridge-12]: process started with pid [67875]
[INFO] [parameter_bridge-13]: process started with pid [67877]
[INFO] [parameter_bridge-14]: process started with pid [67879]
[INFO] [parameter_bridge-15]: process started with pid [67881]
[INFO] [parameter_bridge-16]: process started with pid [67883]
[INFO] [parameter_bridge-17]: process started with pid [67886]
[INFO] [parameter_bridge-18]: process started with pid [67888]
[INFO] [parameter_bridge-19]: process started with pid [67890]
[INFO] [parameter_bridge-20]: process started with pid [67892]
[INFO] [parameter_bridge-21]: process started with pid [67894]
[INFO] [parameter_bridge-22]: process started with pid [67896]
[INFO] [parameter_bridge-23]: process started with pid [67898]
[INFO] [parameter_bridge-24]: process started with pid [67900]
[INFO] [parameter_bridge-25]: process started with pid [67902]
[INFO] [parameter_bridge-26]: process started with pid [67904]
[INFO] [parameter_bridge-27]: process started with pid [67906]
[INFO] [parameter_bridge-28]: process started with pid [67908]
[INFO] [turtlebot4_node-29]: process started with pid [67910]
[INFO] [turtlebot4_gz_hmi_node-30]: process started with pid [67912]
[INFO] [spawner-31]: process started with pid [67914]
[INFO] [hazards_vector_publisher-32]: process started with pid [67916]
[INFO] [ir_intensity_vector_publisher-33]: process started with pid [67918]
[INFO] [motion_control-34]: process started with pid [67920]
[INFO] [wheel_status_publisher-35]: process started with pid [67923]
[INFO] [mock_publisher-36]: process started with pid [67925]
[INFO] [robot_state-37]: process started with pid [67927]
[INFO] [kidnap_estimator_publisher-38]: process started with pid [67929]
[INFO] [ui_mgr-39]: process started with pid [67931]
[INFO] [pose_republisher_node-40]: process started with pid [67933]
[INFO] [sensors_node-41]: process started with pid [67935]
[INFO] [interface_buttons_node-42]: process started with pid [67938]
[INFO] [static_transform_publisher-43]: process started with pid [67940]
[INFO] [static_transform_publisher-44]: process started with pid [67942]
[INFO] [parameter_bridge-45]: process started with pid [67944]
[INFO] [parameter_bridge-46]: process started with pid [67946]
[INFO] [wait_for_ready-47]: process started with pid [67948]
[INFO] [wait_for_ready-48]: process started with pid [67950]
[static_transform_publisher-5] [WARN] [1791332025.915900596] []: Old-style arguments are deprecated; see --help for new-style arguments
[static_transform_publisher-5] [INFO] [1791332026.086075874] [tf_odom_std_dock_link_publisher]: Spinning until stopped - publishing transform
[static_transform_publisher-5] translation: ('0.157000', '0.000000', '0.000000')
[static_transform_publisher-5] rotation: ('0.000000', '0.000000', '1.000000', '0.000000')
[static_transform_publisher-5] from 'odom' to 'std_dock_link'
[motion_control-34] [INFO] [1791332026.202220064] [motion_control]: Enabling REFLEX_BUMP
[motion_control-34] [INFO] [1791332026.202407880] [motion_control]: Enabling REFLEX_CLIFF
[motion_control-34] [INFO] [1791332026.202505110] [motion_control]: Enabling REFLEX_STUCK
[motion_control-34] [INFO] [1791332026.202543459] [motion_control]: Enabling REFLEX_WHEEL_DROP
[hazards_vector_publisher-32] [INFO] [1791332026.234443977] [hazards_vector_publisher]: Advertised topic: hazard_detection
[hazards_vector_publisher-32] [INFO] [1791332026.234725380] [hazards_vector_publisher]: Subscription to topic: _internal/bumper/event
[hazards_vector_publisher-32] [INFO] [1791332026.234901552] [hazards_vector_publisher]: Subscription to topic: _internal/cliff_front_left/event
[hazards_vector_publisher-32] [INFO] [1791332026.235067438] [hazards_vector_publisher]: Subscription to topic: _internal/cliff_front_right/event
[hazards_vector_publisher-32] [INFO] [1791332026.235220159] [hazards_vector_publisher]: Subscription to topic: _internal/cliff_side_left/event
[hazards_vector_publisher-32] [INFO] [1791332026.235508577] [hazards_vector_publisher]: Subscription to topic: _internal/cliff_side_right/event
[hazards_vector_publisher-32] [INFO] [1791332026.235656491] [hazards_vector_publisher]: Subscription to topic: _internal/wheel_drop/left_wheel/event
[hazards_vector_publisher-32] [INFO] [1791332026.235819919] [hazards_vector_publisher]: Subscription to topic: _internal/wheel_drop/right_wheel/event
[hazards_vector_publisher-32] [INFO] [1791332026.235983648] [hazards_vector_publisher]: Subscription to topic: _internal/backup_limit
[mock_publisher-36] [INFO] [1791332026.267198670] [mock_publisher]: Advertised mocked topic: slip_status
[ui_mgr-39] [INFO] [1791332026.274427625] [ui_mgr]: Subscription to topic: cmd_lightring
[ui_mgr-39] [INFO] [1791332026.274869571] [ui_mgr]: Subscription to topic: cmd_audio
[ir_intensity_vector_publisher-33] [INFO] [1791332026.285479619] [ir_intensity_vector_publisher]: Advertised topic: ir_intensity
[ir_intensity_vector_publisher-33] [INFO] [1791332026.285831881] [ir_intensity_vector_publisher]: Subscription to topic: _internal/ir_intensity_front_center_left
[ir_intensity_vector_publisher-33] [INFO] [1791332026.286037762] [ir_intensity_vector_publisher]: Subscription to topic: _internal/ir_intensity_front_center_right
[ir_intensity_vector_publisher-33] [INFO] [1791332026.286204122] [ir_intensity_vector_publisher]: Subscription to topic: _internal/ir_intensity_front_left
[ir_intensity_vector_publisher-33] [INFO] [1791332026.286366723] [ir_intensity_vector_publisher]: Subscription to topic: _internal/ir_intensity_front_right
[ir_intensity_vector_publisher-33] [INFO] [1791332026.286570988] [ir_intensity_vector_publisher]: Subscription to topic: _internal/ir_intensity_left
[ir_intensity_vector_publisher-33] [INFO] [1791332026.286781411] [ir_intensity_vector_publisher]: Subscription to topic: _internal/ir_intensity_right
[ir_intensity_vector_publisher-33] [INFO] [1791332026.286994499] [ir_intensity_vector_publisher]: Subscription to topic: _internal/ir_intensity_side_left
[robot_state_publisher-3] [WARN] [1791332026.316422601] [kdl_parser]: The root link base_link has an inertia specified in the URDF, but KDL does not support a root link with an inertia.  As a workaround, you can add an extra dummy link to your URDF.
[robot_state_publisher-3] [INFO] [1791332026.316589784] [robot_state_publisher]: Robot initialized
[kidnap_estimator_publisher-38] [INFO] [1791332026.340261237] [kidnap_estimator_publisher]: Advertised topic: kidnap_status
[kidnap_estimator_publisher-38] [INFO] [1791332026.341392226] [kidnap_estimator_publisher]: Subscription to topic: hazard_detection
[robot_state-37] [INFO] [1791332026.354269087] [robot_state]: Advertised topic: battery_state
[robot_state-37] [INFO] [1791332026.370787615] [robot_state]: Subscription to topic: dock_status
[robot_state-37] [INFO] [1791332026.372890539] [robot_state]: Advertised topic: stop_status
[static_transform_publisher-43] [WARN] [1791332026.376168204] []: Old-style arguments are deprecated; see --help for new-style arguments
[robot_state-37] [INFO] [1791332026.384139604] [robot_state]: Subscription to topic: odom
[wheel_status_publisher-35] [INFO] [1791332026.414863656] [wheel_status_publisher]: Advertised topic: wheel_vels
[wheel_status_publisher-35] [INFO] [1791332026.415184810] [wheel_status_publisher]: Advertised topic: wheel_ticks
[turtlebot4_node-29] [INFO] [1791332026.434122082] [turtlebot4_node]: Init Turtlebot4 Node Main
[static_transform_publisher-44] [WARN] [1791332026.469076590] []: Old-style arguments are deprecated; see --help for new-style arguments
[static_transform_publisher-43] [INFO] [1791332026.476313169] [rplidar_stf]: Spinning until stopped - publishing transform
[static_transform_publisher-43] translation: ('0.000000', '0.000000', '0.000000')
[static_transform_publisher-43] rotation: ('0.000000', '0.000000', '0.000000', '1.000000')
[static_transform_publisher-43] from 'rplidar_link' to 'turtlebot4/rplidar_link/rplidar'
[turtlebot4_node-29] [INFO] [1791332026.478781272] [turtlebot4_node]: Buttons Init
[turtlebot4_node-29] [INFO] [1791332026.488432274] [turtlebot4_node]: Init Display
[turtlebot4_node-29] [INFO] [1791332026.489413998] [turtlebot4_node]: Leds Init
[turtlebot4_node-29] [INFO] [1791332026.492643937] [turtlebot4_node]: Turtlebot4 standard running.
[robot_state_publisher-4] [WARN] [1791332026.508635641] [kdl_parser]: The root link std_dock_link has an inertia specified in the URDF, but KDL does not support a root link with an inertia.  As a workaround, you can add an extra dummy link to your URDF.
[robot_state_publisher-4] [INFO] [1791332026.508707087] [dock_state_publisher]: Robot initialized
[static_transform_publisher-44] [INFO] [1791332026.544070418] [camera_stf]: Spinning until stopped - publishing transform
[static_transform_publisher-44] translation: ('0.000000', '0.000000', '0.000000')
[static_transform_publisher-44] rotation: ('0.499952', '-0.500000', '0.500000', '0.500048')
[static_transform_publisher-44] from 'oakd_rgb_camera_optical_frame' to 'turtlebot4/oakd_rgb_camera_frame/rgbd_camera'
[create-6] [INFO] [1791332026.847039654] [ros_gz_sim]: Requesting list of world names.
[create-7] [INFO] [1791332026.889855626] [ros_gz_sim]: Requesting list of world names.
[parameter_bridge-12] [INFO] [1791332026.968985815] [cliff_front_left_bridge]: Creating GZ->ROS Bridge: [/world/warehouse/model/turtlebot4/link/base_link/sensor/cliff_front_left/scan (gz.msgs.LaserScan) -> /world/warehouse/model/turtlebot4/link/base_link/sensor/cliff_front_left/scan (sensor_msgs/msg/LaserScan)] (Lazy 0)
[parameter_bridge-2] [INFO] [1791332026.990059653] [clock_bridge]: Creating GZ->ROS Bridge: [/clock (gz.msgs.Clock) -> /clock (rosgraph_msgs/msg/Clock)] (Lazy 0)
[gazebo-1] Warning: Ignoring XDG_SESSION_TYPE=wayland on Gnome. Use QT_QPA_PLATFORM=wayland to run on Wayland anyway.
[parameter_bridge-23] [INFO] [1791332027.397633666] [buttons_msg_bridge]: Creating GZ->ROS Bridge: [/create3_buttons (gz.msgs.Int32) -> /create3_buttons (std_msgs/msg/Int32)] (Lazy 0)
[parameter_bridge-22] [INFO] [1791332027.741386927] [ir_intensity_side_left_bridge]: Creating GZ->ROS Bridge: [/world/warehouse/model/turtlebot4/link/ir_intensity_side_left/sensor/ir_intensity_side_left/scan (gz.msgs.LaserScan) -> /world/warehouse/model/turtlebot4/link/ir_intensity_side_left/sensor/ir_intensity_side_left/scan (sensor_msgs/msg/LaserScan)] (Lazy 0)
[parameter_bridge-13] [INFO] [1791332027.758419898] [cliff_front_right_bridge]: Creating GZ->ROS Bridge: [/world/warehouse/model/turtlebot4/link/base_link/sensor/cliff_front_right/scan (gz.msgs.LaserScan) -> /world/warehouse/model/turtlebot4/link/base_link/sensor/cliff_front_right/scan (sensor_msgs/msg/LaserScan)] (Lazy 0)
[parameter_bridge-28] [INFO] [1791332027.759765813] [camera_bridge]: Creating GZ->ROS Bridge: [/world/warehouse/model/turtlebot4/link/oakd_rgb_camera_frame/sensor/rgbd_camera/image (gz.msgs.Image) -> /world/warehouse/model/turtlebot4/link/oakd_rgb_camera_frame/sensor/rgbd_camera/image (sensor_msgs/msg/Image)] (Lazy 0)
[parameter_bridge-28] [INFO] [1791332027.762538213] [camera_bridge]: Creating GZ->ROS Bridge: [/world/warehouse/model/turtlebot4/link/oakd_rgb_camera_frame/sensor/rgbd_camera/depth_image (gz.msgs.Image) -> /world/warehouse/model/turtlebot4/link/oakd_rgb_camera_frame/sensor/rgbd_camera/depth_image (sensor_msgs/msg/Image)] (Lazy 0)
[parameter_bridge-28] [INFO] [1791332027.763235993] [camera_bridge]: Creating GZ->ROS Bridge: [/world/warehouse/model/turtlebot4/link/oakd_rgb_camera_frame/sensor/rgbd_camera/points (gz.msgs.PointCloudPacked) -> /world/warehouse/model/turtlebot4/link/oakd_rgb_camera_frame/sensor/rgbd_camera/points (sensor_msgs/msg/PointCloud2)] (Lazy 0)
[parameter_bridge-28] [INFO] [1791332027.763912573] [camera_bridge]: Creating GZ->ROS Bridge: [/world/warehouse/model/turtlebot4/link/oakd_rgb_camera_frame/sensor/rgbd_camera/camera_info (gz.msgs.CameraInfo) -> /world/warehouse/model/turtlebot4/link/oakd_rgb_camera_frame/sensor/rgbd_camera/camera_info (sensor_msgs/msg/CameraInfo)] (Lazy 0)
[gazebo-1] [1;36m[Dbg] [gz.cc:166] [0m[1;36mSubscribing to [[0m[1;36m/gazebo/starting_world[0m[1;36m].[0m[1;36m[0m
[gazebo-1] [1;36m[Dbg] [gz.cc:168] [0m[1;36mWaiting for a world to be set from the GUI...[0m[1;36m[0m
[gazebo-1] [1;32m[Msg] [0m[1;32mReceived world [[0m[1;32mwarehouse.sdf[0m[1;32m] from the GUI.[0m[1;32m[0m
[gazebo-1] [1;36m[Dbg] [gz.cc:172] [0m[1;36mUnsubscribing from [[0m[1;36m/gazebo/starting_world[0m[1;36m].[0m[1;36m[0m
[gazebo-1] [1;32m[Msg] [0m[1;32mGazebo Sim Server v[0m[1;32m8.10.0[0m[1;32m[0m
[gazebo-1] [1;32m[Msg] [0m[1;32mLoading SDF world file[[0m[1;32m/home/y/u/yunqiao/IROB_Mobile_Robot_Project/install/turtlebot4_gz_bringup/share/turtlebot4_gz_bringup/worlds/warehouse.sdf[0m[1;32m].[0m
[gazebo-1] [1;32m[Msg] [0m[1;32mServing entity system service on [[0m[1;32m/[0m[1;32mentity/system/add[0m[1;32m][0m[1;32m[0m
[gazebo-1] [1;36m[Dbg] [Physics.cc:899] [0m[1;36mLoaded [[0m[1;36mgz::physics::dartsim::Plugin[0m[1;36m] from library [[0m[1;36m/afs/kth.se/misc/info/kurser/DD2410/ht26/pixi/IROB/.pixi/envs/default/lib/gz-physics-7/engine-plugins/libgz-physics-dartsim-plugin.so[0m[1;36m][0m[1;36m[0m
[gazebo-1] [1;36m[Dbg] [SystemManager.cc:80] [0m[1;36mLoaded system [[0m[1;36mgz::sim::systems::Physics[0m[1;36m] for entity [[0m[1;36m1[0m[1;36m][0m[1;36m[0m
[gazebo-1] [1;32m[Msg] [0m[1;32mCreate[0m[1;32m service on [[0m[1;32m/world/warehouse/create_multiple[0m[1;32m] (async)[0m[1;32m[0m
[gazebo-1] [1;32m[Msg] [0m[1;32mCreate[0m[1;32m service on [[0m[1;32m/world/warehouse/create_multiple/blocking[0m[1;32m] (blocking)[0m[1;32m[0m
[gazebo-1] [1;32m[Msg] [0m[1;32mRemove[0m[1;32m service on [[0m[1;32m/world/warehouse/remove[0m[1;32m] (async)[0m[1;32m[0m
[gazebo-1] [1;32m[Msg] [0m[1;32mRemove[0m[1;32m service on [[0m[1;32m/world/warehouse/remove/blocking[0m[1;32m] (blocking)[0m[1;32m[0m
[gazebo-1] [1;32m[Msg] [0m[1;32mPose[0m[1;32m service on [[0m[1;32m/world/warehouse/set_pose[0m[1;32m] (async)[0m[1;32m[0m
[gazebo-1] [1;32m[Msg] [0m[1;32mPose[0m[1;32m service on [[0m[1;32m/world/warehouse/set_pose/blocking[0m[1;32m] (blocking)[0m[1;32m[0m
[gazebo-1] [1;32m[Msg] [0m[1;32mPose[0m[1;32m service on [[0m[1;32m/world/warehouse/set_pose_vector[0m[1;32m] (async)[0m[1;32m[0m
[gazebo-1] [1;32m[Msg] [0m[1;32mPose[0m[1;32m service on [[0m[1;32m/world/warehouse/set_pose_vector/blocking[0m[1;32m] (blocking)[0m[1;32m[0m
[gazebo-1] [1;32m[Msg] [0m[1;32mLight configuration[0m[1;32m service on [[0m[1;32m/world/warehouse/light_config[0m[1;32m] (async)[0m[1;32m[0m
[gazebo-1] [1;32m[Msg] [0m[1;32mLight configuration[0m[1;32m service on [[0m[1;32m/world/warehouse/light_config/blocking[0m[1;32m] (blocking)[0m[1;32m[0m
[gazebo-1] [1;32m[Msg] [0m[1;32mPhysics[0m[1;32m service on [[0m[1;32m/world/warehouse/set_physics[0m[1;32m] (async)[0m[1;32m[0m
[gazebo-1] [1;32m[Msg] [0m[1;32mPhysics[0m[1;32m service on [[0m[1;32m/world/warehouse/set_physics/blocking[0m[1;32m] (blocking)[0m[1;32m[0m
[gazebo-1] [1;32m[Msg] [0m[1;32mSphericalCoordinates[0m[1;32m service on [[0m[1;32m/world/warehouse/set_spherical_coordinates[0m[1;32m] (async)[0m[1;32m[0m
[gazebo-1] [1;32m[Msg] [0m[1;32mSphericalCoordinates[0m[1;32m service on [[0m[1;32m/world/warehouse/set_spherical_coordinates/blocking[0m[1;32m] (blocking)[0m[1;32m[0m
[gazebo-1] [1;32m[Msg] [0m[1;32mEnable collision[0m[1;32m service on [[0m[1;32m/world/warehouse/enable_collision[0m[1;32m] (async)[0m[1;32m[0m
[gazebo-1] [1;32m[Msg] [0m[1;32mEnable collision[0m[1;32m service on [[0m[1;32m/world/warehouse/enable_collision/blocking[0m[1;32m] (blocking)[0m[1;32m[0m
[gazebo-1] [1;32m[Msg] [0m[1;32mDisable collision[0m[1;32m service on [[0m[1;32m/world/warehouse/disable_collision[0m[1;32m] (async)[0m[1;32m[0m
[gazebo-1] [1;32m[Msg] [0m[1;32mDisable collision[0m[1;32m service on [[0m[1;32m/world/warehouse/disable_collision/blocking[0m[1;32m] (blocking)[0m[1;32m[0m
[gazebo-1] [1;32m[Msg] [0m[1;32mMaterial[0m[1;32m service on [[0m[1;32m/world/warehouse/visual_config[0m[1;32m] (async)[0m[1;32m[0m
[parameter_bridge-25] [INFO] [1791332027.975386471] [hmi_buttons_msg_bridge]: Creating GZ->ROS Bridge: [/hmi/buttons (gz.msgs.Int32) -> /hmi/buttons (std_msgs/msg/Int32)] (Lazy 0)
[parameter_bridge-24] [INFO] [1791332027.978148885] [hmi_display_msg_bridge]: Creating ROS->GZ Bridge: [/hmi/display/raw (std_msgs/msg/String) -> /hmi/display/raw (gz.msgs.StringMsg)] (Lazy 0)
[parameter_bridge-24] [INFO] [1791332027.981333897] [hmi_display_msg_bridge]: Creating ROS->GZ Bridge: [/hmi/display/selected (std_msgs/msg/Int32) -> /hmi/display/selected (gz.msgs.Int32)] (Lazy 0)
[parameter_bridge-8] [INFO] [1791332028.007920392] [cmd_vel_bridge]: Creating GZ->ROS Bridge: [/cmd_vel (gz.msgs.Twist) -> /cmd_vel (geometry_msgs/msg/TwistStamped)] (Lazy 0)
[parameter_bridge-8] [INFO] [1791332028.012437548] [cmd_vel_bridge]: Creating ROS->GZ Bridge: [/model/turtlebot4/cmd_vel (geometry_msgs/msg/TwistStamped) -> /model/turtlebot4/cmd_vel (gz.msgs.Twist)] (Lazy 0)
[parameter_bridge-21] [INFO] [1791332028.012453730] [ir_intensity_right_bridge]: Creating GZ->ROS Bridge: [/world/warehouse/model/turtlebot4/link/ir_intensity_right/sensor/ir_intensity_right/scan (gz.msgs.LaserScan) -> /world/warehouse/model/turtlebot4/link/ir_intensity_right/sensor/ir_intensity_right/scan (sensor_msgs/msg/LaserScan)] (Lazy 0)
[parameter_bridge-45] [INFO] [1791332028.016672183] [ros_gz_bridge]: Creating ROS->GZ Bridge: [/vacuum_gripper/attach (std_msgs/msg/Empty) -> /vacuum_gripper/attach (gz.msgs.Empty)] (Lazy 0)
[parameter_bridge-15] [INFO] [1791332028.018600681] [cliff_side_right_bridge]: Creating GZ->ROS Bridge: [/world/warehouse/model/turtlebot4/link/base_link/sensor/cliff_side_right/scan (gz.msgs.LaserScan) -> /world/warehouse/model/turtlebot4/link/base_link/sensor/cliff_side_right/scan (sensor_msgs/msg/LaserScan)] (Lazy 0)
[parameter_bridge-45] [INFO] [1791332028.021917265] [ros_gz_bridge]: Creating ROS->GZ Bridge: [/vacuum_gripper/detach (std_msgs/msg/Empty) -> /vacuum_gripper/detach (gz.msgs.Empty)] (Lazy 0)
[parameter_bridge-19] [INFO] [1791332028.030911867] [ir_intensity_front_right_bridge]: Creating GZ->ROS Bridge: [/world/warehouse/model/turtlebot4/link/ir_intensity_front_right/sensor/ir_intensity_front_right/scan (gz.msgs.LaserScan) -> /world/warehouse/model/turtlebot4/link/ir_intensity_front_right/sensor/ir_intensity_front_right/scan (sensor_msgs/msg/LaserScan)] (Lazy 0)
[parameter_bridge-10] [INFO] [1791332028.032324166] [odom_base_tf_bridge]: Creating GZ->ROS Bridge: [/model/turtlebot4/tf (gz.msgs.Pose_V) -> /model/turtlebot4/tf (tf2_msgs/msg/TFMessage)] (Lazy 0)
[parameter_bridge-9] [INFO] [1791332028.034387327] [pose_bridge]: Creating GZ->ROS Bridge: [/model/turtlebot4/pose (gz.msgs.Pose_V) -> /model/turtlebot4/pose (tf2_msgs/msg/TFMessage)] (Lazy 0)
[parameter_bridge-26] [INFO] [1791332028.034461285] [hmi_led_msg_bridge]: Creating ROS->GZ Bridge: [/hmi/led/power (std_msgs/msg/Int32) -> /hmi/led/power (gz.msgs.Int32)] (Lazy 0)
[parameter_bridge-14] [INFO] [1791332028.036184924] [cliff_side_left_bridge]: Creating GZ->ROS Bridge: [/world/warehouse/model/turtlebot4/link/base_link/sensor/cliff_side_left/scan (gz.msgs.LaserScan) -> /world/warehouse/model/turtlebot4/link/base_link/sensor/cliff_side_left/scan (sensor_msgs/msg/LaserScan)] (Lazy 0)
[parameter_bridge-18] [INFO] [1791332028.036310804] [ir_intensity_front_left_bridge]: Creating GZ->ROS Bridge: [/world/warehouse/model/turtlebot4/link/ir_intensity_front_left/sensor/ir_intensity_front_left/scan (gz.msgs.LaserScan) -> /world/warehouse/model/turtlebot4/link/ir_intensity_front_left/sensor/ir_intensity_front_left/scan (sensor_msgs/msg/LaserScan)] (Lazy 0)
[parameter_bridge-26] [INFO] [1791332028.040917461] [hmi_led_msg_bridge]: Creating ROS->GZ Bridge: [/hmi/led/motors (std_msgs/msg/Int32) -> /hmi/led/motors (gz.msgs.Int32)] (Lazy 0)
[parameter_bridge-9] [INFO] [1791332028.043942855] [pose_bridge]: Creating GZ->ROS Bridge: [/model/standard_dock/pose (gz.msgs.Pose_V) -> /model/standard_dock/pose (tf2_msgs/msg/TFMessage)] (Lazy 0)
[parameter_bridge-16] [INFO] [1791332028.044463028] [ir_intensity_front_center_left_bridge]: Creating GZ->ROS Bridge: [/world/warehouse/model/turtlebot4/link/ir_intensity_front_center_left/sensor/ir_intensity_front_center_left/scan (gz.msgs.LaserScan) -> /world/warehouse/model/turtlebot4/link/ir_intensity_front_center_left/sensor/ir_intensity_front_center_left/scan (sensor_msgs/msg/LaserScan)] (Lazy 0)
[parameter_bridge-27] [INFO] [1791332028.047513089] [lidar_bridge]: Creating GZ->ROS Bridge: [/world/warehouse/model/turtlebot4/link/rplidar_link/sensor/rplidar/scan (gz.msgs.LaserScan) -> /world/warehouse/model/turtlebot4/link/rplidar_link/sensor/rplidar/scan (sensor_msgs/msg/LaserScan)] (Lazy 0)
[parameter_bridge-26] [INFO] [1791332028.047813200] [hmi_led_msg_bridge]: Creating ROS->GZ Bridge: [/hmi/led/comms (std_msgs/msg/Int32) -> /hmi/led/comms (gz.msgs.Int32)] (Lazy 0)
[parameter_bridge-17] [INFO] [1791332028.048905313] [ir_intensity_front_center_right_bridge]: Creating GZ->ROS Bridge: [/world/warehouse/model/turtlebot4/link/ir_intensity_front_center_right/sensor/ir_intensity_front_center_right/scan (gz.msgs.LaserScan) -> /world/warehouse/model/turtlebot4/link/ir_intensity_front_center_right/sensor/ir_intensity_front_center_right/scan (sensor_msgs/msg/LaserScan)] (Lazy 0)
[parameter_bridge-26] [INFO] [1791332028.050423388] [hmi_led_msg_bridge]: Creating ROS->GZ Bridge: [/hmi/led/wifi (std_msgs/msg/Int32) -> /hmi/led/wifi (gz.msgs.Int32)] (Lazy 0)
[parameter_bridge-26] [INFO] [1791332028.052906727] [hmi_led_msg_bridge]: Creating ROS->GZ Bridge: [/hmi/led/battery (std_msgs/msg/Int32) -> /hmi/led/battery (gz.msgs.Int32)] (Lazy 0)
[parameter_bridge-26] [INFO] [1791332028.054217473] [hmi_led_msg_bridge]: Creating ROS->GZ Bridge: [/hmi/led/user1 (std_msgs/msg/Int32) -> /hmi/led/user1 (gz.msgs.Int32)] (Lazy 0)
[parameter_bridge-26] [INFO] [1791332028.055059884] [hmi_led_msg_bridge]: Creating ROS->GZ Bridge: [/hmi/led/user2 (std_msgs/msg/Int32) -> /hmi/led/user2 (gz.msgs.Int32)] (Lazy 0)
[parameter_bridge-20] [INFO] [1791332028.055755540] [ir_intensity_left_bridge]: Creating GZ->ROS Bridge: [/world/warehouse/model/turtlebot4/link/ir_intensity_left/sensor/ir_intensity_left/scan (gz.msgs.LaserScan) -> /world/warehouse/model/turtlebot4/link/ir_intensity_left/sensor/ir_intensity_left/scan (sensor_msgs/msg/LaserScan)] (Lazy 0)
[parameter_bridge-11] [INFO] [1791332028.063610876] [bumper_contact_bridge]: Creating GZ->ROS Bridge: [/bumper_contact (gz.msgs.Contacts) -> /bumper_contact (ros_gz_interfaces/msg/Contacts)] (Lazy 0)
[create-7] [INFO] [1791332028.082266596] [ros_gz_sim]: Waiting messages on topic [standard_dock_description].
[wait_for_ready-47] [INFO] [1791332028.114621015] [wait_for_rviz]: [rviz] waiting for nodes=[] services=[] answering=[] topics=['/clock', '/scan'] (timeout 300s)
[wait_for_ready-48] [INFO] [1791332028.114951326] [wait_for_sim]: [sim] waiting for nodes=['controller_manager'] services=['/controller_manager/set_parameters'] answering=['/controller_manager/list_controllers'] topics=['/scan'] (timeout 300s)
[spawner-31] [INFO] [1791332028.169639390] [spawner_joint_state_broadcaster]: waiting for service /controller_manager/list_controllers to become available...
[create-6] [INFO] [1791332028.180889286] [ros_gz_sim]: Waiting messages on topic [robot_description].
[create-6] [INFO] [1791332028.279660809] [ros_gz_sim]: Entity creation successful.
[parameter_bridge-26] [INFO] [1791332028.292983050] [hmi_led_msg_bridge]: Passing message from ROS std_msgs/msg/Int32 to Gazebo gz.msgs.Int32 (showing msg only once per type)
[gazebo-1] [1;32m[Msg] [0m[1;32mMaterial[0m[1;32m service on [[0m[1;32m/world/warehouse/visual_config/blocking[1;32m[Msg] [0m[1;32mGazebo Sim GUI    v[0m[1;32m8.10.0[0m[1;32m[0m
[gazebo-1] [1;32m[Msg] [0m[1;32mDetected Wayland. Setting Qt to use the xcb plugin: [0m[1;32m'QT_QPA_PLATFORM=xcb'.[0m[1;32m[0m
[gazebo-1] [1;36m[Dbg] [Gui.cc:275] [0m[1;36mWaiting for subscribers to [[0m[1;36m/gazebo/starting_world[0m[1;36m]...[0m[1;36m[0m
[gazebo-1] [1;36m[Dbg] [Application.cc:96] [0m[1;36mInitializing application.[0m[1;36m[0m
[gazebo-1] [1;36m[Dbg] [Application.cc:170] [0m[1;36mQt using OpenGL graphics interface[0m[1;36m[0m
[gazebo-1] [1;36m[GUI] [Dbg] [Application.cc:657] [0m[1;36mCreate main window[0m[1;36m[0m
[gazebo-1] [1;36m[GUI] [Dbg] [PathManager.cc:68] [0m[1;36mRequesting resource paths through [[0m[1;36m/gazebo/resource_paths/get[0m[1;36m][0m[1;36m[0m
[gazebo-1] [1;36m[GUI] [Dbg] [Gui.cc:355] [0m[1;36mGUI requesting list of world names. The server may be busy [0m[1;36mdownloading resources. Please be patient.[0m[1;36m[0m
[gazebo-1] [1;36m[GUI] [Dbg] [PathManager.cc:57] [0m[1;36mReceived resource paths.[0m[1;36m[0m
[gazebo-1] [1;36m[GUI] [Dbg] [GuiRunner.cc:149] [0m[1;36mRequesting initial state from [[0m[1;36m/world/warehouse/state[0m[1;36m]...[0m[1;36m[0m
[gazebo-1] [1;32m[GUI] [0m[1;32m[Msg] [0m[1;32mLoading config [[0m[1;32m/home/y/u/yunqiao/IROB_Mobile_Robot_Project/install/turtlebot4_gz_bringup/share/turtlebot4_gz_bringup/gui/standard/gui.config[0m[1;32m][0m[1;32m[0m
[gazebo-1] [1;36m[GUI] [Dbg] [Application.cc:528] [0m[1;36mLoading plugin [[0m[1;36mMinimalScene[0m[1;36m][0m[1;36m[0m
[gazebo-1] [1;36m[GUI] [Dbg] [MinimalScene.cc:802] [0m[1;36mCreating gz-rendering interface for OpenGL[0m[1;36m[0m
[gazebo-1] [1;36m[GUI] [Dbg] [MinimalScene.cc:802] [0m[1;36mCreating gz-rendering interface for OpenGL[0m[1;36m[0m
[gazebo-1] [1;36m[GUI] [Dbg] [MinimalScene.cc:986] [0m[1;36mCreating render thread interface for OpenGL[0m[1;36m[0m
[gazebo-1] [1;36m[GUI] [Dbg] [MinimalScene.cc:802] [0m[1;36mCreating gz-rendering interface for OpenGL[0m[1;36m[0m
[gazebo-1] [1;36m[GUI] [Dbg] [MinimalScene.cc:986] [0m[1;36mCreating render thread interface for OpenGL[0m[1;36m[0m
[gazebo-1] [1;32m[GUI] [0m[1;32m[Msg] [0m[1;32mAdded plugin [[0m[1;32m3D View[0m[1;32m] to main window[0m[1;32m[0m
[gazebo-1] [1;32m[GUI] [0m[1;32m[Msg] [0m[1;32mLoaded plugin [[0m[1;32mMinimalScene[0m[1;32m] from path [[0m[1;32m/afs/kth.se/misc/info/kurser/DD2410/ht26/pixi/IROB/.pixi/envs/default/lib/gz-gui-8/plugins/libMinimalScene.so[0m[1;32m][0m[1;32m[0m
[gazebo-1] [1;36m[GUI] [Dbg] [Application.cc:528] [0m[1;36mLoading plugin [[0m[1;36mGzSceneManager[0m[1;36m][0m[1;36m[0m
[gazebo-1] [1;32m[GUI] [0m[1;32m[Msg] [0m[1;32mAdded plugin [[0m[1;32mScene Manager[0m[1;32m] to main window[0m[1;32m[0m
[gazebo-1] [1;32m[GUI] [0m[1;32m[Msg] [0m[1;32mLoaded plugin [[0m[1;32mGzSceneManager[0m[1;32m] from path [[0m[1;32m/afs/kth.se/misc/info/kurser/DD2410/ht26/pixi/IROB/.pixi/envs/default/lib/gz-sim-8/plugins/gui/libGzSceneManager.so[0m[1;32m][0m[1;32m[0m
[gazebo-1] [1;36m[GUI] [Dbg] [Application.cc:528] [0m[1;36mLoading plugin [[0m[1;36mInteractiveViewControl[0m[1;36m][0m[1;36m[0m
[gazebo-1] [1;32m[GUI] [0m[1;32m[Msg] [0m[1;32mCamera view controller topic advertised on [[0m[1;32m/gui/camera/view_control[0m[1;32m][0m[1;32m[0m
[gazebo-1] [1;32m[GUI] [0m[1;32m[Msg] [0m[1;32mCamera reference visual topic advertised on [[0m[1;32m/gui/camera/view_control/reference_visual[0m[1;32m][0m[1;32m[0m
[gazebo-1] [1;32m[GUI] [0m[1;32m[Msg] [0m[1;32mCamera view control sensitivity advertised on [[0m[1;32m/gui/camera/view_control/sensitivity[0m[1;32m][0m[1;32m[0m
[gazebo-1] [1;32m[GUI] [0m[1;32m[Msg] [0m[1;32mAdded plugin [[0m[1;32mInteractive view control[0m[1;32m] to main window[0m[1;32m[0m
[gazebo-1] [1;32m[GUI] [0m[1;32m[Msg] [0m[1;32mLoaded plugin [[0m[1;32mInteractiveViewControl[0m[1;32m] from path [[0m[1;32m/afs/kth.se/misc/info/kurser/DD2410/ht26/pixi/IROB/.pixi/envs/default/lib/gz-gui-8/plugins/libInteractiveViewControl.so[0m[1;32m][0m[1;32m[0m
[gazebo-1] [1;36m[GUI] [Dbg] [Application.cc:528] [0m[1;36mLoading plugin [[0m[1;36mWorldControl[0m[1;36m][0m[1;36m[0m
[wait_for_ready-47] [WARN] [1791332028.634245072] [wait_for_rviz]: New publisher discovered on topic '/clock', offering incompatible QoS. No messages will be received from it. Last incompatible policy: DURABILITY
[gazebo-1] [1;33m[GUI] [Wrn] [Application.cc:908] [0m[1;33m[QT] file::/Turtlebot4Hmi/Turtlebot4Hmi.qml:102:7: Unable to assign [undefined] to QString[0m[1;33m[0m
[INFO] [create-6]: process has finished cleanly [pid 67863]
[gazebo-1] [1;33m[GUI] [Wrn] [Application.cc:908] [0m[1;33m[QT] file::/WorldStats/WorldStats.qml:53:3: QML RowLayout: Binding loop detected for property "x"[0m[1;33m[0m
[gazebo-1] [1;32m[GUI] [0m[1;32m[Msg] [0m[1;32mUsing world control service [[0m[1;32m/world/warehouse/control[0m[1;32m][0m[1;32m[0m
[gazebo-1] [1;32m[GUI] [0m[1;32m[Msg] [0m[1;32mListening to stats on [[0m[1;32m/world/warehouse/stats[0m[1;32m][0m[1;32m[0m
[gazebo-1] [1;36m[GUI] [Dbg] [WorldControl.cc:237] [0m[1;36mUsing an event to share WorldControl msgs with the server[0m
[gazebo-1] [1;32m[GUI] [0m[1;32m[Msg] [0m[1;32mAdded plugin [[0m[1;32mWorld control[0m[1;32m] to main window[0m[1;32m[0m
[gazebo-1] [1;32m[GUI] [0m[1;32m[Msg] [0m[1;32mLoaded plugin [[0m[1;32mWorldControl[0m[1;32m] from path [[0m[1;32m/afs/kth.se/misc/info/kurser/DD2410/ht26/pixi/IROB/.pixi/envs/default/lib/gz-gui-8/plugins/libWorldControl.so[0m[1;32m][0m[1;32m[0m
[gazebo-1] [1;36m[GUI] [Dbg] [Application.cc:528] [0m[1;36mLoading plugin [[0m[1;36mWorldStats[0m[1;36m][0m[1;36m[0m
[gazebo-1] [1;32m[GUI] [0m[1;32m[Msg] [0m[1;32mListening to stats on [[0m[1;32m/world/warehouse/stats[0m[1;32m][0m[1;32m[0m
[gazebo-1] [1;32m[GUI] [0m[1;32m[Msg] [0m[1;32mAdded plugin [[0m[1;32mWorld stats[0m[1;32m] to main window[0m[1;32m[0m
[gazebo-1] [1;32m[GUI] [0m[1;32m[Msg] [0m[1;32mLoaded plugin [[0m[1;32mWorldStats[0m[1;32m] from path [[0m[1;32m/afs/kth.se/misc/info/kurser/DD2410/ht26/pixi/IROB/.pixi/envs/default/lib/gz-gui-8/plugins/libWorldStats.so[0m[1;32m][0m[1;32m[0m
[gazebo-1] [1;36m[GUI] [Dbg] [Application.cc:528] [0m[1;36mLoading plugin [[0m[1;36mTransformControl[0m[1;36m][0m[1;36m[0m
[gazebo-1] [1;32m[GUI] [0m[1;32m[Msg] [0m[1;32mAdded plugin [[0m[1;32mTransform control[0m[1;32m] to main window[0m[1;32m[0m
[gazebo-1] [1;32m[GUI] [0m[1;32m[Msg] [0m[1;32mLoaded plugin [[0m[1;32mTransformControl[0m[1;32m] from path [[0m[1;32m/afs/kth.se/misc/info/kurser/DD2410/ht26/pixi/IROB/.pixi/envs/default/lib/gz-sim-8/plugins/gui/libTransformControl.so[0m[1;32m][0m[1;32m[0m
[gazebo-1] [1;36m[GUI] [Dbg] [Application.cc:528] [0m[1;36mLoading plugin [[0m[1;36mShapes[0m[1;36m][0m[1;36m[0m
[gazebo-1] [1;32m[GUI] [0m[1;32m[Msg] [0m[1;32mAdded plugin [[0m[1;32mShapes[0m[1;32m] to main window[0m[1;32m[0m
[gazebo-1] [1;32m[GUI] [0m[1;32m[Msg] [0m[1;32mLoaded plugin [[0m[1;32mShapes[0m[1;32m] from path [[0m[1;32m/afs/kth.se/misc/info/kurser/DD2410/ht26/pixi/IROB/.pixi/envs/default/lib/gz-sim-8/plugins/gui/libShapes.so[0m[1;32m][0m[1;32m[0m
[gazebo-1] [1;36m[GUI] [Dbg] [Application.cc:528] [0m[1;36mLoading plugin [[0m[1;36mTurtlebot4Hmi[0m[1;36m][0m[1;36m[0m
[gazebo-1] [1;32m[GUI] [0m[1;32m[Msg] [0m[1;32mAdded plugin [[0m[1;32mTurtlebot4 HMI[0m[1;32m] to main window[0m[1;32m[0m
[gazebo-1] [1;32m[GUI] [0m[1;32m[Msg] [0m[1;32mLoaded plugin [[0m[1;32mTurtlebot4Hmi[0m[1;32m] from path [[0m[1;32m/home/y/u/yunqiao/IROB_Mobile_Robot_Project/install/turtlebot4_gz_gui_plugins/share/turtlebot4_gz_gui_plugins/lib/libTurtlebot4Hmi.so[0m[1;32m][0m[1;32m[0m
[gazebo-1] [1;36m[GUI] [Dbg] [Application.cc:528] [0m[1;36mLoading plugin [[0m[1;36mTeleop[0m[1;36m][0m[1;36m[0m
[gazebo-1] [1;32m[GUI] [0m[1;32m[Msg] [0m[1;32mA new topic has been entered: '[0m[1;32m/cmd_vel[0m[1;32m ' [0m[1;32m[0m
[gazebo-1] [1;32m[GUI] [0m[1;32m[Msg] [0m[1;32mAdded plugin [[0m[1;32mTeleop[0m[1;32m] to main window[0m[1;32m[0m
[gazebo-1] [1;32m[GUI] [0m[1;32m[Msg] [0m[1;32mLoaded plugin [[0m[1;32mTeleop[0m[1;32m] from path [[0m[1;32m/afs/kth.se/misc/info/kurser/DD2410/ht26/pixi/IROB/.pixi/envs/default/lib/gz-gui-8/plugins/libTeleop.so[0m[1;32m][0m[1;32m[0m
[gazebo-1] [1;36m[GUI] [Dbg] [Application.cc:671] [0m[1;36mApplying config[0m[1;36m[0m
[gazebo-1] [1;36m[GUI] [Dbg] [MinimalScene.cc:802] [0m[1;36mCreating gz-rendering interface for OpenGL[0m[1;36m[0m
[gazebo-1] [1;36m[GUI] [Dbg] [MinimalScene.cc:986] [0m[1;36mCreating render thread interface for OpenGL[0m[1;36m[0m
[gazebo-1] [1;32m[GUI] [0m[1;32m[Msg] [0m[1;32mLoading plugin [[0m[1;32mgz-rendering-ogre2[0m[1;32m][0m[1;32m[0m
[gazebo-1] [1;36m[GUI] [Dbg] [MinimalScene.cc:749] [0m[1;36mCreate scene [[0m[1;36mscene[0m[1;36m][0m[1;36m[0m
[gazebo-1] [1;36m[GUI] [Dbg] [MinimalScene.cc:1037] [0m[1;36mCreating texture node render interface for OpenGL[0m[1;36m[0m
[parameter_bridge-46] [INFO] [1791332029.008915855] [odom_gt_bridge]: Creating GZ->ROS Bridge: [/model/turtlebot4/odometry (gz.msgs.Odometry) -> /odom_gt (nav_msgs/msg/Odometry)] (Lazy 0)
[parameter_bridge-46] [INFO] [1791332029.013671776] [odom_gt_bridge]: Creating GZ->ROS Bridge: [/model/turtlebot4/pose (gz.msgs.Pose_V) -> /tf (tf2_msgs/msg/TFMessage)] (Lazy 0)
[create-7] [INFO] [1791332029.082433068] [ros_gz_sim]: Waiting messages on topic [standard_dock_description].
[gazebo-1] [1;36m[GUI] [Dbg] [TransformControl.cc:453] [0m[1;36mTransformControl [0m[1;32m] (blocking)[0m[1;32m[0m
[gazebo-1] [1;32m[Msg] [0m[1;32mMaterial[0m[1;32m service on [[0m[1;32m/world/warehouse/wheel_slip[0m[1;32m] (async)[0m[1;32m[0m
[gazebo-1] [1;32m[Msg] [0m[1;32mMaterial[0m[1;32m service on [[0m[1;32m/world/warehouse/wheel_slip/blocking[0m[1;32m] (blocking)[0m[1;32m[0m
[gazebo-1] [1;36m[Dbg] [SystemManager.cc:80] [0m[1;36mLoaded system [[0m[1;36mgz::sim::systems::UserCommands[0m[1;36m] for entity [[0m[1;36m1[0m[1;36m][0m[1;36m[0m
[gazebo-1] [1;36m[Dbg] [SystemManager.cc:80] [0m[1;36mLoaded system [[0m[1;36mgz::sim::systems::SceneBroadcaster[0m[1;36m] for entity [[0m[1;36m1[0m[1;36m][0m[1;36m[0m
[gazebo-1] [1;36m[Dbg] [SystemManager.cc:80] [0m[1;36mLoaded system [[0m[1;36mgz::sim::systems::Contact[0m[1;36m] for entity [[0m[1;36m1[0m[1;36m][0m[1;36m[0m
[gazebo-1] [1;32m[Msg] [0m[1;32mLoaded level [[0m[1;32mdefault[0m[1;32m][0m[1;32m[0m
[gazebo-1] [1;32m[Msg] [0m[1;32mServing world controls on [[0m[1;32m/world/warehouse[0m[1;32m/control], [[0m[1;32m/world/warehouse[0m[1;32m/control/state] and [[0m[1;32m/world/warehouse[0m[1;32m/playback/control][0m[1;32m[0m
[gazebo-1] [1;32m[Msg] [0m[1;32mServing GUI information on [[0m[1;32m/world/warehouse[0m[1;32m/[0m[1;32mgui/info[0m[1;32m][0m[1;32m[0m
[gazebo-1] [1;32m[Msg] [0m[1;32mWorld [[0m[1;32mwarehouse[0m[1;32m] initialized with [[0m[1;32mdefault_physics[0m[1;32m] physics profile.[0m[1;32m[0m
[gazebo-1] [1;32m[Msg] [0m[1;32mServing world SDF generation service on [[0m[1;32m/world/warehouse[0m[1;32m/[0m[1;32mgenerate_world_sdf[0m[1;32m][0m[1;32m[0m
[gazebo-1] [1;32m[Msg] [0m[1;32mServing world names on [[0m[1;32m/gazebo/worlds[0m[1;32m][0m[1;32m[0m
[gazebo-1] [1;32m[Msg] [0m[1;32mResource path add service on [[0m[1;32m/gazebo/resource_paths/add[0m[1;32m].[0m[1;32m[0m
[gazebo-1] [1;32m[Msg] [0m[1;32mResource path get service on [[0m[1;32m/gazebo/resource_paths/get[0m[1;32m].[0m[1;32m[0m
[gazebo-1] [1;32m[Msg] [0m[1;32mResource path resolve service on [[0m[1;32m/gazebo/resource_paths/resolve[0m[1;32m].[0m[1;32m[0m
[gazebo-1] [1;32m[Msg] [0m[1;32mResource paths published on [[0m[1;32m/gazebo/resource_paths[0m[1;32m].[0m[1;32m[0m
[gazebo-1] [1;32m[Msg] [0m[1;32mServer control service on [[0m[1;32m/server_control[0m[1;32m].[0m[1;32m[0m
[gazebo-1] [1;32m[Msg] [0m[1;32mFound no publishers on /stats, adding root stats topic[0m[1;32m[0m
[gazebo-1] [1;32m[Msg] [0m[1;32mFound no publishers on /clock, adding root clock topic[0m[1;32m[0m
[gazebo-1] [1;36m[Dbg] [SimulationRunner.cc:533] [0m[1;36mCreating PostUpdate worker threads: [0m[1;36m3[0m[1;36m[0m
[gazebo-1] [1;36m[Dbg] [SimulationRunner.cc:544] [0m[1;36mCreating postupdate worker thread ([0m[1;36m0[0m[1;36m)[0m[1;36m[0m
[gazebo-1] [1;36m[Dbg] [SimulationRunner.cc:544] [0m[1;36mCreating postupdate worker thread ([0m[1;36m1[0m[1;36m)[0m[1;36m[0m
[gazebo-1] [1;33mWarning [Utils.cc:132][0m [/sdf/model[@name="tb4_lite6"]/joint[@name="wheel_drop_left_joint"]/physics/ode/provide_feedback:<urdf-string>:L0]: XML Element[provide_feedback], child of element[ode], not defined in SDF. Copying[provide_feedback] as children of [ode].
[gazebo-1] [1;33mWarning [Utils.cc:132][0m [/sdf/model[@name="tb4_lite6"]/joint[@name="wheel_drop_right_joint"]/physics/ode/provide_feedback:<urdf-string>:L0]: XML Element[provide_feedback], child of element[ode], not defined in SDF. Copying[provide_feedback] as children of [ode].
[gazebo-1] [1;33m[Wrn] [SdfEntityCreator.cc:933] [0m[1;33mGazebo does not support Ogre material scripts. See [0m[1;33mhttps://gazebosim.org/api/sim/8/migrationsdf.html#:~:text=Materials [0m[1;33mfor details.[0m[1;33m[0m
[gazebo-1] [1;33m[Wrn] [SdfEntityCreator.cc:949] [0m[1;33mUsing an internal gazebo.material to parse [0m[1;33mGazebo/DarkGrey[0m[1;33m[0m
[gazebo-1] [1;33m[Wrn] [SdfEntityCreator.cc:933] [0m[1;33mGazebo does not support Ogre material scripts. See [0m[1;33mhttps://gazebosim.org/api/sim/8/migrationsdf.html#:~:text=Materials [0m[1;33mfor details.[0m[1;33m[0m
[gazebo-1] [1;33m[Wrn] [SdfEntityCreator.cc:949] [0m[1;33mUsing an internal gazebo.material to parse [0m[1;33mGazebo/DarkGrey[0m[1;33m[0m
[gazebo-1] [1;33m[Wrn] [SdfEntityCreator.cc:933] [0m[1;33mGazebo does not support Ogre material scripts. See [0m[1;33mhttps://gazebosim.org/api/sim/8/migrationsdf.html#:~:text=Materials [0m[1;33mfor details.[0m[1;33m[0m
[gazebo-1] [1;33m[Wrn] [SdfEntityCreator.cc:949] [0m[1;33mUsing an internal gazebo.material to parse [0m[1;33mGazebo/DarkGrey[0m[1;33m[0m
[gazebo-1] [1;33m[Wrn] [SdfEntityCreator.cc:933] [0m[1;33mGazebo does not support Ogre material scripts. See [0m[1;33mhttps://gazebosim.org/api/sim/8/migrationsdf.html#:~:text=Materials [0m[1;33mfor details.[0m[1;33m[0m
[gazebo-1] [1;33m[Wrn] [SdfEntityCreator.cc:949] [0m[1;33mUsing an internal gazebo.material to parse [0m[1;33mGazebo/DarkGrey[0m[1;33m[0m
[create-7] [INFO] [1791332029.422613354] [ros_gz_sim]: Entity creation successful.
[parameter_bridge-2] [WARN] [1791332029.479153613] [clock_bridge]: New subscription discovered on topic '/clock', requesting incompatible QoS. No messages will be sent to it. Last incompatible policy: DURABILITY_QOS_POLICY
[gazebo-1] [INFO] [1791332029.480035920] [gz_ros_control]: [gz_ros2_control] Fixed joint ['bumper_joint'] (Entity='254') is skipped.
[gazebo-1] [INFO] [1791332029.480065303] [gz_ros_control]: [gz_ros2_control] Fixed joint ['front_caster_joint'] (Entity='255') is skipped.
[gazebo-1] [INFO] [1791332029.480070103] [gz_ros_control]: [gz_ros2_control] Fixed joint ['front_left_bottom_weight_block_joint'] (Entity='256') is skipped.
[gazebo-1] [INFO] [1791332029.480074921] [gz_ros_control]: [gz_ros2_control] Fixed joint ['front_left_top_weight_block_joint'] (Entity='257') is skipped.
[gazebo-1] [INFO] [1791332029.480079029] [gz_ros_control]: [gz_ros2_control] Fixed joint ['front_right_bottom_weight_block_joint'] (Entity='258') is skipped.
[gazebo-1] [INFO] [1791332029.480083110] [gz_ros_control]: [gz_ros2_control] Fixed joint ['front_right_top_weight_block_joint'] (Entity='259') is skipped.
[gazebo-1] [INFO] [1791332029.480087283] [gz_ros_control]: [gz_ros2_control] Fixed joint ['imu_joint'] (Entity='260') is skipped.
[gazebo-1] [INFO] [1791332029.480090924] [gz_ros_control]: [gz_ros2_control] Fixed joint ['ir_intensity_front_center_left_joint'] (Entity='261') is skipped.
[gazebo-1] [INFO] [1791332029.480094958] [gz_ros_control]: [gz_ros2_control] Fixed joint ['ir_intensity_front_center_right_joint'] (Entity='262') is skipped.
[gazebo-1] [INFO] [1791332029.480099608] [gz_ros_control]: [gz_ros2_control] Fixed joint ['ir_intensity_front_left_joint'] (Entity='263') is skipped.
[gazebo-1] [INFO] [1791332029.480103857] [gz_ros_control]: [gz_ros2_control] Fixed joint ['ir_intensity_front_right_joint'] (Entity='264') is skipped.
[gazebo-1] [INFO] [1791332029.480107975] [gz_ros_control]: [gz_ros2_control] Fixed joint ['ir_intensity_left_joint'] (Entity='265') is skipped.
[gazebo-1] [INFO] [1791332029.480111717] [gz_ros_control]: [gz_ros2_control] Fixed joint ['ir_intensity_right_joint'] (Entity='266') is skipped.
[gazebo-1] [INFO] [1791332029.480115751] [gz_ros_control]: [gz_ros2_control] Fixed joint ['ir_intensity_side_left_joint'] (Entity='267') is skipped.
[gazebo-1] [INFO] [1791332029.480119832] [gz_ros_control]: [gz_ros2_control] Fixed joint ['ir_omni_joint'] (Entity='268') is skipped.
[gazebo-1] [INFO] [1791332029.480123402] [gz_ros_control]: [gz_ros2_control] Fixed joint ['mouse_joint'] (Entity='269') is skipped.
[gazebo-1] [INFO] [1791332029.480129290] [gz_ros_control]: [gz_ros2_control] Fixed joint ['arm_vacuum_gripper_fix'] (Entity='276') is skipped.
[gazebo-1] [INFO] [1791332029.480133352] [gz_ros_control]: [gz_ros2_control] Fixed joint ['front_left_tower_standoff_joint'] (Entity='277') is skipped.
[gazebo-1] [INFO] [1791332029.480137337] [gz_ros_control]: [gz_ros2_control] Fixed joint ['front_right_tower_standoff_joint'] (Entity='278') is skipped.
[gazebo-1] [INFO] [1791332029.480141214] [gz_ros_control]: [gz_ros2_control] Fixed joint ['oakd_camera_bracket_joint'] (Entity='279') is skipped.
[gazebo-1] [INFO] [1791332029.480145072] [gz_ros_control]: [gz_ros2_control] Fixed joint ['oakd_joint'] (Entity='280') is skipped.
[gazebo-1] [INFO] [1791332029.480149087] [gz_ros_control]: [gz_ros2_control] Fixed joint ['oakd_imu_joint'] (Entity='281') is skipped.
[gazebo-1] [INFO] [1791332029.480152616] [gz_ros_control]: [gz_ros2_control] Fixed joint ['oakd_left_camera_joint'] (Entity='282') is skipped.
[gazebo-1] [INFO] [1791332029.480156638] [gz_ros_control]: [gz_ros2_control] Fixed joint ['oakd_left_camera_optical_joint'] (Entity='283') is skipped.
[gazebo-1] [INFO] [1791332029.480160623] [gz_ros_control]: [gz_ros2_control] Fixed joint ['oakd_rgb_camera_joint'] (Entity='284') is skipped.
[gazebo-1] [INFO] [1791332029.480164457] [gz_ros_control]: [gz_ros2_control] Fixed joint ['oakd_rgb_camera_optical_joint'] (Entity='285') is skipped.
[gazebo-1] [INFO] [1791332029.480168425] [gz_ros_control]: [gz_ros2_control] Fixed joint ['oakd_right_camera_joint'] (Entity='286') is skipped.
[gazebo-1] [INFO] [1791332029.480172157] [gz_ros_control]: [gz_ros2_control] Fixed joint ['oakd_right_camera_optical_joint'] (Entity='287') is skipped.
[gazebo-1] [INFO] [1791332029.480176068] [gz_ros_control]: [gz_ros2_control] Fixed joint ['rear_left_tower_standoff_joint'] (Entity='288') is skipped.
[gazebo-1] [INFO] [1791332029.480179856] [gz_ros_control]: [gz_ros2_control] Fixed joint ['rear_right_tower_standoff_joint'] (Entity='289') is skipped.
[gazebo-1] [INFO] [1791332029.480184288] [gz_ros_control]: [gz_ros2_control] Fixed joint ['rplidar_joint'] (Entity='290') is skipped.
[gazebo-1] [INFO] [1791332029.480232345] [gz_ros_control]: [gz_ros2_control] Fixed joint ['tower_sensor_plate_joint'] (Entity='291') is skipped.
[gazebo-1] [INFO] [1791332029.485430823] [gz_ros_control]: Loading controller_manager
[gazebo-1] [INFO] [1791332029.509316089] [controller_manager]: Using ROS clock for triggering controller manager cycles.
[gazebo-1] [INFO] [1791332029.514309477] [controller_manager]: Subscribing to '/robot_description' topic for robot description.
[gazebo-1] [WARN] [1791332029.516061159] [gz_ros_control]: Waiting RM to load and initialize hardware...
[INFO] [create-7]: process has finished cleanly [pid 67865]
[parameter_bridge-27] [WARN] [1791332029.652995660] [lidar_bridge]: New subscription discovered on topic '/scan', requesting incompatible QoS. No messages will be sent to it. Last incompatible policy: DURABILITY_QOS_POLICY
[parameter_bridge-27] [WARN] [1791332029.655315230] [lidar_bridge]: New subscription discovered on topic '/scan', requesting incompatible QoS. No messages will be sent to it. Last incompatible policy: DURABILITY_QOS_POLICY
[wait_for_ready-47] [WARN] [1791332029.656361560] [wait_for_rviz]: New publisher discovered on topic '/scan', offering incompatible QoS. No messages will be received from it. Last incompatible policy: DURABILITY
[wait_for_ready-48] [WARN] [1791332029.662084718] [wait_for_sim]: New publisher discovered on topic '/scan', offering incompatible QoS. No messages will be received from it. Last incompatible policy: DURABILITY
[gazebo-1] [WARN] [1791332030.514040810] [controller_manager]: Waiting for data on 'robot_description' topic to finish initialization
[parameter_bridge-24] [INFO] [1791332030.543207725] [hmi_display_msg_bridge]: Passing message from ROS std_msgs/msg/Int32 to Gazebo gz.msgs.Int32 (showing msg only once per type)
[parameter_bridge-24] [INFO] [1791332030.543256231] [hmi_display_msg_bridge]: Passing message from ROS std_msgs/msg/String to Gazebo gz.msgs.StringMsg (showing msg only once per type)
[gazebo-1] [WARN] [1791332031.514033703] [controller_manager]: Waiting for data on 'robot_description' topic to finish initialization
[gazebo-1] [WARN] [1791332031.516153546] [gz_ros_control]: Waiting RM to load and initialize hardware...
[gazebo-1] [INFO] [1791332032.345445665] [controller_manager]: Received robot description from topic.
[gazebo-1] [INFO] [1791332032.345513543] [controller_manager]: Enforcing command limits is disabled. Command limits from URDF will be ignored.
[gazebo-1] [INFO] [1791332032.354513518] [gz_ros_control]: The position_proportional_gain has been set to: 0.1
[gazebo-1] [INFO] [1791332032.354558828] [gz_ros_control]: Loading joint: left_wheel_joint
[gazebo-1] [INFO] [1791332032.354572947] [gz_ros_control]: 	State:
[gazebo-1] [INFO] [1791332032.354575971] [gz_ros_control]: 		 velocity
[gazebo-1] [INFO] [1791332032.354579081] [gz_ros_control]: 		 position
[gazebo-1] [INFO] [1791332032.354582465] [gz_ros_control]: 	Command:
[gazebo-1] [INFO] [1791332032.354585256] [gz_ros_control]: 		 velocity
[gazebo-1] [INFO] [1791332032.354702530] [gz_ros_control]: Loading sensor: imu
[gazebo-1] [INFO] [1791332032.354716776] [gz_ros_control]: 	State:
[gazebo-1] [WARN] [1791332032.354721518] [gz_ros_control]: IMU sensor 'imu' not found in hardware_info, skipping.
[gazebo-1] [INFO] [1791332032.354812181] [controller_manager]: Initialize hardware 'left_wheel_controller' 
[gazebo-1] [WARN] [1791332032.354828899] [controller_manager.hardware_component.system.left_wheel_controller]: Executor is not available during hardware component initialization for 'left_wheel_controller'. Skipping node creation!
[gazebo-1] [INFO] [1791332032.354845921] [controller_manager]: Successful initialization of hardware 'left_wheel_controller'
[gazebo-1] [INFO] [1791332032.354921403] [gz_ros_control]: The position_proportional_gain has been set to: 0.1
[gazebo-1] [INFO] [1791332032.354941965] [gz_ros_control]: Loading joint: right_wheel_joint
[gazebo-1] [INFO] [1791332032.354946584] [gz_ros_control]: 	State:
[gazebo-1] [INFO] [1791332032.354949866] [gz_ros_control]: 		 velocity
[gazebo-1] [INFO] [1791332032.354954029] [gz_ros_control]: 		 position
[gazebo-1] [INFO] [1791332032.354958316] [gz_ros_control]: 	Command:
[gazebo-1] [INFO] [1791332032.354961111] [gz_ros_control]: 		 velocity
[gazebo-1] [INFO] [1791332032.354968677] [gz_ros_control]: Loading sensor: imu
[gazebo-1] [INFO] [1791332032.354971224] [gz_ros_control]: 	State:
[gazebo-1] [WARN] [1791332032.354973433] [gz_ros_control]: IMU sensor 'imu' not found in hardware_info, skipping.
[gazebo-1] [INFO] [1791332032.354990948] [controller_manager]: Initialize hardware 'right_wheel_controller' 
[gazebo-1] [WARN] [1791332032.354997614] [controller_manager.hardware_component.system.right_wheel_controller]: Executor is not available during hardware component initialization for 'right_wheel_controller'. Skipping node creation!
[gazebo-1] [INFO] [1791332032.355018777] [controller_manager]: Successful initialization of hardware 'right_wheel_controller'
[gazebo-1] [INFO] [1791332032.355050215] [gz_ros_control]: The position_proportional_gain has been set to: 0.1
[gazebo-1] [INFO] [1791332032.355060823] [gz_ros_control]: Loading joint: arm_joint1
[gazebo-1] [INFO] [1791332032.355063537] [gz_ros_control]: 	State:
[gazebo-1] [INFO] [1791332032.355065898] [gz_ros_control]: 		 position
[gazebo-1] [INFO] [1791332032.355068389] [gz_ros_control]: 		 velocity
[gazebo-1] [INFO] [1791332032.355071902] [gz_ros_control]: 	Command:
[gazebo-1] [INFO] [1791332032.355075555] [gz_ros_control]: 		 position
[gazebo-1] [INFO] [1791332032.355081676] [gz_ros_control]: 		 velocity
[gazebo-1] [INFO] [1791332032.355090378] [gz_ros_control]: Loading joint: arm_joint2
[gazebo-1] [INFO] [1791332032.355094189] [gz_ros_control]: 	State:
[gazebo-1] [INFO] [1791332032.355122100] [gz_ros_control]: 		 position
[gazebo-1] [INFO] [1791332032.355127972] [gz_ros_control]: 		 velocity
[gazebo-1] [INFO] [1791332032.355130033] [gz_ros_control]: 	Command:
[gazebo-1] [INFO] [1791332032.355132134] [gz_ros_control]: 		 position
[gazebo-1] [INFO] [1791332032.355137083] [gz_ros_control]: 		 velocity
[gazebo-1] [INFO] [1791332032.355143096] [gz_ros_control]: Loading joint: arm_joint3
[gazebo-1] [INFO] [1791332032.355147442] [gz_ros_control]: 	State:
[gazebo-1] [INFO] [1791332032.355149395] [gz_ros_control]: 		 position
[gazebo-1] [INFO] [1791332032.355151980] [gz_ros_control]: 		 velocity
[gazebo-1] [INFO] [1791332032.355153978] [gz_ros_control]: 	Command:
[gazebo-1] [INFO] [1791332032.355155764] [gz_ros_control]: 		 position
[gazebo-1] [INFO] [1791332032.355159422] [gz_ros_control]: 		 velocity
[gazebo-1] [INFO] [1791332032.355164606] [gz_ros_control]: Loading joint: arm_joint4
[gazebo-1] [INFO] [1791332032.355166835] [gz_ros_control]: 	State:
[gazebo-1] [INFO] [1791332032.355168868] [gz_ros_control]: 		 position
[gazebo-1] [INFO] [1791332032.355171379] [gz_ros_control]: 		 velocity
[gazebo-1] [INFO] [1791332032.355173338] [gz_ros_control]: 	Command:
[gazebo-1] [INFO] [1791332032.355175284] [gz_ros_control]: 		 position
[gazebo-1] [INFO] [1791332032.355178622] [gz_ros_control]: 		 velocity
[gazebo-1] [INFO] [1791332032.355183985] [gz_ros_control]: Loading joint: arm_joint5
[gazebo-1] [INFO] [1791332032.355186177] [gz_ros_control]: 	State:
[gazebo-1] [INFO] [1791332032.355188124] [gz_ros_control]: 		 position
[gazebo-1] [INFO] [1791332032.355191204] [gz_ros_control]: 		 velocity
[gazebo-1] [INFO] [1791332032.355194306] [gz_ros_control]: 	Command:
[gazebo-1] [INFO] [1791332032.355196256] [gz_ros_control]: 		 position
[gazebo-1] [INFO] [1791332032.355200155] [gz_ros_control]: 		 velocity
[gazebo-1] [INFO] [1791332032.355204740] [gz_ros_control]: Loading joint: arm_joint6
[gazebo-1] [INFO] [1791332032.355206908] [gz_ros_control]: 	State:
[gazebo-1] [INFO] [1791332032.355208748] [gz_ros_control]: 		 position
[gazebo-1] [INFO] [1791332032.355210596] [gz_ros_control]: 		 velocity
[gazebo-1] [INFO] [1791332032.355212575] [gz_ros_control]: 	Command:
[gazebo-1] [INFO] [1791332032.355214313] [gz_ros_control]: 		 position
[gazebo-1] [INFO] [1791332032.355217408] [gz_ros_control]: 		 velocity
[gazebo-1] [INFO] [1791332032.355220683] [gz_ros_control]: Loading sensor: imu
[gazebo-1] [INFO] [1791332032.355222916] [gz_ros_control]: 	State:
[gazebo-1] [WARN] [1791332032.355224959] [gz_ros_control]: IMU sensor 'imu' not found in hardware_info, skipping.
[gazebo-1] [INFO] [1791332032.355246130] [controller_manager]: Initialize hardware 'arm_gz_ros2_control/GazeboSimSystem' 
[gazebo-1] [WARN] [1791332032.355254601] [controller_manager.hardware_component.system.arm_gz_ros2_control/GazeboSimSystem]: Executor is not available during hardware component initialization for 'arm_gz_ros2_control/GazeboSimSystem'. Skipping node creation!
[gazebo-1] [INFO] [1791332032.355279357] [controller_manager]: Successful initialization of hardware 'arm_gz_ros2_control/GazeboSimSystem'
[gazebo-1] [INFO] [1791332032.355349277] [controller_manager]: Activating component 'arm_gz_ros2_control/GazeboSimSystem'.
[gazebo-1] [INFO] [1791332032.355357184] [resource_manager]: 'configure' hardware 'arm_gz_ros2_control/GazeboSimSystem' 
[gazebo-1] [INFO] [1791332032.355361139] [gz_ros_control]: System Successfully configured!
[gazebo-1] [INFO] [1791332032.355370286] [resource_manager]: Successful 'configure' of hardware 'arm_gz_ros2_control/GazeboSimSystem'
[gazebo-1] [INFO] [1791332032.355374834] [resource_manager]: 'activate' hardware 'arm_gz_ros2_control/GazeboSimSystem' 
[gazebo-1] [INFO] [1791332032.355379428] [resource_manager]: Successful 'activate' of hardware 'arm_gz_ros2_control/GazeboSimSystem'
[gazebo-1] [INFO] [1791332032.355398159] [controller_manager]: Activating component 'right_wheel_controller'.
[gazebo-1] [INFO] [1791332032.355402110] [resource_manager]: 'configure' hardware 'right_wheel_controller' 
[gazebo-1] [INFO] [1791332032.355404890] [gz_ros_control]: System Successfully configured!
[gazebo-1] [INFO] [1791332032.355408240] [resource_manager]: Successful 'configure' of hardware 'right_wheel_controller'
[gazebo-1] [INFO] [1791332032.355410853] [resource_manager]: 'activate' hardware 'right_wheel_controller' 
[gazebo-1] [INFO] [1791332032.355413438] [resource_manager]: Successful 'activate' of hardware 'right_wheel_controller'
[gazebo-1] [INFO] [1791332032.355425673] [controller_manager]: Activating component 'left_wheel_controller'.
[gazebo-1] [INFO] [1791332032.355429619] [resource_manager]: 'configure' hardware 'left_wheel_controller' 
[gazebo-1] [INFO] [1791332032.355454403] [gz_ros_control]: System Successfully configured!
[gazebo-1] [INFO] [1791332032.355459189] [resource_manager]: Successful 'configure' of hardware 'left_wheel_controller'
[gazebo-1] [INFO] [1791332032.355462074] [resource_manager]: 'activate' hardware 'left_wheel_controller' 
[gazebo-1] [INFO] [1791332032.355464737] [resource_manager]: Successful 'activate' of hardware 'left_wheel_controller'
[gazebo-1] [WARN] [1791332032.355475830] [controller_manager]: Component 'arm_gz_ros2_control/GazeboSimSystem' does not have read or write statistics initialized, skipping registration.
[gazebo-1] [WARN] [1791332032.355480836] [controller_manager]: Component 'right_wheel_controller' does not have read or write statistics initialized, skipping registration.
[gazebo-1] [WARN] [1791332032.355485378] [controller_manager]: Component 'left_wheel_controller' does not have read or write statistics initialized, skipping registration.
[gazebo-1] [INFO] [1791332032.355493001] [controller_manager]: Resource Manager has been successfully initialized. Starting Controller Manager services...
[gazebo-1] [INFO] [1791332032.425121881] [controller_manager]: Loading controller : 'joint_state_broadcaster' of type 'joint_state_broadcaster/JointStateBroadcaster'
[gazebo-1] [INFO] [1791332032.425154161] [controller_manager]: Loading controller 'joint_state_broadcaster'
[gazebo-1] [WARN] [1791332032.434004473] [controller_manager]: The use of remapping arguments to the controller_manager node is deprecated. Please use the '--controller-ros-args' argument of the spawner to pass remapping arguments to the controller node.
[gazebo-1] [INFO] [1791332032.434041444] [controller_manager]: Controller 'joint_state_broadcaster' node arguments: --ros-args --params-file /home/y/u/yunqiao/IROB_Mobile_Robot_Project/install/irobot_create_control/share/irobot_create_control/config/control.yaml --params-file /home/y/u/yunqiao/IROB_Mobile_Robot_Project/install/warehouse_inventory_robot/share/warehouse_inventory_robot/config/arm_controller_types.yaml --ros-args --remap ~/odom:=odom --remap /tf:=tf --remap /tf_static:=tf_static --remap /diagnostics:=diagnostics -p use_sim_time:=true --param use_sim_time:=true 
[spawner-31] [INFO] [1791332032.460439529] [spawner_joint_state_broadcaster]: Loaded joint_state_broadcaster
[gazebo-1] [INFO] [1791332032.462580700] [controller_manager]: Configuring controller: 'joint_state_broadcaster'
[gazebo-1] [INFO] [1791332032.462645207] [joint_state_broadcaster]: 'joints' or 'interfaces' parameter is empty. All available state interfaces will be published
[gazebo-1] [INFO] [1791332032.479816230] [controller_manager]: Activating controllers: [ joint_state_broadcaster ]
[wait_for_ready-48] [INFO] [1791332032.692199188] [wait_for_sim]: ready: node controller_manager
[wait_for_ready-48] [INFO] [1791332032.693527587] [wait_for_sim]: ready: service /controller_manager/set_parameters
[gazebo-1] [1;36m[Dbg] [SystemManager.cc:80] [0m[1;36mLoaded system [[0m[1;36mgz_ros2_control::GazeboSimROS2ControlPlugin[0m[1;36m] for entity [[0m[1;36m148[0m[1;36m][0m[1;36m[0m
[gazebo-1] [1;36m[Dbg] [SystemManager.cc:80] [0m[1;36mLoaded system [[0m[1;36mgz::sim::systems::PosePublisher[0m[1;36m] for entity [[0m[1;36m148[0m[1;36m][0m[1;36m[0m
[gazebo-1] [1;36m[Dbg] [SystemManager.cc:80] [0m[1;36mLoaded system [[0m[1;36mgz::sim::systems::Contact[0m[1;36m] for entity [[0m[1;36m148[0m[1;36m][0m[1;36m[0m
[gazebo-1] [1;36m[Dbg] [Sensors.cc:697] [0m[1;36mConfiguring Sensors system[0m[1;36m[0m
[gazebo-1] [1;36m[Dbg] [Sensors.cc:557] [0m[1;36mSensorsPrivate::Run[0m[1;36m[0m
[gazebo-1] [1;36m[Dbg] [SystemManager.cc:80] [0m[1;36mLoaded system [[0m[1;36mgz::sim::systems::Sensors[0m[1;36m] for entity [[0m[1;36m148[0m[1;36m][0m[1;36m[0m
[gazebo-1] [1;36m[Dbg] [Sensors.cc:532] [0m[1;36mSensorsPrivate::RenderThread started[0m[1;36m[0m
[gazebo-1] [1;36m[Dbg] [Sensors.cc:337] [0m[1;36mWaiting for init[0m[1;36m[0m
[gazebo-1] [1;36m[Dbg] [DetachableJoint.cc:137] [0m[1;36mDetach topic is: [0m[1;36m/vacuum_gripper/detach[0m[1;36m[0m
[gazebo-1] [1;36m[Dbg] [DetachableJoint.cc:143] [0m[1;36mDetachableJoint subscribing to messages on [0m[1;36m[[0m[1;36m/vacuum_gripper/detach[0m[1;36m][0m[1;36m[0m
[gazebo-1] [1;36m[Dbg] [DetachableJoint.cc:160] [0m[1;36mAttach topic is: [0m[1;36m/vacuum_gripper/attach[0m[1;36m[0m
[gazebo-1] [1;36m[Dbg] [DetachableJoint.cc:195] [0m[1;36mOutput topic is: [0m[1;36m/vacuum_gripper/state[0m[1;36m[0m
[gazebo-1] [1;36m[Dbg] [SystemManager.cc:80] [0m[1;36mLoaded system [[0m[1;36mgz::sim::systems::DetachableJoint[0m[1;36m] for entity [[0m[1;36m148[0m[1;36m][0m[1;36m[0m
[gazebo-1] [1;32m[Msg] [0m[1;32mOdometryPublisher publishing odometry on [[0m[1;32m/model/turtlebot4/odometry[0m[1;32m][0m[1;32m[0m
[gazebo-1] [1;32m[Msg] [0m[1;32mOdometryPublisher publishing odometry with covariance on [[0m[1;32m/model/turtlebot4/odometry_with_covariance[0m[1;32m][0m[1;32m[0m
[gazebo-1] [1;32m[Msg] [0m[1;32mOdometryPublisher publishing Pose_V (TF) on [[0m[1;32m/model/turtlebot4/pose[0m[1;32m][0m[1;32m[0m
[gazebo-1] [1;36m[Dbg] [SystemManager.cc:80] [0m[1;36mLoaded system [[0m[1;36mgz::sim::systems::OdometryPublisher[0m[1;36m] for entity [[0m[1;36m148[0m[1;36m][0m[1;36m[0m
[gazebo-1] [1;36m[Dbg] [UserCommands.cc:1094] [0m[1;36mCreated entity [[0m[1;36m148[0m[1;36m] named [[0m[1;36mturtlebot4[0m[1;36m][0m[1;36m[0m
[gazebo-1] [1;32m[Msg] [0m[1;32mContact system publishing on [0m[1;32m/bumper_contact[0m[1;32m[0m
[gazebo-1] [1;36m[Dbg] [SDFFeatures.cc:332] [0m[1;36mMesh construction from an SDF has not been implemented yet for [0m[1;36mdartsim. Use AttachMeshShapeFeature to use mesh shapes.[0m
[gazebo-1] [1;36m[Dbg] [SDFFeatures.cc:864] [0m[1;36mThe geometry element of collision [[0m[1;36mwarehouse_collision[0m[1;36m] [0m[1;36mcouldn't be created[0m
[gazebo-1] [1;36m[Dbg] [SDFFeatures.cc:332] [0m[1;36mMesh construction from an SDF has not been implemented yet for [0m[1;36mdartsim. Use AttachMeshShapeFeature to use mesh shapes.[0m
[gazebo-1] [1;36m[Dbg] [SDFFeatures.cc:864] [0m[1;36mThe geometry element of collision [[0m[1;36mcollision[0m[1;36m] [0m[1;36mcouldn't be created[0m
[gazebo-1] [1;36m[Dbg] [SDFFeatures.cc:332] [0m[1;36mMesh construction from an SDF has not been implemented yet for [0m[1;36mdartsim. Use AttachMeshShapeFeature to use mesh shapes.[0m
[gazebo-1] [1;36m[Dbg] [SDFFeatures.cc:864] [0m[1;36mThe geometry element of collision [[0m[1;36mcollision[0m[1;36m] [0m[1;36mcouldn't be created[0m
[gazebo-1] [1;36m[Dbg] [SDFFeatures.cc:332] [0m[1;36mMesh construction from an SDF has not been implemented yet for [0m[1;36mdartsim. Use AttachMeshShapeFeature to use mesh shapes.[0m
[gazebo-1] [1;36m[Dbg] [SDFFeatures.cc:864] [0m[1;36mThe geometry element of collision [[0m[1;36mcollision[0m[1;36m] [0m[1;36mcouldn't be created[0m
[gazebo-1] [1;36m[Dbg] [SDFFeatures.cc:332] [0m[1;36mMesh construction from an SDF has not been implemented yet for [0m[1;36mdartsim. Use AttachMeshShapeFeature to use mesh shapes.[0m
[gazebo-1] [1;33m[Wrn] [OBJLoader.cc:91] [0m[1;33mBoth `d` and `Tr` parameters defined for "Chair". Use the value of `d` for dissolve (line 8 in .mtl.)[0m
[gazebo-1] [1;33m[0m
[gazebo-1] [1;33m[Wrn] [OBJLoader.cc:91] [0m[1;33mBoth `d` and `Tr` parameters defined for "CoffeeTable". Use the value of `d` for dissolve (line 8 in .mtl.)[0m
[gazebo-1] [1;33m[0m
[gazebo-1] [1;36m[Dbg] [SDFFeatures.cc:864] [0m[1;36mThe geometry element of collision [[0m[1;36mcollision[0m[1;36m] [0m[1;36mcouldn't be created[0m
[gazebo-1] [1;36m[Dbg] [SDFFeatures.cc:332] [0m[1;36mMesh construction from an SDF has not been implemented yet for [0m[1;36mdartsim. Use AttachMeshShapeFeature to use mesh shapes.[0m
[gazebo-1] [1;36m[Dbg] [SDFFeatures.cc:864] [0m[1;36mThe geometry element of collision [[0m[1;36mcollision[0m[1;36m] [0m[1;36mcouldn't be created[0m
[gazebo-1] [1;36m[Dbg] [SDFFeatures.cc:332] [0m[1;36mMesh construction from an SDF has not been implemented yet for [0m[1;36mdartsim. Use AttachMeshShapeFeature to use mesh shapes.[0m
[gazebo-1] [1;36m[Dbg] [SDFFeatures.cc:864] [0m[1;36mThe geometry element of collision [[0m[1;36mbase_link_fixed_joint_lump__shell_collision_collision_1[0m[1;36m] [0m[1;36mcouldn't be created[0m
[gazebo-1] [1;36m[Dbg] [SDFFeatures.cc:332] [0m[1;36mMesh construction from an SDF has not been implemented yet for [0m[1;36mdartsim. Use AttachMeshShapeFeature to use mesh shapes.[0m
[gazebo-1] [1;36m[Dbg] [SDFFeatures.cc:864] [0m[1;36mThe geometry element of collision [[0m[1;36mbase_link_fixed_joint_lump__arm_link_base_collision_2[0m[1;36m] [0m[1;36mcouldn't be created[0m
[gazebo-1] [1;36m[Dbg] [SDFFeatures.cc:332] [0m[1;36mMesh construction from an SDF has not been implemented yet for [0m[1;36mdartsim. Use AttachMeshShapeFeature to use mesh shapes.[0m
[gazebo-1] [1;36m[Dbg] [SDFFeatures.cc:864] [0m[1;36mThe geometry element of collision [[0m[1;36mbumper_collision[0m[1;36m] [0m[1;36mcouldn't be created[0m
[gazebo-1] [1;36m[Dbg] [SDFFeatures.cc:332] [0m[1;36mMesh construction from an SDF has not been implemented yet for [0m[1;36mdartsim. Use AttachMeshShapeFeature to use mesh shapes.[0m
[gazebo-1] [1;36m[Dbg] [SDFFeatures.cc:864] [0m[1;36mThe geometry element of collision [[0m[1;36marm_link1_collision[0m[1;36m] [0m[1;36mcouldn't be created[0m
[gazebo-1] [1;36m[Dbg] [SDFFeatures.cc:332] [0m[1;36mMesh construction from an SDF has not been implemented yet for [0m[1;36mdartsim. Use AttachMeshShapeFeature to use mesh shapes.[0m
[gazebo-1] [1;36m[Dbg] [SDFFeatures.cc:864] [0m[1;36mThe geometry element of collision [[0m[1;36marm_link2_collision[0m[1;36m] [0m[1;36mcouldn't be created[0m
[gazebo-1] [1;36m[Dbg] [SDFFeatures.cc:332] [0m[1;36mMesh construction from an SDF has not been implemented yet for [0m[1;36mdartsim. Use AttachMeshShapeFeature to use mesh shapes.[0m
[gazebo-1] [1;36m[Dbg] [SDFFeatures.cc:864] [0m[1;36mThe geometry element of collision [[0m[1;36marm_link3_collision[0m[1;36m] [0m[1;36mcouldn't be created[0m
[gazebo-1] [1;36m[Dbg] [SDFFeatures.cc:332] [0m[1;36mMesh construction from an SDF has not been implemented yet for [0m[1;36mdartsim. Use AttachMeshShapeFeature to use mesh shapes.[0m
[gazebo-1] [1;36m[Dbg] [SDFFeatures.cc:864] [0m[1;36mThe geometry element of collision [[0m[1;36marm_link4_collision[0m[1;36m] [0m[1;36mcouldn't be created[0m
[gazebo-1] [1;36m[Dbg] [SDFFeatures.cc:332] [0m[1;36mMesh construction from an SDF has not been implemented yet for [0m[1;36mdartsim. Use AttachMeshShapeFeature to use mesh shapes.[0m
[gazebo-1] [1;36m[Dbg] [SDFFeatures.cc:864] [0m[1;36mThe geometry element of collision [[0m[1;36marm_link5_collision[0m[1;36m] [0m[1;36mcouldn't be created[0m
[gazebo-1] [1;36m[Dbg] [SDFFeatures.cc:332] [0m[1;36mMesh construction from an SDF has not been implemented yet for [0m[1;36mdartsim. Use AttachMeshShapeFeature to use mesh shapes.[0m
[gazebo-1] [1;36m[Dbg] [SDFFeatures.cc:864] [0m[1;36mThe geometry element of collision [[0m[1;36marm_link6_collision[0m[1;36m] [0m[1;36mcouldn't be created[0m
[gazebo-1] [1;36m[Dbg] [SDFFeatures.cc:332] [0m[1;36mMesh construction from an SDF has not been implemented yet for [0m[1;36mdartsim. Use AttachMeshShapeFeature to use mesh shapes.[0m
[gazebo-1] [1;36m[Dbg] [SDFFeatures.cc:864] [0m[1;36mThe geometry element of collision [[0m[1;36marm_uflite_vacuum_gripper_link_collision[0m[1;36m] [0m[1;36mcouldn't be created[0m
[gazebo-1] [1;36m[Dbg] [SimulationFeatures.cc:90] [0m[1;36mSimulation timestep set to: [0m[1;36m0.003[0m[1;36m[0m
[gazebo-1] [1;33m[Wrn] [Component.hh:127] [0m[1;33mTrying to serialize component with data type [[0m[1;33mSt10shared_ptrIN3sdf3v147ElementEE[0m[1;33m], which doesn't have [0m[1;33m`operator<<`. Component will not be serialized.[0m[1;33m[0m
[gazebo-1] [1;33m[GUI] [Wrn] [Component.hh:172] [0m[1;33mTrying to deserialize component with data type [[0m[1;33mSt10shared_ptrIN3sdf3v147ElementEE[0m[1;33m], which doesn't have [0m[1;33m`operator>>`. Component will not be deserialized.[0m[1;33m[0m
[wait_for_ready-47] [INFO] [1791332033.737765474] [wait_for_rviz]: ready: topic /clock (message received)
[gazebo-1] [ERROR] [1791332033.778249331] [gz_ros_control]: Desired controller update period (0.001 s) is faster than the gazebo simulation period (0.003 s).
[gazebo-1] [INFO] [1791332033.782023533] [controller_manager]: Successfully switched controllers!
[gazebo-1] [1;32m[Msg] [0m[1;32mServing scene information on [[0m[1;32m/world/warehouse[0m[1;32m/[0m[1;32mscene/info[0m[1;32m][0m[1;32m[0m
[gazebo-1] [1;32m[Msg] [0m[1;32mServing graph information on [[0m[1;32m/world/warehouse[0m[1;32m/[0m[1;32mscene/graph[0m[1;32m][0m[1;32m[0m
[gazebo-1] [1;32m[Msg] [0m[1;32mServing full state on [[0m[1;32m/world/warehouse[0m[1;32m/[0m[1;32mstate[0m[1;32m][0m[1;32m[0m
[gazebo-1] [1;32m[Msg] [0m[1;32mServing full state (async) on [[0m[1;32m/world/warehouse[0m[1;32m/[0m[1;32mstate_async[0m[1;32m][0m[1;32m[0m
[gazebo-1] [1;32m[Msg] [0m[1;32mPublishing scene information on [[0m[1;32m/world/warehouse/scene/info[0m[1;32m][0m[1;32m[0m
[gazebo-1] [1;32m[Msg] [0m[1;32mPublishing entity deletions on [[0m[1;32m/world/warehouse/scene/deletion[0m[1;32m][0m[1;32m[0m
[gazebo-1] [1;32m[Msg] [0m[1;32mPublishing state changes on [[0m[1;32m/world/warehouse/state[0m[1;32m][0m[1;32m[0m
[gazebo-1] [1;32m[Msg] [0m[1;32mPublishing pose messages on [[0m[1;32m/world/warehouse[0m[1;32m/[0m[1;32mpose/info[0m[1;32m][0m[1;32m[0m
[gazebo-1] [1;32m[Msg] [0m[1;32mPublishing dynamic pose messages on [[0m[1;32m/world/warehouse[0m[1;32m/[0m[1;32mdynamic_pose/info[0m[1;32m][0m[1;32m[0m
[gazebo-1] [1;36m[Dbg] [EntityComponentManager.cc:1656] [0m[1;36mUpdated state thread iterators: [0m[1;36m16[0m[1;36m threads processing around [0m[1;36m19[0m[1;36m entities each.[0m[1;36m[0m
[gazebo-1] [1;36m[Dbg] [SimulationRunner.cc:560] [0m[1;36mExiting postupdate worker thread ([0m[1;36m0[0m[1;36m)[0m[1;36m[0m
[gazebo-1] [1;36m[Dbg] [SimulationRunner.cc:560] [0m[1;36mExiting postupdate worker thread ([0m[1;36m1[0m[1;36m)[0m[1;36m[0m
[gazebo-1] [1;36m[Dbg] [SimulationRunner.cc:533] [0m[1;36mCreating PostUpdate worker threads: [0m[1;36m8[0m[1;36m[0m
[gazebo-1] [1;36m[Dbg] [SimulationRunner.cc:544] [0m[1;36mCreating postupdate worker thread ([0m[1;36m0[0m[1;36m)[0m[1;36m[0m
[gazebo-1] [1;36m[Dbg] [SimulationRunner.cc:544] [0m[1;36mCreating postupdate worker thread ([0m[1;36m1[0m[1;36m)[0m[1;36m[0m
[gazebo-1] [1;36m[Dbg] [SimulationRunner.cc:544] [0m[1;36mCreating postupdate worker thread ([0m[1;36m2[0m[1;36m)[0m[1;36m[0m
[gazebo-1] [1;36m[Dbg] [SimulationRunner.cc:544] [0m[1;36mCreating postupdate worker thread ([0m[1;36m3[0m[1;36m)[0m[1;36m[0m
[gazebo-1] [1;36m[Dbg] [SimulationRunner.cc:544] [0m[1;36mCreating postupdate worker thread ([0m[1;36m4[0m[1;36m)[0m[1;36m[0m
[gazebo-1] [1;36m[Dbg] [SimulationRunner.cc:544] [0m[1;36mCreating postupdate worker thread ([0m[1;36m5[0m[1;36m)[0m[1;36m[0m
[gazebo-1] [1;36m[Dbg] [SimulationRunner.cc:544] [0m[1;36mCreating postupdate worker thread ([0m[1;36m6[0m[1;36m)[0m[1;36m[0m
[gazebo-1] [1;36m[Dbg] [SystemManager.cc:80] [0m[1;36mLoaded system [[0m[1;36mgz::sim::systems::PosePublisher[0m[1;36m] for entity [[0m[1;36m296[0m[1;36m][0m[1;36m[0m
[gazebo-1] [1;36m[Dbg] [UserCommands.cc:1094] [0m[1;36mCreated entity [[0m[1;36m296[0m[1;36m] named [[0m[1;36mstandard_dock[0m[1;36m][0m[1;36m[0m
[gazebo-1] [1;36m[Dbg] [DetachableJoint.cc:343] [0m[1;36mAttaching entity: [0m[1;36m312[0m[1;36m[0m
[gazebo-1] [1;36m[Dbg] [Physics.cc:1939] [0m[1;36mCreating detachable joint [[0m[1;36m312[0m[1;36m][0m[1;36m[0m
[gazebo-1] [1;36m[Dbg] [Sensors.cc:953] [0m[1;36mInitialization needed[0m[1;36m[0m
[gazebo-1] [1;36m[Dbg] [Sensors.cc:349] [0m[1;36mInitializing render context[0m[1;36m[0m
[gazebo-1] [1;32m[Msg] [0m[1;32mLoading plugin [[0m[1;32mgz-rendering-ogre2[0m[1;32m][0m[1;32m[0m
[gazebo-1] [1;36m[Dbg] [SimulationRunner.cc:560] [0m[1;36mExiting postupdate worker thread ([0m[1;36m5[0m[1;36m)[0m[1;36m[0m
[gazebo-1] [1;36m[Dbg] [SimulationRunner.cc:560] [0m[1;36m[Dbg] [SimulationRunner.cc:560] [Dbg] [SimulationRunner.cc:560] [0m[1;36mExiting postupdate worker thread ([0m[1;36m2[0m[1;36m)[0m[1;36m[0m
[gazebo-1] [1;36m[Dbg] [SimulationRunner.cc:560] [0m[1;36mExiting postupdate worker thread ([0m[1;36m4[0m[1;36m)[0m[1;36m[0m
[gazebo-1] [1;36mExiting postupdate worker thread ([0m[1;36m1[0m[1;36m)[0m[1;36m[0m
[gazebo-1] [1;36m[Dbg] [SimulationRunner.cc:560] [0m[1;36mExiting postupdate worker thread ([0m[1;36m3[0m[1;36m)[0m[1;36m[0m
[spawner-31] [INFO] [1791332033.810701059] [spawner_joint_state_broadcaster]: Configured and activated joint_state_broadcaster
[wait_for_ready-48] [INFO] [1791332033.811730587] [wait_for_sim]: ready: service /controller_manager/list_controllers (answered a call)
[INFO] [spawner-31]: process has finished cleanly [pid 67914]
[INFO] [spawner-49]: process started with pid [69121]
[spawner-49] [INFO] [1791332034.260571628] [spawner_diffdrive_controller]: waiting for service /controller_manager/list_controllers to become available...
[gazebo-1] [1;36m[Dbg] [SimulationRunner.cc:560] [0m[1;36m[Dbg] [SimulationRunner.cc:560] [Dbg] [SimulationRunner.cc:560] [0m[1;36mExiting postupdate worker thread ([0m[1;36m0[0m[1;36m)[0m[1;36m[0m
[gazebo-1] [1;36mExiting postupdate worker thread ([0m[1;36m6[0m[1;36m)[0m[1;36m[0m
[gazebo-1] [1;36m[Dbg] [SimulationRunner.cc:533] [0m[1;36mCreating PostUpdate worker threads: [0m[1;36m9[0m[1;36m[0m
[gazebo-1] [1;36m[Dbg] [SimulationRunner.cc:544] [0m[1;36mCreating postupdate worker thread ([0m[1;36m0[0m[1;36m)[0m[1;36m[0m
[gazebo-1] [1;36m[Dbg] [SimulationRunner.cc:544] [0m[1;36mCreating postupdate worker thread ([0m[1;36m1[0m[1;36m)[0m[1;36m[0m
[gazebo-1] [1;36m[Dbg] [SimulationRunner.cc:544] [0m[1;36mCreating postupdate worker thread ([0m[1;36m2[0m[1;36m)[0m[1;36m[0m
[gazebo-1] [1;36m[Dbg] [SimulationRunner.cc:544] [0m[1;36mCreating postupdate worker thread ([0m[1;36m3[0m[1;36m)[0m[1;36m[0m
[gazebo-1] [1;36m[Dbg] [SimulationRunner.cc:544] [0m[1;36mCreating postupdate worker thread ([0m[1;36m4[0m[1;36m)[0m[1;36m[0m
[gazebo-1] [1;36m[Dbg] [SimulationRunner.cc:544] [0m[1;36mCreating postupdate worker thread ([0m[1;36m5[0m[1;36m)[0m[1;36m[0m
[gazebo-1] [1;36m[Dbg] [SimulationRunner.cc:544] [0m[1;36mCreating postupdate worker thread ([0m[1;36m6[0m[1;36m)[0m[1;36m[0m
[gazebo-1] [1;36m[Dbg] [SimulationRunner.cc:544] [0m[1;36mCreating postupdate worker thread ([0m[1;36m7[0m[1;36m)[0m[1;36m[0m
[gazebo-1] [1;36m[Dbg] [RenderUtil.cc:2646] [0m[1;36mCreate scene [[0m[1;36mscene[0m[1;36m][0m[1;36m[0m
[gazebo-1] [1;36m[Dbg] [Sensors.cc:391] [0m[1;36mRendering Thread initialized[0m[1;36m[0m
[gazebo-1] [1;36m[Dbg] [Sensors.cc:953] [0m[1;36mInitialization needed[0m[1;36m[0m
[gazebo-1] plugin is using camera [[0m[1;36mscene::Camera(65527)[0m[1;36m][0m[1;36m[0m
[gazebo-1] [1;36m[GUI] [Dbg] [InteractiveViewControl.cc:176] [0m[1;36mInteractiveViewControl plugin is moving camera [[0m[1;36mscene::Camera(65527)[0m[1;36m][0m[1;36m[0m
[gazebo-1] [1;33mWarning [Utils.cc:132][0m [/sdf/model[@name="tb4_lite6"]/joint[@name="wheel_drop_left_joint"]/physics/ode/provide_feedback:<data-string>:L2544]: XML Element[provide_feedback], child of element[ode], not defined in SDF. Copying[provide_feedback] as children of [ode].
[gazebo-1] [1;33mWarning [Utils.cc:132][0m [/sdf/model[@name="tb4_lite6"]/joint[@name="wheel_drop_right_joint"]/physics/ode/provide_feedback:<data-string>:L2665]: XML Element[provide_feedback], child of element[ode], not defined in SDF. Copying[provide_feedback] as children of [ode].
[gazebo-1] [1;33m[GUI] [Wrn] [OBJLoader.cc:91] [0m[1;33mBoth `d` and `Tr` parameters defined for "Chair". Use the value of `d` for dissolve (line 8 in .mtl.)[0m
[gazebo-1] [1;33m[0m
[gazebo-1] [1;33m[GUI] [Wrn] [OBJLoader.cc:91] [0m[1;33mBoth `d` and `Tr` parameters defined for "CoffeeTable". Use the value of `d` for dissolve (line 8 in .mtl.)[0m
[gazebo-1] [1;33m[0m
[spawner-49] [INFO] [1791332035.527100277] [spawner_diffdrive_controller]: Setting controller param "params_file" to "['/home/y/u/yunqiao/IROB_Mobile_Robot_Project/install/irobot_create_control/share/irobot_create_control/config/control.yaml']" for diffdrive_controller
[gazebo-1] [INFO] [1791332035.534527742] [controller_manager]: Loading controller : 'diffdrive_controller' of type 'diff_drive_controller/DiffDriveController'
[gazebo-1] [INFO] [1791332035.534579275] [controller_manager]: Loading controller 'diffdrive_controller'
[gazebo-1] [WARN] [1791332035.541446926] [controller_manager]: The use of remapping arguments to the controller_manager node is deprecated. Please use the '--controller-ros-args' argument of the spawner to pass remapping arguments to the controller node.
[gazebo-1] [INFO] [1791332035.541495136] [controller_manager]: Controller 'diffdrive_controller' node arguments: --ros-args --params-file /home/y/u/yunqiao/IROB_Mobile_Robot_Project/install/irobot_create_control/share/irobot_create_control/config/control.yaml --params-file /home/y/u/yunqiao/IROB_Mobile_Robot_Project/install/warehouse_inventory_robot/share/warehouse_inventory_robot/config/arm_controller_types.yaml --ros-args --remap ~/odom:=odom --remap /tf:=tf --remap /tf_static:=tf_static --remap /diagnostics:=diagnostics -p use_sim_time:=true --params-file /home/y/u/yunqiao/IROB_Mobile_Robot_Project/install/irobot_create_control/share/irobot_create_control/config/control.yaml --param use_sim_time:=true 
[gazebo-1] [1;33m[Wrn] [ColladaLoader.cc:2395] [0m[1;33mTriangle input semantic: '[0m[1;33mCOLOR[0m[1;33m' is currently[0m[1;33m not supported[0m[1;33m[0m
[gazebo-1] [1;33m[Wrn] [ColladaLoader.cc:2395] [0m[1;33mTriangle input semantic: '[0m[1;33mCOLOR[0m[1;33m' is currently[0m[1;33m not supported[0m[1;33m[0m
[gazebo-1] [1;36m[Dbg] [RgbdCameraSensor.cc:210] [0m[1;36mRGB images for [[0m[1;36mturtlebot4::oakd_rgb_camera_frame::rgbd_camera[0m[1;36m] advertised on [[0m[1;36mworld/warehouse/model/turtlebot4/link/oakd_rgb_camera_frame/sensor/rgbd_camera[0m[1;36m/image][0m[1;36m[0m
[gazebo-1] [1;36m[Dbg] [RgbdCameraSensor.cc:224] [0m[1;36mDepth images for [[0m[1;36mturtlebot4::oakd_rgb_camera_frame::rgbd_camera[0m[1;36m] advertised on [[0m[1;36mworld/warehouse/model/turtlebot4/link/oakd_rgb_camera_frame/sensor/rgbd_camera[0m[1;36m/depth_image][0m[1;36m[0m
[gazebo-1] [1;36m[Dbg] [RgbdCameraSensor.cc:238] [0m[1;36mPoints for [[0m[1;36mturtlebot4::oakd_rgb_camera_frame::rgbd_camera[0m[1;36m] advertised on [[0m[1;36mworld/warehouse/model/turtlebot4/link/oakd_rgb_camera_frame/sensor/rgbd_camera[0m[1;36m/points][0m[1;36m[0m
[gazebo-1] [1;36m[Dbg] [CameraSensor.cc:695] [0m[1;36mCamera info for [[0m[1;36mturtlebot4::oakd_rgb_camera_frame::rgbd_camera[0m[1;36m] advertised on [[0m[1;36mworld/warehouse/model/turtlebot4/link/oakd_rgb_camera_frame/sensor/rgbd_camera/camera_info[0m[1;36m][0m[1;36m[0m
[gazebo-1] [1;36m[Dbg] [Lidar.cc:139] [0m[1;36mLaser scans for [[0m[1;36mturtlebot4::base_link::cliff_front_left[0m[1;36m] advertised on [[0m[1;36mworld/warehouse/model/turtlebot4/link/base_link/sensor/cliff_front_left/scan[0m[1;36m][0m[1;36m[0m
[gazebo-1] [1;36m[Dbg] [GpuLidarSensor.cc:164] [0m[1;36mLidar points for [[0m[1;36mturtlebot4::base_link::cliff_front_left[0m[1;36m] advertised on [[0m[1;36mworld/warehouse/model/turtlebot4/link/base_link/sensor/cliff_front_left/scan/points[0m[1;36m][0m[1;36m[0m
[gazebo-1] [1;36m[Dbg] [Lidar.cc:139] [0m[1;36mLaser scans for [[0m[1;36mturtlebot4::base_link::cliff_front_right[0m[1;36m] advertised on [[0m[1;36mworld/warehouse/model/turtlebot4/link/base_link/sensor/cliff_front_right/scan[0m[1;36m][0m[1;36m[0m
[gazebo-1] [1;36m[Dbg] [GpuLidarSensor.cc:164] [0m[1;36mLidar points for [[0m[1;36mturtlebot4::base_link::cliff_front_right[0m[1;36m] advertised on [[0m[1;36mworld/warehouse/model/turtlebot4/link/base_link/sensor/cliff_front_right/scan/points[0m[1;36m][0m[1;36m[0m
[gazebo-1] [1;36m[Dbg] [Lidar.cc:139] [0m[1;36mLaser scans for [[0m[1;36mturtlebot4::base_link::cliff_side_left[0m[1;36m] advertised on [[0m[1;36mworld/warehouse/model/turtlebot4/link/base_link/sensor/cliff_side_left/scan[0m[1;36m][0m[1;36m[0m
[gazebo-1] [1;36m[Dbg] [GpuLidarSensor.cc:164] [0m[1;36mLidar points for [[0m[1;36mturtlebot4::base_link::cliff_side_left[0m[1;36m] advertised on [[0m[1;36mworld/warehouse/model/turtlebot4/link/base_link/sensor/cliff_side_left/scan/points[0m[1;36m][0m[1;36m[0m
[gazebo-1] [1;36m[Dbg] [Lidar.cc:139] [0m[1;36mLaser scans for [[0m[1;36mturtlebot4::base_link::cliff_side_right[0m[1;36m] advertised on [[0m[1;36mworld/warehouse/model/turtlebot4/link/base_link/sensor/cliff_side_right/scan[0m[1;36m][0m[1;36m[0m
[gazebo-1] [1;36m[Dbg] [GpuLidarSensor.cc:164] [0m[1;36mLidar points for [[0m[1;36mturtlebot4::base_link::cliff_side_right[0m[1;36m] advertised on [[0m[1;36mworld/warehouse/model/turtlebot4/link/base_link/sensor/cliff_side_right/scan/points[0m[1;36m][0m[1;36m[0m
[gazebo-1] [1;36m[Dbg] [Lidar.cc:139] [0m[1;36mLaser scans for [[0m[1;36mturtlebot4::ir_intensity_front_center_left::ir_intensity_front_center_left[0m[1;36m] advertised on [[0m[1;36mworld/warehouse/model/turtlebot4/link/ir_intensity_front_center_left/sensor/ir_intensity_front_center_left/scan[0m[1;36m][0m[1;36m[0m
[gazebo-1] [1;36m[Dbg] [GpuLidarSensor.cc:164] [0m[1;36mLidar points for [[0m[1;36mturtlebot4::ir_intensity_front_center_left::ir_intensity_front_center_left[0m[1;36m] advertised on [[0m[1;36mworld/warehouse/model/turtlebot4/link/ir_intensity_front_center_left/sensor/ir_intensity_front_center_left/scan/points[0m[1;36m][0m[1;36m[0m
[gazebo-1] [1;36m[Dbg] [Lidar.cc:139] [0m[1;36mLaser scans for [[0m[1;36mturtlebot4::ir_intensity_front_center_right::ir_intensity_front_center_right[0m[1;36m] advertised on [[0m[1;36mworld/warehouse/model/turtlebot4/link/ir_intensity_front_center_right/sensor/ir_intensity_front_center_right/scan[0m[1;36m][0m[1;36m[0m
[gazebo-1] [1;36m[Dbg] [GpuLidarSensor.cc:164] [0m[1;36mLidar points for [[0m[1;36mturtlebot4::ir_intensity_front_center_right::ir_intensity_front_center_right[0m[1;36m] advertised on [[0m[1;36mworld/warehouse/model/turtlebot4/link/ir_intensity_front_center_right/sensor/ir_intensity_front_center_right/scan/points[0m[1;36m][0m[1;36m[0m
[gazebo-1] [1;36m[Dbg] [Lidar.cc:139] [0m[1;36mLaser scans for [[0m[1;36mturtlebot4::ir_intensity_front_left::ir_intensity_front_left[0m[1;36m] advertised on [[0m[1;36mworld/warehouse/model/turtlebot4/link/ir_intensity_front_left/sensor/ir_intensity_front_left/scan[0m[1;36m][0m[1;36m[0m
[gazebo-1] [1;36m[Dbg] [GpuLidarSensor.cc:164] [0m[1;36mLidar points for [[0m[1;36mturtlebot4::ir_intensity_front_left::ir_intensity_front_left[0m[1;36m] advertised on [[0m[1;36mworld/warehouse/model/turtlebot4/link/ir_intensity_front_left/sensor/ir_intensity_front_left/scan/points[0m[1;36m][0m[1;36m[0m
[gazebo-1] [1;36m[Dbg] [Lidar.cc:139] [0m[1;36mLaser scans for [[0m[1;36mturtlebot4::ir_intensity_front_right::ir_intensity_front_right[0m[1;36m] advertised on [[0m[1;36mworld/warehouse/model/turtlebot4/link/ir_intensity_front_right/sensor/ir_intensity_front_right/scan[0m[1;36m][0m[1;36m[0m
[gazebo-1] [1;36m[Dbg] [GpuLidarSensor.cc:164] [0m[1;36mLidar points for [[0m[1;36mturtlebot4::ir_intensity_front_right::ir_intensity_front_right[0m[1;36m] advertised on [[0m[1;36mworld/warehouse/model/turtlebot4/link/ir_intensity_front_right/sensor/ir_intensity_front_right/scan/points[0m[1;36m][0m[1;36m[0m
[gazebo-1] [1;36m[Dbg] [Lidar.cc:139] [0m[1;36mLaser scans for [[0m[1;36mturtlebot4::ir_intensity_left::ir_intensity_left[0m[1;36m] advertised on [[0m[1;36mworld/warehouse/model/turtlebot4/link/ir_intensity_left/sensor/ir_intensity_left/scan[0m[1;36m][0m[1;36m[0m
[gazebo-1] [1;36m[Dbg] [GpuLidarSensor.cc:164] [0m[1;36mLidar points for [[0m[1;36mturtlebot4::ir_intensity_left::ir_intensity_left[0m[1;36m] advertised on [[0m[1;36mworld/warehouse/model/turtlebot4/link/ir_intensity_left/sensor/ir_intensity_left/scan/points[0m[1;36m][0m[1;36m[0m
[gazebo-1] [1;36m[Dbg] [Lidar.cc:139] [0m[1;36mLaser scans for [[0m[1;36mturtlebot4::ir_intensity_right::ir_intensity_right[0m[1;36m] advertised on [[0m[1;36mworld/warehouse/model/turtlebot4/link/ir_intensity_right/sensor/ir_intensity_right/scan[0m[1;36m][0m[1;36m[0m
[gazebo-1] [1;36m[Dbg] [GpuLidarSensor.cc:164] [0m[1;36mLidar points for [[0m[1;36mturtlebot4::ir_intensity_right::ir_intensity_right[0m[1;36m] advertised on [[0m[1;36mworld/warehouse/model/turtlebot4/link/ir_intensity_right/sensor/ir_intensity_right/scan/points[0m[1;36m][0m[1;36m[0m
[gazebo-1] [1;36m[Dbg] [Lidar.cc:139] [0m[1;36mLaser scans for [[0m[1;36mturtlebot4::ir_intensity_side_left::ir_intensity_side_left[0m[1;36m] advertised on [[0m[1;36mworld/warehouse/model/turtlebot4/link/ir_intensity_side_left/sensor/ir_intensity_side_left/scan[0m[1;36m][0m[1;36m[0m
[gazebo-1] [1;36m[Dbg] [GpuLidarSensor.cc:164] [0m[1;36mLidar points for [[0m[1;36mturtlebot4::ir_intensity_side_left::ir_intensity_side_left[0m[1;36m] advertised on [[0m[1;36mworld/warehouse/model/turtlebot4/link/ir_intensity_side_left/sensor/ir_intensity_side_left/scan/points[0m[1;36m][0m[1;36m[0m
[gazebo-1] [1;36m[Dbg] [Lidar.cc:139] [0m[1;36mLaser scans for [[0m[1;36mturtlebot4::rplidar_link::rplidar[0m[1;36m] advertised on [[0m[1;36mworld/warehouse/model/turtlebot4/link/rplidar_link/sensor/rplidar/scan[0m[1;36m][0m[1;36m[0m
[gazebo-1] [1;36m[Dbg] [GpuLidarSensor.cc:164] [0m[1;36mLidar points for [[0m[1;36mturtlebot4::rplidar_link::rplidar[0m[1;36m] advertised on [[0m[1;36mworld/warehouse/model/turtlebot4/link/rplidar_link/sensor/rplidar/scan/points[0m[1;36m][0m[1;36m[0m
[gazebo-1] [1;36m[Dbg] [Lidar.cc:139] [0m[1;36mLaser scans for [[0m[1;36mstandard_dock::green_buoy_link::green_buoy[0m[1;36m] advertised on [[0m[1;36mworld/warehouse/model/standard_dock/link/green_buoy_link/sensor/green_buoy/scan[0m[1;36m][0m[1;36m[0m
[wait_for_ready-47] [INFO] [1791332036.009341023] [wait_for_rviz]: ready: topic /scan (message received)
[wait_for_ready-48] [INFO] [1791332036.009387839] [wait_for_sim]: ready: topic /scan (message received)
[spawner-49] [INFO] [1791332036.012774196] [spawner_diffdrive_controller]: Loaded diffdrive_controller
[motion_control-34] [INFO] [1791332036.026768325] [motion_control]: Robot max speed is now 0.460000 m/s
[parameter_bridge-8] [INFO] [1791332036.026987358] [cmd_vel_bridge]: Passing message from ROS geometry_msgs/msg/TwistStamped to Gazebo gz.msgs.Twist (showing msg only once per type)
[wait_for_ready-48] [sim] ready after 7.9s
[wait_for_ready-47] [rviz] ready after 7.9s
[turtlebot4_node-29] [INFO] [1791332036.059209249] [turtlebot4_node]: OAKD stopped
[turtlebot4_node-29] [INFO] [1791332036.059260473] [turtlebot4_node]: RPLIDAR stopped
[gazebo-1] [INFO] [1791332036.097435131] [controller_manager]: Configuring controller: 'diffdrive_controller'
[gazebo-1] [WARN] [1791332036.097510535] [diffdrive_controller]: [deprecated] has_jerk_limits parameter is deprecated, instead set the respective limits to NAN
[gazebo-1] [WARN] [1791332036.097526984] [diffdrive_controller]: [deprecated] has_jerk_limits parameter is deprecated, instead set the respective limits to NAN
[gazebo-1] [INFO] [1791332036.111655315] [controller_manager]: Activating controllers: [ diffdrive_controller ]
[gazebo-1] [INFO] [1791332036.114317184] [controller_manager]: Successfully switched controllers!
[spawner-49] [INFO] [1791332036.118346675] [spawner_diffdrive_controller]: Configured and activated diffdrive_controller
[gazebo-1] [WARN] [1791332036.124500677] [diffdrive_controller]: Received TwistStamped with zero timestamp, setting it to current time, this message will only be shown once
[INFO] [wait_for_ready-47]: process has finished cleanly [pid 67948]
[INFO] [wait_for_ready-48]: process has finished cleanly [pid 67950]
[INFO] [spawner-49]: process has finished cleanly [pid 69121]
[INFO] [rviz2-50]: process started with pid [69212]
[INFO] [spawner-51]: process started with pid [69230]
[INFO] [static_transform_publisher-52]: process started with pid [69232]
[INFO] [map_server-53]: process started with pid [69234]
[INFO] [lifecycle_manager-54]: process started with pid [69236]
[INFO] [controller_server-55]: process started with pid [69238]
[INFO] [smoother_server-56]: process started with pid [69240]
[INFO] [planner_server-57]: process started with pid [69242]
[INFO] [route_server-58]: process started with pid [69244]
[INFO] [behavior_server-59]: process started with pid [69246]
[INFO] [bt_navigator-60]: process started with pid [69248]
[INFO] [waypoint_follower-61]: process started with pid [69250]
[INFO] [velocity_smoother-62]: process started with pid [69252]
[INFO] [collision_monitor-63]: process started with pid [69254]
[INFO] [opennav_docking-64]: process started with pid [69256]
[INFO] [lifecycle_manager-65]: process started with pid [69258]
[rviz2-50] Warning: Ignoring XDG_SESSION_TYPE=wayland on Gnome. Use QT_QPA_PLATFORM=wayland to run on Wayland anyway.
[static_transform_publisher-52] [WARN] [1791332036.477748691] []: Old-style arguments are deprecated; see --help for new-style arguments
[rviz2-50] [INFO] [1791332036.641010472] [rviz2]: Stereo is NOT SUPPORTED
[rviz2-50] [INFO] [1791332036.641095392] [rviz2]: OpenGl version: 4.6 (GLSL 4.6)
[rviz2-50] [INFO] [1791332036.682391038] [rviz2]: Stereo is NOT SUPPORTED
[collision_monitor-63] [INFO] [1791332036.845874126] [collision_monitor]: 
[collision_monitor-63] 	collision_monitor lifecycle node launched. 
[collision_monitor-63] 	Waiting on external lifecycle transitions to activate
[collision_monitor-63] 	See https://design.ros2.org/articles/node_lifecycle.html for more information.
[static_transform_publisher-52] [INFO] [1791332036.871744975] [map_to_odom_static_tf]: Spinning until stopped - publishing transform
[static_transform_publisher-52] translation: ('0.000000', '0.000000', '0.000000')
[static_transform_publisher-52] rotation: ('0.000000', '0.000000', '0.000000', '1.000000')
[static_transform_publisher-52] from 'map' to 'odom'
[waypoint_follower-61] [INFO] [1791332036.943062313] [waypoint_follower]: 
[waypoint_follower-61] 	waypoint_follower lifecycle node launched. 
[waypoint_follower-61] 	Waiting on external lifecycle transitions to activate
[waypoint_follower-61] 	See https://design.ros2.org/articles/node_lifecycle.html for more information.
[waypoint_follower-61] [INFO] [1791332036.947684341] [waypoint_follower]: Creating
[lifecycle_manager-54] [INFO] [1791332036.947972455] [lifecycle_manager_map]: Creating
[lifecycle_manager-54] [INFO] [1791332036.973558385] [lifecycle_manager_map]: [34m[1mCreating and initializing lifecycle service clients[0m[0m
[controller_server-55] [INFO] [1791332036.979890559] [controller_server]: 
[controller_server-55] 	controller_server lifecycle node launched. 
[controller_server-55] 	Waiting on external lifecycle transitions to activate
[controller_server-55] 	See https://design.ros2.org/articles/node_lifecycle.html for more information.
[smoother_server-56] [INFO] [1791332036.992856296] [smoother_server]: 
[smoother_server-56] 	smoother_server lifecycle node launched. 
[smoother_server-56] 	Waiting on external lifecycle transitions to activate
[smoother_server-56] 	See https://design.ros2.org/articles/node_lifecycle.html for more information.
[velocity_smoother-62] [INFO] [1791332036.999292203] [velocity_smoother]: 
[velocity_smoother-62] 	velocity_smoother lifecycle node launched. 
[velocity_smoother-62] 	Waiting on external lifecycle transitions to activate
[velocity_smoother-62] 	See https://design.ros2.org/articles/node_lifecycle.html for more information.
[lifecycle_manager-65] [INFO] [1791332037.002882203] [lifecycle_manager_navigation]: Creating
[bt_navigator-60] [INFO] [1791332037.012218447] [bt_navigator]: 
[bt_navigator-60] 	bt_navigator lifecycle node launched. 
[bt_navigator-60] 	Waiting on external lifecycle transitions to activate
[bt_navigator-60] 	See https://design.ros2.org/articles/node_lifecycle.html for more information.
[planner_server-57] [INFO] [1791332037.012272721] [planner_server]: 
[planner_server-57] 	planner_server lifecycle node launched. 
[planner_server-57] 	Waiting on external lifecycle transitions to activate
[planner_server-57] 	See https://design.ros2.org/articles/node_lifecycle.html for more information.
[smoother_server-56] [INFO] [1791332037.014153988] [smoother_server]: Creating smoother server
[route_server-58] [INFO] [1791332037.053788335] [route_server]: 
[route_server-58] 	route_server lifecycle node launched. 
[route_server-58] 	Waiting on external lifecycle transitions to activate
[route_server-58] 	See https://design.ros2.org/articles/node_lifecycle.html for more information.
[planner_server-57] [INFO] [1791332037.056039918] [planner_server]: Creating
[lifecycle_manager-65] [INFO] [1791332037.056265568] [lifecycle_manager_navigation]: [34m[1mCreating and initializing lifecycle service clients[0m[0m
[map_server-53] [INFO] [1791332037.064746194] [map_server]: 
[map_server-53] 	map_server lifecycle node launched. 
[map_server-53] 	Waiting on external lifecycle transitions to activate
[map_server-53] 	See https://design.ros2.org/articles/node_lifecycle.html for more information.
[map_server-53] [INFO] [1791332037.064805874] [map_server]: Creating
[bt_navigator-60] [INFO] [1791332037.073414995] [bt_navigator]: Creating
[controller_server-55] [INFO] [1791332037.084325356] [controller_server]: Creating controller server
[planner_server-57] [INFO] [1791332037.121251363] [global_costmap.global_costmap]: 
[planner_server-57] 	global_costmap lifecycle node launched. 
[planner_server-57] 	Waiting on external lifecycle transitions to activate
[planner_server-57] 	See https://design.ros2.org/articles/node_lifecycle.html for more information.
[planner_server-57] [INFO] [1791332037.124025087] [global_costmap.global_costmap]: Creating Costmap
[controller_server-55] [INFO] [1791332037.137578349] [local_costmap.local_costmap]: 
[controller_server-55] 	local_costmap lifecycle node launched. 
[controller_server-55] 	Waiting on external lifecycle transitions to activate
[controller_server-55] 	See https://design.ros2.org/articles/node_lifecycle.html for more information.
[controller_server-55] [INFO] [1791332037.139527061] [local_costmap.local_costmap]: Creating Costmap
[behavior_server-59] [INFO] [1791332037.352041237] [behavior_server]: 
[behavior_server-59] 	behavior_server lifecycle node launched. 
[behavior_server-59] 	Waiting on external lifecycle transitions to activate
[behavior_server-59] 	See https://design.ros2.org/articles/node_lifecycle.html for more information.
[opennav_docking-64] [INFO] [1791332037.365653078] [docking_server]: 
[opennav_docking-64] 	docking_server lifecycle node launched. 
[opennav_docking-64] 	Waiting on external lifecycle transitions to activate
[opennav_docking-64] 	See https://design.ros2.org/articles/node_lifecycle.html for more information.
[opennav_docking-64] [INFO] [1791332037.365709326] [docking_server]: Creating docking_server
[spawner-51] [INFO] [1791332037.425695503] [spawner_lite6_traj_controller]: waiting for service /controller_manager/list_controllers to become available...
[spawner-51] [INFO] [1791332037.704131008] [spawner_lite6_traj_controller]: Setting controller param "params_file" to "['/home/y/u/yunqiao/IROB_Mobile_Robot_Project/install/warehouse_inventory_robot/share/warehouse_inventory_robot/config/arm_controllers.yaml']" for lite6_traj_controller
[gazebo-1] [INFO] [1791332037.711697402] [controller_manager]: Loading controller : 'lite6_traj_controller' of type 'joint_trajectory_controller/JointTrajectoryController'
[gazebo-1] [INFO] [1791332037.711735012] [controller_manager]: Loading controller 'lite6_traj_controller'
[gazebo-1] [WARN] [1791332037.717535193] [controller_manager]: The use of remapping arguments to the controller_manager node is deprecated. Please use the '--controller-ros-args' argument of the spawner to pass remapping arguments to the controller node.
[gazebo-1] [INFO] [1791332037.717575359] [controller_manager]: Controller 'lite6_traj_controller' node arguments: --ros-args --params-file /home/y/u/yunqiao/IROB_Mobile_Robot_Project/install/irobot_create_control/share/irobot_create_control/config/control.yaml --params-file /home/y/u/yunqiao/IROB_Mobile_Robot_Project/install/warehouse_inventory_robot/share/warehouse_inventory_robot/config/arm_controller_types.yaml --ros-args --remap ~/odom:=odom --remap /tf:=tf --remap /tf_static:=tf_static --remap /diagnostics:=diagnostics -p use_sim_time:=true --params-file /home/y/u/yunqiao/IROB_Mobile_Robot_Project/install/warehouse_inventory_robot/share/warehouse_inventory_robot/config/arm_controllers.yaml --param use_sim_time:=true 
[spawner-51] [INFO] [1791332037.812810624] [spawner_lite6_traj_controller]: Loaded lite6_traj_controller
[gazebo-1] [INFO] [1791332037.817791875] [controller_manager]: Configuring controller: 'lite6_traj_controller'
[gazebo-1] [INFO] [1791332037.818249805] [lite6_traj_controller]: No specific joint names are used for command interfaces. Using 'joints' parameter.
[gazebo-1] [INFO] [1791332037.818314179] [lite6_traj_controller]: Command interfaces are [position velocity] and state interfaces are [position velocity].
[gazebo-1] [INFO] [1791332037.818349745] [lite6_traj_controller]: Using 'splines' interpolation method.
[gazebo-1] [INFO] [1791332037.825224695] [lite6_traj_controller]: Action status changes will be monitored at 10.00 Hz.
[gazebo-1] [INFO] [1791332037.838676797] [lite6_traj_controller]: No scaling interface set. This controller will not read speed scaling from the hardware.
[lifecycle_manager-54] [INFO] [1791332037.871168605] [lifecycle_manager_map]: [34m[1mStarting managed nodes bringup...[0m[0m
[lifecycle_manager-54] [INFO] [1791332037.871212037] [lifecycle_manager_map]: [34m[1mConfiguring map_server[0m[0m
[map_server-53] [INFO] [1791332037.871404414] [map_server]: Configuring
[map_server-53] [INFO] [1791332037.871444107] [map_io]: Loading yaml file: /home/y/u/yunqiao/IROB_Mobile_Robot_Project/install/warehouse_inventory_robot/share/warehouse_inventory_robot/maps/warehouse.yaml
[map_server-53] [INFO] [1791332037.871658654] [map_io]: resolution: 0.03
[map_server-53] [INFO] [1791332037.871667248] [map_io]: origin[0]: -15.1
[map_server-53] [INFO] [1791332037.871669515] [map_io]: origin[1]: -25
[map_server-53] [INFO] [1791332037.871672499] [map_io]: origin[2]: 0
[map_server-53] [INFO] [1791332037.871675335] [map_io]: free_thresh: 0.1
[map_server-53] [INFO] [1791332037.871678521] [map_io]: occupied_thresh: 0.65
[map_server-53] [INFO] [1791332037.871681029] [map_io]: mode: trinary
[map_server-53] [INFO] [1791332037.871684159] [map_io]: negate: 0
[map_server-53] [INFO] [1791332037.871814042] [map_io]: Loading image_file: /home/y/u/yunqiao/IROB_Mobile_Robot_Project/install/warehouse_inventory_robot/share/warehouse_inventory_robot/maps/warehouse.pgm
[rviz2-50] [INFO] [1791332037.883324891] [rviz2]: Stereo is NOT SUPPORTED
[map_server-53] [INFO] [1791332037.887015187] [map_io]: Read map /home/y/u/yunqiao/IROB_Mobile_Robot_Project/install/warehouse_inventory_robot/share/warehouse_inventory_robot/maps/warehouse.pgm: 1006 X 1674 map @ 0.03 m/cell
[lifecycle_manager-54] [INFO] [1791332037.900578521] [lifecycle_manager_map]: [34m[1mActivating map_server[0m[0m
[map_server-53] [INFO] [1791332037.900727569] [map_server]: Activating
[map_server-53] [INFO] [1791332037.902378988] [map_server]: Creating bond (map_server) to lifecycle manager.
[gazebo-1] [INFO] [1791332037.972601596] [controller_manager]: Activating controllers: [ lite6_traj_controller ]
[gazebo-1] [INFO] [1791332037.974766002] [controller_manager]: Successfully switched controllers!
[lifecycle_manager-65] [INFO] [1791332037.979975730] [lifecycle_manager_navigation]: [34m[1mStarting managed nodes bringup...[0m[0m
[lifecycle_manager-65] [INFO] [1791332037.980010508] [lifecycle_manager_navigation]: [34m[1mConfiguring controller_server[0m[0m
[spawner-51] [INFO] [1791332037.980211485] [spawner_lite6_traj_controller]: Configured and activated lite6_traj_controller
[controller_server-55] [INFO] [1791332037.980334377] [controller_server]: Configuring controller interface
[controller_server-55] [INFO] [1791332037.980353661] [controller_server]: getting progress checker plugins..
[controller_server-55] [INFO] [1791332037.980916485] [controller_server]: getting goal checker plugins..
[controller_server-55] [INFO] [1791332037.981148068] [controller_server]: Controller frequency set to 20.0000Hz
[controller_server-55] [INFO] [1791332037.981182650] [local_costmap.local_costmap]: Configuring
[controller_server-55] [INFO] [1791332038.005629648] [local_costmap.local_costmap]: Using plugin "static_layer"
[lifecycle_manager-54] [INFO] [1791332038.008937655] [lifecycle_manager_map]: Server map_server connected with bond.
[lifecycle_manager-54] [INFO] [1791332038.008987715] [lifecycle_manager_map]: [34m[1mManaged nodes are active[0m[0m
[lifecycle_manager-54] [INFO] [1791332038.008994323] [lifecycle_manager_map]: [34m[1mCreating bond timer...[0m[0m
[controller_server-55] [INFO] [1791332038.010443773] [local_costmap.local_costmap]: Subscribing to the map topic (/map) with transient local durability
[controller_server-55] [INFO] [1791332038.014394331] [local_costmap.local_costmap]: Initialized plugin "static_layer"
[controller_server-55] [INFO] [1791332038.014444510] [local_costmap.local_costmap]: Using plugin "voxel_layer"
[controller_server-55] [INFO] [1791332038.020295930] [local_costmap.local_costmap]: Subscribed to Topics: scan
[controller_server-55] [INFO] [1791332038.042825805] [local_costmap.local_costmap]: Initialized plugin "voxel_layer"
[controller_server-55] [INFO] [1791332038.042864127] [local_costmap.local_costmap]: Using plugin "inflation_layer"
[controller_server-55] [INFO] [1791332038.044247195] [local_costmap.local_costmap]: Initialized plugin "inflation_layer"
[controller_server-55] [INFO] [1791332038.085270809] [local_costmap.local_costmap]: StaticLayer: Resizing static layer to 1006 X 1674 at 0.030000 m/pix
[controller_server-55] [INFO] [1791332038.085335440] [controller_server]: Created progress_checker : progress_checker of type nav2_controller::SimpleProgressChecker
[controller_server-55] [INFO] [1791332038.086390650] [controller_server]: Controller Server has progress_checker  progress checkers available.
[controller_server-55] [INFO] [1791332038.087692368] [controller_server]: Created goal checker : general_goal_checker of type nav2_controller::SimpleGoalChecker
[controller_server-55] [INFO] [1791332038.089082779] [controller_server]: Controller Server has general_goal_checker  goal checkers available.
[controller_server-55] [INFO] [1791332038.091054585] [controller_server]: Created controller : FollowPath of type nav2_mppi_controller::MPPIController
[controller_server-55] [INFO] [1791332038.095339975] [controller_server]: Controller period is equal to model dt. Control sequence shifting is ON
[controller_server-55] [INFO] [1791332038.099111133] [controller_server]: ConstraintCritic instantiated with 1 power and 4.000000 weight.
[controller_server-55] [INFO] [1791332038.099158919] [controller_server]: Critic loaded : mppi::critics::ConstraintCritic
[controller_server-55] [INFO] [1791332038.101422959] [controller_server]: InflationCostCritic instantiated with 1 power and 300.000000 / 0.015000 weights. Critic will collision check based on footprint cost.
[controller_server-55] [INFO] [1791332038.101458824] [controller_server]: Critic loaded : mppi::critics::CostCritic
[controller_server-55] [INFO] [1791332038.102194810] [controller_server]: GoalCritic instantiated with 1 power and 5.000000 weight.
[controller_server-55] [INFO] [1791332038.102217246] [controller_server]: Critic loaded : mppi::critics::GoalCritic
[controller_server-55] [INFO] [1791332038.103103955] [controller_server]: GoalAngleCritic instantiated with 1 power, 3.000000 weight, 0.500000 angular threshold and symmetric_yaw_tolerance disabled
[controller_server-55] [INFO] [1791332038.103130553] [controller_server]: Critic loaded : mppi::critics::GoalAngleCritic
[controller_server-55] [INFO] [1791332038.104532661] [controller_server]: ReferenceTrajectoryCritic instantiated with 1 power and 14.000000 weight
[controller_server-55] [INFO] [1791332038.104584842] [controller_server]: Critic loaded : mppi::critics::PathAlignCritic
[controller_server-55] [INFO] [1791332038.105495922] [controller_server]: Critic loaded : mppi::critics::PathFollowCritic
[controller_server-55] [INFO] [1791332038.106846708] [controller_server]: PathAngleCritic instantiated with 1 power and 2.000000 weight. Mode set to: Forward Preference
[controller_server-55] [INFO] [1791332038.106942967] [controller_server]: Critic loaded : mppi::critics::PathAngleCritic
[controller_server-55] [INFO] [1791332038.107650680] [controller_server]: PreferForwardCritic instantiated with 1 power and 5.000000 weight.
[controller_server-55] [INFO] [1791332038.107671791] [controller_server]: Critic loaded : mppi::critics::PreferForwardCritic
[controller_server-55] [INFO] [1791332038.109419989] [controller_server]: Optimizer reset
[controller_server-55] [INFO] [1791332038.115665259] [MPPIController]: Configured MPPI Controller: FollowPath
[controller_server-55] [INFO] [1791332038.115701329] [controller_server]: Controller Server has FollowPath  controllers available.
[lifecycle_manager-65] [INFO] [1791332038.129721456] [lifecycle_manager_navigation]: [34m[1mConfiguring smoother_server[0m[0m
[smoother_server-56] [INFO] [1791332038.129981545] [smoother_server]: Configuring smoother server
[smoother_server-56] [INFO] [1791332038.148245118] [smoother_server]: Created smoother : simple_smoother of type nav2_smoother::SimpleSmoother
[smoother_server-56] [INFO] [1791332038.149418578] [smoother_server]: Smoother Server has simple_smoother  smoothers available.
[lifecycle_manager-65] [INFO] [1791332038.165551906] [lifecycle_manager_navigation]: [34m[1mConfiguring planner_server[0m[0m
[planner_server-57] [INFO] [1791332038.165896280] [planner_server]: Configuring
[planner_server-57] [INFO] [1791332038.165928424] [global_costmap.global_costmap]: Configuring
[planner_server-57] [INFO] [1791332038.179832598] [global_costmap.global_costmap]: Using plugin "static_layer"
[planner_server-57] [INFO] [1791332038.183875711] [global_costmap.global_costmap]: Subscribing to the map topic (/map) with transient local durability
[planner_server-57] [INFO] [1791332038.186433270] [global_costmap.global_costmap]: Initialized plugin "static_layer"
[planner_server-57] [INFO] [1791332038.186455931] [global_costmap.global_costmap]: Using plugin "obstacle_layer"
[planner_server-57] [INFO] [1791332038.188538140] [global_costmap.global_costmap]: Subscribed to Topics: scan
[planner_server-57] [INFO] [1791332038.195727846] [global_costmap.global_costmap]: Initialized plugin "obstacle_layer"
[planner_server-57] [INFO] [1791332038.195775521] [global_costmap.global_costmap]: Using plugin "inflation_layer"
[planner_server-57] [INFO] [1791332038.196735340] [global_costmap.global_costmap]: Initialized plugin "inflation_layer"
[INFO] [spawner-51]: process has finished cleanly [pid 69230]
[planner_server-57] [INFO] [1791332038.239397947] [global_costmap.global_costmap]: StaticLayer: Resizing costmap to 1006 X 1674 at 0.030000 m/pix
[planner_server-57] [INFO] [1791332038.239618363] [planner_server]: Created global planner plugin GridBased of type nav2_navfn_planner::NavfnPlanner
[planner_server-57] [INFO] [1791332038.239634139] [planner_server]: Configuring plugin GridBased of type NavfnPlanner
[planner_server-57] [INFO] [1791332038.242666111] [planner_server]: Planner Server has GridBased  planners available.
[lifecycle_manager-65] [INFO] [1791332038.261634382] [lifecycle_manager_navigation]: [34m[1mConfiguring route_server[0m[0m
[route_server-58] [INFO] [1791332038.261909552] [route_server]: Configuring
[route_server-58] [INFO] [1791332038.314621129] [route_server]: Created GraphFileLoader GeoJsonGraphFileLoader of type nav2_route::GeoJsonGraphFileLoader
[route_server-58] [INFO] [1791332038.314648480] [route_server]: Configuring geojson graph file loader
[route_server-58] [INFO] [1791332038.314653698] [route_server]: No graph file provided to load yet.
[route_server-58] [INFO] [1791332038.319650505] [route_server]: Created edge cost function plugin DistanceScorer of type nav2_route::DistanceScorer
[route_server-58] [INFO] [1791332038.319675677] [route_server]: Configuring distance scorer.
[route_server-58] [INFO] [1791332038.320070096] [route_server]: Created edge cost function plugin DynamicEdgesScorer of type nav2_route::DynamicEdgesScorer
[route_server-58] [INFO] [1791332038.320089675] [route_server]: Configuring adjust edges scorer.
[route_server-58] [INFO] [1791332038.327237557] [route_server]: Created route operation AdjustSpeedLimit of type nav2_route::AdjustSpeedLimit
[route_server-58] [INFO] [1791332038.327261982] [route_server]: Configuring Adjust speed limit operation.
[route_server-58] [INFO] [1791332038.329276147] [route_server]: Created route operation ReroutingService of type nav2_route::ReroutingService
[route_server-58] [INFO] [1791332038.329304070] [route_server]: Configuring Rerouting service operation.
[lifecycle_manager-65] [INFO] [1791332038.334110572] [lifecycle_manager_navigation]: [34m[1mConfiguring behavior_server[0m[0m
[behavior_server-59] [INFO] [1791332038.334499670] [behavior_server]: Configuring
[behavior_server-59] [INFO] [1791332038.341455131] [behavior_server]: Creating behavior plugin spin of type nav2_behaviors::Spin
[behavior_server-59] [INFO] [1791332038.343666377] [behavior_server]: Creating behavior plugin backup of type nav2_behaviors::BackUp
[behavior_server-59] [INFO] [1791332038.347039317] [behavior_server]: Creating behavior plugin drive_on_heading of type nav2_behaviors::DriveOnHeading
[behavior_server-59] [INFO] [1791332038.349418843] [behavior_server]: Creating behavior plugin assisted_teleop of type nav2_behaviors::AssistedTeleop
[behavior_server-59] [INFO] [1791332038.351466313] [behavior_server]: Creating behavior plugin wait of type nav2_behaviors::Wait
[behavior_server-59] [INFO] [1791332038.361803094] [behavior_server]: Configuring spin
[behavior_server-59] [INFO] [1791332038.373874418] [behavior_server]: Configuring backup
[behavior_server-59] [INFO] [1791332038.387818346] [behavior_server]: Configuring drive_on_heading
[behavior_server-59] [INFO] [1791332038.398860285] [behavior_server]: Configuring assisted_teleop
[behavior_server-59] [INFO] [1791332038.410627984] [behavior_server]: Configuring wait
[lifecycle_manager-65] [INFO] [1791332038.418461365] [lifecycle_manager_navigation]: [34m[1mConfiguring velocity_smoother[0m[0m
[velocity_smoother-62] [INFO] [1791332038.418766387] [velocity_smoother]: Configuring velocity smoother
[lifecycle_manager-65] [INFO] [1791332038.426732013] [lifecycle_manager_navigation]: [34m[1mConfiguring collision_monitor[0m[0m
[collision_monitor-63] [INFO] [1791332038.427004556] [collision_monitor]: Configuring
[collision_monitor-63] [INFO] [1791332038.435337750] [collision_monitor]: [scan]: Creating Scan
[collision_monitor-63] [INFO] [1791332038.438812484] [collision_monitor]: [FootprintApproach]: Creating Polygon
[collision_monitor-63] [INFO] [1791332038.439057397] [collision_monitor]: [FootprintApproach]: Polygon points are not defined. Using dynamic subscription instead.
[collision_monitor-63] [INFO] [1791332038.440885290] [collision_monitor]: [FootprintApproach]: Making footprint subscriber on local_costmap/published_footprint topic
[lifecycle_manager-65] [INFO] [1791332038.461113129] [lifecycle_manager_navigation]: [34m[1mConfiguring bt_navigator[0m[0m
[bt_navigator-60] [INFO] [1791332038.461547972] [bt_navigator]: Configuring
[bt_navigator-60] [INFO] [1791332038.473206069] [bt_navigator]: Creating navigator id navigate_to_pose of type nav2_bt_navigator::NavigateToPoseNavigator
[bt_navigator-60] [INFO] [1791332038.564749544] [bt_navigator]: Creating navigator id navigate_through_poses of type nav2_bt_navigator::NavigateThroughPosesNavigator
[lifecycle_manager-65] [INFO] [1791332038.625171472] [lifecycle_manager_navigation]: [34m[1mConfiguring waypoint_follower[0m[0m
[waypoint_follower-61] [INFO] [1791332038.625475147] [waypoint_follower]: Configuring
[waypoint_follower-61] [INFO] [1791332038.660987515] [waypoint_follower]: Created waypoint_task_executor : wait_at_waypoint of type nav2_waypoint_follower::WaitAtWaypoint
[lifecycle_manager-65] [INFO] [1791332038.662502877] [lifecycle_manager_navigation]: [34m[1mConfiguring docking_server[0m[0m
[opennav_docking-64] [INFO] [1791332038.662797600] [docking_server]: Configuring docking_server
[opennav_docking-64] [INFO] [1791332038.662821321] [docking_server]: Controller frequency set to 50.0000Hz
[rviz2-50] [INFO] [1791332038.697508556] [rviz2]: Trying to create a map of size 1006 x 1674 using 1 swatches
[opennav_docking-64] [INFO] [1791332038.710302242] [docking_server]: Created charging dock plugin simple_charging_dock of type opennav_docking::SimpleChargingDock
[opennav_docking-64] [WARN] [1791332038.738042739] [docking_server]: Dock database filepath nor dock parameters set. Docking actions can only be executed specifying the dock pose via the action request. Or update the dock database via the reload_database service.
[opennav_docking-64] [INFO] [1791332038.738086577] [docking_server]: Docking Server has 1 dock types and 0 dock instances available.
[lifecycle_manager-65] [INFO] [1791332038.743052496] [lifecycle_manager_navigation]: [34m[1mActivating controller_server[0m[0m
[controller_server-55] [INFO] [1791332038.743388972] [controller_server]: Activating
[controller_server-55] [INFO] [1791332038.743415631] [local_costmap.local_costmap]: Activating
[controller_server-55] [INFO] [1791332038.743424638] [local_costmap.local_costmap]: Checking transform
[controller_server-55] [INFO] [1791332038.743508582] [local_costmap.local_costmap]: start
[rviz2-50] [ERROR] [1791332038.769194707] [rviz2]: rviz/glsl120/indexed_8bit_image.vert
[rviz2-50] rviz/glsl120/indexed_8bit_image.frag
[rviz2-50]  GLSL link result : 
[rviz2-50] active samplers with a different type refer to the same texture image unit
[controller_server-55] [WARN] [1791332038.946577671] [controller_server]: Parameter controller_server.verbose not found
[controller_server-55] [INFO] [1791332038.947787204] [controller_server]: Optimizer reset
[controller_server-55] [INFO] [1791332038.948165696] [MPPIController]: Activated MPPI Controller: FollowPath
[controller_server-55] [INFO] [1791332038.948185306] [controller_server]: Creating bond (controller_server) to lifecycle manager.
[rviz2-50] [INFO] [1791332039.035745564] [rviz2]: Trying to create a map of size 50 x 50 using 1 swatches
[lifecycle_manager-65] [INFO] [1791332039.057588400] [lifecycle_manager_navigation]: Server controller_server connected with bond.
[lifecycle_manager-65] [INFO] [1791332039.057651819] [lifecycle_manager_navigation]: [34m[1mActivating smoother_server[0m[0m
[smoother_server-56] [INFO] [1791332039.058098492] [smoother_server]: Activating
[smoother_server-56] [INFO] [1791332039.058118359] [smoother_server]: Creating bond (smoother_server) to lifecycle manager.
[lifecycle_manager-65] [INFO] [1791332039.164592979] [lifecycle_manager_navigation]: Server smoother_server connected with bond.
[lifecycle_manager-65] [INFO] [1791332039.164625380] [lifecycle_manager_navigation]: [34m[1mActivating planner_server[0m[0m
[planner_server-57] [INFO] [1791332039.165054313] [planner_server]: Activating
[planner_server-57] [INFO] [1791332039.165075304] [global_costmap.global_costmap]: Activating
[planner_server-57] [INFO] [1791332039.165080227] [global_costmap.global_costmap]: Checking transform
[planner_server-57] [INFO] [1791332039.165143456] [global_costmap.global_costmap]: start
[gazebo-1] [1;36m[Dbg] [GpuLidarSensor.cc:164] [0m[1;36mLidar points for [[0m[1;36mstandard_dock::green_buoy_link::green_buoy[0m[1;36m] advertised on [[0m[1;36mworld/warehouse/model/standard_dock/link/green_buoy_link/sensor/green_buoy/scan/points[0m[1;36m][0m[1;36m[0m
[gazebo-1] [1;36m[Dbg] [Lidar.cc:139] [0m[1;36mLaser scans for [[0m[1;36mstandard_dock::halo_link::halo[0m[1;36m] advertised on [[0m[1;36mworld/warehouse/model/standard_dock/link/halo_link/sensor/halo/scan[0m[1;36m][0m[1;36m[0m
[gazebo-1] [1;36m[Dbg] [GpuLidarSensor.cc:164] [0m[1;36mLidar points for [[0m[1;36mstandard_dock::halo_link::halo[0m[1;36m] advertised on [[0m[1;36mworld/warehouse/model/standard_dock/link/halo_link/sensor/halo/scan/points[0m[1;36m][0m[1;36m[0m
[gazebo-1] [1;36m[Dbg] [Lidar.cc:139] [0m[1;36mLaser scans for [[0m[1;36mstandard_dock::red_buoy_link::red_buoy[0m[1;36m] advertised on [[0m[1;36mworld/warehouse/model/standard_dock/link/red_buoy_link/sensor/red_buoy/scan[0m[1;36m][0m[1;36m[0m
[gazebo-1] [1;36m[Dbg] [GpuLidarSensor.cc:164] [0m[1;36mLidar points for [[0m[1;36mstandard_dock::red_buoy_link::red_buoy[0m[1;36m] advertised on [[0m[1;36mworld/warehouse/model/standard_dock/link/red_buoy_link/sensor/red_buoy/scan/points[0m[1;36m][0m[1;36m[0m
[gazebo-1] [1;36m[Dbg] [Lidar.cc:139] [0m[1;36mLaser scans for [[0m[1;36mstandard_dock::yellow_buoy_link::yellow_buoy[0m[1;36m] advertised on [[0m[1;36mworld/warehouse/model/standard_dock/link/yellow_buoy_link/sensor/yellow_buoy/scan[0m[1;36m][0m[1;36m[0m
[gazebo-1] [1;36m[Dbg] [GpuLidarSensor.cc:164] [0m[1;36mLidar points for [[0m[1;36mstandard_dock::yellow_buoy_link::yellow_buoy[0m[1;36m] advertised on [[0m[1;36mworld/warehouse/model/standard_dock/link/yellow_buoy_link/sensor/yellow_buoy/scan/points[0m[1;36m][0m[1;36m[0m
[planner_server-57] [INFO] [1791332040.216748606] [planner_server]: Activating plugin GridBased of type NavfnPlanner
[planner_server-57] [INFO] [1791332040.219169501] [planner_server]: Creating bond (planner_server) to lifecycle manager.
[lifecycle_manager-65] [INFO] [1791332040.325641648] [lifecycle_manager_navigation]: Server planner_server connected with bond.
[lifecycle_manager-65] [INFO] [1791332040.325680531] [lifecycle_manager_navigation]: [34m[1mActivating route_server[0m[0m
[route_server-58] [INFO] [1791332040.326137780] [route_server]: Activating
[route_server-58] [INFO] [1791332040.326170017] [route_server]: Creating bond (route_server) to lifecycle manager.
[lifecycle_manager-65] [INFO] [1791332040.433164692] [lifecycle_manager_navigation]: Server route_server connected with bond.
[lifecycle_manager-65] [INFO] [1791332040.433229341] [lifecycle_manager_navigation]: [34m[1mActivating behavior_server[0m[0m
[behavior_server-59] [INFO] [1791332040.433673303] [behavior_server]: Activating
[behavior_server-59] [INFO] [1791332040.433689723] [behavior_server]: Activating spin
[behavior_server-59] [INFO] [1791332040.433693155] [behavior_server]: Activating backup
[behavior_server-59] [INFO] [1791332040.433696104] [behavior_server]: Activating drive_on_heading
[behavior_server-59] [INFO] [1791332040.433699660] [behavior_server]: Activating assisted_teleop
[behavior_server-59] [INFO] [1791332040.433702727] [behavior_server]: Activating wait
[behavior_server-59] [INFO] [1791332040.433706305] [behavior_server]: Creating bond (behavior_server) to lifecycle manager.
[lifecycle_manager-65] [INFO] [1791332040.540884269] [lifecycle_manager_navigation]: Server behavior_server connected with bond.
[lifecycle_manager-65] [INFO] [1791332040.540918311] [lifecycle_manager_navigation]: [34m[1mActivating velocity_smoother[0m[0m
[velocity_smoother-62] [INFO] [1791332040.541337296] [velocity_smoother]: Activating
[velocity_smoother-62] [INFO] [1791332040.541366522] [velocity_smoother]: Creating bond (velocity_smoother) to lifecycle manager.
[lifecycle_manager-65] [INFO] [1791332040.649207834] [lifecycle_manager_navigation]: Server velocity_smoother connected with bond.
[lifecycle_manager-65] [INFO] [1791332040.649238674] [lifecycle_manager_navigation]: [34m[1mActivating collision_monitor[0m[0m
[collision_monitor-63] [INFO] [1791332040.649692696] [collision_monitor]: Activating
[collision_monitor-63] [INFO] [1791332040.649721990] [collision_monitor]: Creating bond (collision_monitor) to lifecycle manager.
[lifecycle_manager-65] [INFO] [1791332040.757059846] [lifecycle_manager_navigation]: Server collision_monitor connected with bond.
[lifecycle_manager-65] [INFO] [1791332040.757088170] [lifecycle_manager_navigation]: [34m[1mActivating bt_navigator[0m[0m
[bt_navigator-60] [INFO] [1791332040.757522194] [bt_navigator]: Activating
[bt_navigator-60] [INFO] [1791332040.881514904] [bt_navigator]: Creating bond (bt_navigator) to lifecycle manager.
[lifecycle_manager-65] [INFO] [1791332040.989915057] [lifecycle_manager_navigation]: Server bt_navigator connected with bond.
[lifecycle_manager-65] [INFO] [1791332040.989947371] [lifecycle_manager_navigation]: [34m[1mActivating waypoint_follower[0m[0m
[waypoint_follower-61] [INFO] [1791332040.990479826] [waypoint_follower]: Activating
[waypoint_follower-61] [INFO] [1791332040.990498290] [waypoint_follower]: Creating bond (waypoint_follower) to lifecycle manager.
[lifecycle_manager-65] [INFO] [1791332041.098056797] [lifecycle_manager_navigation]: Server waypoint_follower connected with bond.
[lifecycle_manager-65] [INFO] [1791332041.098085935] [lifecycle_manager_navigation]: [34m[1mActivating docking_server[0m[0m
[opennav_docking-64] [INFO] [1791332041.098556412] [docking_server]: Activating docking_server
[opennav_docking-64] [INFO] [1791332041.113042419] [docking_server]: Creating bond (docking_server) to lifecycle manager.
[lifecycle_manager-65] [INFO] [1791332041.220956840] [lifecycle_manager_navigation]: Server docking_server connected with bond.
[lifecycle_manager-65] [INFO] [1791332041.220986617] [lifecycle_manager_navigation]: [34m[1mManaged nodes are active[0m[0m
[lifecycle_manager-65] [INFO] [1791332041.220990786] [lifecycle_manager_navigation]: [34m[1mCreating bond timer...[0m[0m
[rviz2-50] [INFO] [1791332043.355903112] [rviz2]: Trying to create a map of size 1006 x 1674 using 1 swatches
[parameter_bridge-45] [INFO] [1791332063.994015325] [ros_gz_bridge]: Passing message from ROS std_msgs/msg/Empty to Gazebo gz.msgs.Empty (showing msg only once per type)
[motion_control-34] [INFO] [1791332064.134572372] [motion_control]: Received new undock goal
[gazebo-1] [1;36m[Dbg] [DetachableJoint.cc:360] [0m[1;36mRemoving entity: [0m[1;36m312[0m[1;36m[0m
[gazebo-1] [1;36m[Dbg] [Physics.cc:2094] [0m[1;36mDetaching joint [[0m[1;36m312[0m[1;36m][0m[1;36m[0m
[turtlebot4_node-29] [INFO] [1791332065.952230456] [turtlebot4_node]: OAKD started
[turtlebot4_node-29] [INFO] [1791332065.952276117] [turtlebot4_node]: RPLIDAR started
[turtlebot4_node-29] [ERROR] [1791332066.069529027] [turtlebot4_node]: Service stop_motor unavailable.
[turtlebot4_node-29] [ERROR] [1791332066.079791435] [turtlebot4_node]: Service oakd/stop_camera unavailable.
[turtlebot4_node-29] [ERROR] [1791332095.962498264] [turtlebot4_node]: Service oakd/start_camera unavailable.
[turtlebot4_node-29] [ERROR] [1791332095.972746758] [turtlebot4_node]: Service start_motor unavailable.
[motion_control-34] [INFO] [1791332131.990734251] [motion_control]: Undock Goal Succeeded
[controller_server-55] [INFO] [1791332131.993991523] [local_costmap.local_costmap]: Received request to clear entirely the local_costmap
[planner_server-57] [INFO] [1791332131.994235016] [global_costmap.global_costmap]: Received request to clear entirely the global_costmap
[controller_server-55] [INFO] [1791332131.995414490] [local_costmap.local_costmap]: Received request to clear entirely the local_costmap
[planner_server-57] [INFO] [1791332131.995489123] [global_costmap.global_costmap]: Received request to clear entirely the global_costmap
[bt_navigator-60] [INFO] [1791332131.996583716] [bt_navigator]: Begin navigating from current location (-0.35, 0.00) to (1.98, 7.15)
[controller_server-55] [INFO] [1791332132.217589497] [controller_server]: Received a goal, begin computing control effort.
[controller_server-55] [WARN] [1791332132.217621630] [controller_server]: No goal checker was specified in parameter 'current_goal_checker'. Server will use only plugin loaded general_goal_checker . This warning will appear once.
[controller_server-55] [WARN] [1791332132.217627702] [controller_server]: No progress checker was specified in parameter 'current_progress_checker'. Server will use only plugin loaded progress_checker . This warning will appear once.
[controller_server-55] [INFO] [1791332133.267751641] [controller_server]: Passing new path to controller.
[controller_server-55] [INFO] [1791332134.317764821] [controller_server]: Passing new path to controller.
[controller_server-55] [INFO] [1791332135.317748759] [controller_server]: Passing new path to controller.
[controller_server-55] [INFO] [1791332136.317749020] [controller_server]: Passing new path to controller.
[controller_server-55] [INFO] [1791332137.367749199] [controller_server]: Passing new path to controller.
[controller_server-55] [INFO] [1791332138.417749812] [controller_server]: Passing new path to controller.
[controller_server-55] [INFO] [1791332139.417750342] [controller_server]: Passing new path to controller.
[controller_server-55] [INFO] [1791332140.467754992] [controller_server]: Passing new path to controller.
[controller_server-55] [INFO] [1791332141.467759566] [controller_server]: Passing new path to controller.
[controller_server-55] [INFO] [1791332142.517751644] [controller_server]: Passing new path to controller.
[controller_server-55] [INFO] [1791332143.517773602] [controller_server]: Passing new path to controller.
[controller_server-55] [INFO] [1791332144.567747812] [controller_server]: Passing new path to controller.
[controller_server-55] [INFO] [1791332145.567747657] [controller_server]: Passing new path to controller.
[controller_server-55] [INFO] [1791332146.617785485] [controller_server]: Passing new path to controller.
[controller_server-55] [INFO] [1791332147.617749400] [controller_server]: Passing new path to controller.
[controller_server-55] [INFO] [1791332148.667749601] [controller_server]: Passing new path to controller.
[controller_server-55] [INFO] [1791332149.667748757] [controller_server]: Passing new path to controller.
[controller_server-55] [INFO] [1791332150.717756232] [controller_server]: Passing new path to controller.
[controller_server-55] [INFO] [1791332151.717747911] [controller_server]: Passing new path to controller.
[controller_server-55] [INFO] [1791332152.767754741] [controller_server]: Passing new path to controller.
[controller_server-55] [INFO] [1791332153.817749971] [controller_server]: Passing new path to controller.
[controller_server-55] [INFO] [1791332154.817763621] [controller_server]: Passing new path to controller.
[controller_server-55] [INFO] [1791332155.867750164] [controller_server]: Passing new path to controller.
[controller_server-55] [INFO] [1791332156.917747817] [controller_server]: Passing new path to controller.
[controller_server-55] [INFO] [1791332157.917750824] [controller_server]: Passing new path to controller.
[controller_server-55] [INFO] [1791332158.967750302] [controller_server]: Passing new path to controller.
[controller_server-55] [INFO] [1791332159.967748983] [controller_server]: Passing new path to controller.
[controller_server-55] [INFO] [1791332161.017758481] [controller_server]: Passing new path to controller.
[controller_server-55] [INFO] [1791332162.017755155] [controller_server]: Passing new path to controller.
[controller_server-55] [INFO] [1791332163.067748802] [controller_server]: Passing new path to controller.
[controller_server-55] [INFO] [1791332164.067747151] [controller_server]: Passing new path to controller.
[controller_server-55] [INFO] [1791332165.117749605] [controller_server]: Passing new path to controller.
[controller_server-55] [INFO] [1791332166.117705757] [controller_server]: Passing new path to controller.
[controller_server-55] [INFO] [1791332167.167749900] [controller_server]: Passing new path to controller.
[controller_server-55] [INFO] [1791332168.167772947] [controller_server]: Passing new path to controller.
[controller_server-55] [INFO] [1791332169.217748598] [controller_server]: Passing new path to controller.
[controller_server-55] [INFO] [1791332170.217749987] [controller_server]: Passing new path to controller.
[controller_server-55] [INFO] [1791332171.267751172] [controller_server]: Passing new path to controller.
[controller_server-55] [INFO] [1791332172.267752106] [controller_server]: Passing new path to controller.
[controller_server-55] [INFO] [1791332173.317750763] [controller_server]: Passing new path to controller.
[controller_server-55] [INFO] [1791332174.317751668] [controller_server]: Passing new path to controller.
[controller_server-55] [INFO] [1791332175.367748944] [controller_server]: Passing new path to controller.
[controller_server-55] [INFO] [1791332176.367745075] [controller_server]: Passing new path to controller.
[controller_server-55] [INFO] [1791332177.417750598] [controller_server]: Passing new path to controller.
[controller_server-55] [INFO] [1791332178.417752779] [controller_server]: Passing new path to controller.
[controller_server-55] [INFO] [1791332179.467751222] [controller_server]: Passing new path to controller.
[controller_server-55] [INFO] [1791332180.467752834] [controller_server]: Passing new path to controller.
[controller_server-55] [INFO] [1791332181.517733661] [controller_server]: Passing new path to controller.
[controller_server-55] [INFO] [1791332182.517747929] [controller_server]: Passing new path to controller.
[controller_server-55] [INFO] [1791332183.567750759] [controller_server]: Passing new path to controller.
[controller_server-55] [INFO] [1791332184.567750451] [controller_server]: Passing new path to controller.
[controller_server-55] [INFO] [1791332185.617708290] [controller_server]: Passing new path to controller.
[controller_server-55] [INFO] [1791332186.617748660] [controller_server]: Passing new path to controller.
[controller_server-55] [INFO] [1791332187.667717168] [controller_server]: Passing new path to controller.
[controller_server-55] [INFO] [1791332188.667753448] [controller_server]: Passing new path to controller.
[controller_server-55] [INFO] [1791332189.717788931] [controller_server]: Passing new path to controller.
[controller_server-55] [INFO] [1791332190.717754754] [controller_server]: Passing new path to controller.
[controller_server-55] [INFO] [1791332191.767750445] [controller_server]: Passing new path to controller.
[controller_server-55] [INFO] [1791332192.767747724] [controller_server]: Passing new path to controller.
[controller_server-55] [INFO] [1791332193.817749017] [controller_server]: Passing new path to controller.
[controller_server-55] [INFO] [1791332194.867748482] [controller_server]: Passing new path to controller.
[controller_server-55] [INFO] [1791332195.867752146] [controller_server]: Passing new path to controller.
[controller_server-55] [INFO] [1791332196.917750043] [controller_server]: Passing new path to controller.
[controller_server-55] [INFO] [1791332197.967749520] [controller_server]: Passing new path to controller.
[controller_server-55] [INFO] [1791332198.967778826] [controller_server]: Passing new path to controller.
[controller_server-55] [INFO] [1791332200.017763261] [controller_server]: Passing new path to controller.
[controller_server-55] [INFO] [1791332201.067748946] [controller_server]: Passing new path to controller.
[controller_server-55] [INFO] [1791332202.067750176] [controller_server]: Passing new path to controller.
[controller_server-55] [INFO] [1791332203.117708642] [controller_server]: Passing new path to controller.
[controller_server-55] [INFO] [1791332204.117707016] [controller_server]: Passing new path to controller.
[controller_server-55] [INFO] [1791332205.167749768] [controller_server]: Passing new path to controller.
[controller_server-55] [INFO] [1791332206.217750442] [controller_server]: Passing new path to controller.
[controller_server-55] [INFO] [1791332207.217748260] [controller_server]: Passing new path to controller.
[controller_server-55] [INFO] [1791332208.267750747] [controller_server]: Passing new path to controller.
[controller_server-55] [INFO] [1791332209.317748680] [controller_server]: Passing new path to controller.
[controller_server-55] [INFO] [1791332210.317749610] [controller_server]: Passing new path to controller.
[controller_server-55] [INFO] [1791332211.367748587] [controller_server]: Passing new path to controller.
[controller_server-55] [INFO] [1791332212.417750966] [controller_server]: Passing new path to controller.
[controller_server-55] [INFO] [1791332213.418212703] [controller_server]: Passing new path to controller.
[controller_server-55] [INFO] [1791332214.467701563] [controller_server]: Passing new path to controller.
[controller_server-55] [INFO] [1791332215.517749702] [controller_server]: Passing new path to controller.
[controller_server-55] [INFO] [1791332216.517753525] [controller_server]: Passing new path to controller.
[controller_server-55] [INFO] [1791332217.567748082] [controller_server]: Passing new path to controller.
[controller_server-55] [INFO] [1791332217.571037968] [controller_server]: Optimizer reset
[controller_server-55] [INFO] [1791332217.575717343] [controller_server]: Optimizer reset
[controller_server-55] [WARN] [1791332217.575820327] [controller_server]: Optimizer fail to compute path
[controller_server-55] [INFO] [1791332217.620680785] [controller_server]: Optimizer reset
[controller_server-55] [INFO] [1791332217.624695247] [controller_server]: Optimizer reset
[controller_server-55] [WARN] [1791332217.624754564] [controller_server]: Optimizer fail to compute path
[controller_server-55] [INFO] [1791332217.670789937] [controller_server]: Optimizer reset
[controller_server-55] [INFO] [1791332217.672805762] [controller_server]: Optimizer reset
[controller_server-55] [WARN] [1791332217.672844428] [controller_server]: Optimizer fail to compute path
[controller_server-55] [INFO] [1791332217.720692686] [controller_server]: Optimizer reset
[controller_server-55] [INFO] [1791332217.725046248] [controller_server]: Optimizer reset
[controller_server-55] [WARN] [1791332217.725095509] [controller_server]: Optimizer fail to compute path
[controller_server-55] [INFO] [1791332217.771181539] [controller_server]: Optimizer reset
[controller_server-55] [INFO] [1791332217.775133925] [controller_server]: Optimizer reset
[controller_server-55] [WARN] [1791332217.775170968] [controller_server]: Optimizer fail to compute path
[controller_server-55] [INFO] [1791332217.821176361] [controller_server]: Optimizer reset
[controller_server-55] [INFO] [1791332217.823412302] [controller_server]: Optimizer reset
[controller_server-55] [WARN] [1791332217.823460741] [controller_server]: Optimizer fail to compute path
[controller_server-55] [INFO] [1791332217.871434277] [controller_server]: Optimizer reset
[controller_server-55] [INFO] [1791332217.876426847] [controller_server]: Optimizer reset
[controller_server-55] [WARN] [1791332217.876489511] [controller_server]: Optimizer fail to compute path
[controller_server-55] [INFO] [1791332217.920717376] [controller_server]: Optimizer reset
[controller_server-55] [INFO] [1791332217.924799068] [controller_server]: Optimizer reset
[controller_server-55] [WARN] [1791332217.924846320] [controller_server]: Optimizer fail to compute path
[controller_server-55] [INFO] [1791332217.970620388] [controller_server]: Optimizer reset
[controller_server-55] [INFO] [1791332217.974733208] [controller_server]: Optimizer reset
[controller_server-55] [WARN] [1791332217.974779672] [controller_server]: Optimizer fail to compute path
[controller_server-55] [INFO] [1791332218.021055177] [controller_server]: Optimizer reset
[controller_server-55] [INFO] [1791332218.025412087] [controller_server]: Optimizer reset
[controller_server-55] [WARN] [1791332218.025465062] [controller_server]: Optimizer fail to compute path
[controller_server-55] [INFO] [1791332218.070632882] [controller_server]: Optimizer reset
[controller_server-55] [INFO] [1791332218.074597074] [controller_server]: Optimizer reset
[controller_server-55] [WARN] [1791332218.074632239] [controller_server]: Optimizer fail to compute path
[controller_server-55] [INFO] [1791332218.120634191] [controller_server]: Optimizer reset
[controller_server-55] [INFO] [1791332218.124782683] [controller_server]: Optimizer reset
[controller_server-55] [WARN] [1791332218.124828316] [controller_server]: Optimizer fail to compute path
[controller_server-55] [INFO] [1791332218.170813594] [controller_server]: Optimizer reset
[controller_server-55] [INFO] [1791332218.175148897] [controller_server]: Optimizer reset
[controller_server-55] [WARN] [1791332218.175213931] [controller_server]: Optimizer fail to compute path
[controller_server-55] [INFO] [1791332218.221453837] [controller_server]: Optimizer reset
[controller_server-55] [INFO] [1791332218.225999688] [controller_server]: Optimizer reset
[controller_server-55] [WARN] [1791332218.226055284] [controller_server]: Optimizer fail to compute path
[controller_server-55] [INFO] [1791332218.270641131] [controller_server]: Optimizer reset
[controller_server-55] [INFO] [1791332218.275743549] [controller_server]: Optimizer reset
[controller_server-55] [WARN] [1791332218.275806107] [controller_server]: Optimizer fail to compute path
[controller_server-55] [INFO] [1791332218.320564270] [controller_server]: Optimizer reset
[controller_server-55] [INFO] [1791332218.322666840] [controller_server]: Optimizer reset
[controller_server-55] [WARN] [1791332218.322721243] [controller_server]: Optimizer fail to compute path
[controller_server-55] [INFO] [1791332218.370617497] [controller_server]: Optimizer reset
[controller_server-55] [INFO] [1791332218.374754265] [controller_server]: Optimizer reset
[controller_server-55] [WARN] [1791332218.374800828] [controller_server]: Optimizer fail to compute path
[controller_server-55] [INFO] [1791332218.420740631] [controller_server]: Optimizer reset
[controller_server-55] [INFO] [1791332218.424797236] [controller_server]: Optimizer reset
[controller_server-55] [WARN] [1791332218.424855837] [controller_server]: Optimizer fail to compute path
[controller_server-55] [INFO] [1791332218.471892443] [controller_server]: Optimizer reset
[controller_server-55] [INFO] [1791332218.476285814] [controller_server]: Optimizer reset
[controller_server-55] [WARN] [1791332218.476384252] [controller_server]: Optimizer fail to compute path
[controller_server-55] [INFO] [1791332218.520755189] [controller_server]: Optimizer reset
[controller_server-55] [INFO] [1791332218.524978544] [controller_server]: Optimizer reset
[controller_server-55] [WARN] [1791332218.525041348] [controller_server]: Optimizer fail to compute path
[controller_server-55] [INFO] [1791332218.571145427] [controller_server]: Optimizer reset
[controller_server-55] [INFO] [1791332218.575620930] [controller_server]: Optimizer reset
[controller_server-55] [WARN] [1791332218.575681930] [controller_server]: Optimizer fail to compute path
[controller_server-55] [INFO] [1791332218.617748513] [controller_server]: Passing new path to controller.
[controller_server-55] [INFO] [1791332218.621492639] [controller_server]: Optimizer reset
[controller_server-55] [INFO] [1791332218.626634916] [controller_server]: Optimizer reset
[controller_server-55] [WARN] [1791332218.626705425] [controller_server]: Optimizer fail to compute path
[controller_server-55] [INFO] [1791332218.671167890] [controller_server]: Optimizer reset
[controller_server-55] [INFO] [1791332218.676022545] [controller_server]: Optimizer reset
[controller_server-55] [WARN] [1791332218.676102538] [controller_server]: Optimizer fail to compute path
[controller_server-55] [INFO] [1791332218.720999859] [controller_server]: Optimizer reset
[controller_server-55] [INFO] [1791332218.726343661] [controller_server]: Optimizer reset
[controller_server-55] [WARN] [1791332218.726426953] [controller_server]: Optimizer fail to compute path
[controller_server-55] [INFO] [1791332218.770683370] [controller_server]: Optimizer reset
[controller_server-55] [INFO] [1791332218.774918666] [controller_server]: Optimizer reset
[controller_server-55] [WARN] [1791332218.774971839] [controller_server]: Optimizer fail to compute path
[controller_server-55] [INFO] [1791332218.820875545] [controller_server]: Optimizer reset
[controller_server-55] [INFO] [1791332218.825571647] [controller_server]: Optimizer reset
[controller_server-55] [WARN] [1791332218.825629585] [controller_server]: Optimizer fail to compute path
[controller_server-55] [INFO] [1791332218.871683505] [controller_server]: Optimizer reset
[controller_server-55] [INFO] [1791332218.876523686] [controller_server]: Optimizer reset
[controller_server-55] [WARN] [1791332218.876575336] [controller_server]: Optimizer fail to compute path
[controller_server-55] [INFO] [1791332218.920764420] [controller_server]: Optimizer reset
[controller_server-55] [INFO] [1791332218.925031643] [controller_server]: Optimizer reset
[controller_server-55] [WARN] [1791332218.925085358] [controller_server]: Optimizer fail to compute path
[controller_server-55] [INFO] [1791332218.971114791] [controller_server]: Optimizer reset
[controller_server-55] [INFO] [1791332218.975767327] [controller_server]: Optimizer reset
[controller_server-55] [WARN] [1791332218.975831242] [controller_server]: Optimizer fail to compute path
[controller_server-55] [INFO] [1791332219.020725032] [controller_server]: Optimizer reset
[controller_server-55] [INFO] [1791332219.025017610] [controller_server]: Optimizer reset
[controller_server-55] [WARN] [1791332219.025067808] [controller_server]: Optimizer fail to compute path
[controller_server-55] [INFO] [1791332219.070667086] [controller_server]: Optimizer reset
[controller_server-55] [INFO] [1791332219.074602033] [controller_server]: Optimizer reset
[controller_server-55] [WARN] [1791332219.074645463] [controller_server]: Optimizer fail to compute path
[controller_server-55] [INFO] [1791332219.120830395] [controller_server]: Optimizer reset
[controller_server-55] [INFO] [1791332219.125076474] [controller_server]: Optimizer reset
[controller_server-55] [WARN] [1791332219.125128042] [controller_server]: Optimizer fail to compute path
[controller_server-55] [INFO] [1791332219.170757667] [controller_server]: Optimizer reset
[controller_server-55] [INFO] [1791332219.174705526] [controller_server]: Optimizer reset
[controller_server-55] [WARN] [1791332219.174758331] [controller_server]: Optimizer fail to compute path
[controller_server-55] [INFO] [1791332219.221080729] [controller_server]: Optimizer reset
[controller_server-55] [INFO] [1791332219.225244686] [controller_server]: Optimizer reset
[controller_server-55] [WARN] [1791332219.225291487] [controller_server]: Optimizer fail to compute path
[controller_server-55] [INFO] [1791332219.270724679] [controller_server]: Optimizer reset
[controller_server-55] [INFO] [1791332219.274613272] [controller_server]: Optimizer reset
[controller_server-55] [WARN] [1791332219.274653324] [controller_server]: Optimizer fail to compute path
[controller_server-55] [INFO] [1791332219.320931044] [controller_server]: Optimizer reset
[controller_server-55] [INFO] [1791332219.325789248] [controller_server]: Optimizer reset
[controller_server-55] [WARN] [1791332219.325877617] [controller_server]: Optimizer fail to compute path
[controller_server-55] [INFO] [1791332219.370461948] [controller_server]: Optimizer reset
[controller_server-55] [INFO] [1791332219.374345097] [controller_server]: Optimizer reset
[controller_server-55] [WARN] [1791332219.374388029] [controller_server]: Optimizer fail to compute path
[controller_server-55] [INFO] [1791332219.420622181] [controller_server]: Optimizer reset
[controller_server-55] [INFO] [1791332219.424619213] [controller_server]: Optimizer reset
[controller_server-55] [WARN] [1791332219.424667396] [controller_server]: Optimizer fail to compute path
[controller_server-55] [ERROR] [1791332219.424688736] [controller_server]: Controller patience exceeded
[controller_server-55] [INFO] [1791332219.426447773] [controller_server]: Optimizer reset
[controller_server-55] [WARN] [1791332219.426474560] [controller_server]: [follow_path] [ActionServer] Aborting handle.
[controller_server-55] [INFO] [1791332219.437051378] [local_costmap.local_costmap]: Received request to clear entirely the local_costmap
[controller_server-55] [INFO] [1791332219.437540120] [controller_server]: Received a goal, begin computing control effort.
[controller_server-55] [INFO] [1791332219.550751237] [controller_server]: Optimizer reset
[controller_server-55] [INFO] [1791332219.555339275] [controller_server]: Optimizer reset
[controller_server-55] [WARN] [1791332219.555418296] [controller_server]: Optimizer fail to compute path
[controller_server-55] [WARN] [1791332219.555560341] [controller_server]: Control loop missed its desired rate of 20.0000 Hz. Current loop rate is 55.5556 Hz.
[controller_server-55] [INFO] [1791332219.560160436] [controller_server]: Optimizer reset
[controller_server-55] [INFO] [1791332219.564155482] [controller_server]: Optimizer reset
[controller_server-55] [WARN] [1791332219.564222871] [controller_server]: Optimizer fail to compute path
[controller_server-55] [INFO] [1791332219.608800903] [controller_server]: Optimizer reset
[controller_server-55] [INFO] [1791332219.613063230] [controller_server]: Optimizer reset
[controller_server-55] [WARN] [1791332219.613115761] [controller_server]: Optimizer fail to compute path
[controller_server-55] [INFO] [1791332219.655654838] [controller_server]: Passing new path to controller.
[controller_server-55] [INFO] [1791332219.659000678] [controller_server]: Optimizer reset
[controller_server-55] [INFO] [1791332219.664454448] [controller_server]: Optimizer reset
[controller_server-55] [WARN] [1791332219.664614006] [controller_server]: Optimizer fail to compute path
[controller_server-55] [INFO] [1791332219.708984938] [controller_server]: Optimizer reset
[controller_server-55] [INFO] [1791332219.712935895] [controller_server]: Optimizer reset
[controller_server-55] [WARN] [1791332219.712983650] [controller_server]: Optimizer fail to compute path
[controller_server-55] [INFO] [1791332219.758753108] [controller_server]: Optimizer reset
[controller_server-55] [INFO] [1791332219.763018626] [controller_server]: Optimizer reset
[controller_server-55] [WARN] [1791332219.763084012] [controller_server]: Optimizer fail to compute path
[controller_server-55] [INFO] [1791332219.808673331] [controller_server]: Optimizer reset
[controller_server-55] [INFO] [1791332219.812673308] [controller_server]: Optimizer reset
[controller_server-55] [WARN] [1791332219.812732595] [controller_server]: Optimizer fail to compute path
[controller_server-55] [INFO] [1791332219.858817868] [controller_server]: Optimizer reset
[controller_server-55] [INFO] [1791332219.862838715] [controller_server]: Optimizer reset
[controller_server-55] [WARN] [1791332219.862884219] [controller_server]: Optimizer fail to compute path
[controller_server-55] [INFO] [1791332219.908661949] [controller_server]: Optimizer reset
[controller_server-55] [INFO] [1791332219.913886581] [controller_server]: Optimizer reset
[controller_server-55] [WARN] [1791332219.913979943] [controller_server]: Optimizer fail to compute path
[controller_server-55] [INFO] [1791332219.958716906] [controller_server]: Optimizer reset
[controller_server-55] [INFO] [1791332219.963014430] [controller_server]: Optimizer reset
[controller_server-55] [WARN] [1791332219.963073348] [controller_server]: Optimizer fail to compute path
[controller_server-55] [INFO] [1791332220.009333280] [controller_server]: Optimizer reset
[controller_server-55] [INFO] [1791332220.015008455] [controller_server]: Optimizer reset
[controller_server-55] [WARN] [1791332220.015068756] [controller_server]: Optimizer fail to compute path
[controller_server-55] [INFO] [1791332220.058820745] [controller_server]: Optimizer reset
[controller_server-55] [INFO] [1791332220.063207326] [controller_server]: Optimizer reset
[controller_server-55] [WARN] [1791332220.063261058] [controller_server]: Optimizer fail to compute path
[controller_server-55] [INFO] [1791332220.108871900] [controller_server]: Optimizer reset
[controller_server-55] [INFO] [1791332220.110946241] [controller_server]: Optimizer reset
[controller_server-55] [WARN] [1791332220.110987762] [controller_server]: Optimizer fail to compute path
[controller_server-55] [INFO] [1791332220.158619135] [controller_server]: Optimizer reset
[controller_server-55] [INFO] [1791332220.162794943] [controller_server]: Optimizer reset
[controller_server-55] [WARN] [1791332220.162842930] [controller_server]: Optimizer fail to compute path
[controller_server-55] [INFO] [1791332220.209030522] [controller_server]: Optimizer reset
[controller_server-55] [INFO] [1791332220.213116109] [controller_server]: Optimizer reset
[controller_server-55] [WARN] [1791332220.213153662] [controller_server]: Optimizer fail to compute path
[controller_server-55] [INFO] [1791332220.259277215] [controller_server]: Optimizer reset
[controller_server-55] [INFO] [1791332220.263541826] [controller_server]: Optimizer reset
[controller_server-55] [WARN] [1791332220.263585591] [controller_server]: Optimizer fail to compute path
[controller_server-55] [INFO] [1791332220.308801493] [controller_server]: Optimizer reset
[controller_server-55] [INFO] [1791332220.313148381] [controller_server]: Optimizer reset
[controller_server-55] [WARN] [1791332220.313204067] [controller_server]: Optimizer fail to compute path
[controller_server-55] [INFO] [1791332220.358778498] [controller_server]: Optimizer reset
[controller_server-55] [INFO] [1791332220.363260837] [controller_server]: Optimizer reset
[controller_server-55] [WARN] [1791332220.363343019] [controller_server]: Optimizer fail to compute path
[controller_server-55] [INFO] [1791332220.408779209] [controller_server]: Optimizer reset
[controller_server-55] [INFO] [1791332220.413111786] [controller_server]: Optimizer reset
[controller_server-55] [WARN] [1791332220.413179911] [controller_server]: Optimizer fail to compute path
[controller_server-55] [INFO] [1791332220.458672064] [controller_server]: Optimizer reset
[controller_server-55] [INFO] [1791332220.462744957] [controller_server]: Optimizer reset
[controller_server-55] [WARN] [1791332220.462801669] [controller_server]: Optimizer fail to compute path
[controller_server-55] [INFO] [1791332220.508637306] [controller_server]: Optimizer reset
[controller_server-55] [INFO] [1791332220.512674971] [controller_server]: Optimizer reset
[controller_server-55] [WARN] [1791332220.512738327] [controller_server]: Optimizer fail to compute path
[controller_server-55] [INFO] [1791332220.558761623] [controller_server]: Optimizer reset
[controller_server-55] [INFO] [1791332220.562730003] [controller_server]: Optimizer reset
[controller_server-55] [WARN] [1791332220.562812021] [controller_server]: Optimizer fail to compute path
[controller_server-55] [INFO] [1791332220.608681821] [controller_server]: Optimizer reset
[controller_server-55] [INFO] [1791332220.613610907] [controller_server]: Optimizer reset
[controller_server-55] [WARN] [1791332220.613681916] [controller_server]: Optimizer fail to compute path
[controller_server-55] [INFO] [1791332220.658942640] [controller_server]: Optimizer reset
[controller_server-55] [INFO] [1791332220.662944950] [controller_server]: Optimizer reset
[controller_server-55] [WARN] [1791332220.662984251] [controller_server]: Optimizer fail to compute path
[controller_server-55] [INFO] [1791332220.705657887] [controller_server]: Passing new path to controller.
[controller_server-55] [INFO] [1791332220.709860649] [controller_server]: Optimizer reset
[controller_server-55] [INFO] [1791332220.715102802] [controller_server]: Optimizer reset
[controller_server-55] [WARN] [1791332220.715180948] [controller_server]: Optimizer fail to compute path
[controller_server-55] [INFO] [1791332220.758943350] [controller_server]: Optimizer reset
[controller_server-55] [INFO] [1791332220.763064893] [controller_server]: Optimizer reset
[controller_server-55] [WARN] [1791332220.763118829] [controller_server]: Optimizer fail to compute path
[controller_server-55] [INFO] [1791332220.809423148] [controller_server]: Optimizer reset
[controller_server-55] [INFO] [1791332220.814448632] [controller_server]: Optimizer reset
[controller_server-55] [WARN] [1791332220.814519402] [controller_server]: Optimizer fail to compute path
[controller_server-55] [INFO] [1791332220.858696298] [controller_server]: Optimizer reset
[controller_server-55] [INFO] [1791332220.860921247] [controller_server]: Optimizer reset
[controller_server-55] [WARN] [1791332220.860977961] [controller_server]: Optimizer fail to compute path
[controller_server-55] [INFO] [1791332220.908617084] [controller_server]: Optimizer reset
[controller_server-55] [INFO] [1791332220.912919347] [controller_server]: Optimizer reset
[controller_server-55] [WARN] [1791332220.912994404] [controller_server]: Optimizer fail to compute path
[controller_server-55] [INFO] [1791332220.958795031] [controller_server]: Optimizer reset
[controller_server-55] [INFO] [1791332220.960813810] [controller_server]: Optimizer reset
[controller_server-55] [WARN] [1791332220.960844558] [controller_server]: Optimizer fail to compute path
[controller_server-55] [INFO] [1791332221.008947656] [controller_server]: Optimizer reset
[controller_server-55] [INFO] [1791332221.011108587] [controller_server]: Optimizer reset
[controller_server-55] [WARN] [1791332221.011157378] [controller_server]: Optimizer fail to compute path
[controller_server-55] [INFO] [1791332221.059093442] [controller_server]: Optimizer reset
[controller_server-55] [INFO] [1791332221.064327173] [controller_server]: Optimizer reset
[controller_server-55] [WARN] [1791332221.064401263] [controller_server]: Optimizer fail to compute path
[controller_server-55] [INFO] [1791332221.108775320] [controller_server]: Optimizer reset
[controller_server-55] [INFO] [1791332221.113556141] [controller_server]: Optimizer reset
[controller_server-55] [WARN] [1791332221.113615133] [controller_server]: Optimizer fail to compute path
[controller_server-55] [INFO] [1791332221.158988974] [controller_server]: Optimizer reset
[controller_server-55] [INFO] [1791332221.163367360] [controller_server]: Optimizer reset
[controller_server-55] [WARN] [1791332221.163435424] [controller_server]: Optimizer fail to compute path
[controller_server-55] [INFO] [1791332221.208651873] [controller_server]: Optimizer reset
[controller_server-55] [INFO] [1791332221.213163047] [controller_server]: Optimizer reset
[controller_server-55] [WARN] [1791332221.213231600] [controller_server]: Optimizer fail to compute path
[controller_server-55] [INFO] [1791332221.258762317] [controller_server]: Optimizer reset
[controller_server-55] [INFO] [1791332221.262937806] [controller_server]: Optimizer reset
[controller_server-55] [WARN] [1791332221.262990846] [controller_server]: Optimizer fail to compute path
[controller_server-55] [INFO] [1791332221.308634235] [controller_server]: Optimizer reset
[controller_server-55] [INFO] [1791332221.312606636] [controller_server]: Optimizer reset
[controller_server-55] [WARN] [1791332221.312652762] [controller_server]: Optimizer fail to compute path
[controller_server-55] [ERROR] [1791332221.312671071] [controller_server]: Controller patience exceeded
[controller_server-55] [INFO] [1791332221.314260563] [controller_server]: Optimizer reset
[controller_server-55] [WARN] [1791332221.314274428] [controller_server]: [follow_path] [ActionServer] Aborting handle.
[controller_server-55] [INFO] [1791332221.327003116] [local_costmap.local_costmap]: Received request to clear entirely the local_costmap
[planner_server-57] [INFO] [1791332221.327189615] [global_costmap.global_costmap]: Received request to clear entirely the global_costmap
[controller_server-55] [INFO] [1791332222.207292318] [controller_server]: Received a goal, begin computing control effort.
[controller_server-55] [INFO] [1791332222.211034710] [controller_server]: Optimizer reset
[controller_server-55] [INFO] [1791332222.215231193] [controller_server]: Optimizer reset
[controller_server-55] [WARN] [1791332222.215278389] [controller_server]: Optimizer fail to compute path
[controller_server-55] [INFO] [1791332222.260496157] [controller_server]: Optimizer reset
[controller_server-55] [INFO] [1791332222.264591299] [controller_server]: Optimizer reset
[controller_server-55] [WARN] [1791332222.264651905] [controller_server]: Optimizer fail to compute path
[controller_server-55] [INFO] [1791332222.310608658] [controller_server]: Optimizer reset
[controller_server-55] [INFO] [1791332222.314924382] [controller_server]: Optimizer reset
[controller_server-55] [WARN] [1791332222.314976217] [controller_server]: Optimizer fail to compute path
[controller_server-55] [INFO] [1791332222.360919128] [controller_server]: Optimizer reset
[controller_server-55] [INFO] [1791332222.365721280] [controller_server]: Optimizer reset
[controller_server-55] [WARN] [1791332222.365777157] [controller_server]: Optimizer fail to compute path
[controller_server-55] [INFO] [1791332222.410364165] [controller_server]: Optimizer reset
[controller_server-55] [INFO] [1791332222.414285683] [controller_server]: Optimizer reset
[controller_server-55] [WARN] [1791332222.414331453] [controller_server]: Optimizer fail to compute path
[controller_server-55] [INFO] [1791332222.460622198] [controller_server]: Optimizer reset
[controller_server-55] [INFO] [1791332222.464949432] [controller_server]: Optimizer reset
[controller_server-55] [WARN] [1791332222.465007250] [controller_server]: Optimizer fail to compute path
[controller_server-55] [INFO] [1791332222.510483829] [controller_server]: Optimizer reset
[controller_server-55] [INFO] [1791332222.514494433] [controller_server]: Optimizer reset
[controller_server-55] [WARN] [1791332222.514548765] [controller_server]: Optimizer fail to compute path
[controller_server-55] [INFO] [1791332222.560513749] [controller_server]: Optimizer reset
[controller_server-55] [INFO] [1791332222.564611016] [controller_server]: Optimizer reset
[controller_server-55] [WARN] [1791332222.564676613] [controller_server]: Optimizer fail to compute path
[controller_server-55] [INFO] [1791332222.610504882] [controller_server]: Optimizer reset
[controller_server-55] [INFO] [1791332222.614453035] [controller_server]: Optimizer reset
[controller_server-55] [WARN] [1791332222.614486411] [controller_server]: Optimizer fail to compute path
[controller_server-55] [INFO] [1791332222.660416755] [controller_server]: Optimizer reset
[controller_server-55] [INFO] [1791332222.664612879] [controller_server]: Optimizer reset
[controller_server-55] [WARN] [1791332222.664660342] [controller_server]: Optimizer fail to compute path
[controller_server-55] [INFO] [1791332222.710804910] [controller_server]: Optimizer reset
[controller_server-55] [INFO] [1791332222.715197717] [controller_server]: Optimizer reset
[controller_server-55] [WARN] [1791332222.715249428] [controller_server]: Optimizer fail to compute path
[controller_server-55] [INFO] [1791332222.760466642] [controller_server]: Optimizer reset
[controller_server-55] [INFO] [1791332222.765529599] [controller_server]: Optimizer reset
[controller_server-55] [WARN] [1791332222.765599706] [controller_server]: Optimizer fail to compute path
[controller_server-55] [INFO] [1791332222.810460858] [controller_server]: Optimizer reset
[controller_server-55] [INFO] [1791332222.815984626] [controller_server]: Optimizer reset
[controller_server-55] [WARN] [1791332222.816633545] [controller_server]: Optimizer fail to compute path
[controller_server-55] [INFO] [1791332222.860601475] [controller_server]: Optimizer reset
[controller_server-55] [INFO] [1791332222.864533401] [controller_server]: Optimizer reset
[controller_server-55] [WARN] [1791332222.864575523] [controller_server]: Optimizer fail to compute path
[controller_server-55] [INFO] [1791332222.910819511] [controller_server]: Optimizer reset
[controller_server-55] [INFO] [1791332222.915388416] [controller_server]: Optimizer reset
[controller_server-55] [WARN] [1791332222.915440802] [controller_server]: Optimizer fail to compute path
[controller_server-55] [INFO] [1791332222.960839573] [controller_server]: Optimizer reset
[controller_server-55] [INFO] [1791332222.965417737] [controller_server]: Optimizer reset
[controller_server-55] [WARN] [1791332222.965477296] [controller_server]: Optimizer fail to compute path
[controller_server-55] [INFO] [1791332223.010954151] [controller_server]: Optimizer reset
[controller_server-55] [INFO] [1791332223.015101144] [controller_server]: Optimizer reset
[controller_server-55] [WARN] [1791332223.015159863] [controller_server]: Optimizer fail to compute path
[controller_server-55] [INFO] [1791332223.060630504] [controller_server]: Optimizer reset
[controller_server-55] [INFO] [1791332223.065531643] [controller_server]: Optimizer reset
[controller_server-55] [WARN] [1791332223.065706222] [controller_server]: Optimizer fail to compute path
[controller_server-55] [INFO] [1791332223.110866007] [controller_server]: Optimizer reset
[controller_server-55] [INFO] [1791332223.115130767] [controller_server]: Optimizer reset
[controller_server-55] [WARN] [1791332223.115237944] [controller_server]: Optimizer fail to compute path
[controller_server-55] [INFO] [1791332223.160325244] [controller_server]: Optimizer reset
[controller_server-55] [INFO] [1791332223.165195440] [controller_server]: Optimizer reset
[controller_server-55] [WARN] [1791332223.165286509] [controller_server]: Optimizer fail to compute path
[controller_server-55] [INFO] [1791332223.210479886] [controller_server]: Optimizer reset
[controller_server-55] [INFO] [1791332223.214494869] [controller_server]: Optimizer reset
[controller_server-55] [WARN] [1791332223.214532809] [controller_server]: Optimizer fail to compute path
[controller_server-55] [INFO] [1791332223.257427949] [controller_server]: Passing new path to controller.
[controller_server-55] [INFO] [1791332223.260542146] [controller_server]: Optimizer reset
[controller_server-55] [INFO] [1791332223.264857341] [controller_server]: Optimizer reset
[controller_server-55] [WARN] [1791332223.264897763] [controller_server]: Optimizer fail to compute path
[controller_server-55] [INFO] [1791332223.310456698] [controller_server]: Optimizer reset
[controller_server-55] [INFO] [1791332223.314422423] [controller_server]: Optimizer reset
[controller_server-55] [WARN] [1791332223.314454902] [controller_server]: Optimizer fail to compute path
[controller_server-55] [INFO] [1791332223.361034607] [controller_server]: Optimizer reset
[controller_server-55] [INFO] [1791332223.365767910] [controller_server]: Optimizer reset
[controller_server-55] [WARN] [1791332223.365829320] [controller_server]: Optimizer fail to compute path
[controller_server-55] [INFO] [1791332223.410764759] [controller_server]: Optimizer reset
[controller_server-55] [INFO] [1791332223.414777717] [controller_server]: Optimizer reset
[controller_server-55] [WARN] [1791332223.414819852] [controller_server]: Optimizer fail to compute path
[controller_server-55] [INFO] [1791332223.460479450] [controller_server]: Optimizer reset
[controller_server-55] [INFO] [1791332223.466207368] [controller_server]: Optimizer reset
[controller_server-55] [WARN] [1791332223.466273396] [controller_server]: Optimizer fail to compute path
[controller_server-55] [INFO] [1791332223.510859216] [controller_server]: Optimizer reset
[controller_server-55] [INFO] [1791332223.515025294] [controller_server]: Optimizer reset
[controller_server-55] [WARN] [1791332223.515092330] [controller_server]: Optimizer fail to compute path
[controller_server-55] [INFO] [1791332223.560396368] [controller_server]: Optimizer reset
[controller_server-55] [INFO] [1791332223.564429623] [controller_server]: Optimizer reset
[controller_server-55] [WARN] [1791332223.564485878] [controller_server]: Optimizer fail to compute path
[controller_server-55] [INFO] [1791332223.610436447] [controller_server]: Optimizer reset
[controller_server-55] [INFO] [1791332223.614424183] [controller_server]: Optimizer reset
[controller_server-55] [WARN] [1791332223.614463209] [controller_server]: Optimizer fail to compute path
[controller_server-55] [INFO] [1791332223.660602328] [controller_server]: Optimizer reset
[controller_server-55] [INFO] [1791332223.665270480] [controller_server]: Optimizer reset
[controller_server-55] [WARN] [1791332223.665338320] [controller_server]: Optimizer fail to compute path
[controller_server-55] [INFO] [1791332223.710691359] [controller_server]: Optimizer reset
[controller_server-55] [INFO] [1791332223.714979395] [controller_server]: Optimizer reset
[controller_server-55] [WARN] [1791332223.715039904] [controller_server]: Optimizer fail to compute path
[controller_server-55] [INFO] [1791332223.761254608] [controller_server]: Optimizer reset
[controller_server-55] [INFO] [1791332223.765795463] [controller_server]: Optimizer reset
[controller_server-55] [WARN] [1791332223.765860048] [controller_server]: Optimizer fail to compute path
[controller_server-55] [INFO] [1791332223.810986994] [controller_server]: Optimizer reset
[controller_server-55] [INFO] [1791332223.816731900] [controller_server]: Optimizer reset
[controller_server-55] [WARN] [1791332223.816794481] [controller_server]: Optimizer fail to compute path
[controller_server-55] [INFO] [1791332223.861052110] [controller_server]: Optimizer reset
[controller_server-55] [INFO] [1791332223.865533307] [controller_server]: Optimizer reset
[controller_server-55] [WARN] [1791332223.865594241] [controller_server]: Optimizer fail to compute path
[controller_server-55] [INFO] [1791332223.910595241] [controller_server]: Optimizer reset
[controller_server-55] [INFO] [1791332223.914727708] [controller_server]: Optimizer reset
[controller_server-55] [WARN] [1791332223.914779461] [controller_server]: Optimizer fail to compute path
[controller_server-55] [INFO] [1791332223.960469340] [controller_server]: Optimizer reset
[controller_server-55] [INFO] [1791332223.964923336] [controller_server]: Optimizer reset
[controller_server-55] [WARN] [1791332223.965007526] [controller_server]: Optimizer fail to compute path
[controller_server-55] [INFO] [1791332224.010473091] [controller_server]: Optimizer reset
[controller_server-55] [INFO] [1791332224.014525278] [controller_server]: Optimizer reset
[controller_server-55] [WARN] [1791332224.014589523] [controller_server]: Optimizer fail to compute path
[controller_server-55] [INFO] [1791332224.060849516] [controller_server]: Optimizer reset
[controller_server-55] [INFO] [1791332224.065465502] [controller_server]: Optimizer reset
[controller_server-55] [WARN] [1791332224.065520083] [controller_server]: Optimizer fail to compute path
[controller_server-55] [INFO] [1791332224.110546785] [controller_server]: Optimizer reset
[controller_server-55] [INFO] [1791332224.114607596] [controller_server]: Optimizer reset
[controller_server-55] [WARN] [1791332224.114658547] [controller_server]: Optimizer fail to compute path
[controller_server-55] [INFO] [1791332224.161966721] [controller_server]: Optimizer reset
[controller_server-55] [INFO] [1791332224.167515873] [controller_server]: Optimizer reset
[controller_server-55] [WARN] [1791332224.167581922] [controller_server]: Optimizer fail to compute path
[controller_server-55] [ERROR] [1791332224.167604289] [controller_server]: Controller patience exceeded
[controller_server-55] [INFO] [1791332224.169394159] [controller_server]: Optimizer reset
[controller_server-55] [WARN] [1791332224.169419100] [controller_server]: [follow_path] [ActionServer] Aborting handle.
[controller_server-55] [INFO] [1791332224.186989684] [local_costmap.local_costmap]: Received request to clear entirely the local_costmap
[controller_server-55] [INFO] [1791332224.187600850] [controller_server]: Received a goal, begin computing control effort.
[controller_server-55] [INFO] [1791332224.347734679] [controller_server]: Passing new path to controller.
[controller_server-55] [INFO] [1791332224.351005710] [controller_server]: Optimizer reset
[controller_server-55] [INFO] [1791332224.355166753] [controller_server]: Optimizer reset
[controller_server-55] [WARN] [1791332224.355203517] [controller_server]: Optimizer fail to compute path
[controller_server-55] [WARN] [1791332224.355283994] [controller_server]: Control loop missed its desired rate of 20.0000 Hz. Current loop rate is 37.0370 Hz.
[controller_server-55] [INFO] [1791332224.359453097] [controller_server]: Optimizer reset
[controller_server-55] [INFO] [1791332224.363423681] [controller_server]: Optimizer reset
[controller_server-55] [WARN] [1791332224.363472240] [controller_server]: Optimizer fail to compute path
[controller_server-55] [INFO] [1791332224.408508177] [controller_server]: Optimizer reset
[controller_server-55] [INFO] [1791332224.412594258] [controller_server]: Optimizer reset
[controller_server-55] [WARN] [1791332224.412657945] [controller_server]: Optimizer fail to compute path
[controller_server-55] [INFO] [1791332224.459911313] [controller_server]: Optimizer reset
[controller_server-55] [INFO] [1791332224.464924461] [controller_server]: Optimizer reset
[controller_server-55] [WARN] [1791332224.464979004] [controller_server]: Optimizer fail to compute path
[controller_server-55] [INFO] [1791332224.508452325] [controller_server]: Optimizer reset
[controller_server-55] [INFO] [1791332224.512611965] [controller_server]: Optimizer reset
[controller_server-55] [WARN] [1791332224.512675828] [controller_server]: Optimizer fail to compute path
[controller_server-55] [INFO] [1791332224.558633170] [controller_server]: Optimizer reset
[controller_server-55] [INFO] [1791332224.561008631] [controller_server]: Optimizer reset
[controller_server-55] [WARN] [1791332224.561091394] [controller_server]: Optimizer fail to compute path
[controller_server-55] [INFO] [1791332224.608848163] [controller_server]: Optimizer reset
[controller_server-55] [INFO] [1791332224.613071424] [controller_server]: Optimizer reset
[controller_server-55] [WARN] [1791332224.613128596] [controller_server]: Optimizer fail to compute path
[controller_server-55] [INFO] [1791332224.659342354] [controller_server]: Optimizer reset
[controller_server-55] [INFO] [1791332224.665048382] [controller_server]: Optimizer reset
[controller_server-55] [WARN] [1791332224.665138000] [controller_server]: Optimizer fail to compute path
[controller_server-55] [INFO] [1791332224.708431970] [controller_server]: Optimizer reset
[controller_server-55] [INFO] [1791332224.712635399] [controller_server]: Optimizer reset
[controller_server-55] [WARN] [1791332224.712697198] [controller_server]: Optimizer fail to compute path
[controller_server-55] [INFO] [1791332224.758450406] [controller_server]: Optimizer reset
[controller_server-55] [INFO] [1791332224.762662574] [controller_server]: Optimizer reset
[controller_server-55] [WARN] [1791332224.762753593] [controller_server]: Optimizer fail to compute path
[controller_server-55] [INFO] [1791332224.808541325] [controller_server]: Optimizer reset
[controller_server-55] [INFO] [1791332224.812591078] [controller_server]: Optimizer reset
[controller_server-55] [WARN] [1791332224.812651229] [controller_server]: Optimizer fail to compute path
[controller_server-55] [INFO] [1791332224.858486286] [controller_server]: Optimizer reset
[controller_server-55] [INFO] [1791332224.862525046] [controller_server]: Optimizer reset
[controller_server-55] [WARN] [1791332224.862576775] [controller_server]: Optimizer fail to compute path
[controller_server-55] [INFO] [1791332224.908620888] [controller_server]: Optimizer reset
[controller_server-55] [INFO] [1791332224.912787311] [controller_server]: Optimizer reset
[controller_server-55] [WARN] [1791332224.912854928] [controller_server]: Optimizer fail to compute path
[controller_server-55] [INFO] [1791332224.958397863] [controller_server]: Optimizer reset
[controller_server-55] [INFO] [1791332224.962409108] [controller_server]: Optimizer reset
[controller_server-55] [WARN] [1791332224.962464775] [controller_server]: Optimizer fail to compute path
[controller_server-55] [INFO] [1791332225.008431065] [controller_server]: Optimizer reset
[controller_server-55] [INFO] [1791332225.012673405] [controller_server]: Optimizer reset
[controller_server-55] [WARN] [1791332225.012745428] [controller_server]: Optimizer fail to compute path
[controller_server-55] [INFO] [1791332225.058491576] [controller_server]: Optimizer reset
[controller_server-55] [INFO] [1791332225.062637848] [controller_server]: Optimizer reset
[controller_server-55] [WARN] [1791332225.062692728] [controller_server]: Optimizer fail to compute path
[controller_server-55] [INFO] [1791332225.108415125] [controller_server]: Optimizer reset
[controller_server-55] [INFO] [1791332225.112450937] [controller_server]: Optimizer reset
[controller_server-55] [WARN] [1791332225.112503754] [controller_server]: Optimizer fail to compute path
[controller_server-55] [INFO] [1791332225.158490119] [controller_server]: Optimizer reset
[controller_server-55] [INFO] [1791332225.162516857] [controller_server]: Optimizer reset
[controller_server-55] [WARN] [1791332225.162560841] [controller_server]: Optimizer fail to compute path
[controller_server-55] [INFO] [1791332225.208609470] [controller_server]: Optimizer reset
[controller_server-55] [INFO] [1791332225.212701137] [controller_server]: Optimizer reset
[controller_server-55] [WARN] [1791332225.212748881] [controller_server]: Optimizer fail to compute path
[controller_server-55] [INFO] [1791332225.258450300] [controller_server]: Optimizer reset
[controller_server-55] [INFO] [1791332225.262529453] [controller_server]: Optimizer reset
[controller_server-55] [WARN] [1791332225.262583362] [controller_server]: Optimizer fail to compute path
[controller_server-55] [INFO] [1791332225.308702306] [controller_server]: Optimizer reset
[controller_server-55] [INFO] [1791332225.312912381] [controller_server]: Optimizer reset
[controller_server-55] [WARN] [1791332225.312963876] [controller_server]: Optimizer fail to compute path
[controller_server-55] [INFO] [1791332225.355386591] [controller_server]: Passing new path to controller.
[controller_server-55] [INFO] [1791332225.358905773] [controller_server]: Optimizer reset
[controller_server-55] [INFO] [1791332225.362937187] [controller_server]: Optimizer reset
[controller_server-55] [WARN] [1791332225.362996323] [controller_server]: Optimizer fail to compute path
[controller_server-55] [INFO] [1791332225.408397327] [controller_server]: Optimizer reset
[controller_server-55] [INFO] [1791332225.412324830] [controller_server]: Optimizer reset
[controller_server-55] [WARN] [1791332225.412366908] [controller_server]: Optimizer fail to compute path
[controller_server-55] [INFO] [1791332225.458368312] [controller_server]: Optimizer reset
[controller_server-55] [INFO] [1791332225.462847636] [controller_server]: Optimizer reset
[controller_server-55] [WARN] [1791332225.462900028] [controller_server]: Optimizer fail to compute path
[controller_server-55] [INFO] [1791332225.508398577] [controller_server]: Optimizer reset
[controller_server-55] [INFO] [1791332225.512636309] [controller_server]: Optimizer reset
[controller_server-55] [WARN] [1791332225.512693548] [controller_server]: Optimizer fail to compute path
[controller_server-55] [INFO] [1791332225.558827175] [controller_server]: Optimizer reset
[controller_server-55] [INFO] [1791332225.562932781] [controller_server]: Optimizer reset
[controller_server-55] [WARN] [1791332225.562984095] [controller_server]: Optimizer fail to compute path
[controller_server-55] [INFO] [1791332225.609098556] [controller_server]: Optimizer reset
[controller_server-55] [INFO] [1791332225.613615179] [controller_server]: Optimizer reset
[controller_server-55] [WARN] [1791332225.613664263] [controller_server]: Optimizer fail to compute path
[controller_server-55] [INFO] [1791332225.658553715] [controller_server]: Optimizer reset
[controller_server-55] [INFO] [1791332225.662783860] [controller_server]: Optimizer reset
[controller_server-55] [WARN] [1791332225.662831387] [controller_server]: Optimizer fail to compute path
[controller_server-55] [INFO] [1791332225.708881475] [controller_server]: Optimizer reset
[controller_server-55] [INFO] [1791332225.711945820] [controller_server]: Optimizer reset
[controller_server-55] [WARN] [1791332225.712022447] [controller_server]: Optimizer fail to compute path
[controller_server-55] [INFO] [1791332225.758345075] [controller_server]: Optimizer reset
[controller_server-55] [INFO] [1791332225.762503820] [controller_server]: Optimizer reset
[controller_server-55] [WARN] [1791332225.762578051] [controller_server]: Optimizer fail to compute path
[controller_server-55] [INFO] [1791332225.808418063] [controller_server]: Optimizer reset
[controller_server-55] [INFO] [1791332225.812463101] [controller_server]: Optimizer reset
[controller_server-55] [WARN] [1791332225.812516977] [controller_server]: Optimizer fail to compute path
[controller_server-55] [INFO] [1791332225.858462890] [controller_server]: Optimizer reset
[controller_server-55] [INFO] [1791332225.862465475] [controller_server]: Optimizer reset
[controller_server-55] [WARN] [1791332225.862527316] [controller_server]: Optimizer fail to compute path
[controller_server-55] [INFO] [1791332225.908394051] [controller_server]: Optimizer reset
[controller_server-55] [INFO] [1791332225.912832996] [controller_server]: Optimizer reset
[controller_server-55] [WARN] [1791332225.912892126] [controller_server]: Optimizer fail to compute path
[controller_server-55] [INFO] [1791332225.959059431] [controller_server]: Optimizer reset
[controller_server-55] [INFO] [1791332225.963270520] [controller_server]: Optimizer reset
[controller_server-55] [WARN] [1791332225.963322199] [controller_server]: Optimizer fail to compute path
[controller_server-55] [INFO] [1791332226.008619365] [controller_server]: Optimizer reset
[controller_server-55] [INFO] [1791332226.012846691] [controller_server]: Optimizer reset
[controller_server-55] [WARN] [1791332226.012899915] [controller_server]: Optimizer fail to compute path
[controller_server-55] [INFO] [1791332226.058517597] [controller_server]: Optimizer reset
[controller_server-55] [INFO] [1791332226.062778442] [controller_server]: Optimizer reset
[controller_server-55] [WARN] [1791332226.062864724] [controller_server]: Optimizer fail to compute path
[controller_server-55] [INFO] [1791332226.108432863] [controller_server]: Optimizer reset
[controller_server-55] [INFO] [1791332226.112465674] [controller_server]: Optimizer reset
[controller_server-55] [WARN] [1791332226.112510677] [controller_server]: Optimizer fail to compute path
[controller_server-55] [INFO] [1791332226.158592870] [controller_server]: Optimizer reset
[controller_server-55] [INFO] [1791332226.162602359] [controller_server]: Optimizer reset
[controller_server-55] [WARN] [1791332226.162669215] [controller_server]: Optimizer fail to compute path
[controller_server-55] [ERROR] [1791332226.162689181] [controller_server]: Controller patience exceeded
[controller_server-55] [INFO] [1791332226.164255915] [controller_server]: Optimizer reset
[controller_server-55] [WARN] [1791332226.164271304] [controller_server]: [follow_path] [ActionServer] Aborting handle.
[behavior_server-59] [INFO] [1791332226.177710755] [behavior_server]: Running spin
[behavior_server-59] [INFO] [1791332226.177862491] [behavior_server]: Turning 1.57 for spin behavior.
[behavior_server-59] [WARN] [1791332226.278085528] [behavior_server]: Collision Ahead - Exiting Spin
[behavior_server-59] [WARN] [1791332226.278108214] [behavior_server]: spin failed
[behavior_server-59] [WARN] [1791332226.278112780] [behavior_server]: [spin] [ActionServer] Aborting handle.
[behavior_server-59] [INFO] [1791332226.296944812] [behavior_server]: Running wait
[gazebo-1] [WARN] [1791332229.717697379] [diffdrive_controller]: Ignoring the received message (timestamp 26.6430000000) because it is older than the current time by 0.5070000000 seconds, which exceeds the allowed timeout (0.5000)
[gazebo-1] [WARN] [1791332229.916771074] [diffdrive_controller]: Ignoring the received message (timestamp 26.6430000000) because it is older than the current time by 0.5340000000 seconds, which exceeds the allowed timeout (0.5000)
[gazebo-1] [WARN] [1791332230.087897179] [diffdrive_controller]: Ignoring the received message (timestamp 26.6430000000) because it is older than the current time by 0.5580000000 seconds, which exceeds the allowed timeout (0.5000)
[gazebo-1] [WARN] [1791332230.254791456] [diffdrive_controller]: Ignoring the received message (timestamp 26.6430000000) because it is older than the current time by 0.5820000000 seconds, which exceeds the allowed timeout (0.5000)
[gazebo-1] [WARN] [1791332230.421830821] [diffdrive_controller]: Ignoring the received message (timestamp 26.6430000000) because it is older than the current time by 0.6090000000 seconds, which exceeds the allowed timeout (0.5000)
[gazebo-1] [WARN] [1791332230.572740742] [diffdrive_controller]: Ignoring the received message (timestamp 26.6430000000) because it is older than the current time by 0.6330000000 seconds, which exceeds the allowed timeout (0.5000)
[gazebo-1] [WARN] [1791332230.745683304] [diffdrive_controller]: Ignoring the received message (timestamp 26.6430000000) because it is older than the current time by 0.6570000000 seconds, which exceeds the allowed timeout (0.5000)
[gazebo-1] [WARN] [1791332230.911185203] [diffdrive_controller]: Ignoring the received message (timestamp 26.6430000000) because it is older than the current time by 0.6840000000 seconds, which exceeds the allowed timeout (0.5000)
[gazebo-1] [WARN] [1791332231.040236217] [diffdrive_controller]: Ignoring the received message (timestamp 26.6430000000) because it is older than the current time by 0.7080000000 seconds, which exceeds the allowed timeout (0.5000)
[gazebo-1] [WARN] [1791332231.146349977] [diffdrive_controller]: Ignoring the received message (timestamp 26.6430000000) because it is older than the current time by 0.7320000000 seconds, which exceeds the allowed timeout (0.5000)
[gazebo-1] [WARN] [1791332231.372705573] [diffdrive_controller]: Ignoring the received message (timestamp 26.6430000000) because it is older than the current time by 0.7590000000 seconds, which exceeds the allowed timeout (0.5000)
[gazebo-1] [WARN] [1791332231.498243642] [diffdrive_controller]: Ignoring the received message (timestamp 26.6430000000) because it is older than the current time by 0.7830000000 seconds, which exceeds the allowed timeout (0.5000)
[gazebo-1] [WARN] [1791332231.701406403] [diffdrive_controller]: Ignoring the received message (timestamp 26.6430000000) because it is older than the current time by 0.8070000000 seconds, which exceeds the allowed timeout (0.5000)
[gazebo-1] [WARN] [1791332231.918638873] [diffdrive_controller]: Ignoring the received message (timestamp 26.6430000000) because it is older than the current time by 0.8340000000 seconds, which exceeds the allowed timeout (0.5000)
[gazebo-1] [WARN] [1791332232.033433443] [diffdrive_controller]: Ignoring the received message (timestamp 26.6430000000) because it is older than the current time by 0.8580000000 seconds, which exceeds the allowed timeout (0.5000)
[gazebo-1] [WARN] [1791332232.193913089] [diffdrive_controller]: Ignoring the received message (timestamp 26.6430000000) because it is older than the current time by 0.8820000000 seconds, which exceeds the allowed timeout (0.5000)
[gazebo-1] [WARN] [1791332232.325073594] [diffdrive_controller]: Ignoring the received message (timestamp 26.6430000000) because it is older than the current time by 0.9090000000 seconds, which exceeds the allowed timeout (0.5000)
[gazebo-1] [WARN] [1791332232.490966153] [diffdrive_controller]: Ignoring the received message (timestamp 26.6430000000) because it is older than the current time by 0.9300000000 seconds, which exceeds the allowed timeout (0.5000)
[gazebo-1] [WARN] [1791332232.739506160] [diffdrive_controller]: Ignoring the received message (timestamp 26.6430000000) because it is older than the current time by 0.9570000000 seconds, which exceeds the allowed timeout (0.5000)
[gazebo-1] [WARN] [1791332232.908182377] [diffdrive_controller]: Ignoring the received message (timestamp 26.6430000000) because it is older than the current time by 0.9840000000 seconds, which exceeds the allowed timeout (0.5000)
[gazebo-1] [WARN] [1791332232.984683341] [diffdrive_controller]: Ignoring the received message (timestamp 26.6430000000) because it is older than the current time by 1.0080000000 seconds, which exceeds the allowed timeout (0.5000)
[gazebo-1] [WARN] [1791332233.199148704] [diffdrive_controller]: Ignoring the received message (timestamp 26.6430000000) because it is older than the current time by 1.0320000000 seconds, which exceeds the allowed timeout (0.5000)
[gazebo-1] [WARN] [1791332233.402616790] [diffdrive_controller]: Ignoring the received message (timestamp 26.6430000000) because it is older than the current time by 1.0590000000 seconds, which exceeds the allowed timeout (0.5000)
[gazebo-1] [WARN] [1791332233.612565942] [diffdrive_controller]: Ignoring the received message (timestamp 26.6430000000) because it is older than the current time by 1.0830000000 seconds, which exceeds the allowed timeout (0.5000)
[gazebo-1] [WARN] [1791332233.733445027] [diffdrive_controller]: Ignoring the received message (timestamp 26.6430000000) because it is older than the current time by 1.1070000000 seconds, which exceeds the allowed timeout (0.5000)
[gazebo-1] [WARN] [1791332233.845347084] [diffdrive_controller]: Ignoring the received message (timestamp 26.6430000000) because it is older than the current time by 1.1340000000 seconds, which exceeds the allowed timeout (0.5000)
[gazebo-1] [WARN] [1791332234.064993054] [diffdrive_controller]: Ignoring the received message (timestamp 26.6430000000) because it is older than the current time by 1.1580000000 seconds, which exceeds the allowed timeout (0.5000)
[gazebo-1] [WARN] [1791332234.190605957] [diffdrive_controller]: Ignoring the received message (timestamp 26.6430000000) because it is older than the current time by 1.1820000000 seconds, which exceeds the allowed timeout (0.5000)
[gazebo-1] [WARN] [1791332234.353715974] [diffdrive_controller]: Ignoring the received message (timestamp 26.6430000000) because it is older than the current time by 1.2090000000 seconds, which exceeds the allowed timeout (0.5000)
[gazebo-1] [WARN] [1791332234.614603837] [diffdrive_controller]: Ignoring the received message (timestamp 26.6430000000) because it is older than the current time by 1.2330000000 seconds, which exceeds the allowed timeout (0.5000)
[gazebo-1] [WARN] [1791332234.727188070] [diffdrive_controller]: Ignoring the received message (timestamp 26.6430000000) because it is older than the current time by 1.2570000000 seconds, which exceeds the allowed timeout (0.5000)
[gazebo-1] [WARN] [1791332234.949651647] [diffdrive_controller]: Ignoring the received message (timestamp 26.6430000000) because it is older than the current time by 1.2840000000 seconds, which exceeds the allowed timeout (0.5000)
[gazebo-1] [WARN] [1791332235.060937237] [diffdrive_controller]: Ignoring the received message (timestamp 26.6430000000) because it is older than the current time by 1.3080000000 seconds, which exceeds the allowed timeout (0.5000)
[gazebo-1] [WARN] [1791332235.223455992] [diffdrive_controller]: Ignoring the received message (timestamp 26.6430000000) because it is older than the current time by 1.3320000000 seconds, which exceeds the allowed timeout (0.5000)
[gazebo-1] [WARN] [1791332235.336428673] [diffdrive_controller]: Ignoring the received message (timestamp 26.6430000000) because it is older than the current time by 1.3590000000 seconds, which exceeds the allowed timeout (0.5000)
[gazebo-1] [WARN] [1791332235.586150309] [diffdrive_controller]: Ignoring the received message (timestamp 26.6430000000) because it is older than the current time by 1.3830000000 seconds, which exceeds the allowed timeout (0.5000)
[gazebo-1] [WARN] [1791332235.723549458] [diffdrive_controller]: Ignoring the received message (timestamp 26.6430000000) because it is older than the current time by 1.4070000000 seconds, which exceeds the allowed timeout (0.5000)
[gazebo-1] [WARN] [1791332235.939898419] [diffdrive_controller]: Ignoring the received message (timestamp 26.6430000000) because it is older than the current time by 1.4340000000 seconds, which exceeds the allowed timeout (0.5000)
[gazebo-1] [WARN] [1791332236.100881562] [diffdrive_controller]: Ignoring the received message (timestamp 26.6430000000) because it is older than the current time by 1.4580000000 seconds, which exceeds the allowed timeout (0.5000)
[gazebo-1] [WARN] [1791332236.274457646] [diffdrive_controller]: Ignoring the received message (timestamp 26.6430000000) because it is older than the current time by 1.4820000000 seconds, which exceeds the allowed timeout (0.5000)
[gazebo-1] [WARN] [1791332236.430329165] [diffdrive_controller]: Ignoring the received message (timestamp 26.6430000000) because it is older than the current time by 1.5090000000 seconds, which exceeds the allowed timeout (0.5000)
[gazebo-1] [WARN] [1791332236.506095929] [diffdrive_controller]: Ignoring the received message (timestamp 26.6430000000) because it is older than the current time by 1.5330000000 seconds, which exceeds the allowed timeout (0.5000)
[behavior_server-59] [INFO] [1791332261.397094824] [behavior_server]: wait completed successfully
[controller_server-55] [INFO] [1791332261.447265440] [controller_server]: Received a goal, begin computing control effort.
[controller_server-55] [INFO] [1791332261.450555215] [controller_server]: Optimizer reset
[controller_server-55] [INFO] [1791332261.454747306] [controller_server]: Optimizer reset
[controller_server-55] [WARN] [1791332261.454796468] [controller_server]: Optimizer fail to compute path
[controller_server-55] [INFO] [1791332261.500766892] [controller_server]: Optimizer reset
[controller_server-55] [INFO] [1791332261.505215170] [controller_server]: Optimizer reset
[controller_server-55] [WARN] [1791332261.505265769] [controller_server]: Optimizer fail to compute path
[controller_server-55] [INFO] [1791332261.550509203] [controller_server]: Optimizer reset
[controller_server-55] [INFO] [1791332261.554834032] [controller_server]: Optimizer reset
[controller_server-55] [WARN] [1791332261.554887366] [controller_server]: Optimizer fail to compute path
[controller_server-55] [INFO] [1791332261.600404394] [controller_server]: Optimizer reset
[controller_server-55] [INFO] [1791332261.604734467] [controller_server]: Optimizer reset
[controller_server-55] [WARN] [1791332261.604789960] [controller_server]: Optimizer fail to compute path
[controller_server-55] [INFO] [1791332261.651057103] [controller_server]: Optimizer reset
[controller_server-55] [INFO] [1791332261.656587390] [controller_server]: Optimizer reset
[controller_server-55] [WARN] [1791332261.656647120] [controller_server]: Optimizer fail to compute path
[controller_server-55] [INFO] [1791332261.700457122] [controller_server]: Optimizer reset
[controller_server-55] [INFO] [1791332261.704857834] [controller_server]: Optimizer reset
[controller_server-55] [WARN] [1791332261.704917923] [controller_server]: Optimizer fail to compute path
[controller_server-55] [INFO] [1791332261.751084653] [controller_server]: Optimizer reset
[controller_server-55] [INFO] [1791332261.755113159] [controller_server]: Optimizer reset
[controller_server-55] [WARN] [1791332261.755158265] [controller_server]: Optimizer fail to compute path
[controller_server-55] [INFO] [1791332261.800561017] [controller_server]: Optimizer reset
[controller_server-55] [INFO] [1791332261.804807907] [controller_server]: Optimizer reset
[controller_server-55] [WARN] [1791332261.804865949] [controller_server]: Optimizer fail to compute path
[controller_server-55] [INFO] [1791332261.850372276] [controller_server]: Optimizer reset
[controller_server-55] [INFO] [1791332261.854430250] [controller_server]: Optimizer reset
[controller_server-55] [WARN] [1791332261.854488640] [controller_server]: Optimizer fail to compute path
[controller_server-55] [INFO] [1791332261.900917723] [controller_server]: Optimizer reset
[controller_server-55] [INFO] [1791332261.905109327] [controller_server]: Optimizer reset
[controller_server-55] [WARN] [1791332261.905158514] [controller_server]: Optimizer fail to compute path
[controller_server-55] [INFO] [1791332261.950530482] [controller_server]: Optimizer reset
[controller_server-55] [INFO] [1791332261.955398197] [controller_server]: Optimizer reset
[controller_server-55] [WARN] [1791332261.955478357] [controller_server]: Optimizer fail to compute path
[controller_server-55] [INFO] [1791332262.000658815] [controller_server]: Optimizer reset
[controller_server-55] [INFO] [1791332262.005353578] [controller_server]: Optimizer reset
[controller_server-55] [WARN] [1791332262.005423719] [controller_server]: Optimizer fail to compute path
[controller_server-55] [INFO] [1791332262.050516871] [controller_server]: Optimizer reset
[controller_server-55] [INFO] [1791332262.054715358] [controller_server]: Optimizer reset
[controller_server-55] [WARN] [1791332262.054766272] [controller_server]: Optimizer fail to compute path
[controller_server-55] [INFO] [1791332262.100907936] [controller_server]: Optimizer reset
[controller_server-55] [INFO] [1791332262.105443719] [controller_server]: Optimizer reset
[controller_server-55] [WARN] [1791332262.105507944] [controller_server]: Optimizer fail to compute path
[controller_server-55] [INFO] [1791332262.150476537] [controller_server]: Optimizer reset
[controller_server-55] [INFO] [1791332262.154821797] [controller_server]: Optimizer reset
[controller_server-55] [WARN] [1791332262.154894202] [controller_server]: Optimizer fail to compute path
[controller_server-55] [INFO] [1791332262.200452717] [controller_server]: Optimizer reset
[controller_server-55] [INFO] [1791332262.204458861] [controller_server]: Optimizer reset
[controller_server-55] [WARN] [1791332262.204509100] [controller_server]: Optimizer fail to compute path
[controller_server-55] [INFO] [1791332262.250319305] [controller_server]: Optimizer reset
[controller_server-55] [INFO] [1791332262.254384318] [controller_server]: Optimizer reset
[controller_server-55] [WARN] [1791332262.254434094] [controller_server]: Optimizer fail to compute path
[controller_server-55] [INFO] [1791332262.300397868] [controller_server]: Optimizer reset
[controller_server-55] [INFO] [1791332262.304565845] [controller_server]: Optimizer reset
[controller_server-55] [WARN] [1791332262.304616053] [controller_server]: Optimizer fail to compute path
[controller_server-55] [INFO] [1791332262.350394283] [controller_server]: Optimizer reset
[controller_server-55] [INFO] [1791332262.354508572] [controller_server]: Optimizer reset
[controller_server-55] [WARN] [1791332262.354560805] [controller_server]: Optimizer fail to compute path
[controller_server-55] [INFO] [1791332262.400517720] [controller_server]: Optimizer reset
[controller_server-55] [INFO] [1791332262.404882526] [controller_server]: Optimizer reset
[controller_server-55] [WARN] [1791332262.404949214] [controller_server]: Optimizer fail to compute path
[controller_server-55] [INFO] [1791332262.451387491] [controller_server]: Optimizer reset
[controller_server-55] [INFO] [1791332262.456603202] [controller_server]: Optimizer reset
[controller_server-55] [WARN] [1791332262.456668533] [controller_server]: Optimizer fail to compute path
[controller_server-55] [INFO] [1791332262.497427993] [controller_server]: Passing new path to controller.
[controller_server-55] [INFO] [1791332262.501756931] [controller_server]: Optimizer reset
[controller_server-55] [INFO] [1791332262.507175323] [controller_server]: Optimizer reset
[controller_server-55] [WARN] [1791332262.507357015] [controller_server]: Optimizer fail to compute path
[controller_server-55] [INFO] [1791332262.550380485] [controller_server]: Optimizer reset
[controller_server-55] [INFO] [1791332262.554460024] [controller_server]: Optimizer reset
[controller_server-55] [WARN] [1791332262.554508144] [controller_server]: Optimizer fail to compute path
[controller_server-55] [INFO] [1791332262.600479696] [controller_server]: Optimizer reset
[controller_server-55] [INFO] [1791332262.604981152] [controller_server]: Optimizer reset
[controller_server-55] [WARN] [1791332262.605205857] [controller_server]: Optimizer fail to compute path
[controller_server-55] [INFO] [1791332262.650367935] [controller_server]: Optimizer reset
[controller_server-55] [INFO] [1791332262.654479399] [controller_server]: Optimizer reset
[controller_server-55] [WARN] [1791332262.654551979] [controller_server]: Optimizer fail to compute path
[controller_server-55] [INFO] [1791332262.700487342] [controller_server]: Optimizer reset
[controller_server-55] [INFO] [1791332262.704440587] [controller_server]: Optimizer reset
[controller_server-55] [WARN] [1791332262.704476544] [controller_server]: Optimizer fail to compute path
[controller_server-55] [INFO] [1791332262.750495596] [controller_server]: Optimizer reset
[controller_server-55] [INFO] [1791332262.754730483] [controller_server]: Optimizer reset
[controller_server-55] [WARN] [1791332262.754781099] [controller_server]: Optimizer fail to compute path
