[INFO] [launch]: All log files can be found below /home/y/u/yunqiao/.ros/log/2026-10-06-19-11-08-775466-white-05.eecs.kth.se-41746
[INFO] [launch]: Default logging verbosity is set to INFO
[INFO] [gazebo-1]: process started with pid [41775]
[INFO] [parameter_bridge-2]: process started with pid [41777]
[INFO] [robot_state_publisher-3]: process started with pid [41779]
[INFO] [robot_state_publisher-4]: process started with pid [41782]
[INFO] [static_transform_publisher-5]: process started with pid [41784]
[INFO] [create-6]: process started with pid [41786]
[INFO] [create-7]: process started with pid [41788]
[INFO] [parameter_bridge-8]: process started with pid [41790]
[INFO] [parameter_bridge-9]: process started with pid [41792]
[INFO] [parameter_bridge-10]: process started with pid [41794]
[INFO] [parameter_bridge-11]: process started with pid [41796]
[INFO] [parameter_bridge-12]: process started with pid [41798]
[INFO] [parameter_bridge-13]: process started with pid [41800]
[INFO] [parameter_bridge-14]: process started with pid [41802]
[INFO] [parameter_bridge-15]: process started with pid [41804]
[INFO] [parameter_bridge-16]: process started with pid [41806]
[INFO] [parameter_bridge-17]: process started with pid [41809]
[INFO] [parameter_bridge-18]: process started with pid [41811]
[INFO] [parameter_bridge-19]: process started with pid [41813]
[INFO] [parameter_bridge-20]: process started with pid [41815]
[INFO] [parameter_bridge-21]: process started with pid [41817]
[INFO] [parameter_bridge-22]: process started with pid [41819]
[INFO] [parameter_bridge-23]: process started with pid [41821]
[INFO] [parameter_bridge-24]: process started with pid [41823]
[INFO] [parameter_bridge-25]: process started with pid [41825]
[INFO] [parameter_bridge-26]: process started with pid [41827]
[INFO] [parameter_bridge-27]: process started with pid [41829]
[INFO] [parameter_bridge-28]: process started with pid [41831]
[INFO] [turtlebot4_node-29]: process started with pid [41833]
[INFO] [turtlebot4_gz_hmi_node-30]: process started with pid [41835]
[INFO] [spawner-31]: process started with pid [41837]
[INFO] [hazards_vector_publisher-32]: process started with pid [41839]
[INFO] [ir_intensity_vector_publisher-33]: process started with pid [41841]
[INFO] [motion_control-34]: process started with pid [41843]
[INFO] [wheel_status_publisher-35]: process started with pid [41845]
[INFO] [mock_publisher-36]: process started with pid [41847]
[INFO] [robot_state-37]: process started with pid [41849]
[INFO] [kidnap_estimator_publisher-38]: process started with pid [41851]
[INFO] [ui_mgr-39]: process started with pid [41853]
[INFO] [pose_republisher_node-40]: process started with pid [41855]
[INFO] [sensors_node-41]: process started with pid [41857]
[INFO] [interface_buttons_node-42]: process started with pid [41860]
[INFO] [static_transform_publisher-43]: process started with pid [41862]
[INFO] [static_transform_publisher-44]: process started with pid [41864]
[INFO] [parameter_bridge-45]: process started with pid [41866]
[INFO] [parameter_bridge-46]: process started with pid [41868]
[INFO] [wait_for_ready-47]: process started with pid [41870]
[INFO] [wait_for_ready-48]: process started with pid [41872]
[robot_state_publisher-4] [WARN] [1791306670.165081401] [kdl_parser]: The root link std_dock_link has an inertia specified in the URDF, but KDL does not support a root link with an inertia.  As a workaround, you can add an extra dummy link to your URDF.
[robot_state_publisher-4] [INFO] [1791306670.165144932] [dock_state_publisher]: Robot initialized
[robot_state_publisher-3] [WARN] [1791306670.233736610] [kdl_parser]: The root link base_link has an inertia specified in the URDF, but KDL does not support a root link with an inertia.  As a workaround, you can add an extra dummy link to your URDF.
[robot_state_publisher-3] [INFO] [1791306670.233895282] [robot_state_publisher]: Robot initialized
[mock_publisher-36] [INFO] [1791306670.284027860] [mock_publisher]: Advertised mocked topic: slip_status
[motion_control-34] [INFO] [1791306670.307177645] [motion_control]: Enabling REFLEX_BUMP
[motion_control-34] [INFO] [1791306670.307232688] [motion_control]: Enabling REFLEX_CLIFF
[motion_control-34] [INFO] [1791306670.308351217] [motion_control]: Enabling REFLEX_STUCK
[motion_control-34] [INFO] [1791306670.308402902] [motion_control]: Enabling REFLEX_WHEEL_DROP
[kidnap_estimator_publisher-38] [INFO] [1791306670.314465830] [kidnap_estimator_publisher]: Advertised topic: kidnap_status
[kidnap_estimator_publisher-38] [INFO] [1791306670.316232944] [kidnap_estimator_publisher]: Subscription to topic: hazard_detection
[static_transform_publisher-44] [WARN] [1791306670.321332998] []: Old-style arguments are deprecated; see --help for new-style arguments
[static_transform_publisher-43] [WARN] [1791306670.322177623] []: Old-style arguments are deprecated; see --help for new-style arguments
[static_transform_publisher-5] [WARN] [1791306670.326500982] []: Old-style arguments are deprecated; see --help for new-style arguments
[ui_mgr-39] [INFO] [1791306670.351344318] [ui_mgr]: Subscription to topic: cmd_lightring
[ui_mgr-39] [INFO] [1791306670.351732263] [ui_mgr]: Subscription to topic: cmd_audio
[static_transform_publisher-44] [INFO] [1791306670.383053648] [camera_stf]: Spinning until stopped - publishing transform
[static_transform_publisher-44] translation: ('0.000000', '0.000000', '0.000000')
[static_transform_publisher-44] rotation: ('0.499952', '-0.500000', '0.500000', '0.500048')
[static_transform_publisher-44] from 'oakd_rgb_camera_optical_frame' to 'turtlebot4/oakd_rgb_camera_frame/rgbd_camera'
[static_transform_publisher-43] [INFO] [1791306670.406654179] [rplidar_stf]: Spinning until stopped - publishing transform
[static_transform_publisher-43] translation: ('0.000000', '0.000000', '0.000000')
[static_transform_publisher-43] rotation: ('0.000000', '0.000000', '0.000000', '1.000000')
[static_transform_publisher-43] from 'rplidar_link' to 'turtlebot4/rplidar_link/rplidar'
[hazards_vector_publisher-32] [INFO] [1791306670.649992065] [hazards_vector_publisher]: Advertised topic: hazard_detection
[hazards_vector_publisher-32] [INFO] [1791306670.650766809] [hazards_vector_publisher]: Subscription to topic: _internal/bumper/event
[hazards_vector_publisher-32] [INFO] [1791306670.651227986] [hazards_vector_publisher]: Subscription to topic: _internal/cliff_front_left/event
[hazards_vector_publisher-32] [INFO] [1791306670.651685578] [hazards_vector_publisher]: Subscription to topic: _internal/cliff_front_right/event
[hazards_vector_publisher-32] [INFO] [1791306670.652181861] [hazards_vector_publisher]: Subscription to topic: _internal/cliff_side_left/event
[hazards_vector_publisher-32] [INFO] [1791306670.652609379] [hazards_vector_publisher]: Subscription to topic: _internal/cliff_side_right/event
[hazards_vector_publisher-32] [INFO] [1791306670.652999258] [hazards_vector_publisher]: Subscription to topic: _internal/wheel_drop/left_wheel/event
[hazards_vector_publisher-32] [INFO] [1791306670.653436000] [hazards_vector_publisher]: Subscription to topic: _internal/wheel_drop/right_wheel/event
[hazards_vector_publisher-32] [INFO] [1791306670.653829806] [hazards_vector_publisher]: Subscription to topic: _internal/backup_limit
[robot_state-37] [INFO] [1791306670.688663906] [robot_state]: Advertised topic: battery_state
[robot_state-37] [INFO] [1791306670.695223320] [robot_state]: Subscription to topic: dock_status
[robot_state-37] [INFO] [1791306670.696808344] [robot_state]: Advertised topic: stop_status
[robot_state-37] [INFO] [1791306670.701285859] [robot_state]: Subscription to topic: odom
[parameter_bridge-18] [INFO] [1791306670.831281427] [ir_intensity_front_left_bridge]: Creating GZ->ROS Bridge: [/world/warehouse/model/turtlebot4/link/ir_intensity_front_left/sensor/ir_intensity_front_left/scan (gz.msgs.LaserScan) -> /world/warehouse/model/turtlebot4/link/ir_intensity_front_left/sensor/ir_intensity_front_left/scan (sensor_msgs/msg/LaserScan)] (Lazy 0)
[ir_intensity_vector_publisher-33] [INFO] [1791306670.869314836] [ir_intensity_vector_publisher]: Advertised topic: ir_intensity
[ir_intensity_vector_publisher-33] [INFO] [1791306670.869790314] [ir_intensity_vector_publisher]: Subscription to topic: _internal/ir_intensity_front_center_left
[ir_intensity_vector_publisher-33] [INFO] [1791306670.870139939] [ir_intensity_vector_publisher]: Subscription to topic: _internal/ir_intensity_front_center_right
[ir_intensity_vector_publisher-33] [INFO] [1791306670.870431518] [ir_intensity_vector_publisher]: Subscription to topic: _internal/ir_intensity_front_left
[ir_intensity_vector_publisher-33] [INFO] [1791306670.870708761] [ir_intensity_vector_publisher]: Subscription to topic: _internal/ir_intensity_front_right
[ir_intensity_vector_publisher-33] [INFO] [1791306670.871010074] [ir_intensity_vector_publisher]: Subscription to topic: _internal/ir_intensity_left
[ir_intensity_vector_publisher-33] [INFO] [1791306670.871308936] [ir_intensity_vector_publisher]: Subscription to topic: _internal/ir_intensity_right
[ir_intensity_vector_publisher-33] [INFO] [1791306670.871625666] [ir_intensity_vector_publisher]: Subscription to topic: _internal/ir_intensity_side_left
[create-6] [INFO] [1791306670.872516411] [ros_gz_sim]: Requesting list of world names.
[wheel_status_publisher-35] [INFO] [1791306670.933472631] [wheel_status_publisher]: Advertised topic: wheel_vels
[wheel_status_publisher-35] [INFO] [1791306670.934150989] [wheel_status_publisher]: Advertised topic: wheel_ticks
[parameter_bridge-9] [INFO] [1791306670.937551273] [pose_bridge]: Creating GZ->ROS Bridge: [/model/turtlebot4/pose (gz.msgs.Pose_V) -> /model/turtlebot4/pose (tf2_msgs/msg/TFMessage)] (Lazy 0)
[parameter_bridge-12] [INFO] [1791306670.943862802] [cliff_front_left_bridge]: Creating GZ->ROS Bridge: [/world/warehouse/model/turtlebot4/link/base_link/sensor/cliff_front_left/scan (gz.msgs.LaserScan) -> /world/warehouse/model/turtlebot4/link/base_link/sensor/cliff_front_left/scan (sensor_msgs/msg/LaserScan)] (Lazy 0)
[static_transform_publisher-5] [INFO] [1791306670.952441922] [tf_odom_std_dock_link_publisher]: Spinning until stopped - publishing transform
[static_transform_publisher-5] translation: ('0.157000', '0.000000', '0.000000')
[static_transform_publisher-5] rotation: ('0.000000', '0.000000', '1.000000', '0.000000')
[static_transform_publisher-5] from 'odom' to 'std_dock_link'
[gazebo-1] Warning: Ignoring XDG_SESSION_TYPE=wayland on Gnome. Use QT_QPA_PLATFORM=wayland to run on Wayland anyway.
[parameter_bridge-9] [INFO] [1791306670.956152174] [pose_bridge]: Creating GZ->ROS Bridge: [/model/standard_dock/pose (gz.msgs.Pose_V) -> /model/standard_dock/pose (tf2_msgs/msg/TFMessage)] (Lazy 0)
[create-7] [INFO] [1791306670.997028860] [ros_gz_sim]: Requesting list of world names.
[parameter_bridge-2] [INFO] [1791306671.022016962] [clock_bridge]: Creating GZ->ROS Bridge: [/clock (gz.msgs.Clock) -> /clock (rosgraph_msgs/msg/Clock)] (Lazy 0)
[parameter_bridge-13] [INFO] [1791306671.041041448] [cliff_front_right_bridge]: Creating GZ->ROS Bridge: [/world/warehouse/model/turtlebot4/link/base_link/sensor/cliff_front_right/scan (gz.msgs.LaserScan) -> /world/warehouse/model/turtlebot4/link/base_link/sensor/cliff_front_right/scan (sensor_msgs/msg/LaserScan)] (Lazy 0)
[parameter_bridge-22] [INFO] [1791306671.043110813] [ir_intensity_side_left_bridge]: Creating GZ->ROS Bridge: [/world/warehouse/model/turtlebot4/link/ir_intensity_side_left/sensor/ir_intensity_side_left/scan (gz.msgs.LaserScan) -> /world/warehouse/model/turtlebot4/link/ir_intensity_side_left/sensor/ir_intensity_side_left/scan (sensor_msgs/msg/LaserScan)] (Lazy 0)
[parameter_bridge-24] [INFO] [1791306671.043405837] [hmi_display_msg_bridge]: Creating ROS->GZ Bridge: [/hmi/display/raw (std_msgs/msg/String) -> /hmi/display/raw (gz.msgs.StringMsg)] (Lazy 0)
[parameter_bridge-24] [INFO] [1791306671.045179764] [hmi_display_msg_bridge]: Creating ROS->GZ Bridge: [/hmi/display/selected (std_msgs/msg/Int32) -> /hmi/display/selected (gz.msgs.Int32)] (Lazy 0)
[parameter_bridge-21] [INFO] [1791306671.388765210] [ir_intensity_right_bridge]: Creating GZ->ROS Bridge: [/world/warehouse/model/turtlebot4/link/ir_intensity_right/sensor/ir_intensity_right/scan (gz.msgs.LaserScan) -> /world/warehouse/model/turtlebot4/link/ir_intensity_right/sensor/ir_intensity_right/scan (sensor_msgs/msg/LaserScan)] (Lazy 0)
[turtlebot4_node-29] [INFO] [1791306671.404853543] [turtlebot4_node]: Init Turtlebot4 Node Main
[parameter_bridge-16] [INFO] [1791306671.425220884] [ir_intensity_front_center_left_bridge]: Creating GZ->ROS Bridge: [/world/warehouse/model/turtlebot4/link/ir_intensity_front_center_left/sensor/ir_intensity_front_center_left/scan (gz.msgs.LaserScan) -> /world/warehouse/model/turtlebot4/link/ir_intensity_front_center_left/sensor/ir_intensity_front_center_left/scan (sensor_msgs/msg/LaserScan)] (Lazy 0)
[turtlebot4_node-29] [INFO] [1791306671.436035516] [turtlebot4_node]: Buttons Init
[turtlebot4_node-29] [INFO] [1791306671.437621218] [turtlebot4_node]: Init Display
[turtlebot4_node-29] [INFO] [1791306671.438430157] [turtlebot4_node]: Leds Init
[turtlebot4_node-29] [INFO] [1791306671.441234162] [turtlebot4_node]: Turtlebot4 standard running.
[gazebo-1] [1;36m[Dbg] [gz.cc:166] [0m[1;36mSubscribing to [[0m[1;36m/gazebo/starting_world[0m[1;36m].[0m[1;36m[0m
[gazebo-1] [1;36m[Dbg] [gz.cc:168] [0m[1;36mWaiting for a world to be set from the GUI...[0m[1;36m[0m
[gazebo-1] [1;32m[Msg] [0m[1;32mReceived world [[0m[1;32mwarehouse.sdf[0m[1;32m] from the GUI.[0m[1;32m[0m
[gazebo-1] [1;36m[Dbg] [gz.cc:172] [0m[1;36mUnsubscribing from [[0m[1;36m/gazebo/starting_world[0m[1;36m].[0m[1;36m[0m
[gazebo-1] [1;32m[Msg] [0m[1;32mGazebo Sim Server v[0m[1;32m8.10.0[0m[1;32m[0m
[gazebo-1] [1;32m[Msg] [0m[1;32mLoading SDF world file[[0m[1;32m/home/y/u/yunqiao/IROB_Mobile_Robot_Project/install/turtlebot4_gz_bringup/share/turtlebot4_gz_bringup/worlds/warehouse.sdf[0m[1;32m].[0m
[gazebo-1] [1;32m[Msg] [0m[1;32mServing entity system service on [[0m[1;32m/[0m[1;32mentity/system/add[0m[1;32m][0m[1;32m[0m
[gazebo-1] [1;36m[Dbg] [Physics.cc:899] [0m[1;36mLoaded [[0m[1;36mgz::physics::dartsim::Plugin[0m[1;36m] from library [[0m[1;36m/afs/kth.se/misc/info/kurser/DD2410/ht26/pixi/IROB/.pixi/envs/default/lib/gz-physics-7/engine-plugins/libgz-physics-dartsim-plugin.so[0m[1;36m][0m[1;36m[0m
[gazebo-1] [1;36m[Dbg] [SystemManager.cc:80] [0m[1;36mLoaded system [[0m[1;36mgz::sim::systems::Physics[0m[1;36m] for entity [[0m[1;36m1[0m[1;36m][0m[1;36m[0m
[gazebo-1] [1;32m[Msg] [0m[1;32mCreate[0m[1;32m service on [[0m[1;32m/world/warehouse/create_multiple[0m[1;32m] (async)[0m[1;32m[0m
[gazebo-1] [1;32m[Msg] [0m[1;32mCreate[0m[1;32m service on [[0m[1;32m/world/warehouse/create_multiple/blocking[0m[1;32m] (blocking)[0m[1;32m[0m
[gazebo-1] [1;32m[Msg] [0m[1;32mRemove[0m[1;32m service on [[0m[1;32m/world/warehouse/remove[0m[1;32m] (async)[0m[1;32m[0m
[gazebo-1] [1;32m[Msg] [0m[1;32mRemove[0m[1;32m service on [[0m[1;32m/world/warehouse/remove/blocking[0m[1;32m] (blocking)[0m[1;32m[0m
[gazebo-1] [1;32m[Msg] [0m[1;32mPose[0m[1;32m service on [[0m[1;32m/world/warehouse/set_pose[0m[1;32m] (async)[0m[1;32m[0m
[gazebo-1] [1;32m[Msg] [0m[1;32mPose[0m[1;32m service on [[0m[1;32m/world/warehouse/set_pose/blocking[0m[1;32m] (blocking)[0m[1;32m[0m
[gazebo-1] [1;32m[Msg] [0m[1;32mPose[0m[1;32m service on [[0m[1;32m/world/warehouse/set_pose_vector[0m[1;32m] (async)[0m[1;32m[0m
[gazebo-1] [1;32m[Msg] [0m[1;32mPose[0m[1;32m service on [[0m[1;32m/world/warehouse/set_pose_vector/blocking[0m[1;32m] (blocking)[0m[1;32m[0m
[gazebo-1] [1;32m[Msg] [0m[1;32mLight configuration[0m[1;32m service on [[0m[1;32m/world/warehouse/light_config[0m[1;32m] (async)[0m[1;32m[0m
[gazebo-1] [1;32m[Msg] [0m[1;32mLight configuration[0m[1;32m service on [[0m[1;32m/world/warehouse/light_config/blocking[0m[1;32m] (blocking)[0m[1;32m[0m
[gazebo-1] [1;32m[Msg] [0m[1;32mPhysics[0m[1;32m service on [[0m[1;32m/world/warehouse/set_physics[0m[1;32m] (async)[0m[1;32m[0m
[gazebo-1] [1;32m[Msg] [0m[1;32mPhysics[0m[1;32m service on [[0m[1;32m/world/warehouse/set_physics/blocking[0m[1;32m] (blocking)[0m[1;32m[0m
[gazebo-1] [1;32m[Msg] [0m[1;32mSphericalCoordinates[0m[1;32m service on [[0m[1;32m/world/warehouse/set_spherical_coordinates[0m[1;32m] (async)[0m[1;32m[0m
[gazebo-1] [1;32m[Msg] [0m[1;32mSphericalCoordinates[0m[1;32m service on [[0m[1;32m/world/warehouse/set_spherical_coordinates/blocking[0m[1;32m] (blocking)[0m[1;32m[0m
[gazebo-1] [1;32m[Msg] [0m[1;32mEnable collision[0m[1;32m service on [[0m[1;32m/world/warehouse/enable_collision[0m[1;32m] (async)[0m[1;32m[0m
[gazebo-1] [1;32m[Msg] [0m[1;32mEnable collision[0m[1;32m service on [[0m[1;32m/world/warehouse/enable_collision/blocking[0m[1;32m] (blocking)[0m[1;32m[0m
[gazebo-1] [1;32m[Msg] [0m[1;32mDisable collision[0m[1;32m service on [[0m[1;32m/world/warehouse/disable_collision[0m[1;32m] (async)[0m[1;32m[0m
[gazebo-1] [1;32m[Msg] [0m[1;32mDisable collision[0m[1;32m service on [[0m[1;32m/world/warehouse/disable_collision/blocking[0m[1;32m] (blocking)[0m[1;32m[0m
[gazebo-1] [1;32m[Msg] [0m[1;32mMaterial[0m[1;32m service on [[0m[1;32m/world/warehouse/visual_config[0m[1;32m] (async)[0m[1;32m[0m
[parameter_bridge-19] [INFO] [1791306671.710551884] [ir_intensity_front_right_bridge]: Creating GZ->ROS Bridge: [/world/warehouse/model/turtlebot4/link/ir_intensity_front_right/sensor/ir_intensity_front_right/scan (gz.msgs.LaserScan) -> /world/warehouse/model/turtlebot4/link/ir_intensity_front_right/sensor/ir_intensity_front_right/scan (sensor_msgs/msg/LaserScan)] (Lazy 0)
[parameter_bridge-15] [INFO] [1791306671.716066939] [cliff_side_right_bridge]: Creating GZ->ROS Bridge: [/world/warehouse/model/turtlebot4/link/base_link/sensor/cliff_side_right/scan (gz.msgs.LaserScan) -> /world/warehouse/model/turtlebot4/link/base_link/sensor/cliff_side_right/scan (sensor_msgs/msg/LaserScan)] (Lazy 0)
[parameter_bridge-23] [INFO] [1791306671.724787656] [buttons_msg_bridge]: Creating GZ->ROS Bridge: [/create3_buttons (gz.msgs.Int32) -> /create3_buttons (std_msgs/msg/Int32)] (Lazy 0)
[parameter_bridge-14] [INFO] [1791306671.732322045] [cliff_side_left_bridge]: Creating GZ->ROS Bridge: [/world/warehouse/model/turtlebot4/link/base_link/sensor/cliff_side_left/scan (gz.msgs.LaserScan) -> /world/warehouse/model/turtlebot4/link/base_link/sensor/cliff_side_left/scan (sensor_msgs/msg/LaserScan)] (Lazy 0)
[parameter_bridge-27] [INFO] [1791306671.733477699] [lidar_bridge]: Creating GZ->ROS Bridge: [/world/warehouse/model/turtlebot4/link/rplidar_link/sensor/rplidar/scan (gz.msgs.LaserScan) -> /world/warehouse/model/turtlebot4/link/rplidar_link/sensor/rplidar/scan (sensor_msgs/msg/LaserScan)] (Lazy 0)
[parameter_bridge-10] [INFO] [1791306671.742483747] [odom_base_tf_bridge]: Creating GZ->ROS Bridge: [/model/turtlebot4/tf (gz.msgs.Pose_V) -> /model/turtlebot4/tf (tf2_msgs/msg/TFMessage)] (Lazy 0)
[create-7] [INFO] [1791306671.781361163] [ros_gz_sim]: Waiting messages on topic [standard_dock_description].
[parameter_bridge-8] [INFO] [1791306671.790304362] [cmd_vel_bridge]: Creating GZ->ROS Bridge: [/cmd_vel (gz.msgs.Twist) -> /cmd_vel (geometry_msgs/msg/TwistStamped)] (Lazy 0)
[parameter_bridge-45] [INFO] [1791306671.795717628] [ros_gz_bridge]: Creating ROS->GZ Bridge: [/vacuum_gripper/attach (std_msgs/msg/Empty) -> /vacuum_gripper/attach (gz.msgs.Empty)] (Lazy 0)
[parameter_bridge-17] [INFO] [1791306671.797051048] [ir_intensity_front_center_right_bridge]: Creating GZ->ROS Bridge: [/world/warehouse/model/turtlebot4/link/ir_intensity_front_center_right/sensor/ir_intensity_front_center_right/scan (gz.msgs.LaserScan) -> /world/warehouse/model/turtlebot4/link/ir_intensity_front_center_right/sensor/ir_intensity_front_center_right/scan (sensor_msgs/msg/LaserScan)] (Lazy 0)
[parameter_bridge-20] [INFO] [1791306671.801503826] [ir_intensity_left_bridge]: Creating GZ->ROS Bridge: [/world/warehouse/model/turtlebot4/link/ir_intensity_left/sensor/ir_intensity_left/scan (gz.msgs.LaserScan) -> /world/warehouse/model/turtlebot4/link/ir_intensity_left/sensor/ir_intensity_left/scan (sensor_msgs/msg/LaserScan)] (Lazy 0)
[parameter_bridge-28] [INFO] [1791306671.805551182] [camera_bridge]: Creating GZ->ROS Bridge: [/world/warehouse/model/turtlebot4/link/oakd_rgb_camera_frame/sensor/rgbd_camera/image (gz.msgs.Image) -> /world/warehouse/model/turtlebot4/link/oakd_rgb_camera_frame/sensor/rgbd_camera/image (sensor_msgs/msg/Image)] (Lazy 0)
[parameter_bridge-28] [INFO] [1791306671.816589898] [camera_bridge]: Creating GZ->ROS Bridge: [/world/warehouse/model/turtlebot4/link/oakd_rgb_camera_frame/sensor/rgbd_camera/depth_image (gz.msgs.Image) -> /world/warehouse/model/turtlebot4/link/oakd_rgb_camera_frame/sensor/rgbd_camera/depth_image (sensor_msgs/msg/Image)] (Lazy 0)
[parameter_bridge-28] [INFO] [1791306671.823756084] [camera_bridge]: Creating GZ->ROS Bridge: [/world/warehouse/model/turtlebot4/link/oakd_rgb_camera_frame/sensor/rgbd_camera/points (gz.msgs.PointCloudPacked) -> /world/warehouse/model/turtlebot4/link/oakd_rgb_camera_frame/sensor/rgbd_camera/points (sensor_msgs/msg/PointCloud2)] (Lazy 0)
[parameter_bridge-28] [INFO] [1791306671.825205014] [camera_bridge]: Creating GZ->ROS Bridge: [/world/warehouse/model/turtlebot4/link/oakd_rgb_camera_frame/sensor/rgbd_camera/camera_info (gz.msgs.CameraInfo) -> /world/warehouse/model/turtlebot4/link/oakd_rgb_camera_frame/sensor/rgbd_camera/camera_info (sensor_msgs/msg/CameraInfo)] (Lazy 0)
[parameter_bridge-8] [INFO] [1791306671.826630371] [cmd_vel_bridge]: Creating ROS->GZ Bridge: [/model/turtlebot4/cmd_vel (geometry_msgs/msg/TwistStamped) -> /model/turtlebot4/cmd_vel (gz.msgs.Twist)] (Lazy 0)
[parameter_bridge-11] [INFO] [1791306671.830956995] [bumper_contact_bridge]: Creating GZ->ROS Bridge: [/bumper_contact (gz.msgs.Contacts) -> /bumper_contact (ros_gz_interfaces/msg/Contacts)] (Lazy 0)
[parameter_bridge-45] [INFO] [1791306671.834081424] [ros_gz_bridge]: Creating ROS->GZ Bridge: [/vacuum_gripper/detach (std_msgs/msg/Empty) -> /vacuum_gripper/detach (gz.msgs.Empty)] (Lazy 0)
[parameter_bridge-26] [INFO] [1791306671.837580253] [hmi_led_msg_bridge]: Creating ROS->GZ Bridge: [/hmi/led/power (std_msgs/msg/Int32) -> /hmi/led/power (gz.msgs.Int32)] (Lazy 0)
[wait_for_ready-47] [INFO] [1791306671.838227819] [wait_for_rviz]: [rviz] waiting for nodes=[] services=[] answering=[] topics=['/clock', '/scan'] (timeout 300s)
[parameter_bridge-26] [INFO] [1791306671.842251411] [hmi_led_msg_bridge]: Creating ROS->GZ Bridge: [/hmi/led/motors (std_msgs/msg/Int32) -> /hmi/led/motors (gz.msgs.Int32)] (Lazy 0)
[parameter_bridge-26] [INFO] [1791306671.849346000] [hmi_led_msg_bridge]: Creating ROS->GZ Bridge: [/hmi/led/comms (std_msgs/msg/Int32) -> /hmi/led/comms (gz.msgs.Int32)] (Lazy 0)
[parameter_bridge-25] [INFO] [1791306671.864537646] [hmi_buttons_msg_bridge]: Creating GZ->ROS Bridge: [/hmi/buttons (gz.msgs.Int32) -> /hmi/buttons (std_msgs/msg/Int32)] (Lazy 0)
[spawner-31] [INFO] [1791306671.893120455] [spawner_joint_state_broadcaster]: waiting for service /controller_manager/list_controllers to become available...
[wait_for_ready-48] [INFO] [1791306671.914934159] [wait_for_sim]: [sim] waiting for nodes=['controller_manager'] services=['/controller_manager/set_parameters'] answering=['/controller_manager/list_controllers'] topics=['/scan'] (timeout 300s)
[create-7] [INFO] [1791306671.968096740] [ros_gz_sim]: Entity creation successful.
[parameter_bridge-26] [INFO] [1791306672.114632520] [hmi_led_msg_bridge]: Creating ROS->GZ Bridge: [/hmi/led/wifi (std_msgs/msg/Int32) -> /hmi/led/wifi (gz.msgs.Int32)] (Lazy 0)
[create-6] [INFO] [1791306672.118908204] [ros_gz_sim]: Waiting messages on topic [robot_description].
[parameter_bridge-26] [INFO] [1791306672.123324783] [hmi_led_msg_bridge]: Creating ROS->GZ Bridge: [/hmi/led/battery (std_msgs/msg/Int32) -> /hmi/led/battery (gz.msgs.Int32)] (Lazy 0)
[parameter_bridge-26] [INFO] [1791306672.129058675] [hmi_led_msg_bridge]: Creating ROS->GZ Bridge: [/hmi/led/user1 (std_msgs/msg/Int32) -> /hmi/led/user1 (gz.msgs.Int32)] (Lazy 0)
[create-6] [INFO] [1791306672.132906753] [ros_gz_sim]: Entity creation successful.
[parameter_bridge-26] [INFO] [1791306672.133663069] [hmi_led_msg_bridge]: Creating ROS->GZ Bridge: [/hmi/led/user2 (std_msgs/msg/Int32) -> /hmi/led/user2 (gz.msgs.Int32)] (Lazy 0)
[gazebo-1] [1;32m[Msg] [0m[1;32mMaterial[0m[1;32m service on [[0m[1;32m/world/warehouse/visual_config/blocking[1;32m[Msg] [0m[1;32mGazebo Sim GUI    v[0m[1;32m8.10.0[0m[1;32m[0m
[gazebo-1] [1;32m[Msg] [0m[1;32mDetected Wayland. Setting Qt to use the xcb plugin: [0m[1;32m'QT_QPA_PLATFORM=xcb'.[0m[1;32m[0m
[gazebo-1] [1;36m[Dbg] [Gui.cc:275] [0m[1;36mWaiting for subscribers to [[0m[1;36m/gazebo/starting_world[0m[1;36m]...[0m[1;36m[0m
[gazebo-1] [1;36m[Dbg] [Application.cc:96] [0m[1;36mInitializing application.[0m[1;36m[0m
[gazebo-1] [1;36m[Dbg] [Application.cc:170] [0m[1;36mQt using OpenGL graphics interface[0m[1;36m[0m
[gazebo-1] [1;36m[GUI] [Dbg] [Application.cc:657] [0m[1;36mCreate main window[0m[1;36m[0m
[gazebo-1] [1;36m[GUI] [Dbg] [PathManager.cc:68] [0m[1;36mRequesting resource paths through [[0m[1;36m/gazebo/resource_paths/get[0m[1;36m][0m[1;36m[0m
[gazebo-1] [1;36m[GUI] [Dbg] [Gui.cc:355] [0m[1;36mGUI requesting list of world names. The server may be busy [0m[1;36mdownloading resources. Please be patient.[0m[1;36m[0m
[gazebo-1] [1;36m[GUI] [Dbg] [GuiRunner.cc:149] [0m[1;36mRequesting initial state from [[0m[1;36m/world/warehouse/state[0m[1;36m]...[0m[1;36m[0m
[gazebo-1] [1;32m[GUI] [0m[1;32m[Msg] [0m[1;32mLoading config [[0m[1;32m/home/y/u/yunqiao/IROB_Mobile_Robot_Project/install/turtlebot4_gz_bringup/share/turtlebot4_gz_bringup/gui/standard/gui.config[0m[1;32m][0m[1;32m[0m
[gazebo-1] [1;36m[GUI] [Dbg] [Application.cc:528] [0m[1;36mLoading plugin [[0m[1;36mMinimalScene[0m[1;36m][0m[1;36m[0m
[gazebo-1] [1;36m[GUI] [Dbg] [PathManager.cc:57] [0m[1;36mReceived resource paths.[0m[1;36m[0m
[gazebo-1] [1;36m[GUI] [Dbg] [MinimalScene.cc:802] [0m[1;36mCreating gz-rendering interface for OpenGL[0m[1;36m[0m
[gazebo-1] [1;36m[GUI] [Dbg] [MinimalScene.cc:802] [0m[1;36mCreating gz-rendering interface for OpenGL[0m[1;36m[0m
[gazebo-1] [1;36m[GUI] [Dbg] [MinimalScene.cc:986] [0m[1;36mCreating render thread interface for OpenGL[0m[1;36m[0m
[gazebo-1] [1;36m[GUI] [Dbg] [MinimalScene.cc:802] [0m[1;36mCreating gz-rendering interface for OpenGL[0m[1;36m[0m
[gazebo-1] [1;36m[GUI] [Dbg] [MinimalScene.cc:986] [0m[1;36mCreating render thread interface for OpenGL[0m[1;36m[0m
[gazebo-1] [1;32m[GUI] [0m[1;32m[Msg] [0m[1;32mAdded plugin [[0m[1;32m3D View[0m[1;32m] to main window[0m[1;32m[0m
[gazebo-1] [1;32m[GUI] [0m[1;32m[Msg] [0m[1;32mLoaded plugin [[0m[1;32mMinimalScene[0m[1;32m] from path [[0m[1;32m/afs/kth.se/misc/info/kurser/DD2410/ht26/pixi/IROB/.pixi/envs/default/lib/gz-gui-8/plugins/libMinimalScene.so[0m[1;32m][0m[1;32m[0m
[gazebo-1] [1;36m[GUI] [Dbg] [Application.cc:528] [0m[1;36mLoading plugin [[0m[1;36mGzSceneManager[0m[1;36m][0m[1;36m[0m
[gazebo-1] [1;32m[GUI] [0m[1;32m[Msg] [0m[1;32mAdded plugin [[0m[1;32mScene Manager[0m[1;32m] to main window[0m[1;32m[0m
[gazebo-1] [1;32m[GUI] [0m[1;32m[Msg] [0m[1;32mLoaded plugin [[0m[1;32mGzSceneManager[0m[1;32m] from path [[0m[1;32m/afs/kth.se/misc/info/kurser/DD2410/ht26/pixi/IROB/.pixi/envs/default/lib/gz-sim-8/plugins/gui/libGzSceneManager.so[0m[1;32m][0m[1;32m[0m
[gazebo-1] [1;36m[GUI] [Dbg] [Application.cc:528] [0m[1;36mLoading plugin [[0m[1;36mInteractiveViewControl[0m[1;36m][0m[1;36m[0m
[gazebo-1] [1;32m[GUI] [0m[1;32m[Msg] [0m[1;32mCamera view controller topic advertised on [[0m[1;32m/gui/camera/view_control[0m[1;32m][0m[1;32m[0m
[gazebo-1] [1;32m[GUI] [0m[1;32m[Msg] [0m[1;32mCamera reference visual topic advertised on [[0m[1;32m/gui/camera/view_control/reference_visual[0m[1;32m][0m[1;32m[0m
[gazebo-1] [1;32m[GUI] [0m[1;32m[Msg] [0m[1;32mCamera view control sensitivity advertised on [[0m[1;32m/gui/camera/view_control/sensitivity[0m[1;32m][0m[1;32m[0m
[gazebo-1] [1;32m[GUI] [0m[1;32m[Msg] [0m[1;32mAdded plugin [[0m[1;32mInteractive view control[0m[1;32m] to main window[0m[1;32m[0m
[gazebo-1] [1;32m[GUI] [0m[1;32m[Msg] [0m[1;32mLoaded plugin [[0m[1;32mInteractiveViewControl[0m[1;32m] from path [[0m[1;32m/afs/kth.se/misc/info/kurser/DD2410/ht26/pixi/IROB/.pixi/envs/default/lib/gz-gui-8/plugins/libInteractiveViewControl.so[0m[1;32m][0m[1;32m[0m
[gazebo-1] [1;36m[GUI] [Dbg] [Application.cc:528] [0m[1;36mLoading plugin [[0m[1;36mWorldControl[0m[1;36m][0m[1;36m[0m
[parameter_bridge-26] [INFO] [1791306672.241570454] [hmi_led_msg_bridge]: Passing message from ROS std_msgs/msg/Int32 to Gazebo gz.msgs.Int32 (showing msg only once per type)
[INFO] [create-6]: process has finished cleanly [pid 41786]
[INFO] [create-7]: process has finished cleanly [pid 41788]
[gazebo-1] [1;33m[GUI] [Wrn] [Application.cc:908] [0m[1;33m[QT] file::/Turtlebot4Hmi/Turtlebot4Hmi.qml:102:7: Unable to assign [undefined] to QString[0m[1;33m[0m
[parameter_bridge-2] [WARN] [1791306672.342616650] [clock_bridge]: New subscription discovered on topic '/clock', requesting incompatible QoS. No messages will be sent to it. Last incompatible policy: DURABILITY_QOS_POLICY
[parameter_bridge-27] [WARN] [1791306672.367169926] [lidar_bridge]: New subscription discovered on topic '/scan', requesting incompatible QoS. No messages will be sent to it. Last incompatible policy: DURABILITY_QOS_POLICY
[wait_for_ready-47] [WARN] [1791306672.371661366] [wait_for_rviz]: New publisher discovered on topic '/clock', offering incompatible QoS. No messages will be received from it. Last incompatible policy: DURABILITY
[wait_for_ready-47] [WARN] [1791306672.373133034] [wait_for_rviz]: New publisher discovered on topic '/scan', offering incompatible QoS. No messages will be received from it. Last incompatible policy: DURABILITY
[gazebo-1] [1;33m[GUI] [Wrn] [Application.cc:908] [0m[1;33m[QT] file::/WorldStats/WorldStats.qml:53:3: QML RowLayout: Binding loop detected for property "x"[0m[1;33m[0m
[parameter_bridge-27] [WARN] [1791306672.434495852] [lidar_bridge]: New subscription discovered on topic '/scan', requesting incompatible QoS. No messages will be sent to it. Last incompatible policy: DURABILITY_QOS_POLICY
[parameter_bridge-24] [INFO] [1791306672.441766721] [hmi_display_msg_bridge]: Passing message from ROS std_msgs/msg/Int32 to Gazebo gz.msgs.Int32 (showing msg only once per type)
[parameter_bridge-24] [INFO] [1791306672.441814888] [hmi_display_msg_bridge]: Passing message from ROS std_msgs/msg/String to Gazebo gz.msgs.StringMsg (showing msg only once per type)
[wait_for_ready-48] [WARN] [1791306672.447721536] [wait_for_sim]: New publisher discovered on topic '/scan', offering incompatible QoS. No messages will be received from it. Last incompatible policy: DURABILITY
[gazebo-1] [1;32m[GUI] [0m[1;32m[Msg] [0m[1;32mUsing world control service [[0m[1;32m/world/warehouse/control[0m[1;32m][0m[1;32m[0m
[gazebo-1] [1;32m[GUI] [0m[1;32m[Msg] [0m[1;32mListening to stats on [[0m[1;32m/world/warehouse/stats[0m[1;32m][0m[1;32m[0m
[gazebo-1] [1;36m[GUI] [Dbg] [WorldControl.cc:237] [0m[1;36mUsing an event to share WorldControl msgs with the server[0m
[gazebo-1] [1;32m[GUI] [0m[1;32m[Msg] [0m[1;32mAdded plugin [[0m[1;32mWorld control[0m[1;32m] to main window[0m[1;32m[0m
[gazebo-1] [1;32m[GUI] [0m[1;32m[Msg] [0m[1;32mLoaded plugin [[0m[1;32mWorldControl[0m[1;32m] from path [[0m[1;32m/afs/kth.se/misc/info/kurser/DD2410/ht26/pixi/IROB/.pixi/envs/default/lib/gz-gui-8/plugins/libWorldControl.so[0m[1;32m][0m[1;32m[0m
[gazebo-1] [1;36m[GUI] [Dbg] [Application.cc:528] [0m[1;36mLoading plugin [[0m[1;36mWorldStats[0m[1;36m][0m[1;36m[0m
[gazebo-1] [1;32m[GUI] [0m[1;32m[Msg] [0m[1;32mListening to stats on [[0m[1;32m/world/warehouse/stats[0m[1;32m][0m[1;32m[0m
[gazebo-1] [1;32m[GUI] [0m[1;32m[Msg] [0m[1;32mAdded plugin [[0m[1;32mWorld stats[0m[1;32m] to main window[0m[1;32m[0m
[gazebo-1] [1;32m[GUI] [0m[1;32m[Msg] [0m[1;32mLoaded plugin [[0m[1;32mWorldStats[0m[1;32m] from path [[0m[1;32m/afs/kth.se/misc/info/kurser/DD2410/ht26/pixi/IROB/.pixi/envs/default/lib/gz-gui-8/plugins/libWorldStats.so[0m[1;32m][0m[1;32m[0m
[gazebo-1] [1;36m[GUI] [Dbg] [Application.cc:528] [0m[1;36mLoading plugin [[0m[1;36mTransformControl[0m[1;36m][0m[1;36m[0m
[gazebo-1] [1;32m[GUI] [0m[1;32m[Msg] [0m[1;32mAdded plugin [[0m[1;32mTransform control[0m[1;32m] to main window[0m[1;32m[0m
[gazebo-1] [1;32m[GUI] [0m[1;32m[Msg] [0m[1;32mLoaded plugin [[0m[1;32mTransformControl[0m[1;32m] from path [[0m[1;32m/afs/kth.se/misc/info/kurser/DD2410/ht26/pixi/IROB/.pixi/envs/default/lib/gz-sim-8/plugins/gui/libTransformControl.so[0m[1;32m][0m[1;32m[0m
[gazebo-1] [1;36m[GUI] [Dbg] [Application.cc:528] [0m[1;36mLoading plugin [[0m[1;36mShapes[0m[1;36m][0m[1;36m[0m
[gazebo-1] [1;32m[GUI] [0m[1;32m[Msg] [0m[1;32mAdded plugin [[0m[1;32mShapes[0m[1;32m] to main window[0m[1;32m[0m
[gazebo-1] [1;32m[GUI] [0m[1;32m[Msg] [0m[1;32mLoaded plugin [[0m[1;32mShapes[0m[1;32m] from path [[0m[1;32m/afs/kth.se/misc/info/kurser/DD2410/ht26/pixi/IROB/.pixi/envs/default/lib/gz-sim-8/plugins/gui/libShapes.so[0m[1;32m][0m[1;32m[0m
[gazebo-1] [1;36m[GUI] [Dbg] [Application.cc:528] [0m[1;36mLoading plugin [[0m[1;36mTurtlebot4Hmi[0m[1;36m][0m[1;36m[0m
[gazebo-1] [1;32m[GUI] [0m[1;32m[Msg] [0m[1;32mAdded plugin [[0m[1;32mTurtlebot4 HMI[0m[1;32m] to main window[0m[1;32m[0m
[gazebo-1] [1;32m[GUI] [0m[1;32m[Msg] [0m[1;32mLoaded plugin [[0m[1;32mTurtlebot4Hmi[0m[1;32m] from path [[0m[1;32m/home/y/u/yunqiao/IROB_Mobile_Robot_Project/install/turtlebot4_gz_gui_plugins/share/turtlebot4_gz_gui_plugins/lib/libTurtlebot4Hmi.so[0m[1;32m][0m[1;32m[0m
[gazebo-1] [1;36m[GUI] [Dbg] [Application.cc:528] [0m[1;36mLoading plugin [[0m[1;36mTeleop[0m[1;36m][0m[1;36m[0m
[gazebo-1] [1;32m[GUI] [0m[1;32m[Msg] [0m[1;32mA new topic has been entered: '[0m[1;32m/cmd_vel[0m[1;32m ' [0m[1;32m[0m
[gazebo-1] [1;32m[GUI] [0m[1;32m[Msg] [0m[1;32mAdded plugin [[0m[1;32mTeleop[0m[1;32m] to main window[0m[1;32m[0m
[gazebo-1] [1;32m[GUI] [0m[1;32m[Msg] [0m[1;32mLoaded plugin [[0m[1;32mTeleop[0m[1;32m] from path [[0m[1;32m/afs/kth.se/misc/info/kurser/DD2410/ht26/pixi/IROB/.pixi/envs/default/lib/gz-gui-8/plugins/libTeleop.so[0m[1;32m][0m[1;32m[0m
[gazebo-1] [1;36m[GUI] [Dbg] [Application.cc:671] [0m[1;36mApplying config[0m[1;36m[0m
[gazebo-1] [1;36m[GUI] [Dbg] [MinimalScene.cc:802] [0m[1;36mCreating gz-rendering interface for OpenGL[0m[1;36m[0m
[gazebo-1] [1;36m[GUI] [Dbg] [MinimalScene.cc:986] [0m[1;36mCreating render thread interface for OpenGL[0m[1;36m[0m
[gazebo-1] [1;32m[GUI] [0m[1;32m[Msg] [0m[1;32mLoading plugin [[0m[1;32mgz-rendering-ogre2[0m[1;32m][0m[1;32m[0m
[gazebo-1] [1;36m[GUI] [Dbg] [MinimalScene.cc:749] [0m[1;36mCreate scene [[0m[1;36mscene[0m[1;36m][0m[1;36m[0m
[gazebo-1] [1;36m[GUI] [Dbg] [MinimalScene.cc:1037] [0m[1;36mCreating texture node render interface for OpenGL[0m[1;36m[0m
[parameter_bridge-46] [INFO] [1791306672.790029939] [odom_gt_bridge]: Creating GZ->ROS Bridge: [/model/turtlebot4/odometry (gz.msgs.Odometry) -> /odom_gt (nav_msgs/msg/Odometry)] (Lazy 0)
[parameter_bridge-46] [INFO] [1791306672.795515379] [odom_gt_bridge]: Creating GZ->ROS Bridge: [/model/turtlebot4/pose (gz.msgs.Pose_V) -> /tf (tf2_msgs/msg/TFMessage)] (Lazy 0)
[gazebo-1] [1;36m[GUI] [Dbg] [TransformControl.cc:453] [0m[1;36mTransformControl [0m[1;32m] (blocking)[0m[1;32m[0m
[gazebo-1] [1;32m[Msg] [0m[1;32mMaterial[0m[1;32m service on [[0m[1;32m/world/warehouse/wheel_slip[0m[1;32m] (async)[0m[1;32m[0m
[gazebo-1] [1;32m[Msg] [0m[1;32mMaterial[0m[1;32m service on [[0m[1;32m/world/warehouse/wheel_slip/blocking[0m[1;32m] (blocking)[0m[1;32m[0m
[gazebo-1] [1;36m[Dbg] [SystemManager.cc:80] [0m[1;36mLoaded system [[0m[1;36mgz::sim::systems::UserCommands[0m[1;36m] for entity [[0m[1;36m1[0m[1;36m][0m[1;36m[0m
[gazebo-1] [1;36m[Dbg] [SystemManager.cc:80] [0m[1;36mLoaded system [[0m[1;36mgz::sim::systems::SceneBroadcaster[0m[1;36m] for entity [[0m[1;36m1[0m[1;36m][0m[1;36m[0m
[gazebo-1] [1;36m[Dbg] [SystemManager.cc:80] [0m[1;36mLoaded system [[0m[1;36mgz::sim::systems::Contact[0m[1;36m] for entity [[0m[1;36m1[0m[1;36m][0m[1;36m[0m
[gazebo-1] [1;32m[Msg] [0m[1;32mLoaded level [[0m[1;32mdefault[0m[1;32m][0m[1;32m[0m
[gazebo-1] [1;32m[Msg] [0m[1;32mServing world controls on [[0m[1;32m/world/warehouse[0m[1;32m/control], [[0m[1;32m/world/warehouse[0m[1;32m/control/state] and [[0m[1;32m/world/warehouse[0m[1;32m/playback/control][0m[1;32m[0m
[gazebo-1] [1;32m[Msg] [0m[1;32mServing GUI information on [[0m[1;32m/world/warehouse[0m[1;32m/[0m[1;32mgui/info[0m[1;32m][0m[1;32m[0m
[gazebo-1] [1;32m[Msg] [0m[1;32mWorld [[0m[1;32mwarehouse[0m[1;32m] initialized with [[0m[1;32mdefault_physics[0m[1;32m] physics profile.[0m[1;32m[0m
[gazebo-1] [1;32m[Msg] [0m[1;32mServing world SDF generation service on [[0m[1;32m/world/warehouse[0m[1;32m/[0m[1;32mgenerate_world_sdf[0m[1;32m][0m[1;32m[0m
[gazebo-1] [1;32m[Msg] [0m[1;32mServing world names on [[0m[1;32m/gazebo/worlds[0m[1;32m][0m[1;32m[0m
[gazebo-1] [1;32m[Msg] [0m[1;32mResource path add service on [[0m[1;32m/gazebo/resource_paths/add[0m[1;32m].[0m[1;32m[0m
[gazebo-1] [1;32m[Msg] [0m[1;32mResource path get service on [[0m[1;32m/gazebo/resource_paths/get[0m[1;32m].[0m[1;32m[0m
[gazebo-1] [1;32m[Msg] [0m[1;32mResource path resolve service on [[0m[1;32m/gazebo/resource_paths/resolve[0m[1;32m].[0m[1;32m[0m
[gazebo-1] [1;32m[Msg] [0m[1;32mResource paths published on [[0m[1;32m/gazebo/resource_paths[0m[1;32m].[0m[1;32m[0m
[gazebo-1] [1;32m[Msg] [0m[1;32mServer control service on [[0m[1;32m/server_control[0m[1;32m].[0m[1;32m[0m
[gazebo-1] [1;32m[Msg] [0m[1;32mFound no publishers on /stats, adding root stats topic[0m[1;32m[0m
[gazebo-1] [1;32m[Msg] [0m[1;32mFound no publishers on /clock, adding root clock topic[0m[1;32m[0m
[gazebo-1] [1;36m[Dbg] [SimulationRunner.cc:533] [0m[1;36mCreating PostUpdate worker threads: [0m[1;36m3[0m[1;36m[0m
[gazebo-1] [1;36m[Dbg] [SimulationRunner.cc:544] [0m[1;36mCreating postupdate worker thread ([0m[1;36m0[0m[1;36m)[0m[1;36m[0m
[gazebo-1] [1;36m[Dbg] [SimulationRunner.cc:544] [0m[1;36mCreating postupdate worker thread ([0m[1;36m1[0m[1;36m)[0m[1;36m[0m
[gazebo-1] [1;36m[Dbg] [SystemManager.cc:80] [0m[1;36mLoaded system [[0m[1;36mgz::sim::systems::PosePublisher[0m[1;36m] for entity [[0m[1;36m148[0m[1;36m][0m[1;36m[0m
[gazebo-1] [1;36m[Dbg] [UserCommands.cc:1094] [0m[1;36mCreated entity [[0m[1;36m148[0m[1;36m] named [[0m[1;36mstandard_dock[0m[1;36m][0m[1;36m[0m
[gazebo-1] [1;33mWarning [Utils.cc:132][0m [/sdf/model[@name="tb4_lite6"]/joint[@name="wheel_drop_left_joint"]/physics/ode/provide_feedback:<urdf-string>:L0]: XML Element[provide_feedback], child of element[ode], not defined in SDF. Copying[provide_feedback] as children of [ode].
[gazebo-1] [1;33mWarning [Utils.cc:132][0m [/sdf/model[@name="tb4_lite6"]/joint[@name="wheel_drop_right_joint"]/physics/ode/provide_feedback:<urdf-string>:L0]: XML Element[provide_feedback], child of element[ode], not defined in SDF. Copying[provide_feedback] as children of [ode].
[gazebo-1] [1;33m[Wrn] [SdfEntityCreator.cc:933] [0m[1;33mGazebo does not support Ogre material scripts. See [0m[1;33mhttps://gazebosim.org/api/sim/8/migrationsdf.html#:~:text=Materials [0m[1;33mfor details.[0m[1;33m[0m
[gazebo-1] [1;33m[Wrn] [SdfEntityCreator.cc:949] [0m[1;33mUsing an internal gazebo.material to parse [0m[1;33mGazebo/DarkGrey[0m[1;33m[0m
[gazebo-1] [1;33m[Wrn] [SdfEntityCreator.cc:933] [0m[1;33mGazebo does not support Ogre material scripts. See [0m[1;33mhttps://gazebosim.org/api/sim/8/migrationsdf.html#:~:text=Materials [0m[1;33mfor details.[0m[1;33m[0m
[gazebo-1] [1;33m[Wrn] [SdfEntityCreator.cc:949] [0m[1;33mUsing an internal gazebo.material to parse [0m[1;33mGazebo/DarkGrey[0m[1;33m[0m
[gazebo-1] [1;33m[Wrn] [SdfEntityCreator.cc:933] [0m[1;33mGazebo does not support Ogre material scripts. See [0m[1;33mhttps://gazebosim.org/api/sim/8/migrationsdf.html#:~:text=Materials [0m[1;33mfor details.[0m[1;33m[0m
[gazebo-1] [1;33m[Wrn] [SdfEntityCreator.cc:949] [0m[1;33mUsing an internal gazebo.material to parse [0m[1;33mGazebo/DarkGrey[0m[1;33m[0m
[gazebo-1] [1;33m[Wrn] [SdfEntityCreator.cc:933] [0m[1;33mGazebo does not support Ogre material scripts. See [0m[1;33mhttps://gazebosim.org/api/sim/8/migrationsdf.html#:~:text=Materials [0m[1;33mfor details.[0m[1;33m[0m
[gazebo-1] [1;33m[Wrn] [SdfEntityCreator.cc:949] [0m[1;33mUsing an internal gazebo.material to parse [0m[1;33mGazebo/DarkGrey[0m[1;33m[0m
[gazebo-1] [INFO] [1791306673.187172037] [gz_ros_control]: [gz_ros2_control] Fixed joint ['bumper_joint'] (Entity='270') is skipped.
[gazebo-1] [INFO] [1791306673.187207606] [gz_ros_control]: [gz_ros2_control] Fixed joint ['front_caster_joint'] (Entity='271') is skipped.
[gazebo-1] [INFO] [1791306673.187211289] [gz_ros_control]: [gz_ros2_control] Fixed joint ['front_left_bottom_weight_block_joint'] (Entity='272') is skipped.
[gazebo-1] [INFO] [1791306673.187214326] [gz_ros_control]: [gz_ros2_control] Fixed joint ['front_left_top_weight_block_joint'] (Entity='273') is skipped.
[gazebo-1] [INFO] [1791306673.187216786] [gz_ros_control]: [gz_ros2_control] Fixed joint ['front_right_bottom_weight_block_joint'] (Entity='274') is skipped.
[gazebo-1] [INFO] [1791306673.187219136] [gz_ros_control]: [gz_ros2_control] Fixed joint ['front_right_top_weight_block_joint'] (Entity='275') is skipped.
[gazebo-1] [INFO] [1791306673.187221898] [gz_ros_control]: [gz_ros2_control] Fixed joint ['imu_joint'] (Entity='276') is skipped.
[gazebo-1] [INFO] [1791306673.187224136] [gz_ros_control]: [gz_ros2_control] Fixed joint ['ir_intensity_front_center_left_joint'] (Entity='277') is skipped.
[gazebo-1] [INFO] [1791306673.187226954] [gz_ros_control]: [gz_ros2_control] Fixed joint ['ir_intensity_front_center_right_joint'] (Entity='278') is skipped.
[gazebo-1] [INFO] [1791306673.187229368] [gz_ros_control]: [gz_ros2_control] Fixed joint ['ir_intensity_front_left_joint'] (Entity='279') is skipped.
[gazebo-1] [INFO] [1791306673.187233115] [gz_ros_control]: [gz_ros2_control] Fixed joint ['ir_intensity_front_right_joint'] (Entity='280') is skipped.
[gazebo-1] [INFO] [1791306673.187235503] [gz_ros_control]: [gz_ros2_control] Fixed joint ['ir_intensity_left_joint'] (Entity='281') is skipped.
[gazebo-1] [INFO] [1791306673.187238085] [gz_ros_control]: [gz_ros2_control] Fixed joint ['ir_intensity_right_joint'] (Entity='282') is skipped.
[gazebo-1] [INFO] [1791306673.187240482] [gz_ros_control]: [gz_ros2_control] Fixed joint ['ir_intensity_side_left_joint'] (Entity='283') is skipped.
[gazebo-1] [INFO] [1791306673.187242936] [gz_ros_control]: [gz_ros2_control] Fixed joint ['ir_omni_joint'] (Entity='284') is skipped.
[gazebo-1] [INFO] [1791306673.187245804] [gz_ros_control]: [gz_ros2_control] Fixed joint ['mouse_joint'] (Entity='285') is skipped.
[gazebo-1] [INFO] [1791306673.187249864] [gz_ros_control]: [gz_ros2_control] Fixed joint ['arm_vacuum_gripper_fix'] (Entity='292') is skipped.
[gazebo-1] [INFO] [1791306673.187252842] [gz_ros_control]: [gz_ros2_control] Fixed joint ['front_left_tower_standoff_joint'] (Entity='293') is skipped.
[gazebo-1] [INFO] [1791306673.187255178] [gz_ros_control]: [gz_ros2_control] Fixed joint ['front_right_tower_standoff_joint'] (Entity='294') is skipped.
[gazebo-1] [INFO] [1791306673.187257463] [gz_ros_control]: [gz_ros2_control] Fixed joint ['oakd_camera_bracket_joint'] (Entity='295') is skipped.
[gazebo-1] [INFO] [1791306673.187259964] [gz_ros_control]: [gz_ros2_control] Fixed joint ['oakd_joint'] (Entity='296') is skipped.
[gazebo-1] [INFO] [1791306673.187262209] [gz_ros_control]: [gz_ros2_control] Fixed joint ['oakd_imu_joint'] (Entity='297') is skipped.
[gazebo-1] [INFO] [1791306673.187264372] [gz_ros_control]: [gz_ros2_control] Fixed joint ['oakd_left_camera_joint'] (Entity='298') is skipped.
[gazebo-1] [INFO] [1791306673.187266688] [gz_ros_control]: [gz_ros2_control] Fixed joint ['oakd_left_camera_optical_joint'] (Entity='299') is skipped.
[gazebo-1] [INFO] [1791306673.187269709] [gz_ros_control]: [gz_ros2_control] Fixed joint ['oakd_rgb_camera_joint'] (Entity='300') is skipped.
[gazebo-1] [INFO] [1791306673.187271919] [gz_ros_control]: [gz_ros2_control] Fixed joint ['oakd_rgb_camera_optical_joint'] (Entity='301') is skipped.
[gazebo-1] [INFO] [1791306673.187274337] [gz_ros_control]: [gz_ros2_control] Fixed joint ['oakd_right_camera_joint'] (Entity='302') is skipped.
[gazebo-1] [INFO] [1791306673.187276566] [gz_ros_control]: [gz_ros2_control] Fixed joint ['oakd_right_camera_optical_joint'] (Entity='303') is skipped.
[gazebo-1] [INFO] [1791306673.187278967] [gz_ros_control]: [gz_ros2_control] Fixed joint ['rear_left_tower_standoff_joint'] (Entity='304') is skipped.
[gazebo-1] [INFO] [1791306673.187281912] [gz_ros_control]: [gz_ros2_control] Fixed joint ['rear_right_tower_standoff_joint'] (Entity='305') is skipped.
[gazebo-1] [INFO] [1791306673.187285869] [gz_ros_control]: [gz_ros2_control] Fixed joint ['rplidar_joint'] (Entity='306') is skipped.
[gazebo-1] [INFO] [1791306673.187344011] [gz_ros_control]: [gz_ros2_control] Fixed joint ['tower_sensor_plate_joint'] (Entity='307') is skipped.
[gazebo-1] [INFO] [1791306673.197215669] [gz_ros_control]: Loading controller_manager
[gazebo-1] [INFO] [1791306673.228647314] [controller_manager]: Using ROS clock for triggering controller manager cycles.
[gazebo-1] [INFO] [1791306673.233000306] [controller_manager]: Subscribing to '/robot_description' topic for robot description.
[gazebo-1] [WARN] [1791306673.236173140] [gz_ros_control]: Waiting RM to load and initialize hardware...
[gazebo-1] [INFO] [1791306673.947797862] [controller_manager]: Received robot description from topic.
[gazebo-1] [INFO] [1791306673.947857577] [controller_manager]: Enforcing command limits is disabled. Command limits from URDF will be ignored.
[gazebo-1] [INFO] [1791306673.956493469] [gz_ros_control]: The position_proportional_gain has been set to: 0.1
[gazebo-1] [INFO] [1791306673.956547422] [gz_ros_control]: Loading joint: left_wheel_joint
[gazebo-1] [INFO] [1791306673.956554928] [gz_ros_control]: 	State:
[gazebo-1] [INFO] [1791306673.956559858] [gz_ros_control]: 		 velocity
[gazebo-1] [INFO] [1791306673.956563720] [gz_ros_control]: 		 position
[gazebo-1] [INFO] [1791306673.956567156] [gz_ros_control]: 	Command:
[gazebo-1] [INFO] [1791306673.956569384] [gz_ros_control]: 		 velocity
[gazebo-1] [INFO] [1791306673.956646413] [gz_ros_control]: Loading sensor: imu
[gazebo-1] [INFO] [1791306673.956655515] [gz_ros_control]: 	State:
[gazebo-1] [WARN] [1791306673.956658319] [gz_ros_control]: IMU sensor 'imu' not found in hardware_info, skipping.
[gazebo-1] [INFO] [1791306673.956727182] [controller_manager]: Initialize hardware 'left_wheel_controller' 
[gazebo-1] [WARN] [1791306673.956737030] [controller_manager.hardware_component.system.left_wheel_controller]: Executor is not available during hardware component initialization for 'left_wheel_controller'. Skipping node creation!
[gazebo-1] [INFO] [1791306673.956757591] [controller_manager]: Successful initialization of hardware 'left_wheel_controller'
[gazebo-1] [INFO] [1791306673.956814033] [gz_ros_control]: The position_proportional_gain has been set to: 0.1
[gazebo-1] [INFO] [1791306673.956828975] [gz_ros_control]: Loading joint: right_wheel_joint
[gazebo-1] [INFO] [1791306673.956833814] [gz_ros_control]: 	State:
[gazebo-1] [INFO] [1791306673.956837359] [gz_ros_control]: 		 velocity
[gazebo-1] [INFO] [1791306673.956841283] [gz_ros_control]: 		 position
[gazebo-1] [INFO] [1791306673.956845267] [gz_ros_control]: 	Command:
[gazebo-1] [INFO] [1791306673.956848622] [gz_ros_control]: 		 velocity
[gazebo-1] [INFO] [1791306673.956856512] [gz_ros_control]: Loading sensor: imu
[gazebo-1] [INFO] [1791306673.956860096] [gz_ros_control]: 	State:
[gazebo-1] [WARN] [1791306673.956862497] [gz_ros_control]: IMU sensor 'imu' not found in hardware_info, skipping.
[gazebo-1] [INFO] [1791306673.956880668] [controller_manager]: Initialize hardware 'right_wheel_controller' 
[gazebo-1] [WARN] [1791306673.956886815] [controller_manager.hardware_component.system.right_wheel_controller]: Executor is not available during hardware component initialization for 'right_wheel_controller'. Skipping node creation!
[gazebo-1] [INFO] [1791306673.956899049] [controller_manager]: Successful initialization of hardware 'right_wheel_controller'
[gazebo-1] [INFO] [1791306673.956939971] [gz_ros_control]: The position_proportional_gain has been set to: 0.1
[gazebo-1] [INFO] [1791306673.956956547] [gz_ros_control]: Loading joint: arm_joint1
[gazebo-1] [INFO] [1791306673.956961245] [gz_ros_control]: 	State:
[gazebo-1] [INFO] [1791306673.956965763] [gz_ros_control]: 		 position
[gazebo-1] [INFO] [1791306673.956969735] [gz_ros_control]: 		 velocity
[gazebo-1] [INFO] [1791306673.956973978] [gz_ros_control]: 	Command:
[gazebo-1] [INFO] [1791306673.956977863] [gz_ros_control]: 		 position
[gazebo-1] [INFO] [1791306673.956983210] [gz_ros_control]: 		 velocity
[gazebo-1] [INFO] [1791306673.956990788] [gz_ros_control]: Loading joint: arm_joint2
[gazebo-1] [INFO] [1791306673.956994216] [gz_ros_control]: 	State:
[gazebo-1] [INFO] [1791306673.956996926] [gz_ros_control]: 		 position
[gazebo-1] [INFO] [1791306673.956999459] [gz_ros_control]: 		 velocity
[gazebo-1] [INFO] [1791306673.957001492] [gz_ros_control]: 	Command:
[gazebo-1] [INFO] [1791306673.957003371] [gz_ros_control]: 		 position
[gazebo-1] [INFO] [1791306673.957006895] [gz_ros_control]: 		 velocity
[gazebo-1] [INFO] [1791306673.957011819] [gz_ros_control]: Loading joint: arm_joint3
[gazebo-1] [INFO] [1791306673.957036618] [gz_ros_control]: 	State:
[gazebo-1] [INFO] [1791306673.957039917] [gz_ros_control]: 		 position
[gazebo-1] [INFO] [1791306673.957044957] [gz_ros_control]: 		 velocity
[gazebo-1] [INFO] [1791306673.957047635] [gz_ros_control]: 	Command:
[gazebo-1] [INFO] [1791306673.957049647] [gz_ros_control]: 		 position
[gazebo-1] [INFO] [1791306673.957054181] [gz_ros_control]: 		 velocity
[gazebo-1] [INFO] [1791306673.957059566] [gz_ros_control]: Loading joint: arm_joint4
[gazebo-1] [INFO] [1791306673.957061966] [gz_ros_control]: 	State:
[gazebo-1] [INFO] [1791306673.957064239] [gz_ros_control]: 		 position
[gazebo-1] [INFO] [1791306673.957066601] [gz_ros_control]: 		 velocity
[gazebo-1] [INFO] [1791306673.957068599] [gz_ros_control]: 	Command:
[gazebo-1] [INFO] [1791306673.957070781] [gz_ros_control]: 		 position
[gazebo-1] [INFO] [1791306673.957073973] [gz_ros_control]: 		 velocity
[gazebo-1] [INFO] [1791306673.957078815] [gz_ros_control]: Loading joint: arm_joint5
[gazebo-1] [INFO] [1791306673.957081063] [gz_ros_control]: 	State:
[gazebo-1] [INFO] [1791306673.957083095] [gz_ros_control]: 		 position
[gazebo-1] [INFO] [1791306673.957085850] [gz_ros_control]: 		 velocity
[gazebo-1] [INFO] [1791306673.957087854] [gz_ros_control]: 	Command:
[gazebo-1] [INFO] [1791306673.957089951] [gz_ros_control]: 		 position
[gazebo-1] [INFO] [1791306673.957095268] [gz_ros_control]: 		 velocity
[gazebo-1] [INFO] [1791306673.957100251] [gz_ros_control]: Loading joint: arm_joint6
[gazebo-1] [INFO] [1791306673.957102566] [gz_ros_control]: 	State:
[gazebo-1] [INFO] [1791306673.957104501] [gz_ros_control]: 		 position
[gazebo-1] [INFO] [1791306673.957106424] [gz_ros_control]: 		 velocity
[gazebo-1] [INFO] [1791306673.957108483] [gz_ros_control]: 	Command:
[gazebo-1] [INFO] [1791306673.957110357] [gz_ros_control]: 		 position
[gazebo-1] [INFO] [1791306673.957113573] [gz_ros_control]: 		 velocity
[gazebo-1] [INFO] [1791306673.957117722] [gz_ros_control]: Loading sensor: imu
[gazebo-1] [INFO] [1791306673.957120010] [gz_ros_control]: 	State:
[gazebo-1] [WARN] [1791306673.957122143] [gz_ros_control]: IMU sensor 'imu' not found in hardware_info, skipping.
[gazebo-1] [INFO] [1791306673.957143297] [controller_manager]: Initialize hardware 'arm_gz_ros2_control/GazeboSimSystem' 
[gazebo-1] [WARN] [1791306673.957151987] [controller_manager.hardware_component.system.arm_gz_ros2_control/GazeboSimSystem]: Executor is not available during hardware component initialization for 'arm_gz_ros2_control/GazeboSimSystem'. Skipping node creation!
[gazebo-1] [INFO] [1791306673.957177208] [controller_manager]: Successful initialization of hardware 'arm_gz_ros2_control/GazeboSimSystem'
[gazebo-1] [INFO] [1791306673.957252325] [controller_manager]: Activating component 'arm_gz_ros2_control/GazeboSimSystem'.
[gazebo-1] [INFO] [1791306673.957263885] [resource_manager]: 'configure' hardware 'arm_gz_ros2_control/GazeboSimSystem' 
[gazebo-1] [INFO] [1791306673.957266761] [gz_ros_control]: System Successfully configured!
[gazebo-1] [INFO] [1791306673.957275066] [resource_manager]: Successful 'configure' of hardware 'arm_gz_ros2_control/GazeboSimSystem'
[gazebo-1] [INFO] [1791306673.957281236] [resource_manager]: 'activate' hardware 'arm_gz_ros2_control/GazeboSimSystem' 
[gazebo-1] [INFO] [1791306673.957286667] [resource_manager]: Successful 'activate' of hardware 'arm_gz_ros2_control/GazeboSimSystem'
[gazebo-1] [INFO] [1791306673.957303803] [controller_manager]: Activating component 'right_wheel_controller'.
[gazebo-1] [INFO] [1791306673.957307084] [resource_manager]: 'configure' hardware 'right_wheel_controller' 
[gazebo-1] [INFO] [1791306673.957308492] [gz_ros_control]: System Successfully configured!
[gazebo-1] [INFO] [1791306673.957312391] [resource_manager]: Successful 'configure' of hardware 'right_wheel_controller'
[gazebo-1] [INFO] [1791306673.957314041] [resource_manager]: 'activate' hardware 'right_wheel_controller' 
[gazebo-1] [INFO] [1791306673.957315745] [resource_manager]: Successful 'activate' of hardware 'right_wheel_controller'
[gazebo-1] [INFO] [1791306673.957324012] [controller_manager]: Activating component 'left_wheel_controller'.
[gazebo-1] [INFO] [1791306673.957326318] [resource_manager]: 'configure' hardware 'left_wheel_controller' 
[gazebo-1] [INFO] [1791306673.957327561] [gz_ros_control]: System Successfully configured!
[gazebo-1] [INFO] [1791306673.957329482] [resource_manager]: Successful 'configure' of hardware 'left_wheel_controller'
[gazebo-1] [INFO] [1791306673.957330996] [resource_manager]: 'activate' hardware 'left_wheel_controller' 
[gazebo-1] [INFO] [1791306673.957341877] [resource_manager]: Successful 'activate' of hardware 'left_wheel_controller'
[gazebo-1] [WARN] [1791306673.957350259] [controller_manager]: Component 'arm_gz_ros2_control/GazeboSimSystem' does not have read or write statistics initialized, skipping registration.
[gazebo-1] [WARN] [1791306673.957353128] [controller_manager]: Component 'right_wheel_controller' does not have read or write statistics initialized, skipping registration.
[gazebo-1] [WARN] [1791306673.957355431] [controller_manager]: Component 'left_wheel_controller' does not have read or write statistics initialized, skipping registration.
[gazebo-1] [INFO] [1791306673.957361223] [controller_manager]: Resource Manager has been successfully initialized. Starting Controller Manager services...
[wait_for_ready-48] [INFO] [1791306674.092437567] [wait_for_sim]: ready: service /controller_manager/list_controllers (answered a call)
[gazebo-1] [WARN] [1791306674.245036742] [controller_manager.rclcpp]: failed to send response to /controller_manager/list_controllers (timeout): client will not receive response, at /home/runner/conda-bld/bld/rattler-build_ros-jazzy-rmw-fastrtps-shared-cpp_1782301755/work/ros-jazzy-rmw-fastrtps-shared-cpp/src/work/src/rmw_response.cpp:153, at /home/runner/conda-bld/bld/rattler-build_ros-jazzy-rcl_1782302707/work/ros-jazzy-rcl/src/work/src/rcl/service.c:400
[wait_for_ready-48] [INFO] [1791306674.595407015] [wait_for_sim]: ready: node controller_manager
[wait_for_ready-48] [INFO] [1791306674.596864265] [wait_for_sim]: ready: service /controller_manager/set_parameters
[gazebo-1] [1;36m[Dbg] [SystemManager.cc:80] [0m[1;36mLoaded system [[0m[1;36mgz_ros2_control::GazeboSimROS2ControlPlugin[0m[1;36m] for entity [[0m[1;36m164[0m[1;36m][0m[1;36m[0m
[gazebo-1] [1;36m[Dbg] [SystemManager.cc:80] [0m[1;36mLoaded system [[0m[1;36mgz::sim::systems::PosePublisher[0m[1;36m] for entity [[0m[1;36m164[0m[1;36m][0m[1;36m[0m
[gazebo-1] [1;36m[Dbg] [SystemManager.cc:80] [0m[1;36mLoaded system [[0m[1;36mgz::sim::systems::Contact[0m[1;36m] for entity [[0m[1;36m164[0m[1;36m][0m[1;36m[0m
[gazebo-1] [1;36m[Dbg] [Sensors.cc:697] [0m[1;36mConfiguring Sensors system[0m[1;36m[0m
[gazebo-1] [1;36m[Dbg] [Sensors.cc:557] [0m[1;36mSensorsPrivate::Run[0m[1;36m[0m
[gazebo-1] [1;36m[Dbg] [SystemManager.cc:80] [0m[1;36mLoaded system [[0m[1;36mgz::sim::systems::Sensors[0m[1;36m] for entity [[0m[1;36m164[0m[1;36m][0m[1;36m[0m
[gazebo-1] [1;36m[Dbg] [Sensors.cc:532] [0m[1;36mSensorsPrivate::RenderThread started[0m[1;36m[0m
[gazebo-1] [1;36m[Dbg] [Sensors.cc:337] [0m[1;36mWaiting for init[0m[1;36m[0m
[gazebo-1] [1;36m[Dbg] [DetachableJoint.cc:137] [0m[1;36mDetach topic is: [0m[1;36m/vacuum_gripper/detach[0m[1;36m[0m
[gazebo-1] [1;36m[Dbg] [DetachableJoint.cc:143] [0m[1;36mDetachableJoint subscribing to messages on [0m[1;36m[[0m[1;36m/vacuum_gripper/detach[0m[1;36m][0m[1;36m[0m
[gazebo-1] [1;36m[Dbg] [DetachableJoint.cc:160] [0m[1;36mAttach topic is: [0m[1;36m/vacuum_gripper/attach[0m[1;36m[0m
[gazebo-1] [1;36m[Dbg] [DetachableJoint.cc:195] [0m[1;36mOutput topic is: [0m[1;36m/vacuum_gripper/state[0m[1;36m[0m
[gazebo-1] [1;36m[Dbg] [SystemManager.cc:80] [0m[1;36mLoaded system [[0m[1;36mgz::sim::systems::DetachableJoint[0m[1;36m] for entity [[0m[1;36m164[0m[1;36m][0m[1;36m[0m
[gazebo-1] [1;32m[Msg] [0m[1;32mOdometryPublisher publishing odometry on [[0m[1;32m/model/turtlebot4/odometry[0m[1;32m][0m[1;32m[0m
[gazebo-1] [1;32m[Msg] [0m[1;32mOdometryPublisher publishing odometry with covariance on [[0m[1;32m/model/turtlebot4/odometry_with_covariance[0m[1;32m][0m[1;32m[0m
[gazebo-1] [1;32m[Msg] [0m[1;32mOdometryPublisher publishing Pose_V (TF) on [[0m[1;32m/model/turtlebot4/pose[0m[1;32m][0m[1;32m[0m
[gazebo-1] [1;36m[Dbg] [SystemManager.cc:80] [0m[1;36mLoaded system [[0m[1;36mgz::sim::systems::OdometryPublisher[0m[1;36m] for entity [[0m[1;36m164[0m[1;36m][0m[1;36m[0m
[gazebo-1] [1;36m[Dbg] [UserCommands.cc:1094] [0m[1;36mCreated entity [[0m[1;36m164[0m[1;36m] named [[0m[1;36mturtlebot4[0m[1;36m][0m[1;36m[0m
[gazebo-1] [1;32m[Msg] [0m[1;32mContact system publishing on [0m[1;32m/bumper_contact[0m[1;32m[0m
[gazebo-1] [1;36m[Dbg] [SDFFeatures.cc:332] [0m[1;36mMesh construction from an SDF has not been implemented yet for [0m[1;36mdartsim. Use AttachMeshShapeFeature to use mesh shapes.[0m
[gazebo-1] [1;36m[Dbg] [SDFFeatures.cc:864] [0m[1;36mThe geometry element of collision [[0m[1;36mwarehouse_collision[0m[1;36m] [0m[1;36mcouldn't be created[0m
[gazebo-1] [1;36m[Dbg] [SDFFeatures.cc:332] [0m[1;36mMesh construction from an SDF has not been implemented yet for [0m[1;36mdartsim. Use AttachMeshShapeFeature to use mesh shapes.[0m
[gazebo-1] [1;36m[Dbg] [SDFFeatures.cc:864] [0m[1;36mThe geometry element of collision [[0m[1;36mcollision[0m[1;36m] [0m[1;36mcouldn't be created[0m
[gazebo-1] [1;36m[Dbg] [SDFFeatures.cc:332] [0m[1;36mMesh construction from an SDF has not been implemented yet for [0m[1;36mdartsim. Use AttachMeshShapeFeature to use mesh shapes.[0m
[gazebo-1] [1;36m[Dbg] [SDFFeatures.cc:864] [0m[1;36mThe geometry element of collision [[0m[1;36mcollision[0m[1;36m] [0m[1;36mcouldn't be created[0m
[gazebo-1] [1;36m[Dbg] [SDFFeatures.cc:332] [0m[1;36mMesh construction from an SDF has not been implemented yet for [0m[1;36mdartsim. Use AttachMeshShapeFeature to use mesh shapes.[0m
[gazebo-1] [1;36m[Dbg] [SDFFeatures.cc:864] [0m[1;36mThe geometry element of collision [[0m[1;36mcollision[0m[1;36m] [0m[1;36mcouldn't be created[0m
[gazebo-1] [1;36m[Dbg] [SDFFeatures.cc:332] [0m[1;36mMesh construction from an SDF has not been implemented yet for [0m[1;36mdartsim. Use AttachMeshShapeFeature to use mesh shapes.[0m
[gazebo-1] [1;33m[Wrn] [OBJLoader.cc:91] [0m[1;33mBoth `d` and `Tr` parameters defined for "Chair". Use the value of `d` for dissolve (line 8 in .mtl.)[0m
[gazebo-1] [1;33m[0m
[gazebo-1] [1;33m[Wrn] [OBJLoader.cc:91] [0m[1;33mBoth `d` and `Tr` parameters defined for "CoffeeTable". Use the value of `d` for dissolve (line 8 in .mtl.)[0m
[gazebo-1] [1;33m[0m
[gazebo-1] [1;36m[Dbg] [SDFFeatures.cc:864] [0m[1;36mThe geometry element of collision [[0m[1;36mcollision[0m[1;36m] [0m[1;36mcouldn't be created[0m
[gazebo-1] [1;36m[Dbg] [SDFFeatures.cc:332] [0m[1;36mMesh construction from an SDF has not been implemented yet for [0m[1;36mdartsim. Use AttachMeshShapeFeature to use mesh shapes.[0m
[gazebo-1] [1;36m[Dbg] [SDFFeatures.cc:864] [0m[1;36mThe geometry element of collision [[0m[1;36mcollision[0m[1;36m] [0m[1;36mcouldn't be created[0m
[gazebo-1] [1;36m[Dbg] [SDFFeatures.cc:332] [0m[1;36mMesh construction from an SDF has not been implemented yet for [0m[1;36mdartsim. Use AttachMeshShapeFeature to use mesh shapes.[0m
[gazebo-1] [1;36m[Dbg] [SDFFeatures.cc:864] [0m[1;36mThe geometry element of collision [[0m[1;36mbase_link_fixed_joint_lump__shell_collision_collision_1[0m[1;36m] [0m[1;36mcouldn't be created[0m
[gazebo-1] [1;36m[Dbg] [SDFFeatures.cc:332] [0m[1;36mMesh construction from an SDF has not been implemented yet for [0m[1;36mdartsim. Use AttachMeshShapeFeature to use mesh shapes.[0m
[gazebo-1] [1;36m[Dbg] [SDFFeatures.cc:864] [0m[1;36mThe geometry element of collision [[0m[1;36mbase_link_fixed_joint_lump__arm_link_base_collision_2[0m[1;36m] [0m[1;36mcouldn't be created[0m
[gazebo-1] [1;36m[Dbg] [SDFFeatures.cc:332] [0m[1;36mMesh construction from an SDF has not been implemented yet for [0m[1;36mdartsim. Use AttachMeshShapeFeature to use mesh shapes.[0m
[gazebo-1] [1;36m[Dbg] [SDFFeatures.cc:864] [0m[1;36mThe geometry element of collision [[0m[1;36mbumper_collision[0m[1;36m] [0m[1;36mcouldn't be created[0m
[gazebo-1] [1;36m[Dbg] [SDFFeatures.cc:332] [0m[1;36mMesh construction from an SDF has not been implemented yet for [0m[1;36mdartsim. Use AttachMeshShapeFeature to use mesh shapes.[0m
[gazebo-1] [1;36m[Dbg] [SDFFeatures.cc:864] [0m[1;36mThe geometry element of collision [[0m[1;36marm_link1_collision[0m[1;36m] [0m[1;36mcouldn't be created[0m
[gazebo-1] [1;36m[Dbg] [SDFFeatures.cc:332] [0m[1;36mMesh construction from an SDF has not been implemented yet for [0m[1;36mdartsim. Use AttachMeshShapeFeature to use mesh shapes.[0m
[gazebo-1] [1;36m[Dbg] [SDFFeatures.cc:864] [0m[1;36mThe geometry element of collision [[0m[1;36marm_link2_collision[0m[1;36m] [0m[1;36mcouldn't be created[0m
[gazebo-1] [1;36m[Dbg] [SDFFeatures.cc:332] [0m[1;36mMesh construction from an SDF has not been implemented yet for [0m[1;36mdartsim. Use AttachMeshShapeFeature to use mesh shapes.[0m
[gazebo-1] [1;36m[Dbg] [SDFFeatures.cc:864] [0m[1;36mThe geometry element of collision [[0m[1;36marm_link3_collision[0m[1;36m] [0m[1;36mcouldn't be created[0m
[gazebo-1] [1;36m[Dbg] [SDFFeatures.cc:332] [0m[1;36mMesh construction from an SDF has not been implemented yet for [0m[1;36mdartsim. Use AttachMeshShapeFeature to use mesh shapes.[0m
[gazebo-1] [1;36m[Dbg] [SDFFeatures.cc:864] [0m[1;36mThe geometry element of collision [[0m[1;36marm_link4_collision[0m[1;36m] [0m[1;36mcouldn't be created[0m
[gazebo-1] [1;36m[Dbg] [SDFFeatures.cc:332] [0m[1;36mMesh construction from an SDF has not been implemented yet for [0m[1;36mdartsim. Use AttachMeshShapeFeature to use mesh shapes.[0m
[gazebo-1] [1;36m[Dbg] [SDFFeatures.cc:864] [0m[1;36mThe geometry element of collision [[0m[1;36marm_link5_collision[0m[1;36m] [0m[1;36mcouldn't be created[0m
[gazebo-1] [1;36m[Dbg] [SDFFeatures.cc:332] [0m[1;36mMesh construction from an SDF has not been implemented yet for [0m[1;36mdartsim. Use AttachMeshShapeFeature to use mesh shapes.[0m
[gazebo-1] [1;36m[Dbg] [SDFFeatures.cc:864] [0m[1;36mThe geometry element of collision [[0m[1;36marm_link6_collision[0m[1;36m] [0m[1;36mcouldn't be created[0m
[gazebo-1] [1;36m[Dbg] [SDFFeatures.cc:332] [0m[1;36mMesh construction from an SDF has not been implemented yet for [0m[1;36mdartsim. Use AttachMeshShapeFeature to use mesh shapes.[0m
[gazebo-1] [1;36m[Dbg] [SDFFeatures.cc:864] [0m[1;36mThe geometry element of collision [[0m[1;36marm_uflite_vacuum_gripper_link_collision[0m[1;36m] [0m[1;36mcouldn't be created[0m
[gazebo-1] [1;36m[Dbg] [SimulationFeatures.cc:90] [0m[1;36mSimulation timestep set to: [0m[1;36m0.003[0m[1;36m[0m
[gazebo-1] [1;33m[Wrn] [Component.hh:127] [0m[1;33mTrying to serialize component with data type [[0m[1;33mSt10shared_ptrIN3sdf3v147ElementEE[0m[1;33m], which doesn't have [0m[1;33m`operator<<`. Component will not be serialized.[0m[1;33m[0m
[gazebo-1] [ERROR] [1791306675.452555652] [gz_ros_control]: Desired controller update period (0.001 s) is faster than the gazebo simulation period (0.003 s).
[wait_for_ready-47] [INFO] [1791306675.453451451] [wait_for_rviz]: ready: topic /clock (message received)
[gazebo-1] [1;33m[GUI] [Wrn] [Component.hh:172] [0m[1;33mTrying to deserialize component with data type [[0m[1;33mSt10shared_ptrIN3sdf3v147ElementEE[0m[1;33m], which doesn't have [0m[1;33m`operator>>`. Component will not be deserialized.[0m[1;33m[0m
[gazebo-1] [1;32m[Msg] [0m[1;32mServing scene information on [[0m[1;32m/world/warehouse[0m[1;32m/[0m[1;32mscene/info[0m[1;32m]plugin is using camera [[0m[1;36mscene::Camera(65527)[0m[1;36m][0m[1;36m[0m
[gazebo-1] [1;36m[GUI] [Dbg] [InteractiveViewControl.cc:176] [0m[1;36mInteractiveViewControl plugin is moving camera [[0m[1;36mscene::Camera(65527)[0m[1;36m][0m[1;36m[0m
[gazebo-1] [1;33mWarning [Utils.cc:132][0m [/sdf/model[@name="tb4_lite6"]/joint[@name="wheel_drop_left_joint"]/physics/ode/provide_feedback:<data-string>:L2544]: XML Element[provide_feedback], child of element[ode], not defined in SDF. Copying[provide_feedback] as children of [ode].
[gazebo-1] [1;33mWarning [Utils.cc:132][0m [/sdf/model[@name="tb4_lite6"]/joint[@name="wheel_drop_right_joint"]/physics/ode/provide_feedback:<data-string>:L2665]: XML Element[provide_feedback], child of element[ode], not defined in SDF. Copying[provide_feedback] as children of [ode].
[gazebo-1] [1;33m[Wrn] [ColladaLoader.cc:2395] [0m[1;33mTriangle input semantic: '[0m[1;33mCOLOR[0m[1;33m' is currently[0m[1;33m not supported[0m[1;33m[0m
[gazebo-1] [1;33m[Wrn] [ColladaLoader.cc:2395] [0m[1;33mTriangle input semantic: '[0m[1;33mCOLOR[0m[1;33m' is currently[0m[1;33m not supported[0m[1;33m[0m
[gazebo-1] [1;33m[GUI] [Wrn] [OBJLoader.cc:91] [0m[1;33mBoth `d` and `Tr` parameters defined for "Chair". Use the value of `d` for dissolve (line 8 in .mtl.)[0m
[gazebo-1] [1;33m[0m
[gazebo-1] [1;33m[GUI] [Wrn] [OBJLoader.cc:91] [0m[1;33mBoth `d` and `Tr` parameters defined for "CoffeeTable". Use the value of `d` for dissolve (line 8 in .mtl.)[0m
[gazebo-1] [1;33m[0m
[gazebo-1] [1;33m[GUI] [Wrn] [ColladaLoader.cc:2395] [0m[1;33mTriangle input semantic: '[0m[1;33mCOLOR[0m[1;33m' is currently[0m[1;33m not supported[0m[1;33m[0m
[gazebo-1] [1;33m[GUI] [Wrn] [ColladaLoader.cc:2395] [0m[1;33mTriangle input semantic: '[0m[1;33mCOLOR[0m[1;33m' is currently[0m[1;33m not supported[0m[1;33m[0m
[gazebo-1] [0m[1;32m[0m
[gazebo-1] [1;32m[Msg] [0m[1;32mServing graph information on [[0m[1;32m/world/warehouse[0m[1;32m/[0m[1;32mscene/graph[0m[1;32m][0m[1;32m[0m
[gazebo-1] [1;32m[Msg] [0m[1;32mServing full state on [[0m[1;32m/world/warehouse[0m[1;32m/[0m[1;32mstate[0m[1;32m][0m[1;32m[0m
[gazebo-1] [1;32m[Msg] [0m[1;32mServing full state (async) on [[0m[1;32m/world/warehouse[0m[1;32m/[0m[1;32mstate_async[0m[1;32m][0m[1;32m[0m
[gazebo-1] [1;32m[Msg] [0m[1;32mPublishing scene information on [[0m[1;32m/world/warehouse/scene/info[0m[1;32m][0m[1;32m[0m
[gazebo-1] [1;32m[Msg] [0m[1;32mPublishing entity deletions on [[0m[1;32m/world/warehouse/scene/deletion[0m[1;32m][0m[1;32m[0m
[gazebo-1] [1;32m[Msg] [0m[1;32mPublishing state changes on [[0m[1;32m/world/warehouse/state[0m[1;32m][0m[1;32m[0m
[gazebo-1] [1;32m[Msg] [0m[1;32mPublishing pose messages on [[0m[1;32m/world/warehouse[0m[1;32m/[0m[1;32mpose/info[0m[1;32m][0m[1;32m[0m
[gazebo-1] [1;32m[Msg] [0m[1;32mPublishing dynamic pose messages on [[0m[1;32m/world/warehouse[0m[1;32m/[0m[1;32mdynamic_pose/info[0m[1;32m][0m[1;32m[0m
[gazebo-1] [1;36m[Dbg] [EntityComponentManager.cc:1656] [0m[1;36mUpdated state thread iterators: [0m[1;36m16[0m[1;36m threads processing around [0m[1;36m20[0m[1;36m entities each.[0m[1;36m[0m
[gazebo-1] [1;36m[Dbg] [SimulationRunner.cc:560] [0m[1;36mExiting postupdate worker thread ([0m[1;36m0[0m[1;36m)[0m[1;36m[0m
[gazebo-1] [1;36m[Dbg] [SimulationRunner.cc:560] [0m[1;36mExiting postupdate worker thread ([0m[1;36m1[0m[1;36m)[0m[1;36m[0m
[gazebo-1] [1;36m[Dbg] [SimulationRunner.cc:533] [0m[1;36mCreating PostUpdate worker threads: [0m[1;36m9[0m[1;36m[0m
[gazebo-1] [1;36m[Dbg] [SimulationRunner.cc:544] [0m[1;36mCreating postupdate worker thread ([0m[1;36m0[0m[1;36m)[0m[1;36m[0m
[gazebo-1] [1;36m[Dbg] [SimulationRunner.cc:544] [0m[1;36mCreating postupdate worker thread ([0m[1;36m1[0m[1;36m)[0m[1;36m[0m
[gazebo-1] [1;36m[Dbg] [SimulationRunner.cc:544] [0m[1;36mCreating postupdate worker thread ([0m[1;36m2[0m[1;36m)[0m[1;36m[0m
[gazebo-1] [1;36m[Dbg] [SimulationRunner.cc:544] [0m[1;36mCreating postupdate worker thread ([0m[1;36m3[0m[1;36m)[0m[1;36m[0m
[gazebo-1] [1;36m[Dbg] [SimulationRunner.cc:544] [0m[1;36mCreating postupdate worker thread ([0m[1;36m4[0m[1;36m)[0m[1;36m[0m
[gazebo-1] [1;36m[Dbg] [SimulationRunner.cc:544] [0m[1;36mCreating postupdate worker thread ([0m[1;36m5[0m[1;36m)[0m[1;36m[0m
[gazebo-1] [1;36m[Dbg] [SimulationRunner.cc:544] [0m[1;36mCreating postupdate worker thread ([0m[1;36m6[0m[1;36m)[0m[1;36m[0m
[gazebo-1] [1;36m[Dbg] [SimulationRunner.cc:544] [0m[1;36mCreating postupdate worker thread ([0m[1;36m7[0m[1;36m)[0m[1;36m[0m
[gazebo-1] [1;36m[Dbg] [DetachableJoint.cc:343] [0m[1;36mAttaching entity: [0m[1;36m312[0m[1;36m[0m
[gazebo-1] [1;36m[Dbg] [Physics.cc:1939] [0m[1;36mCreating detachable joint [[0m[1;36m312[0m[1;36m][0m[1;36m[0m
[gazebo-1] [1;36m[Dbg] [Sensors.cc:953] [0m[1;36mInitialization needed[0m[1;36m[0m
[gazebo-1] [1;36m[Dbg] [Sensors.cc:349] [0m[1;36mInitializing render context[0m[1;36m[0m
[gazebo-1] [1;32m[Msg] [0m[1;32mLoading plugin [[0m[1;32mgz-rendering-ogre2[0m[1;32m][0m[1;32m[0m
[gazebo-1] [1;36m[Dbg] [RenderUtil.cc:2646] [0m[1;36mCreate scene [[0m[1;36mscene[0m[1;36m][0m[1;36m[0m
[gazebo-1] [1;36m[Dbg] [Sensors.cc:391] [0m[1;36mRendering Thread initialized[0m[1;36m[0m
[gazebo-1] [1;36m[Dbg] [Sensors.cc:953] [0m[1;36mInitialization needed[0m[1;36m[0m
[gazebo-1] [1;36m[Dbg] [RgbdCameraSensor.cc:210] [0m[1;36mRGB images for [[0m[1;36mturtlebot4::oakd_rgb_camera_frame::rgbd_camera[0m[1;36m] advertised on [[0m[1;36mworld/warehouse/model/turtlebot4/link/oakd_rgb_camera_frame/sensor/rgbd_camera[0m[1;36m/image][0m[1;36m[0m
[gazebo-1] [1;36m[Dbg] [RgbdCameraSensor.cc:224] [0m[1;36mDepth images for [[0m[1;36mturtlebot4::oakd_rgb_camera_frame::rgbd_camera[0m[1;36m] advertised on [[0m[1;36mworld/warehouse/model/turtlebot4/link/oakd_rgb_camera_frame/sensor/rgbd_camera[0m[1;36m/depth_image][0m[1;36m[0m
[gazebo-1] [1;36m[Dbg] [RgbdCameraSensor.cc:238] [0m[1;36mPoints for [[0m[1;36mturtlebot4::oakd_rgb_camera_frame::rgbd_camera[0m[1;36m] advertised on [[0m[1;36mworld/warehouse/model/turtlebot4/link/oakd_rgb_camera_frame/sensor/rgbd_camera[0m[1;36m/points][0m[1;36m[0m
[gazebo-1] [1;36m[Dbg] [CameraSensor.cc:695] [0m[1;36mCamera info for [[0m[1;36mturtlebot4::oakd_rgb_camera_frame::rgbd_camera[0m[1;36m] advertised on [[0m[1;36mworld/warehouse/model/turtlebot4/link/oakd_rgb_camera_frame/sensor/rgbd_camera/camera_info[0m[1;36m][0m[1;36m[0m
[gazebo-1] [1;36m[Dbg] [Lidar.cc:139] [0m[1;36mLaser scans for [[0m[1;36mstandard_dock::green_buoy_link::green_buoy[0m[1;36m] advertised on [[0m[1;36mworld/warehouse/model/standard_dock/link/green_buoy_link/sensor/green_buoy/scan[0m[1;36m][0m[1;36m[0m
[gazebo-1] [1;36m[Dbg] [GpuLidarSensor.cc:164] [0m[1;36mLidar points for [[0m[1;36mstandard_dock::green_buoy_link::green_buoy[0m[1;36m] advertised on [[0m[1;36mworld/warehouse/model/standard_dock/link/green_buoy_link/sensor/green_buoy/scan/points[0m[1;36m][0m[1;36m[0m
[gazebo-1] [1;36m[Dbg] [Lidar.cc:139] [0m[1;36mLaser scans for [[0m[1;36mstandard_dock::halo_link::halo[0m[1;36m] advertised on [[0m[1;36mworld/warehouse/model/standard_dock/link/halo_link/sensor/halo/scan[0m[1;36m][0m[1;36m[0m
[gazebo-1] [1;36m[Dbg] [GpuLidarSensor.cc:164] [0m[1;36mLidar points for [[0m[1;36mstandard_dock::halo_link::halo[0m[1;36m] advertised on [[0m[1;36mworld/warehouse/model/standard_dock/link/halo_link/sensor/halo/scan/points[0m[1;36m][0m[1;36m[0m
[gazebo-1] [1;36m[Dbg] [Lidar.cc:139] [0m[1;36mLaser scans for [[0m[1;36mstandard_dock::red_buoy_link::red_buoy[0m[1;36m] advertised on [[0m[1;36mworld/warehouse/model/standard_dock/link/red_buoy_link/sensor/red_buoy/scan[0m[1;36m][0m[1;36m[0m
[gazebo-1] [1;36m[Dbg] [GpuLidarSensor.cc:164] [0m[1;36mLidar points for [[0m[1;36mstandard_dock::red_buoy_link::red_buoy[0m[1;36m] advertised on [[0m[1;36mworld/warehouse/model/standard_dock/link/red_buoy_link/sensor/red_buoy/scan/points[0m[1;36m][0m[1;36m[0m
[gazebo-1] [1;36m[Dbg] [Lidar.cc:139] [0m[1;36mLaser scans for [[0m[1;36mstandard_dock::yellow_buoy_link::yellow_buoy[0m[1;36m] advertised on [[0m[1;36mworld/warehouse/model/standard_dock/link/yellow_buoy_link/sensor/yellow_buoy/scan[0m[1;36m][0m[1;36m[0m
[gazebo-1] [1;36m[Dbg] [GpuLidarSensor.cc:164] [0m[1;36mLidar points for [[0m[1;36mstandard_dock::yellow_buoy_link::yellow_buoy[0m[1;36m] advertised on [[0m[1;36mworld/warehouse/model/standard_dock/link/yellow_buoy_link/sensor/yellow_buoy/scan/points[0m[1;36m][0m[1;36m[0m
[gazebo-1] [1;36m[Dbg] [Lidar.cc:139] [0m[1;36mLaser scans for [[0m[1;36mturtlebot4::base_link::cliff_front_left[0m[1;36m] advertised on [[0m[1;36mworld/warehouse/model/turtlebot4/link/base_link/sensor/cliff_front_left/scan[0m[1;36m][0m[1;36m[0m
[gazebo-1] [1;36m[Dbg] [GpuLidarSensor.cc:164] [0m[1;36mLidar points for [[0m[1;36mturtlebot4::base_link::cliff_front_left[0m[1;36m] advertised on [[0m[1;36mworld/warehouse/model/turtlebot4/link/base_link/sensor/cliff_front_left/scan/points[0m[1;36m][0m[1;36m[0m
[gazebo-1] [1;36m[Dbg] [Lidar.cc:139] [0m[1;36mLaser scans for [[0m[1;36mturtlebot4::base_link::cliff_front_right[0m[1;36m] advertised on [[0m[1;36mworld/warehouse/model/turtlebot4/link/base_link/sensor/cliff_front_right/scan[0m[1;36m][0m[1;36m[0m
[gazebo-1] [1;36m[Dbg] [GpuLidarSensor.cc:164] [0m[1;36mLidar points for [[0m[1;36mturtlebot4::base_link::cliff_front_right[0m[1;36m] advertised on [[0m[1;36mworld/warehouse/model/turtlebot4/link/base_link/sensor/cliff_front_right/scan/points[0m[1;36m][0m[1;36m[0m
[gazebo-1] [1;36m[Dbg] [Lidar.cc:139] [0m[1;36mLaser scans for [[0m[1;36mturtlebot4::base_link::cliff_side_left[0m[1;36m] advertised on [[0m[1;36mworld/warehouse/model/turtlebot4/link/base_link/sensor/cliff_side_left/scan[0m[1;36m][0m[1;36m[0m
[gazebo-1] [1;36m[Dbg] [GpuLidarSensor.cc:164] [0m[1;36mLidar points for [[0m[1;36mturtlebot4::base_link::cliff_side_left[0m[1;36m] advertised on [[0m[1;36mworld/warehouse/model/turtlebot4/link/base_link/sensor/cliff_side_left/scan/points[0m[1;36m][0m[1;36m[0m
[gazebo-1] [1;36m[Dbg] [Lidar.cc:139] [0m[1;36mLaser scans for [[0m[1;36mturtlebot4::base_link::cliff_side_right[0m[1;36m] advertised on [[0m[1;36mworld/warehouse/model/turtlebot4/link/base_link/sensor/cliff_side_right/scan[0m[1;36m][0m[1;36m[0m
[gazebo-1] [1;36m[Dbg] [GpuLidarSensor.cc:164] [0m[1;36mLidar points for [[0m[1;36mturtlebot4::base_link::cliff_side_right[0m[1;36m] advertised on [[0m[1;36mworld/warehouse/model/turtlebot4/link/base_link/sensor/cliff_side_right/scan/points[0m[1;36m][0m[1;36m[0m
[gazebo-1] [1;36m[Dbg] [Lidar.cc:139] [0m[1;36mLaser scans for [[0m[1;36mturtlebot4::ir_intensity_front_center_left::ir_intensity_front_center_left[0m[1;36m] advertised on [[0m[1;36mworld/warehouse/model/turtlebot4/link/ir_intensity_front_center_left/sensor/ir_intensity_front_center_left/scan[0m[1;36m][0m[1;36m[0m
[gazebo-1] [1;36m[Dbg] [GpuLidarSensor.cc:164] [0m[1;36mLidar points for [[0m[1;36mturtlebot4::ir_intensity_front_center_left::ir_intensity_front_center_left[0m[1;36m] advertised on [[0m[1;36mworld/warehouse/model/turtlebot4/link/ir_intensity_front_center_left/sensor/ir_intensity_front_center_left/scan/points[0m[1;36m][0m[1;36m[0m
[gazebo-1] [1;36m[Dbg] [Lidar.cc:139] [0m[1;36mLaser scans for [[0m[1;36mturtlebot4::ir_intensity_front_center_right::ir_intensity_front_center_right[0m[1;36m] advertised on [[0m[1;36mworld/warehouse/model/turtlebot4/link/ir_intensity_front_center_right/sensor/ir_intensity_front_center_right/scan[0m[1;36m][0m[1;36m[0m
[gazebo-1] [1;36m[Dbg] [GpuLidarSensor.cc:164] [0m[1;36mLidar points for [[0m[1;36mturtlebot4::ir_intensity_front_center_right::ir_intensity_front_center_right[0m[1;36m] advertised on [[0m[1;36mworld/warehouse/model/turtlebot4/link/ir_intensity_front_center_right/sensor/ir_intensity_front_center_right/scan/points[0m[1;36m][0m[1;36m[0m
[gazebo-1] [1;36m[Dbg] [Lidar.cc:139] [0m[1;36mLaser scans for [[0m[1;36mturtlebot4::ir_intensity_front_left::ir_intensity_front_left[0m[1;36m] advertised on [[0m[1;36mworld/warehouse/model/turtlebot4/link/ir_intensity_front_left/sensor/ir_intensity_front_left/scan[0m[1;36m][0m[1;36m[0m
[gazebo-1] [1;36m[Dbg] [GpuLidarSensor.cc:164] [0m[1;36mLidar points for [[0m[1;36mturtlebot4::ir_intensity_front_left::ir_intensity_front_left[0m[1;36m] advertised on [[0m[1;36mworld/warehouse/model/turtlebot4/link/ir_intensity_front_left/sensor/ir_intensity_front_left/scan/points[0m[1;36m][0m[1;36m[0m
[gazebo-1] [1;36m[Dbg] [Lidar.cc:139] [0m[1;36mLaser scans for [[0m[1;36mturtlebot4::ir_intensity_front_right::ir_intensity_front_right[0m[1;36m] advertised on [[0m[1;36mworld/warehouse/model/turtlebot4/link/ir_intensity_front_right/sensor/ir_intensity_front_right/scan[0m[1;36m][0m[1;36m[0m
[gazebo-1] [1;36m[Dbg] [GpuLidarSensor.cc:164] [0m[1;36mLidar points for [[0m[1;36mturtlebot4::ir_intensity_front_right::ir_intensity_front_right[0m[1;36m] advertised on [[0m[1;36mworld/warehouse/model/turtlebot4/link/ir_intensity_front_right/sensor/ir_intensity_front_right/scan/points[0m[1;36m][0m[1;36m[0m
[gazebo-1] [1;36m[Dbg] [Lidar.cc:139] [0m[1;36mLaser scans for [[0m[1;36mturtlebot4::ir_intensity_left::ir_intensity_left[0m[1;36m] advertised on [[0m[1;36mworld/warehouse/model/turtlebot4/link/ir_intensity_left/sensor/ir_intensity_left/scan[0m[1;36m][0m[1;36m[0m
[gazebo-1] [1;36m[Dbg] [GpuLidarSensor.cc:164] [0m[1;36mLidar points for [[0m[1;36mturtlebot4::ir_intensity_left::ir_intensity_left[0m[1;36m] advertised on [[0m[1;36mworld/warehouse/model/turtlebot4/link/ir_intensity_left/sensor/ir_intensity_left/scan/points[0m[1;36m][0m[1;36m[0m
[gazebo-1] [1;36m[Dbg] [Lidar.cc:139] [0m[1;36mLaser scans for [[0m[1;36mturtlebot4::ir_intensity_right::ir_intensity_right[0m[1;36m] advertised on [[0m[1;36mworld/warehouse/model/turtlebot4/link/ir_intensity_right/sensor/ir_intensity_right/scan[0m[1;36m][0m[1;36m[0m
[gazebo-1] [1;36m[Dbg] [GpuLidarSensor.cc:164] [0m[1;36mLidar points for [[0m[1;36mturtlebot4::ir_intensity_right::ir_intensity_right[0m[1;36m] advertised on [[0m[1;36mworld/warehouse/model/turtlebot4/link/ir_intensity_right/sensor/ir_intensity_right/scan/points[0m[1;36m][0m[1;36m[0m
[wait_for_ready-47] [INFO] [1791306677.563807606] [wait_for_rviz]: ready: topic /scan (message received)
[wait_for_ready-48] [INFO] [1791306677.563866761] [wait_for_sim]: ready: topic /scan (message received)
[motion_control-34] [INFO] [1791306677.584443120] [motion_control]: Robot max speed is now 0.460000 m/s
[parameter_bridge-8] [INFO] [1791306677.586534103] [cmd_vel_bridge]: Passing message from ROS geometry_msgs/msg/TwistStamped to Gazebo gz.msgs.Twist (showing msg only once per type)
[wait_for_ready-48] [sim] ready after 5.7s
[wait_for_ready-47] [rviz] ready after 5.8s
[turtlebot4_node-29] [INFO] [1791306677.616750922] [turtlebot4_node]: OAKD stopped
[turtlebot4_node-29] [INFO] [1791306677.616799537] [turtlebot4_node]: RPLIDAR stopped
[INFO] [wait_for_ready-47]: process has finished cleanly [pid 41870]
[INFO] [wait_for_ready-48]: process has finished cleanly [pid 41872]
[INFO] [rviz2-49]: process started with pid [42999]
[INFO] [spawner-50]: process started with pid [43017]
[INFO] [static_transform_publisher-51]: process started with pid [43019]
[INFO] [map_server-52]: process started with pid [43021]
[INFO] [lifecycle_manager-53]: process started with pid [43023]
[INFO] [controller_server-54]: process started with pid [43025]
[INFO] [smoother_server-55]: process started with pid [43027]
[INFO] [planner_server-56]: process started with pid [43029]
[INFO] [route_server-57]: process started with pid [43031]
[INFO] [behavior_server-58]: process started with pid [43033]
[INFO] [bt_navigator-59]: process started with pid [43035]
[INFO] [waypoint_follower-60]: process started with pid [43037]
[INFO] [velocity_smoother-61]: process started with pid [43039]
[INFO] [collision_monitor-62]: process started with pid [43041]
[INFO] [opennav_docking-63]: process started with pid [43043]
[INFO] [lifecycle_manager-64]: process started with pid [43045]
[rviz2-49] Warning: Ignoring XDG_SESSION_TYPE=wayland on Gnome. Use QT_QPA_PLATFORM=wayland to run on Wayland anyway.
[static_transform_publisher-51] [WARN] [1791306678.055426383] []: Old-style arguments are deprecated; see --help for new-style arguments
[static_transform_publisher-51] [INFO] [1791306678.136767150] [map_to_odom_static_tf]: Spinning until stopped - publishing transform
[static_transform_publisher-51] translation: ('0.000000', '0.000000', '0.000000')
[static_transform_publisher-51] rotation: ('0.000000', '0.000000', '0.000000', '1.000000')
[static_transform_publisher-51] from 'map' to 'odom'
[velocity_smoother-61] [INFO] [1791306678.153552550] [velocity_smoother]: 
[velocity_smoother-61] 	velocity_smoother lifecycle node launched. 
[velocity_smoother-61] 	Waiting on external lifecycle transitions to activate
[velocity_smoother-61] 	See https://design.ros2.org/articles/node_lifecycle.html for more information.
[gazebo-1] [1;36m[Dbg] [Lidar.cc:139] [0m[1;36mLaser scans for [[0m[1;36mturtlebot4::ir_intensity_side_left::ir_intensity_side_left[0m[1;36m] advertised on [[0m[1;36mworld/warehouse/model/turtlebot4/link/ir_intensity_side_left/sensor/ir_intensity_side_left/scan[0m[1;36m][0m[1;36m[0m
[gazebo-1] [1;36m[Dbg] [GpuLidarSensor.cc:164] [0m[1;36mLidar points for [[0m[1;36mturtlebot4::ir_intensity_side_left::ir_intensity_side_left[0m[1;36m] advertised on [[0m[1;36mworld/warehouse/model/turtlebot4/link/ir_intensity_side_left/sensor/ir_intensity_side_left/scan/points[0m[1;36m][0m[1;36m[0m
[gazebo-1] [1;36m[Dbg] [Lidar.cc:139] [0m[1;36mLaser scans for [[0m[1;36mturtlebot4::rplidar_link::rplidar[0m[1;36m] advertised on [[0m[1;36mworld/warehouse/model/turtlebot4/link/rplidar_link/sensor/rplidar/scan[0m[1;36m][0m[1;36m[0m
[gazebo-1] [1;36m[Dbg] [GpuLidarSensor.cc:164] [0m[1;36mLidar points for [[0m[1;36mturtlebot4::rplidar_link::rplidar[0m[1;36m] advertised on [[0m[1;36mworld/warehouse/model/turtlebot4/link/rplidar_link/sensor/rplidar/scan/points[0m[1;36m][0m[1;36m[0m
[rviz2-49] [INFO] [1791306678.231409409] [rviz2]: Stereo is NOT SUPPORTED
[rviz2-49] [INFO] [1791306678.231487682] [rviz2]: OpenGl version: 4.6 (GLSL 4.6)
[rviz2-49] [INFO] [1791306678.295006479] [rviz2]: Stereo is NOT SUPPORTED
[waypoint_follower-60] [INFO] [1791306678.325623752] [waypoint_follower]: 
[waypoint_follower-60] 	waypoint_follower lifecycle node launched. 
[waypoint_follower-60] 	Waiting on external lifecycle transitions to activate
[waypoint_follower-60] 	See https://design.ros2.org/articles/node_lifecycle.html for more information.
[waypoint_follower-60] [INFO] [1791306678.329911866] [waypoint_follower]: Creating
[opennav_docking-63] [INFO] [1791306678.346391471] [docking_server]: 
[opennav_docking-63] 	docking_server lifecycle node launched. 
[opennav_docking-63] 	Waiting on external lifecycle transitions to activate
[opennav_docking-63] 	See https://design.ros2.org/articles/node_lifecycle.html for more information.
[opennav_docking-63] [INFO] [1791306678.346444342] [docking_server]: Creating docking_server
[lifecycle_manager-53] [INFO] [1791306678.633194598] [lifecycle_manager_map]: Creating
[lifecycle_manager-53] [INFO] [1791306678.641458466] [lifecycle_manager_map]: [34m[1mCreating and initializing lifecycle service clients[0m[0m
[controller_server-54] [INFO] [1791306678.644919134] [controller_server]: 
[controller_server-54] 	controller_server lifecycle node launched. 
[controller_server-54] 	Waiting on external lifecycle transitions to activate
[controller_server-54] 	See https://design.ros2.org/articles/node_lifecycle.html for more information.
[behavior_server-58] [INFO] [1791306678.648078823] [behavior_server]: 
[behavior_server-58] 	behavior_server lifecycle node launched. 
[behavior_server-58] 	Waiting on external lifecycle transitions to activate
[behavior_server-58] 	See https://design.ros2.org/articles/node_lifecycle.html for more information.
[planner_server-56] [INFO] [1791306678.655168971] [planner_server]: 
[planner_server-56] 	planner_server lifecycle node launched. 
[planner_server-56] 	Waiting on external lifecycle transitions to activate
[planner_server-56] 	See https://design.ros2.org/articles/node_lifecycle.html for more information.
[planner_server-56] [INFO] [1791306678.683161198] [planner_server]: Creating
[controller_server-54] [INFO] [1791306678.696651540] [controller_server]: Creating controller server
[smoother_server-55] [INFO] [1791306678.723311967] [smoother_server]: 
[smoother_server-55] 	smoother_server lifecycle node launched. 
[smoother_server-55] 	Waiting on external lifecycle transitions to activate
[smoother_server-55] 	See https://design.ros2.org/articles/node_lifecycle.html for more information.
[smoother_server-55] [INFO] [1791306678.751057912] [smoother_server]: Creating smoother server
[route_server-57] [INFO] [1791306678.776016788] [route_server]: 
[route_server-57] 	route_server lifecycle node launched. 
[route_server-57] 	Waiting on external lifecycle transitions to activate
[route_server-57] 	See https://design.ros2.org/articles/node_lifecycle.html for more information.
[lifecycle_manager-64] [INFO] [1791306678.782775237] [lifecycle_manager_navigation]: Creating
[collision_monitor-62] [INFO] [1791306678.784180054] [collision_monitor]: 
[collision_monitor-62] 	collision_monitor lifecycle node launched. 
[collision_monitor-62] 	Waiting on external lifecycle transitions to activate
[collision_monitor-62] 	See https://design.ros2.org/articles/node_lifecycle.html for more information.
[controller_server-54] [INFO] [1791306678.785400154] [local_costmap.local_costmap]: 
[controller_server-54] 	local_costmap lifecycle node launched. 
[controller_server-54] 	Waiting on external lifecycle transitions to activate
[controller_server-54] 	See https://design.ros2.org/articles/node_lifecycle.html for more information.
[controller_server-54] [INFO] [1791306678.808769144] [local_costmap.local_costmap]: Creating Costmap
[lifecycle_manager-64] [INFO] [1791306678.833257621] [lifecycle_manager_navigation]: [34m[1mCreating and initializing lifecycle service clients[0m[0m
[map_server-52] [INFO] [1791306678.867483223] [map_server]: 
[map_server-52] 	map_server lifecycle node launched. 
[map_server-52] 	Waiting on external lifecycle transitions to activate
[map_server-52] 	See https://design.ros2.org/articles/node_lifecycle.html for more information.
[map_server-52] [INFO] [1791306678.867547489] [map_server]: Creating
[bt_navigator-59] [INFO] [1791306678.892984903] [bt_navigator]: 
[bt_navigator-59] 	bt_navigator lifecycle node launched. 
[bt_navigator-59] 	Waiting on external lifecycle transitions to activate
[bt_navigator-59] 	See https://design.ros2.org/articles/node_lifecycle.html for more information.
[bt_navigator-59] [INFO] [1791306678.901433851] [bt_navigator]: Creating
[planner_server-56] [INFO] [1791306679.002010030] [global_costmap.global_costmap]: 
[planner_server-56] 	global_costmap lifecycle node launched. 
[planner_server-56] 	Waiting on external lifecycle transitions to activate
[planner_server-56] 	See https://design.ros2.org/articles/node_lifecycle.html for more information.
[planner_server-56] [INFO] [1791306679.005817807] [global_costmap.global_costmap]: Creating Costmap
[lifecycle_manager-53] [INFO] [1791306679.377132567] [lifecycle_manager_map]: [34m[1mStarting managed nodes bringup...[0m[0m
[lifecycle_manager-53] [INFO] [1791306679.377193423] [lifecycle_manager_map]: [34m[1mConfiguring map_server[0m[0m
[map_server-52] [INFO] [1791306679.377522431] [map_server]: Configuring
[map_server-52] [INFO] [1791306679.377565744] [map_io]: Loading yaml file: /home/y/u/yunqiao/IROB_Mobile_Robot_Project/install/warehouse_inventory_robot/share/warehouse_inventory_robot/maps/warehouse.yaml
[map_server-52] [INFO] [1791306679.377794023] [map_io]: resolution: 0.03
[map_server-52] [INFO] [1791306679.377804609] [map_io]: origin[0]: -15.1
[map_server-52] [INFO] [1791306679.377807690] [map_io]: origin[1]: -25
[map_server-52] [INFO] [1791306679.377810533] [map_io]: origin[2]: 0
[map_server-52] [INFO] [1791306679.377813630] [map_io]: free_thresh: 0.1
[map_server-52] [INFO] [1791306679.377816559] [map_io]: occupied_thresh: 0.65
[map_server-52] [INFO] [1791306679.377819370] [map_io]: mode: trinary
[map_server-52] [INFO] [1791306679.377822084] [map_io]: negate: 0
[map_server-52] [INFO] [1791306679.378072521] [map_io]: Loading image_file: /home/y/u/yunqiao/IROB_Mobile_Robot_Project/install/warehouse_inventory_robot/share/warehouse_inventory_robot/maps/warehouse.pgm
[map_server-52] [INFO] [1791306679.391978014] [map_io]: Read map /home/y/u/yunqiao/IROB_Mobile_Robot_Project/install/warehouse_inventory_robot/share/warehouse_inventory_robot/maps/warehouse.pgm: 1006 X 1674 map @ 0.03 m/cell
[lifecycle_manager-53] [INFO] [1791306679.402506506] [lifecycle_manager_map]: [34m[1mActivating map_server[0m[0m
[map_server-52] [INFO] [1791306679.402656588] [map_server]: Activating
[map_server-52] [INFO] [1791306679.403980992] [map_server]: Creating bond (map_server) to lifecycle manager.
[rviz2-49] [INFO] [1791306679.405741988] [rviz2]: Stereo is NOT SUPPORTED
[lifecycle_manager-53] [INFO] [1791306679.509641624] [lifecycle_manager_map]: Server map_server connected with bond.
[lifecycle_manager-53] [INFO] [1791306679.509676320] [lifecycle_manager_map]: [34m[1mManaged nodes are active[0m[0m
[lifecycle_manager-53] [INFO] [1791306679.509680102] [lifecycle_manager_map]: [34m[1mCreating bond timer...[0m[0m
[lifecycle_manager-64] [INFO] [1791306679.702161621] [lifecycle_manager_navigation]: [34m[1mStarting managed nodes bringup...[0m[0m
[lifecycle_manager-64] [INFO] [1791306679.702197905] [lifecycle_manager_navigation]: [34m[1mConfiguring controller_server[0m[0m
[controller_server-54] [INFO] [1791306679.702411805] [controller_server]: Configuring controller interface
[controller_server-54] [INFO] [1791306679.702429864] [controller_server]: getting progress checker plugins..
[controller_server-54] [INFO] [1791306679.702858449] [controller_server]: getting goal checker plugins..
[controller_server-54] [INFO] [1791306679.703149387] [controller_server]: Controller frequency set to 20.0000Hz
[controller_server-54] [INFO] [1791306679.703185862] [local_costmap.local_costmap]: Configuring
[controller_server-54] [INFO] [1791306679.717421181] [local_costmap.local_costmap]: Using plugin "static_layer"
[controller_server-54] [INFO] [1791306679.721678171] [local_costmap.local_costmap]: Subscribing to the map topic (/map) with transient local durability
[controller_server-54] [INFO] [1791306679.724398265] [local_costmap.local_costmap]: Initialized plugin "static_layer"
[controller_server-54] [INFO] [1791306679.724427294] [local_costmap.local_costmap]: Using plugin "voxel_layer"
[controller_server-54] [INFO] [1791306679.726465030] [local_costmap.local_costmap]: Subscribed to Topics: scan
[controller_server-54] [INFO] [1791306679.742046833] [local_costmap.local_costmap]: Initialized plugin "voxel_layer"
[controller_server-54] [INFO] [1791306679.742073526] [local_costmap.local_costmap]: Using plugin "inflation_layer"
[controller_server-54] [INFO] [1791306679.743422207] [local_costmap.local_costmap]: Initialized plugin "inflation_layer"
[controller_server-54] [INFO] [1791306679.779501204] [controller_server]: Created progress_checker : progress_checker of type nav2_controller::SimpleProgressChecker
[controller_server-54] [INFO] [1791306679.779579166] [local_costmap.local_costmap]: StaticLayer: Resizing static layer to 1006 X 1674 at 0.030000 m/pix
[controller_server-54] [INFO] [1791306679.780084853] [controller_server]: Controller Server has progress_checker  progress checkers available.
[controller_server-54] [INFO] [1791306679.781100850] [controller_server]: Created goal checker : general_goal_checker of type nav2_controller::SimpleGoalChecker
[controller_server-54] [INFO] [1791306679.781942247] [controller_server]: Controller Server has general_goal_checker  goal checkers available.
[controller_server-54] [INFO] [1791306679.783635248] [controller_server]: Created controller : FollowPath of type nav2_mppi_controller::MPPIController
[controller_server-54] [INFO] [1791306679.788013784] [controller_server]: Controller period is equal to model dt. Control sequence shifting is ON
[controller_server-54] [INFO] [1791306679.791249435] [controller_server]: ConstraintCritic instantiated with 1 power and 4.000000 weight.
[controller_server-54] [INFO] [1791306679.791286344] [controller_server]: Critic loaded : mppi::critics::ConstraintCritic
[controller_server-54] [INFO] [1791306679.793289392] [controller_server]: InflationCostCritic instantiated with 1 power and 300.000000 / 0.015000 weights. Critic will collision check based on footprint cost.
[controller_server-54] [INFO] [1791306679.793317758] [controller_server]: Critic loaded : mppi::critics::CostCritic
[controller_server-54] [INFO] [1791306679.794092804] [controller_server]: GoalCritic instantiated with 1 power and 5.000000 weight.
[controller_server-54] [INFO] [1791306679.794116375] [controller_server]: Critic loaded : mppi::critics::GoalCritic
[controller_server-54] [INFO] [1791306679.795295604] [controller_server]: GoalAngleCritic instantiated with 1 power, 3.000000 weight, 0.500000 angular threshold and symmetric_yaw_tolerance disabled
[controller_server-54] [INFO] [1791306679.795322900] [controller_server]: Critic loaded : mppi::critics::GoalAngleCritic
[controller_server-54] [INFO] [1791306679.796921716] [controller_server]: ReferenceTrajectoryCritic instantiated with 1 power and 14.000000 weight
[controller_server-54] [INFO] [1791306679.796951397] [controller_server]: Critic loaded : mppi::critics::PathAlignCritic
[controller_server-54] [INFO] [1791306679.797964256] [controller_server]: Critic loaded : mppi::critics::PathFollowCritic
[controller_server-54] [INFO] [1791306679.800593686] [controller_server]: PathAngleCritic instantiated with 1 power and 2.000000 weight. Mode set to: Forward Preference
[controller_server-54] [INFO] [1791306679.800703073] [controller_server]: Critic loaded : mppi::critics::PathAngleCritic
[controller_server-54] [INFO] [1791306679.801279389] [controller_server]: PreferForwardCritic instantiated with 1 power and 5.000000 weight.
[controller_server-54] [INFO] [1791306679.801296807] [controller_server]: Critic loaded : mppi::critics::PreferForwardCritic
[controller_server-54] [INFO] [1791306679.803258873] [controller_server]: Optimizer reset
[controller_server-54] [INFO] [1791306679.814059820] [MPPIController]: Configured MPPI Controller: FollowPath
[controller_server-54] [INFO] [1791306679.814100684] [controller_server]: Controller Server has FollowPath  controllers available.
[lifecycle_manager-64] [INFO] [1791306679.834834041] [lifecycle_manager_navigation]: [34m[1mConfiguring smoother_server[0m[0m
[smoother_server-55] [INFO] [1791306679.835024962] [smoother_server]: Configuring smoother server
[smoother_server-55] [INFO] [1791306679.853762806] [smoother_server]: Created smoother : simple_smoother of type nav2_smoother::SimpleSmoother
[smoother_server-55] [INFO] [1791306679.855137432] [smoother_server]: Smoother Server has simple_smoother  smoothers available.
[lifecycle_manager-64] [INFO] [1791306679.868280598] [lifecycle_manager_navigation]: [34m[1mConfiguring planner_server[0m[0m
[planner_server-56] [INFO] [1791306679.868550985] [planner_server]: Configuring
[planner_server-56] [INFO] [1791306679.868579315] [global_costmap.global_costmap]: Configuring
[planner_server-56] [INFO] [1791306679.884760424] [global_costmap.global_costmap]: Using plugin "static_layer"
[planner_server-56] [INFO] [1791306679.888777616] [global_costmap.global_costmap]: Subscribing to the map topic (/map) with transient local durability
[planner_server-56] [INFO] [1791306679.891432528] [global_costmap.global_costmap]: Initialized plugin "static_layer"
[planner_server-56] [INFO] [1791306679.891471873] [global_costmap.global_costmap]: Using plugin "obstacle_layer"
[planner_server-56] [INFO] [1791306679.892863250] [global_costmap.global_costmap]: Subscribed to Topics: scan
[planner_server-56] [INFO] [1791306679.899715942] [global_costmap.global_costmap]: Initialized plugin "obstacle_layer"
[planner_server-56] [INFO] [1791306679.899766476] [global_costmap.global_costmap]: Using plugin "inflation_layer"
[planner_server-56] [INFO] [1791306679.900939861] [global_costmap.global_costmap]: Initialized plugin "inflation_layer"
[planner_server-56] [INFO] [1791306679.940709552] [global_costmap.global_costmap]: StaticLayer: Resizing costmap to 1006 X 1674 at 0.030000 m/pix
[planner_server-56] [INFO] [1791306679.941002167] [planner_server]: Created global planner plugin GridBased of type nav2_navfn_planner::NavfnPlanner
[planner_server-56] [INFO] [1791306679.941019100] [planner_server]: Configuring plugin GridBased of type NavfnPlanner
[planner_server-56] [INFO] [1791306679.943076838] [planner_server]: Planner Server has GridBased  planners available.
[lifecycle_manager-64] [INFO] [1791306679.966428040] [lifecycle_manager_navigation]: [34m[1mConfiguring route_server[0m[0m
[route_server-57] [INFO] [1791306679.966653387] [route_server]: Configuring
[route_server-57] [INFO] [1791306680.013427706] [route_server]: Created GraphFileLoader GeoJsonGraphFileLoader of type nav2_route::GeoJsonGraphFileLoader
[route_server-57] [INFO] [1791306680.013452637] [route_server]: Configuring geojson graph file loader
[route_server-57] [INFO] [1791306680.013458277] [route_server]: No graph file provided to load yet.
[route_server-57] [INFO] [1791306680.017909804] [route_server]: Created edge cost function plugin DistanceScorer of type nav2_route::DistanceScorer
[route_server-57] [INFO] [1791306680.017930128] [route_server]: Configuring distance scorer.
[route_server-57] [INFO] [1791306680.018336470] [route_server]: Created edge cost function plugin DynamicEdgesScorer of type nav2_route::DynamicEdgesScorer
[route_server-57] [INFO] [1791306680.018357105] [route_server]: Configuring adjust edges scorer.
[route_server-57] [INFO] [1791306680.024791632] [route_server]: Created route operation AdjustSpeedLimit of type nav2_route::AdjustSpeedLimit
[route_server-57] [INFO] [1791306680.024813979] [route_server]: Configuring Adjust speed limit operation.
[route_server-57] [INFO] [1791306680.026896063] [route_server]: Created route operation ReroutingService of type nav2_route::ReroutingService
[route_server-57] [INFO] [1791306680.026921368] [route_server]: Configuring Rerouting service operation.
[lifecycle_manager-64] [INFO] [1791306680.031990962] [lifecycle_manager_navigation]: [34m[1mConfiguring behavior_server[0m[0m
[behavior_server-58] [INFO] [1791306680.032252828] [behavior_server]: Configuring
[behavior_server-58] [INFO] [1791306680.039355594] [behavior_server]: Creating behavior plugin spin of type nav2_behaviors::Spin
[behavior_server-58] [INFO] [1791306680.041561587] [behavior_server]: Creating behavior plugin backup of type nav2_behaviors::BackUp
[behavior_server-58] [INFO] [1791306680.043537801] [behavior_server]: Creating behavior plugin drive_on_heading of type nav2_behaviors::DriveOnHeading
[behavior_server-58] [INFO] [1791306680.045241224] [behavior_server]: Creating behavior plugin assisted_teleop of type nav2_behaviors::AssistedTeleop
[behavior_server-58] [INFO] [1791306680.047765130] [behavior_server]: Creating behavior plugin wait of type nav2_behaviors::Wait
[behavior_server-58] [INFO] [1791306680.059105588] [behavior_server]: Configuring spin
[behavior_server-58] [INFO] [1791306680.070621263] [behavior_server]: Configuring backup
[behavior_server-58] [INFO] [1791306680.079123976] [behavior_server]: Configuring drive_on_heading
[behavior_server-58] [INFO] [1791306680.087137720] [behavior_server]: Configuring assisted_teleop
[behavior_server-58] [INFO] [1791306680.098184216] [behavior_server]: Configuring wait
[lifecycle_manager-64] [INFO] [1791306680.108291490] [lifecycle_manager_navigation]: [34m[1mConfiguring velocity_smoother[0m[0m
[velocity_smoother-61] [INFO] [1791306680.108486026] [velocity_smoother]: Configuring velocity smoother
[lifecycle_manager-64] [INFO] [1791306680.112382892] [lifecycle_manager_navigation]: [34m[1mConfiguring collision_monitor[0m[0m
[collision_monitor-62] [INFO] [1791306680.112598020] [collision_monitor]: Configuring
[collision_monitor-62] [INFO] [1791306680.122196831] [collision_monitor]: [scan]: Creating Scan
[collision_monitor-62] [INFO] [1791306680.126926320] [collision_monitor]: [FootprintApproach]: Creating Polygon
[collision_monitor-62] [INFO] [1791306680.127183656] [collision_monitor]: [FootprintApproach]: Polygon points are not defined. Using dynamic subscription instead.
[collision_monitor-62] [INFO] [1791306680.130381270] [collision_monitor]: [FootprintApproach]: Making footprint subscriber on local_costmap/published_footprint topic
[lifecycle_manager-64] [INFO] [1791306680.152441932] [lifecycle_manager_navigation]: [34m[1mConfiguring bt_navigator[0m[0m
[bt_navigator-59] [INFO] [1791306680.152652306] [bt_navigator]: Configuring
[bt_navigator-59] [INFO] [1791306680.162674554] [bt_navigator]: Creating navigator id navigate_to_pose of type nav2_bt_navigator::NavigateToPoseNavigator
[bt_navigator-59] [INFO] [1791306680.255808751] [bt_navigator]: Creating navigator id navigate_through_poses of type nav2_bt_navigator::NavigateThroughPosesNavigator
[lifecycle_manager-64] [INFO] [1791306680.304948657] [lifecycle_manager_navigation]: [34m[1mConfiguring waypoint_follower[0m[0m
[waypoint_follower-60] [INFO] [1791306680.305196086] [waypoint_follower]: Configuring
[waypoint_follower-60] [INFO] [1791306680.341331100] [waypoint_follower]: Created waypoint_task_executor : wait_at_waypoint of type nav2_waypoint_follower::WaitAtWaypoint
[lifecycle_manager-64] [INFO] [1791306680.342767766] [lifecycle_manager_navigation]: [34m[1mConfiguring docking_server[0m[0m
[opennav_docking-63] [INFO] [1791306680.342989540] [docking_server]: Configuring docking_server
[opennav_docking-63] [INFO] [1791306680.343206520] [docking_server]: Controller frequency set to 50.0000Hz
[opennav_docking-63] [INFO] [1791306680.384217020] [docking_server]: Created charging dock plugin simple_charging_dock of type opennav_docking::SimpleChargingDock
[opennav_docking-63] [WARN] [1791306680.389942496] [docking_server]: Dock database filepath nor dock parameters set. Docking actions can only be executed specifying the dock pose via the action request. Or update the dock database via the reload_database service.
[opennav_docking-63] [INFO] [1791306680.389981665] [docking_server]: Docking Server has 1 dock types and 0 dock instances available.
[lifecycle_manager-64] [INFO] [1791306680.392052817] [lifecycle_manager_navigation]: [34m[1mActivating controller_server[0m[0m
[controller_server-54] [INFO] [1791306680.392281817] [controller_server]: Activating
[controller_server-54] [INFO] [1791306680.392329374] [local_costmap.local_costmap]: Activating
[controller_server-54] [INFO] [1791306680.392337168] [local_costmap.local_costmap]: Checking transform
[controller_server-54] [INFO] [1791306680.392434854] [local_costmap.local_costmap]: start
[rviz2-49] [INFO] [1791306680.503906316] [rviz2]: Trying to create a map of size 1006 x 1674 using 1 swatches
[rviz2-49] [ERROR] [1791306680.593915040] [rviz2]: rviz/glsl120/indexed_8bit_image.vert
[rviz2-49] rviz/glsl120/indexed_8bit_image.frag
[rviz2-49]  GLSL link result : 
[rviz2-49] active samplers with a different type refer to the same texture image unit
[controller_server-54] [WARN] [1791306680.594117479] [controller_server]: Parameter controller_server.verbose not found
[controller_server-54] [INFO] [1791306680.595478590] [controller_server]: Optimizer reset
[controller_server-54] [INFO] [1791306680.596719067] [MPPIController]: Activated MPPI Controller: FollowPath
[controller_server-54] [INFO] [1791306680.596745722] [controller_server]: Creating bond (controller_server) to lifecycle manager.
[lifecycle_manager-64] [INFO] [1791306680.706038324] [lifecycle_manager_navigation]: Server controller_server connected with bond.
[lifecycle_manager-64] [INFO] [1791306680.706071098] [lifecycle_manager_navigation]: [34m[1mActivating smoother_server[0m[0m
[smoother_server-55] [INFO] [1791306680.706478427] [smoother_server]: Activating
[smoother_server-55] [INFO] [1791306680.706496406] [smoother_server]: Creating bond (smoother_server) to lifecycle manager.
[lifecycle_manager-64] [INFO] [1791306680.812952378] [lifecycle_manager_navigation]: Server smoother_server connected with bond.
[lifecycle_manager-64] [INFO] [1791306680.813053977] [lifecycle_manager_navigation]: [34m[1mActivating planner_server[0m[0m
[planner_server-56] [INFO] [1791306680.814122529] [planner_server]: Activating
[planner_server-56] [INFO] [1791306680.814156348] [global_costmap.global_costmap]: Activating
[planner_server-56] [INFO] [1791306680.814164386] [global_costmap.global_costmap]: Checking transform
[planner_server-56] [INFO] [1791306680.814247080] [global_costmap.global_costmap]: start
[planner_server-56] [INFO] [1791306680.865841099] [planner_server]: Activating plugin GridBased of type NavfnPlanner
[planner_server-56] [INFO] [1791306680.868180694] [planner_server]: Creating bond (planner_server) to lifecycle manager.
[lifecycle_manager-64] [INFO] [1791306680.975346270] [lifecycle_manager_navigation]: Server planner_server connected with bond.
[lifecycle_manager-64] [INFO] [1791306680.975377074] [lifecycle_manager_navigation]: [34m[1mActivating route_server[0m[0m
[route_server-57] [INFO] [1791306680.975844469] [route_server]: Activating
[route_server-57] [INFO] [1791306680.975881555] [route_server]: Creating bond (route_server) to lifecycle manager.
[rviz2-49] [INFO] [1791306680.994710084] [rviz2]: Trying to create a map of size 50 x 50 using 1 swatches
[lifecycle_manager-64] [INFO] [1791306681.082744434] [lifecycle_manager_navigation]: Server route_server connected with bond.
[lifecycle_manager-64] [INFO] [1791306681.082776797] [lifecycle_manager_navigation]: [34m[1mActivating behavior_server[0m[0m
[behavior_server-58] [INFO] [1791306681.083171012] [behavior_server]: Activating
[behavior_server-58] [INFO] [1791306681.083188764] [behavior_server]: Activating spin
[behavior_server-58] [INFO] [1791306681.083192767] [behavior_server]: Activating backup
[behavior_server-58] [INFO] [1791306681.083196531] [behavior_server]: Activating drive_on_heading
[behavior_server-58] [INFO] [1791306681.083199450] [behavior_server]: Activating assisted_teleop
[behavior_server-58] [INFO] [1791306681.083202742] [behavior_server]: Activating wait
[behavior_server-58] [INFO] [1791306681.083206835] [behavior_server]: Creating bond (behavior_server) to lifecycle manager.
[lifecycle_manager-64] [INFO] [1791306681.191496879] [lifecycle_manager_navigation]: Server behavior_server connected with bond.
[lifecycle_manager-64] [INFO] [1791306681.191586499] [lifecycle_manager_navigation]: [34m[1mActivating velocity_smoother[0m[0m
[velocity_smoother-61] [INFO] [1791306681.192131142] [velocity_smoother]: Activating
[velocity_smoother-61] [INFO] [1791306681.192156435] [velocity_smoother]: Creating bond (velocity_smoother) to lifecycle manager.
[lifecycle_manager-64] [INFO] [1791306681.300685739] [lifecycle_manager_navigation]: Server velocity_smoother connected with bond.
[lifecycle_manager-64] [INFO] [1791306681.300722452] [lifecycle_manager_navigation]: [34m[1mActivating collision_monitor[0m[0m
[collision_monitor-62] [INFO] [1791306681.301134646] [collision_monitor]: Activating
[collision_monitor-62] [INFO] [1791306681.301152747] [collision_monitor]: Creating bond (collision_monitor) to lifecycle manager.
[lifecycle_manager-64] [INFO] [1791306681.408639427] [lifecycle_manager_navigation]: Server collision_monitor connected with bond.
[lifecycle_manager-64] [INFO] [1791306681.408675908] [lifecycle_manager_navigation]: [34m[1mActivating bt_navigator[0m[0m
[bt_navigator-59] [INFO] [1791306681.409155765] [bt_navigator]: Activating
[bt_navigator-59] [INFO] [1791306681.537892124] [bt_navigator]: Creating bond (bt_navigator) to lifecycle manager.
[lifecycle_manager-64] [INFO] [1791306681.645755333] [lifecycle_manager_navigation]: Server bt_navigator connected with bond.
[lifecycle_manager-64] [INFO] [1791306681.645796288] [lifecycle_manager_navigation]: [34m[1mActivating waypoint_follower[0m[0m
[waypoint_follower-60] [INFO] [1791306681.646385164] [waypoint_follower]: Activating
[waypoint_follower-60] [INFO] [1791306681.646407210] [waypoint_follower]: Creating bond (waypoint_follower) to lifecycle manager.
[lifecycle_manager-64] [INFO] [1791306681.754359540] [lifecycle_manager_navigation]: Server waypoint_follower connected with bond.
[lifecycle_manager-64] [INFO] [1791306681.754394388] [lifecycle_manager_navigation]: [34m[1mActivating docking_server[0m[0m
[opennav_docking-63] [INFO] [1791306681.754888664] [docking_server]: Activating docking_server
[opennav_docking-63] [INFO] [1791306681.770713414] [docking_server]: Creating bond (docking_server) to lifecycle manager.
[lifecycle_manager-64] [INFO] [1791306681.882352153] [lifecycle_manager_navigation]: Server docking_server connected with bond.
[lifecycle_manager-64] [INFO] [1791306681.882442906] [lifecycle_manager_navigation]: [34m[1mManaged nodes are active[0m[0m
[lifecycle_manager-64] [INFO] [1791306681.882451238] [lifecycle_manager_navigation]: [34m[1mCreating bond timer...[0m[0m
[spawner-31] [WARN] [1791306684.145725781] [spawner_joint_state_broadcaster]: Failed getting a result from calling /controller_manager/list_controllers in 10.0. (Attempt 1 of 3.)
[gazebo-1] [INFO] [1791306684.149237933] [controller_manager]: Loading controller : 'joint_state_broadcaster' of type 'joint_state_broadcaster/JointStateBroadcaster'
[gazebo-1] [INFO] [1791306684.149280824] [controller_manager]: Loading controller 'joint_state_broadcaster'
[gazebo-1] [WARN] [1791306684.159820903] [controller_manager]: The use of remapping arguments to the controller_manager node is deprecated. Please use the '--controller-ros-args' argument of the spawner to pass remapping arguments to the controller node.
[gazebo-1] [INFO] [1791306684.159882239] [controller_manager]: Controller 'joint_state_broadcaster' node arguments: --ros-args --params-file /home/y/u/yunqiao/IROB_Mobile_Robot_Project/install/irobot_create_control/share/irobot_create_control/config/control.yaml --params-file /home/y/u/yunqiao/IROB_Mobile_Robot_Project/install/warehouse_inventory_robot/share/warehouse_inventory_robot/config/arm_controller_types.yaml --ros-args --remap ~/odom:=odom --remap /tf:=tf --remap /tf_static:=tf_static --remap /diagnostics:=diagnostics -p use_sim_time:=true --param use_sim_time:=true 
[spawner-31] [INFO] [1791306684.294645801] [spawner_joint_state_broadcaster]: Loaded joint_state_broadcaster
[gazebo-1] [INFO] [1791306684.297978116] [controller_manager]: Configuring controller: 'joint_state_broadcaster'
[gazebo-1] [INFO] [1791306684.298090525] [joint_state_broadcaster]: 'joints' or 'interfaces' parameter is empty. All available state interfaces will be published
[gazebo-1] [INFO] [1791306684.414537697] [controller_manager]: Activating controllers: [ joint_state_broadcaster ]
[gazebo-1] [INFO] [1791306684.417225523] [controller_manager]: Successfully switched controllers!
[spawner-31] [INFO] [1791306684.420985087] [spawner_joint_state_broadcaster]: Configured and activated joint_state_broadcaster
[spawner-50] [INFO] [1791306684.575978144] [spawner_lite6_traj_controller]: waiting for service /controller_manager/list_controllers to become available...
[INFO] [spawner-31]: process has finished cleanly [pid 41837]
[INFO] [spawner-65]: process started with pid [43389]
[rviz2-49] [INFO] [1791306685.578149643] [rviz2]: Trying to create a map of size 1006 x 1674 using 1 swatches
[spawner-50] [INFO] [1791306686.334888351] [spawner_lite6_traj_controller]: Setting controller param "params_file" to "['/home/y/u/yunqiao/IROB_Mobile_Robot_Project/install/warehouse_inventory_robot/share/warehouse_inventory_robot/config/arm_controllers.yaml']" for lite6_traj_controller
[gazebo-1] [INFO] [1791306686.339432054] [controller_manager]: Loading controller : 'lite6_traj_controller' of type 'joint_trajectory_controller/JointTrajectoryController'
[gazebo-1] [INFO] [1791306686.339467140] [controller_manager]: Loading controller 'lite6_traj_controller'
[gazebo-1] [WARN] [1791306686.345129487] [controller_manager]: The use of remapping arguments to the controller_manager node is deprecated. Please use the '--controller-ros-args' argument of the spawner to pass remapping arguments to the controller node.
[gazebo-1] [INFO] [1791306686.345164982] [controller_manager]: Controller 'lite6_traj_controller' node arguments: --ros-args --params-file /home/y/u/yunqiao/IROB_Mobile_Robot_Project/install/irobot_create_control/share/irobot_create_control/config/control.yaml --params-file /home/y/u/yunqiao/IROB_Mobile_Robot_Project/install/warehouse_inventory_robot/share/warehouse_inventory_robot/config/arm_controller_types.yaml --ros-args --remap ~/odom:=odom --remap /tf:=tf --remap /tf_static:=tf_static --remap /diagnostics:=diagnostics -p use_sim_time:=true --params-file /home/y/u/yunqiao/IROB_Mobile_Robot_Project/install/warehouse_inventory_robot/share/warehouse_inventory_robot/config/arm_controllers.yaml --param use_sim_time:=true 
[spawner-50] [INFO] [1791306686.439077493] [spawner_lite6_traj_controller]: Loaded lite6_traj_controller
[gazebo-1] [INFO] [1791306686.440942694] [controller_manager]: Configuring controller: 'lite6_traj_controller'
[gazebo-1] [INFO] [1791306686.441157417] [lite6_traj_controller]: No specific joint names are used for command interfaces. Using 'joints' parameter.
[gazebo-1] [INFO] [1791306686.441174555] [lite6_traj_controller]: Command interfaces are [position velocity] and state interfaces are [position velocity].
[gazebo-1] [INFO] [1791306686.441189262] [lite6_traj_controller]: Using 'splines' interpolation method.
[gazebo-1] [INFO] [1791306686.447782179] [lite6_traj_controller]: Action status changes will be monitored at 10.00 Hz.
[gazebo-1] [INFO] [1791306686.462244788] [lite6_traj_controller]: No scaling interface set. This controller will not read speed scaling from the hardware.
[gazebo-1] [INFO] [1791306686.467646287] [controller_manager]: Activating controllers: [ lite6_traj_controller ]
[gazebo-1] [INFO] [1791306686.468032974] [controller_manager]: Successfully switched controllers!
[spawner-50] [INFO] [1791306686.472192148] [spawner_lite6_traj_controller]: Configured and activated lite6_traj_controller
[INFO] [spawner-50]: process has finished cleanly [pid 43017]
[spawner-65] [INFO] [1791306686.636407002] [spawner_diffdrive_controller]: waiting for service /controller_manager/list_controllers to become available...
[spawner-65] [INFO] [1791306687.401186006] [spawner_diffdrive_controller]: Setting controller param "params_file" to "['/home/y/u/yunqiao/IROB_Mobile_Robot_Project/install/irobot_create_control/share/irobot_create_control/config/control.yaml']" for diffdrive_controller
[gazebo-1] [INFO] [1791306687.409202120] [controller_manager]: Loading controller : 'diffdrive_controller' of type 'diff_drive_controller/DiffDriveController'
[gazebo-1] [INFO] [1791306687.409237357] [controller_manager]: Loading controller 'diffdrive_controller'
[gazebo-1] [WARN] [1791306687.414732704] [controller_manager]: The use of remapping arguments to the controller_manager node is deprecated. Please use the '--controller-ros-args' argument of the spawner to pass remapping arguments to the controller node.
[gazebo-1] [INFO] [1791306687.414831428] [controller_manager]: Controller 'diffdrive_controller' node arguments: --ros-args --params-file /home/y/u/yunqiao/IROB_Mobile_Robot_Project/install/irobot_create_control/share/irobot_create_control/config/control.yaml --params-file /home/y/u/yunqiao/IROB_Mobile_Robot_Project/install/warehouse_inventory_robot/share/warehouse_inventory_robot/config/arm_controller_types.yaml --ros-args --remap ~/odom:=odom --remap /tf:=tf --remap /tf_static:=tf_static --remap /diagnostics:=diagnostics -p use_sim_time:=true --params-file /home/y/u/yunqiao/IROB_Mobile_Robot_Project/install/irobot_create_control/share/irobot_create_control/config/control.yaml --param use_sim_time:=true 
[spawner-65] [INFO] [1791306687.505772703] [spawner_diffdrive_controller]: Loaded diffdrive_controller
[gazebo-1] [INFO] [1791306687.509761182] [controller_manager]: Configuring controller: 'diffdrive_controller'
[gazebo-1] [WARN] [1791306687.509872915] [diffdrive_controller]: [deprecated] has_jerk_limits parameter is deprecated, instead set the respective limits to NAN
[gazebo-1] [WARN] [1791306687.509912054] [diffdrive_controller]: [deprecated] has_jerk_limits parameter is deprecated, instead set the respective limits to NAN
[gazebo-1] [WARN] [1791306687.698734905] [diffdrive_controller]: Can't accept new commands. subscriber is inactive
[gazebo-1] [WARN] [1791306687.916485684] [diffdrive_controller]: Can't accept new commands. subscriber is inactive
[gazebo-1] [INFO] [1791306688.015939040] [controller_manager]: Activating controllers: [ diffdrive_controller ]
[gazebo-1] [INFO] [1791306688.024700358] [controller_manager]: Successfully switched controllers!
[spawner-65] [INFO] [1791306688.453061630] [spawner_diffdrive_controller]: Configured and activated diffdrive_controller
[INFO] [spawner-65]: process has finished cleanly [pid 43389]
[gazebo-1] [WARN] [1791306691.844020754] [diffdrive_controller]: Received TwistStamped with zero timestamp, setting it to current time, this message will only be shown once
[motion_control-34] [INFO] [1791306703.537045083] [motion_control]: Received new undock goal
[turtlebot4_node-29] [INFO] [1791306705.120378879] [turtlebot4_node]: OAKD started
[turtlebot4_node-29] [INFO] [1791306705.120427235] [turtlebot4_node]: RPLIDAR started
[turtlebot4_node-29] [ERROR] [1791306707.627008301] [turtlebot4_node]: Service stop_motor unavailable.
[turtlebot4_node-29] [ERROR] [1791306707.637252709] [turtlebot4_node]: Service oakd/stop_camera unavailable.
[turtlebot4_node-29] [ERROR] [1791306735.130785924] [turtlebot4_node]: Service start_motor unavailable.
[turtlebot4_node-29] [ERROR] [1791306735.141012031] [turtlebot4_node]: Service oakd/start_camera unavailable.
[motion_control-34] [INFO] [1791306929.995602043] [motion_control]: Undock Goal Exceeded Runtime
[motion_control-34] [INFO] [1791306929.995633834] [motion_control]: Undock Goal Succeeded
[bt_navigator-59] [INFO] [1791306930.000645628] [bt_navigator]: Begin navigating from current location (-0.67, 0.03) to (1.98, 7.15)
[controller_server-54] [INFO] [1791306930.031348671] [controller_server]: Received a goal, begin computing control effort.
[controller_server-54] [WARN] [1791306930.031383582] [controller_server]: No goal checker was specified in parameter 'current_goal_checker'. Server will use only plugin loaded general_goal_checker . This warning will appear once.
[controller_server-54] [WARN] [1791306930.031391097] [controller_server]: No progress checker was specified in parameter 'current_progress_checker'. Server will use only plugin loaded progress_checker . This warning will appear once.
[controller_server-54] [INFO] [1791306931.081519256] [controller_server]: Passing new path to controller.
[controller_server-54] [INFO] [1791306932.131551239] [controller_server]: Passing new path to controller.
[controller_server-54] [INFO] [1791306933.131521214] [controller_server]: Passing new path to controller.
[controller_server-54] [INFO] [1791306934.181543939] [controller_server]: Passing new path to controller.
[controller_server-54] [INFO] [1791306935.181517424] [controller_server]: Passing new path to controller.
[controller_server-54] [INFO] [1791306936.231519078] [controller_server]: Passing new path to controller.
[controller_server-54] [INFO] [1791306937.231549829] [controller_server]: Passing new path to controller.
[controller_server-54] [INFO] [1791306938.281557781] [controller_server]: Passing new path to controller.
[controller_server-54] [INFO] [1791306939.281519167] [controller_server]: Passing new path to controller.
[controller_server-54] [INFO] [1791306940.331525197] [controller_server]: Passing new path to controller.
[controller_server-54] [INFO] [1791306941.331551183] [controller_server]: Passing new path to controller.
[controller_server-54] [INFO] [1791306942.381551244] [controller_server]: Passing new path to controller.
[controller_server-54] [INFO] [1791306943.381525626] [controller_server]: Passing new path to controller.
[controller_server-54] [INFO] [1791306944.431558254] [controller_server]: Passing new path to controller.
[controller_server-54] [INFO] [1791306945.431544867] [controller_server]: Passing new path to controller.
[controller_server-54] [INFO] [1791306946.481557251] [controller_server]: Passing new path to controller.
[controller_server-54] [INFO] [1791306947.481528854] [controller_server]: Passing new path to controller.
[controller_server-54] [INFO] [1791306948.531519630] [controller_server]: Passing new path to controller.
[controller_server-54] [INFO] [1791306949.531519497] [controller_server]: Passing new path to controller.
[controller_server-54] [INFO] [1791306950.581525563] [controller_server]: Passing new path to controller.
[controller_server-54] [INFO] [1791306951.581516142] [controller_server]: Passing new path to controller.
[controller_server-54] [INFO] [1791306952.631547348] [controller_server]: Passing new path to controller.
[controller_server-54] [INFO] [1791306953.631525171] [controller_server]: Passing new path to controller.
[controller_server-54] [INFO] [1791306954.681523297] [controller_server]: Passing new path to controller.
[controller_server-54] [INFO] [1791306955.731520388] [controller_server]: Passing new path to controller.
[controller_server-54] [INFO] [1791306956.731547310] [controller_server]: Passing new path to controller.
[controller_server-54] [INFO] [1791306957.781519539] [controller_server]: Passing new path to controller.
[controller_server-54] [INFO] [1791306958.781548338] [controller_server]: Passing new path to controller.
[controller_server-54] [INFO] [1791306959.831524490] [controller_server]: Passing new path to controller.
[controller_server-54] [INFO] [1791306960.831558192] [controller_server]: Passing new path to controller.
[controller_server-54] [INFO] [1791306961.881516048] [controller_server]: Passing new path to controller.
[controller_server-54] [INFO] [1791306962.881545287] [controller_server]: Passing new path to controller.
[controller_server-54] [INFO] [1791306963.931518627] [controller_server]: Passing new path to controller.
[controller_server-54] [INFO] [1791306964.931523987] [controller_server]: Passing new path to controller.
[controller_server-54] [INFO] [1791306965.981518230] [controller_server]: Passing new path to controller.
[controller_server-54] [INFO] [1791306966.981549921] [controller_server]: Passing new path to controller.
[controller_server-54] [INFO] [1791306968.031526554] [controller_server]: Passing new path to controller.
[controller_server-54] [INFO] [1791306969.031516985] [controller_server]: Passing new path to controller.
[controller_server-54] [INFO] [1791306970.081543714] [controller_server]: Passing new path to controller.
[controller_server-54] [INFO] [1791306971.081549595] [controller_server]: Passing new path to controller.
[controller_server-54] [INFO] [1791306972.131543488] [controller_server]: Passing new path to controller.
[controller_server-54] [INFO] [1791306973.131555309] [controller_server]: Passing new path to controller.
[motion_control-34] [WARN] [1791306974.057968520] [motion_control]: Ignoring velocities commanded while an autonomous behavior is running!
[controller_server-54] [INFO] [1791306974.181548835] [controller_server]: Passing new path to controller.
[controller_server-54] [INFO] [1791306975.181545906] [controller_server]: Passing new path to controller.
[controller_server-54] [INFO] [1791306976.231520967] [controller_server]: Passing new path to controller.
[controller_server-54] [INFO] [1791306977.231547408] [controller_server]: Passing new path to controller.
[controller_server-54] [INFO] [1791306978.281546373] [controller_server]: Passing new path to controller.
[controller_server-54] [INFO] [1791306979.281522323] [controller_server]: Passing new path to controller.
[controller_server-54] [INFO] [1791306980.331481746] [controller_server]: Passing new path to controller.
[controller_server-54] [INFO] [1791306981.331538682] [controller_server]: Passing new path to controller.
[controller_server-54] [INFO] [1791306982.381524649] [controller_server]: Passing new path to controller.
[controller_server-54] [INFO] [1791306983.381517554] [controller_server]: Passing new path to controller.
[controller_server-54] [INFO] [1791306984.431522146] [controller_server]: Passing new path to controller.
[controller_server-54] [INFO] [1791306985.431521156] [controller_server]: Passing new path to controller.
[motion_control-34] [WARN] [1791306986.044735668] [motion_control]: Ignoring velocities commanded while an autonomous behavior is running!
[controller_server-54] [INFO] [1791306986.481553532] [controller_server]: Passing new path to controller.
[controller_server-54] [INFO] [1791306987.531520958] [controller_server]: Passing new path to controller.
[controller_server-54] [INFO] [1791306988.531548483] [controller_server]: Passing new path to controller.
[controller_server-54] [INFO] [1791306989.531524120] [controller_server]: Passing new path to controller.
[controller_server-54] [INFO] [1791306990.581555551] [controller_server]: Passing new path to controller.
[controller_server-54] [INFO] [1791306991.631529351] [controller_server]: Passing new path to controller.
[controller_server-54] [INFO] [1791306992.631538776] [controller_server]: Passing new path to controller.
[controller_server-54] [INFO] [1791306993.681545125] [controller_server]: Passing new path to controller.
[controller_server-54] [INFO] [1791306994.681549670] [controller_server]: Passing new path to controller.
[controller_server-54] [INFO] [1791306995.731552526] [controller_server]: Passing new path to controller.
[controller_server-54] [INFO] [1791306996.731518872] [controller_server]: Passing new path to controller.
[controller_server-54] [INFO] [1791306997.781516366] [controller_server]: Passing new path to controller.
[motion_control-34] [WARN] [1791306998.242475671] [motion_control]: Ignoring velocities commanded while an autonomous behavior is running!
[controller_server-54] [INFO] [1791306998.781561366] [controller_server]: Passing new path to controller.
[controller_server-54] [INFO] [1791306999.831521705] [controller_server]: Passing new path to controller.
[controller_server-54] [INFO] [1791307000.831527440] [controller_server]: Passing new path to controller.
[controller_server-54] [INFO] [1791307001.881546732] [controller_server]: Passing new path to controller.
[controller_server-54] [INFO] [1791307002.881538243] [controller_server]: Passing new path to controller.
[controller_server-54] [INFO] [1791307003.931523542] [controller_server]: Passing new path to controller.
[controller_server-54] [INFO] [1791307004.981562210] [controller_server]: Passing new path to controller.
[controller_server-54] [INFO] [1791307005.981550204] [controller_server]: Passing new path to controller.
[controller_server-54] [INFO] [1791307007.031524834] [controller_server]: Passing new path to controller.
[controller_server-54] [INFO] [1791307008.031521983] [controller_server]: Passing new path to controller.
[controller_server-54] [INFO] [1791307009.081552080] [controller_server]: Passing new path to controller.
[controller_server-54] [INFO] [1791307010.081537079] [controller_server]: Passing new path to controller.
[motion_control-34] [WARN] [1791307010.189051584] [motion_control]: Ignoring velocities commanded while an autonomous behavior is running!
[controller_server-54] [INFO] [1791307011.131525799] [controller_server]: Passing new path to controller.
[controller_server-54] [INFO] [1791307012.131552246] [controller_server]: Passing new path to controller.
[controller_server-54] [INFO] [1791307013.181544009] [controller_server]: Passing new path to controller.
[controller_server-54] [INFO] [1791307014.181522845] [controller_server]: Passing new path to controller.
[controller_server-54] [INFO] [1791307015.181514895] [controller_server]: Passing new path to controller.
[controller_server-54] [INFO] [1791307016.231522789] [controller_server]: Passing new path to controller.
[controller_server-54] [INFO] [1791307017.281545720] [controller_server]: Passing new path to controller.
[controller_server-54] [INFO] [1791307018.281518179] [controller_server]: Passing new path to controller.
[controller_server-54] [INFO] [1791307019.331530752] [controller_server]: Passing new path to controller.
[controller_server-54] [INFO] [1791307020.331522273] [controller_server]: Passing new path to controller.
[controller_server-54] [INFO] [1791307021.381521875] [controller_server]: Passing new path to controller.
[controller_server-54] [INFO] [1791307022.381519277] [controller_server]: Passing new path to controller.
[motion_control-34] [WARN] [1791307022.952522619] [motion_control]: Ignoring velocities commanded while an autonomous behavior is running!
[controller_server-54] [INFO] [1791307023.431549797] [controller_server]: Passing new path to controller.
[controller_server-54] [INFO] [1791307024.431557166] [controller_server]: Passing new path to controller.
[controller_server-54] [INFO] [1791307025.481547386] [controller_server]: Passing new path to controller.
[controller_server-54] [INFO] [1791307026.481520520] [controller_server]: Passing new path to controller.
[controller_server-54] [INFO] [1791307027.531520082] [controller_server]: Passing new path to controller.
[controller_server-54] [INFO] [1791307028.531558176] [controller_server]: Passing new path to controller.
[controller_server-54] [INFO] [1791307029.581546992] [controller_server]: Passing new path to controller.
[controller_server-54] [INFO] [1791307030.581574232] [controller_server]: Passing new path to controller.
[controller_server-54] [INFO] [1791307031.631921967] [controller_server]: Passing new path to controller.
[controller_server-54] [INFO] [1791307032.681546778] [controller_server]: Passing new path to controller.
[controller_server-54] [INFO] [1791307033.681546502] [controller_server]: Passing new path to controller.
[motion_control-34] [WARN] [1791307034.727569115] [motion_control]: Ignoring velocities commanded while an autonomous behavior is running!
[controller_server-54] [INFO] [1791307034.731548241] [controller_server]: Passing new path to controller.
[controller_server-54] [INFO] [1791307035.731521089] [controller_server]: Passing new path to controller.
[controller_server-54] [INFO] [1791307036.781515667] [controller_server]: Passing new path to controller.
[controller_server-54] [INFO] [1791307037.781542933] [controller_server]: Passing new path to controller.
[controller_server-54] [INFO] [1791307038.831555759] [controller_server]: Passing new path to controller.
[controller_server-54] [INFO] [1791307039.831520906] [controller_server]: Passing new path to controller.
[controller_server-54] [INFO] [1791307040.881520128] [controller_server]: Passing new path to controller.
[controller_server-54] [ERROR] [1791307040.931587968] [controller_server]: Failed to make progress
[controller_server-54] [INFO] [1791307040.932440927] [controller_server]: Optimizer reset
[controller_server-54] [WARN] [1791307040.932469632] [controller_server]: [follow_path] [ActionServer] Aborting handle.
[controller_server-54] [INFO] [1791307040.951022253] [local_costmap.local_costmap]: Received request to clear entirely the local_costmap
[controller_server-54] [INFO] [1791307040.951513133] [controller_server]: Received a goal, begin computing control effort.
[controller_server-54] [WARN] [1791307041.005850892] [controller_server]: Control loop missed its desired rate of 20.0000 Hz. Current loop rate is inf Hz.
[controller_server-54] [INFO] [1791307041.905975330] [controller_server]: Passing new path to controller.
[controller_server-54] [INFO] [1791307042.905949751] [controller_server]: Passing new path to controller.
[controller_server-54] [INFO] [1791307043.955943116] [controller_server]: Passing new path to controller.
[controller_server-54] [INFO] [1791307044.955944896] [controller_server]: Passing new path to controller.
[controller_server-54] [INFO] [1791307046.005970877] [controller_server]: Passing new path to controller.
[motion_control-34] [WARN] [1791307046.754102783] [motion_control]: Ignoring velocities commanded while an autonomous behavior is running!
[controller_server-54] [INFO] [1791307047.005970948] [controller_server]: Passing new path to controller.
[controller_server-54] [INFO] [1791307048.055942083] [controller_server]: Passing new path to controller.
[controller_server-54] [INFO] [1791307049.055972579] [controller_server]: Passing new path to controller.
[controller_server-54] [INFO] [1791307050.105954312] [controller_server]: Passing new path to controller.
[controller_server-54] [INFO] [1791307051.105955737] [controller_server]: Passing new path to controller.
[controller_server-54] [INFO] [1791307052.155970664] [controller_server]: Passing new path to controller.
[controller_server-54] [INFO] [1791307053.155931042] [controller_server]: Passing new path to controller.
[controller_server-54] [INFO] [1791307054.205944175] [controller_server]: Passing new path to controller.
[controller_server-54] [INFO] [1791307055.206012113] [controller_server]: Passing new path to controller.
[controller_server-54] [INFO] [1791307056.255948117] [controller_server]: Passing new path to controller.
[controller_server-54] [INFO] [1791307057.255943890] [controller_server]: Passing new path to controller.
[controller_server-54] [INFO] [1791307058.305944082] [controller_server]: Passing new path to controller.
[motion_control-34] [WARN] [1791307058.577577648] [motion_control]: Ignoring velocities commanded while an autonomous behavior is running!
[controller_server-54] [INFO] [1791307059.305943913] [controller_server]: Passing new path to controller.
[controller_server-54] [INFO] [1791307060.305943587] [controller_server]: Passing new path to controller.
[controller_server-54] [INFO] [1791307061.355946535] [controller_server]: Passing new path to controller.
[controller_server-54] [INFO] [1791307062.405973929] [controller_server]: Passing new path to controller.
[controller_server-54] [INFO] [1791307063.405948871] [controller_server]: Passing new path to controller.
[controller_server-54] [INFO] [1791307064.455947756] [controller_server]: Passing new path to controller.
[controller_server-54] [INFO] [1791307065.455978235] [controller_server]: Passing new path to controller.
[controller_server-54] [INFO] [1791307066.506258268] [controller_server]: Passing new path to controller.
[controller_server-54] [INFO] [1791307067.555977150] [controller_server]: Passing new path to controller.
[controller_server-54] [INFO] [1791307068.555971368] [controller_server]: Passing new path to controller.
[controller_server-54] [INFO] [1791307069.605898055] [controller_server]: Passing new path to controller.
[controller_server-54] [INFO] [1791307070.605970527] [controller_server]: Passing new path to controller.
[motion_control-34] [WARN] [1791307071.192976023] [motion_control]: Ignoring velocities commanded while an autonomous behavior is running!
[controller_server-54] [INFO] [1791307071.655922638] [controller_server]: Passing new path to controller.
[controller_server-54] [INFO] [1791307072.655967729] [controller_server]: Passing new path to controller.
[controller_server-54] [INFO] [1791307073.705951541] [controller_server]: Passing new path to controller.
[controller_server-54] [INFO] [1791307074.755945965] [controller_server]: Passing new path to controller.
[controller_server-54] [INFO] [1791307075.755949557] [controller_server]: Passing new path to controller.
[controller_server-54] [INFO] [1791307076.805944855] [controller_server]: Passing new path to controller.
[controller_server-54] [INFO] [1791307077.805920163] [controller_server]: Passing new path to controller.
[controller_server-54] [INFO] [1791307078.855950405] [controller_server]: Passing new path to controller.
[controller_server-54] [INFO] [1791307079.855951211] [controller_server]: Passing new path to controller.
[controller_server-54] [INFO] [1791307080.905930979] [controller_server]: Passing new path to controller.
[controller_server-54] [INFO] [1791307081.905970879] [controller_server]: Passing new path to controller.
[controller_server-54] [INFO] [1791307082.955982148] [controller_server]: Passing new path to controller.
[motion_control-34] [WARN] [1791307083.660413338] [motion_control]: Ignoring velocities commanded while an autonomous behavior is running!
[controller_server-54] [INFO] [1791307083.955987167] [controller_server]: Passing new path to controller.
[controller_server-54] [INFO] [1791307085.005991568] [controller_server]: Passing new path to controller.
[controller_server-54] [INFO] [1791307086.005973151] [controller_server]: Passing new path to controller.
[controller_server-54] [INFO] [1791307087.055977419] [controller_server]: Passing new path to controller.
[controller_server-54] [INFO] [1791307088.055970129] [controller_server]: Passing new path to controller.
[controller_server-54] [INFO] [1791307089.105953130] [controller_server]: Passing new path to controller.
[controller_server-54] [INFO] [1791307090.105948452] [controller_server]: Passing new path to controller.
[controller_server-54] [INFO] [1791307091.155969552] [controller_server]: Passing new path to controller.
[controller_server-54] [INFO] [1791307092.155977690] [controller_server]: Passing new path to controller.
[controller_server-54] [INFO] [1791307093.205952104] [controller_server]: Passing new path to controller.
[controller_server-54] [INFO] [1791307094.205960539] [controller_server]: Passing new path to controller.
[controller_server-54] [INFO] [1791307095.255932315] [controller_server]: Passing new path to controller.
[motion_control-34] [WARN] [1791307095.967432145] [motion_control]: Ignoring velocities commanded while an autonomous behavior is running!
[controller_server-54] [INFO] [1791307096.255974571] [controller_server]: Passing new path to controller.
[controller_server-54] [INFO] [1791307097.305951618] [controller_server]: Passing new path to controller.
[controller_server-54] [INFO] [1791307098.305974108] [controller_server]: Passing new path to controller.
[controller_server-54] [INFO] [1791307099.355945417] [controller_server]: Passing new path to controller.
[controller_server-54] [INFO] [1791307100.355942992] [controller_server]: Passing new path to controller.
[controller_server-54] [INFO] [1791307101.405950881] [controller_server]: Passing new path to controller.
[controller_server-54] [INFO] [1791307102.405973559] [controller_server]: Passing new path to controller.
[controller_server-54] [INFO] [1791307103.455976861] [controller_server]: Passing new path to controller.
[controller_server-54] [INFO] [1791307104.455945307] [controller_server]: Passing new path to controller.
[controller_server-54] [INFO] [1791307105.505942809] [controller_server]: Passing new path to controller.
[controller_server-54] [INFO] [1791307106.505971833] [controller_server]: Passing new path to controller.
[controller_server-54] [INFO] [1791307107.555968912] [controller_server]: Passing new path to controller.
[motion_control-34] [WARN] [1791307108.545373751] [motion_control]: Ignoring velocities commanded while an autonomous behavior is running!
[controller_server-54] [INFO] [1791307108.555949379] [controller_server]: Passing new path to controller.
[controller_server-54] [INFO] [1791307109.605969814] [controller_server]: Passing new path to controller.
[controller_server-54] [INFO] [1791307110.605946333] [controller_server]: Passing new path to controller.
[controller_server-54] [INFO] [1791307111.655941885] [controller_server]: Passing new path to controller.
[controller_server-54] [INFO] [1791307112.655973320] [controller_server]: Passing new path to controller.
[controller_server-54] [INFO] [1791307113.705943911] [controller_server]: Passing new path to controller.
[controller_server-54] [INFO] [1791307114.705949083] [controller_server]: Passing new path to controller.
[controller_server-54] [INFO] [1791307115.755991537] [controller_server]: Passing new path to controller.
[controller_server-54] [INFO] [1791307116.755970465] [controller_server]: Passing new path to controller.
[controller_server-54] [INFO] [1791307117.805941982] [controller_server]: Passing new path to controller.
[controller_server-54] [INFO] [1791307118.805970408] [controller_server]: Passing new path to controller.
[controller_server-54] [INFO] [1791307119.855945107] [controller_server]: Passing new path to controller.
[controller_server-54] [ERROR] [1791307120.805982307] [controller_server]: Failed to make progress
[controller_server-54] [INFO] [1791307120.806422851] [controller_server]: Optimizer reset
[controller_server-54] [WARN] [1791307120.806458378] [controller_server]: [follow_path] [ActionServer] Aborting handle.
[planner_server-56] [INFO] [1791307120.825016156] [planner_server]: Goal was canceled. Canceling planning action.
[planner_server-56] [INFO] [1791307120.825043989] [planner_server]: [compute_path_to_pose] [ActionServer] Client requested to cancel the goal. Cancelling.
[controller_server-54] [INFO] [1791307120.825359601] [local_costmap.local_costmap]: Received request to clear entirely the local_costmap
[planner_server-56] [INFO] [1791307120.825674298] [global_costmap.global_costmap]: Received request to clear entirely the global_costmap
[motion_control-34] [WARN] [1791307121.092465409] [motion_control]: Ignoring velocities commanded while an autonomous behavior is running!
[controller_server-54] [INFO] [1791307121.861229080] [controller_server]: Received a goal, begin computing control effort.
[controller_server-54] [INFO] [1791307122.911370327] [controller_server]: Passing new path to controller.
[controller_server-54] [INFO] [1791307123.961357635] [controller_server]: Passing new path to controller.
[controller_server-54] [INFO] [1791307124.961352421] [controller_server]: Passing new path to controller.
[controller_server-54] [INFO] [1791307126.011354247] [controller_server]: Passing new path to controller.
[controller_server-54] [INFO] [1791307127.011351464] [controller_server]: Passing new path to controller.
[controller_server-54] [INFO] [1791307128.061353129] [controller_server]: Passing new path to controller.
[controller_server-54] [INFO] [1791307129.061376970] [controller_server]: Passing new path to controller.
[controller_server-54] [INFO] [1791307130.111462842] [controller_server]: Passing new path to controller.
[controller_server-54] [INFO] [1791307131.111350308] [controller_server]: Passing new path to controller.
[controller_server-54] [INFO] [1791307132.161420313] [controller_server]: Passing new path to controller.
[controller_server-54] [INFO] [1791307133.161355385] [controller_server]: Passing new path to controller.
[motion_control-34] [WARN] [1791307133.197243417] [motion_control]: Ignoring velocities commanded while an autonomous behavior is running!
[controller_server-54] [INFO] [1791307134.211384309] [controller_server]: Passing new path to controller.
[controller_server-54] [INFO] [1791307135.211383214] [controller_server]: Passing new path to controller.
[controller_server-54] [INFO] [1791307136.261362526] [controller_server]: Passing new path to controller.
[controller_server-54] [INFO] [1791307137.261385463] [controller_server]: Passing new path to controller.
[controller_server-54] [INFO] [1791307138.311358382] [controller_server]: Passing new path to controller.
[controller_server-54] [INFO] [1791307139.311352723] [controller_server]: Passing new path to controller.
[controller_server-54] [INFO] [1791307140.361327928] [controller_server]: Passing new path to controller.
[controller_server-54] [INFO] [1791307141.361352487] [controller_server]: Passing new path to controller.
[controller_server-54] [INFO] [1791307142.411354389] [controller_server]: Passing new path to controller.
[controller_server-54] [INFO] [1791307143.411341145] [controller_server]: Passing new path to controller.
[controller_server-54] [INFO] [1791307144.461353755] [controller_server]: Passing new path to controller.
[controller_server-54] [INFO] [1791307145.461353017] [controller_server]: Passing new path to controller.
[motion_control-34] [WARN] [1791307145.937112882] [motion_control]: Ignoring velocities commanded while an autonomous behavior is running!
[controller_server-54] [INFO] [1791307146.511353569] [controller_server]: Passing new path to controller.
[controller_server-54] [INFO] [1791307147.511352425] [controller_server]: Passing new path to controller.
[controller_server-54] [INFO] [1791307148.561354303] [controller_server]: Passing new path to controller.
[controller_server-54] [INFO] [1791307149.561355654] [controller_server]: Passing new path to controller.
[controller_server-54] [INFO] [1791307150.611352232] [controller_server]: Passing new path to controller.
[controller_server-54] [INFO] [1791307151.611355587] [controller_server]: Passing new path to controller.
[controller_server-54] [INFO] [1791307152.661353758] [controller_server]: Passing new path to controller.
[controller_server-54] [INFO] [1791307153.661353732] [controller_server]: Passing new path to controller.
[controller_server-54] [INFO] [1791307154.711366837] [controller_server]: Passing new path to controller.
[controller_server-54] [INFO] [1791307155.761385360] [controller_server]: Passing new path to controller.
[controller_server-54] [INFO] [1791307156.761364038] [controller_server]: Passing new path to controller.
[controller_server-54] [INFO] [1791307157.811355486] [controller_server]: Passing new path to controller.
[motion_control-34] [WARN] [1791307158.314015549] [motion_control]: Ignoring velocities commanded while an autonomous behavior is running!
[controller_server-54] [INFO] [1791307158.811359639] [controller_server]: Passing new path to controller.
[controller_server-54] [INFO] [1791307159.861360487] [controller_server]: Passing new path to controller.
[controller_server-54] [INFO] [1791307160.861365201] [controller_server]: Passing new path to controller.
[controller_server-54] [INFO] [1791307161.911355977] [controller_server]: Passing new path to controller.
[controller_server-54] [INFO] [1791307162.911360352] [controller_server]: Passing new path to controller.
[controller_server-54] [INFO] [1791307163.961362615] [controller_server]: Passing new path to controller.
[controller_server-54] [INFO] [1791307164.961360205] [controller_server]: Passing new path to controller.
[controller_server-54] [INFO] [1791307166.011363099] [controller_server]: Passing new path to controller.
[controller_server-54] [INFO] [1791307167.011358994] [controller_server]: Passing new path to controller.
[controller_server-54] [INFO] [1791307168.061385950] [controller_server]: Passing new path to controller.
[controller_server-54] [INFO] [1791307169.061341194] [controller_server]: Passing new path to controller.
[controller_server-54] [INFO] [1791307170.111354790] [controller_server]: Passing new path to controller.
[motion_control-34] [WARN] [1791307171.084123403] [motion_control]: Ignoring velocities commanded while an autonomous behavior is running!
[controller_server-54] [INFO] [1791307171.111362825] [controller_server]: Passing new path to controller.
[controller_server-54] [INFO] [1791307172.161354858] [controller_server]: Passing new path to controller.
[controller_server-54] [INFO] [1791307173.161360864] [controller_server]: Passing new path to controller.
[controller_server-54] [INFO] [1791307174.211343937] [controller_server]: Passing new path to controller.
[controller_server-54] [INFO] [1791307175.211353492] [controller_server]: Passing new path to controller.
[controller_server-54] [INFO] [1791307176.261333653] [controller_server]: Passing new path to controller.
[controller_server-54] [INFO] [1791307177.261380681] [controller_server]: Passing new path to controller.
[controller_server-54] [INFO] [1791307178.311380978] [controller_server]: Passing new path to controller.
[controller_server-54] [INFO] [1791307179.311382698] [controller_server]: Passing new path to controller.
[controller_server-54] [INFO] [1791307180.361377216] [controller_server]: Passing new path to controller.
[controller_server-54] [INFO] [1791307181.361356594] [controller_server]: Passing new path to controller.
[controller_server-54] [INFO] [1791307182.411378184] [controller_server]: Passing new path to controller.
[controller_server-54] [INFO] [1791307183.411353130] [controller_server]: Passing new path to controller.
[motion_control-34] [WARN] [1791307184.274001195] [motion_control]: Ignoring velocities commanded while an autonomous behavior is running!
[controller_server-54] [INFO] [1791307184.461365064] [controller_server]: Passing new path to controller.
[controller_server-54] [INFO] [1791307185.461354102] [controller_server]: Passing new path to controller.
[controller_server-54] [INFO] [1791307186.511378418] [controller_server]: Passing new path to controller.
[controller_server-54] [INFO] [1791307187.511363277] [controller_server]: Passing new path to controller.
[controller_server-54] [INFO] [1791307188.561362234] [controller_server]: Passing new path to controller.
[controller_server-54] [INFO] [1791307189.561377656] [controller_server]: Passing new path to controller.
[controller_server-54] [INFO] [1791307190.611360223] [controller_server]: Passing new path to controller.
[controller_server-54] [INFO] [1791307191.611356756] [controller_server]: Passing new path to controller.
[controller_server-54] [INFO] [1791307192.661355067] [controller_server]: Passing new path to controller.
[controller_server-54] [INFO] [1791307193.661381073] [controller_server]: Passing new path to controller.
[controller_server-54] [INFO] [1791307194.711351799] [controller_server]: Passing new path to controller.
[controller_server-54] [INFO] [1791307195.711354282] [controller_server]: Passing new path to controller.
[controller_server-54] [INFO] [1791307196.761357294] [controller_server]: Passing new path to controller.
[motion_control-34] [WARN] [1791307197.514878301] [motion_control]: Ignoring velocities commanded while an autonomous behavior is running!
[controller_server-54] [INFO] [1791307197.761381261] [controller_server]: Passing new path to controller.
[controller_server-54] [INFO] [1791307198.811359214] [controller_server]: Passing new path to controller.
[controller_server-54] [INFO] [1791307199.811355134] [controller_server]: Passing new path to controller.
[controller_server-54] [INFO] [1791307200.861383888] [controller_server]: Passing new path to controller.
[controller_server-54] [INFO] [1791307201.861366678] [controller_server]: Passing new path to controller.
[controller_server-54] [INFO] [1791307202.911349366] [controller_server]: Passing new path to controller.
[controller_server-54] [ERROR] [1791307203.261420875] [controller_server]: Failed to make progress
[controller_server-54] [INFO] [1791307203.261860093] [controller_server]: Optimizer reset
[controller_server-54] [WARN] [1791307203.261889555] [controller_server]: [follow_path] [ActionServer] Aborting handle.
[controller_server-54] [INFO] [1791307203.281072608] [local_costmap.local_costmap]: Received request to clear entirely the local_costmap
[controller_server-54] [INFO] [1791307203.281448518] [controller_server]: Received a goal, begin computing control effort.
[controller_server-54] [WARN] [1791307203.405248949] [controller_server]: Control loop missed its desired rate of 20.0000 Hz. Current loop rate is 55.5556 Hz.
[controller_server-54] [INFO] [1791307203.905375386] [controller_server]: Passing new path to controller.
[controller_server-54] [INFO] [1791307204.955370391] [controller_server]: Passing new path to controller.
[controller_server-54] [INFO] [1791307206.005341769] [controller_server]: Passing new path to controller.
[controller_server-54] [INFO] [1791307207.005364306] [controller_server]: Passing new path to controller.
[controller_server-54] [INFO] [1791307208.055371834] [controller_server]: Passing new path to controller.
[controller_server-54] [INFO] [1791307209.055385154] [controller_server]: Passing new path to controller.
[controller_server-54] [INFO] [1791307210.105383335] [controller_server]: Passing new path to controller.
[motion_control-34] [WARN] [1791307210.397171174] [motion_control]: Ignoring velocities commanded while an autonomous behavior is running!
[controller_server-54] [INFO] [1791307211.105348147] [controller_server]: Passing new path to controller.
[controller_server-54] [INFO] [1791307212.155371335] [controller_server]: Passing new path to controller.
[controller_server-54] [INFO] [1791307213.155343645] [controller_server]: Passing new path to controller.
[controller_server-54] [INFO] [1791307214.205369635] [controller_server]: Passing new path to controller.
[controller_server-54] [INFO] [1791307215.205340360] [controller_server]: Passing new path to controller.
[controller_server-54] [INFO] [1791307216.255343653] [controller_server]: Passing new path to controller.
[controller_server-54] [INFO] [1791307217.255368306] [controller_server]: Passing new path to controller.
[controller_server-54] [INFO] [1791307218.305370143] [controller_server]: Passing new path to controller.
[controller_server-54] [INFO] [1791307219.305370100] [controller_server]: Passing new path to controller.
[controller_server-54] [INFO] [1791307220.355343810] [controller_server]: Passing new path to controller.
[controller_server-54] [INFO] [1791307221.355370889] [controller_server]: Passing new path to controller.
[controller_server-54] [INFO] [1791307222.405367026] [controller_server]: Passing new path to controller.
[controller_server-54] [INFO] [1791307223.405353722] [controller_server]: Passing new path to controller.
[motion_control-34] [WARN] [1791307223.904398069] [motion_control]: Ignoring velocities commanded while an autonomous behavior is running!
[controller_server-54] [INFO] [1791307224.405382139] [controller_server]: Passing new path to controller.
[controller_server-54] [INFO] [1791307225.455387318] [controller_server]: Passing new path to controller.
[controller_server-54] [INFO] [1791307226.505369526] [controller_server]: Passing new path to controller.
[controller_server-54] [INFO] [1791307227.505368492] [controller_server]: Passing new path to controller.
[controller_server-54] [INFO] [1791307228.555343630] [controller_server]: Passing new path to controller.
[controller_server-54] [INFO] [1791307229.555377053] [controller_server]: Passing new path to controller.
[controller_server-54] [INFO] [1791307230.605370693] [controller_server]: Passing new path to controller.
[controller_server-54] [INFO] [1791307231.605340820] [controller_server]: Passing new path to controller.
[controller_server-54] [INFO] [1791307232.655345341] [controller_server]: Passing new path to controller.
[controller_server-54] [INFO] [1791307233.655372274] [controller_server]: Passing new path to controller.
[controller_server-54] [INFO] [1791307234.705347076] [controller_server]: Passing new path to controller.
[controller_server-54] [INFO] [1791307235.705371697] [controller_server]: Passing new path to controller.
[controller_server-54] [INFO] [1791307236.755343033] [controller_server]: Passing new path to controller.
[controller_server-54] [INFO] [1791307237.755366492] [controller_server]: Passing new path to controller.
[motion_control-34] [WARN] [1791307238.217495213] [motion_control]: Ignoring velocities commanded while an autonomous behavior is running!
[controller_server-54] [INFO] [1791307238.805343378] [controller_server]: Passing new path to controller.
[controller_server-54] [INFO] [1791307239.805361993] [controller_server]: Passing new path to controller.
[controller_server-54] [INFO] [1791307240.855369935] [controller_server]: Passing new path to controller.
[controller_server-54] [INFO] [1791307241.855351692] [controller_server]: Passing new path to controller.
[controller_server-54] [INFO] [1791307242.905369050] [controller_server]: Passing new path to controller.
[controller_server-54] [INFO] [1791307243.905366372] [controller_server]: Passing new path to controller.
[controller_server-54] [INFO] [1791307244.955343678] [controller_server]: Passing new path to controller.
[controller_server-54] [INFO] [1791307246.005367069] [controller_server]: Passing new path to controller.
[controller_server-54] [INFO] [1791307247.005367802] [controller_server]: Passing new path to controller.
[controller_server-54] [INFO] [1791307248.055371402] [controller_server]: Passing new path to controller.
[controller_server-54] [INFO] [1791307249.055347985] [controller_server]: Passing new path to controller.
[controller_server-54] [INFO] [1791307250.105369134] [controller_server]: Passing new path to controller.
[controller_server-54] [INFO] [1791307251.105365188] [controller_server]: Passing new path to controller.
[controller_server-54] [INFO] [1791307252.155378531] [controller_server]: Passing new path to controller.
[motion_control-34] [WARN] [1791307252.247527823] [motion_control]: Ignoring velocities commanded while an autonomous behavior is running!
[controller_server-54] [INFO] [1791307253.155377328] [controller_server]: Passing new path to controller.
[controller_server-54] [INFO] [1791307254.205373687] [controller_server]: Passing new path to controller.
[controller_server-54] [INFO] [1791307255.205368404] [controller_server]: Passing new path to controller.
[controller_server-54] [INFO] [1791307256.255376789] [controller_server]: Passing new path to controller.
[controller_server-54] [INFO] [1791307257.255372248] [controller_server]: Passing new path to controller.
[controller_server-54] [INFO] [1791307258.305368115] [controller_server]: Passing new path to controller.
[controller_server-54] [INFO] [1791307259.305365321] [controller_server]: Passing new path to controller.
[controller_server-54] [INFO] [1791307260.305346980] [controller_server]: Passing new path to controller.
[controller_server-54] [INFO] [1791307261.355372126] [controller_server]: Passing new path to controller.
[controller_server-54] [INFO] [1791307262.405365140] [controller_server]: Passing new path to controller.
[controller_server-54] [INFO] [1791307263.405368639] [controller_server]: Passing new path to controller.
[controller_server-54] [INFO] [1791307264.455376293] [controller_server]: Passing new path to controller.
[controller_server-54] [INFO] [1791307265.455366711] [controller_server]: Passing new path to controller.
[controller_server-54] [INFO] [1791307266.505348032] [controller_server]: Passing new path to controller.
[motion_control-34] [WARN] [1791307266.674126854] [motion_control]: Ignoring velocities commanded while an autonomous behavior is running!
[controller_server-54] [INFO] [1791307267.555376268] [controller_server]: Passing new path to controller.
[controller_server-54] [INFO] [1791307268.555367982] [controller_server]: Passing new path to controller.
[controller_server-54] [INFO] [1791307269.605349669] [controller_server]: Passing new path to controller.
[controller_server-54] [INFO] [1791307270.605343010] [controller_server]: Passing new path to controller.
[controller_server-54] [INFO] [1791307271.655369772] [controller_server]: Passing new path to controller.
[controller_server-54] [INFO] [1791307272.655346115] [controller_server]: Passing new path to controller.
[controller_server-54] [INFO] [1791307273.705382221] [controller_server]: Passing new path to controller.
[controller_server-54] [INFO] [1791307274.705343034] [controller_server]: Passing new path to controller.
[controller_server-54] [INFO] [1791307275.755370936] [controller_server]: Passing new path to controller.
[controller_server-54] [INFO] [1791307276.755368747] [controller_server]: Passing new path to controller.
[controller_server-54] [INFO] [1791307277.805341784] [controller_server]: Passing new path to controller.
[controller_server-54] [INFO] [1791307278.805346390] [controller_server]: Passing new path to controller.
[controller_server-54] [INFO] [1791307279.855367133] [controller_server]: Passing new path to controller.
[controller_server-54] [INFO] [1791307280.855344930] [controller_server]: Passing new path to controller.
[motion_control-34] [WARN] [1791307281.565298827] [motion_control]: Ignoring velocities commanded while an autonomous behavior is running!
[controller_server-54] [INFO] [1791307281.905370369] [controller_server]: Passing new path to controller.
[controller_server-54] [INFO] [1791307282.905371193] [controller_server]: Passing new path to controller.
[controller_server-54] [INFO] [1791307283.955371607] [controller_server]: Passing new path to controller.
[controller_server-54] [INFO] [1791307284.955370290] [controller_server]: Passing new path to controller.
[controller_server-54] [INFO] [1791307286.005378372] [controller_server]: Passing new path to controller.
[controller_server-54] [INFO] [1791307287.005371530] [controller_server]: Passing new path to controller.
[controller_server-54] [INFO] [1791307288.055368337] [controller_server]: Passing new path to controller.
[controller_server-54] [INFO] [1791307289.055376547] [controller_server]: Passing new path to controller.
[controller_server-54] [INFO] [1791307290.105352258] [controller_server]: Passing new path to controller.
[controller_server-54] [INFO] [1791307291.105367993] [controller_server]: Passing new path to controller.
[controller_server-54] [ERROR] [1791307291.805409940] [controller_server]: Failed to make progress
[controller_server-54] [INFO] [1791307291.805861362] [controller_server]: Optimizer reset
[controller_server-54] [WARN] [1791307291.805891937] [controller_server]: [follow_path] [ActionServer] Aborting handle.
[behavior_server-58] [INFO] [1791307291.821305060] [behavior_server]: Running spin
[behavior_server-58] [INFO] [1791307291.821374340] [behavior_server]: Turning 1.57 for spin behavior.
[behavior_server-58] [WARN] [1791307381.821496471] [behavior_server]: Exceeded time allowance before reaching the Spin goal - Exiting Spin
[behavior_server-58] [WARN] [1791307381.821530055] [behavior_server]: spin failed
[behavior_server-58] [WARN] [1791307381.821537210] [behavior_server]: [spin] [ActionServer] Aborting handle.
[behavior_server-58] [INFO] [1791307381.841121131] [behavior_server]: Running wait
[gazebo-1] [WARN] [1791307386.749744553] [diffdrive_controller]: Ignoring the received message (timestamp 88.1940000000) because it is older than the current time by 0.5070000000 seconds, which exceeds the allowed timeout (0.5000)
[gazebo-1] [WARN] [1791307387.062073959] [diffdrive_controller]: Ignoring the received message (timestamp 88.1940000000) because it is older than the current time by 0.5310000000 seconds, which exceeds the allowed timeout (0.5000)
[gazebo-1] [WARN] [1791307387.189981395] [diffdrive_controller]: Ignoring the received message (timestamp 88.1940000000) because it is older than the current time by 0.5580000000 seconds, which exceeds the allowed timeout (0.5000)
[gazebo-1] [WARN] [1791307387.441650751] [diffdrive_controller]: Ignoring the received message (timestamp 88.1940000000) because it is older than the current time by 0.5820000000 seconds, which exceeds the allowed timeout (0.5000)
[gazebo-1] [WARN] [1791307387.615677717] [diffdrive_controller]: Ignoring the received message (timestamp 88.1940000000) because it is older than the current time by 0.6060000000 seconds, which exceeds the allowed timeout (0.5000)
[gazebo-1] [WARN] [1791307387.889555097] [diffdrive_controller]: Ignoring the received message (timestamp 88.1940000000) because it is older than the current time by 0.6330000000 seconds, which exceeds the allowed timeout (0.5000)
[gazebo-1] [WARN] [1791307388.237513201] [diffdrive_controller]: Ignoring the received message (timestamp 88.1940000000) because it is older than the current time by 0.6570000000 seconds, which exceeds the allowed timeout (0.5000)
[gazebo-1] [WARN] [1791307388.353905837] [diffdrive_controller]: Ignoring the received message (timestamp 88.1940000000) because it is older than the current time by 0.6810000000 seconds, which exceeds the allowed timeout (0.5000)
[gazebo-1] [WARN] [1791307388.575135536] [diffdrive_controller]: Ignoring the received message (timestamp 88.1940000000) because it is older than the current time by 0.7080000000 seconds, which exceeds the allowed timeout (0.5000)
[gazebo-1] [WARN] [1791307388.787802503] [diffdrive_controller]: Ignoring the received message (timestamp 88.1940000000) because it is older than the current time by 0.7320000000 seconds, which exceeds the allowed timeout (0.5000)
[gazebo-1] [WARN] [1791307389.044932592] [diffdrive_controller]: Ignoring the received message (timestamp 88.1940000000) because it is older than the current time by 0.7560000000 seconds, which exceeds the allowed timeout (0.5000)
[gazebo-1] [WARN] [1791307389.311766120] [diffdrive_controller]: Ignoring the received message (timestamp 88.1940000000) because it is older than the current time by 0.7800000000 seconds, which exceeds the allowed timeout (0.5000)
[gazebo-1] [WARN] [1791307389.476184184] [diffdrive_controller]: Ignoring the received message (timestamp 88.1940000000) because it is older than the current time by 0.8070000000 seconds, which exceeds the allowed timeout (0.5000)
[gazebo-1] [WARN] [1791307389.650709584] [diffdrive_controller]: Ignoring the received message (timestamp 88.1940000000) because it is older than the current time by 0.8310000000 seconds, which exceeds the allowed timeout (0.5000)
[gazebo-1] [WARN] [1791307390.014392423] [diffdrive_controller]: Ignoring the received message (timestamp 88.1940000000) because it is older than the current time by 0.8580000000 seconds, which exceeds the allowed timeout (0.5000)
[gazebo-1] [WARN] [1791307390.232722717] [diffdrive_controller]: Ignoring the received message (timestamp 88.1940000000) because it is older than the current time by 0.8820000000 seconds, which exceeds the allowed timeout (0.5000)
[gazebo-1] [WARN] [1791307390.384887028] [diffdrive_controller]: Ignoring the received message (timestamp 88.1940000000) because it is older than the current time by 0.9060000000 seconds, which exceeds the allowed timeout (0.5000)
[gazebo-1] [WARN] [1791307390.666637990] [diffdrive_controller]: Ignoring the received message (timestamp 88.1940000000) because it is older than the current time by 0.9330000000 seconds, which exceeds the allowed timeout (0.5000)
[gazebo-1] [WARN] [1791307390.818805036] [diffdrive_controller]: Ignoring the received message (timestamp 88.1940000000) because it is older than the current time by 0.9570000000 seconds, which exceeds the allowed timeout (0.5000)
[gazebo-1] [WARN] [1791307391.127048413] [diffdrive_controller]: Ignoring the received message (timestamp 88.1940000000) because it is older than the current time by 0.9810000000 seconds, which exceeds the allowed timeout (0.5000)
[gazebo-1] [WARN] [1791307391.253186900] [diffdrive_controller]: Ignoring the received message (timestamp 88.1940000000) because it is older than the current time by 1.0080000000 seconds, which exceeds the allowed timeout (0.5000)
[gazebo-1] [WARN] [1791307391.529083259] [diffdrive_controller]: Ignoring the received message (timestamp 88.1940000000) because it is older than the current time by 1.0320000000 seconds, which exceeds the allowed timeout (0.5000)
[gazebo-1] [WARN] [1791307391.684895539] [diffdrive_controller]: Ignoring the received message (timestamp 88.1940000000) because it is older than the current time by 1.0560000000 seconds, which exceeds the allowed timeout (0.5000)
[gazebo-1] [WARN] [1791307391.996992421] [diffdrive_controller]: Ignoring the received message (timestamp 88.1940000000) because it is older than the current time by 1.0830000000 seconds, which exceeds the allowed timeout (0.5000)
[gazebo-1] [WARN] [1791307392.216748203] [diffdrive_controller]: Ignoring the received message (timestamp 88.1940000000) because it is older than the current time by 1.1070000000 seconds, which exceeds the allowed timeout (0.5000)
[gazebo-1] [WARN] [1791307392.391688501] [diffdrive_controller]: Ignoring the received message (timestamp 88.1940000000) because it is older than the current time by 1.1310000000 seconds, which exceeds the allowed timeout (0.5000)
[gazebo-1] [WARN] [1791307392.688819385] [diffdrive_controller]: Ignoring the received message (timestamp 88.1940000000) because it is older than the current time by 1.1580000000 seconds, which exceeds the allowed timeout (0.5000)
[gazebo-1] [WARN] [1791307392.958442328] [diffdrive_controller]: Ignoring the received message (timestamp 88.1940000000) because it is older than the current time by 1.1820000000 seconds, which exceeds the allowed timeout (0.5000)
[gazebo-1] [WARN] [1791307393.119801053] [diffdrive_controller]: Ignoring the received message (timestamp 88.1940000000) because it is older than the current time by 1.2060000000 seconds, which exceeds the allowed timeout (0.5000)
[gazebo-1] [WARN] [1791307393.294737744] [diffdrive_controller]: Ignoring the received message (timestamp 88.1940000000) because it is older than the current time by 1.2330000000 seconds, which exceeds the allowed timeout (0.5000)
[gazebo-1] [WARN] [1791307393.567977754] [diffdrive_controller]: Ignoring the received message (timestamp 88.1940000000) because it is older than the current time by 1.2570000000 seconds, which exceeds the allowed timeout (0.5000)
[gazebo-1] [WARN] [1791307393.727535340] [diffdrive_controller]: Ignoring the received message (timestamp 88.1940000000) because it is older than the current time by 1.2810000000 seconds, which exceeds the allowed timeout (0.5000)
[gazebo-1] [WARN] [1791307394.129690850] [diffdrive_controller]: Ignoring the received message (timestamp 88.1940000000) because it is older than the current time by 1.3080000000 seconds, which exceeds the allowed timeout (0.5000)
[gazebo-1] [WARN] [1791307394.294478403] [diffdrive_controller]: Ignoring the received message (timestamp 88.1940000000) because it is older than the current time by 1.3320000000 seconds, which exceeds the allowed timeout (0.5000)
[gazebo-1] [WARN] [1791307394.423710275] [diffdrive_controller]: Ignoring the received message (timestamp 88.1940000000) because it is older than the current time by 1.3560000000 seconds, which exceeds the allowed timeout (0.5000)
[gazebo-1] [WARN] [1791307394.685558705] [diffdrive_controller]: Ignoring the received message (timestamp 88.1940000000) because it is older than the current time by 1.3830000000 seconds, which exceeds the allowed timeout (0.5000)
[gazebo-1] [WARN] [1791307394.803755177] [diffdrive_controller]: Ignoring the received message (timestamp 88.1940000000) because it is older than the current time by 1.4070000000 seconds, which exceeds the allowed timeout (0.5000)
[gazebo-1] [WARN] [1791307395.110065842] [diffdrive_controller]: Ignoring the received message (timestamp 88.1940000000) because it is older than the current time by 1.4310000000 seconds, which exceeds the allowed timeout (0.5000)
[gazebo-1] [WARN] [1791307395.423345350] [diffdrive_controller]: Ignoring the received message (timestamp 88.1940000000) because it is older than the current time by 1.4580000000 seconds, which exceeds the allowed timeout (0.5000)
[gazebo-1] [WARN] [1791307395.543958611] [diffdrive_controller]: Ignoring the received message (timestamp 88.1940000000) because it is older than the current time by 1.4820000000 seconds, which exceeds the allowed timeout (0.5000)
[gazebo-1] [WARN] [1791307395.810268386] [diffdrive_controller]: Ignoring the received message (timestamp 88.1940000000) because it is older than the current time by 1.5060000000 seconds, which exceeds the allowed timeout (0.5000)
[gazebo-1] [WARN] [1791307395.973280488] [diffdrive_controller]: Ignoring the received message (timestamp 88.1940000000) because it is older than the current time by 1.5330000000 seconds, which exceeds the allowed timeout (0.5000)
[behavior_server-58] [INFO] [1791307428.641276347] [behavior_server]: wait completed successfully
[controller_server-54] [INFO] [1791307428.681267096] [controller_server]: Received a goal, begin computing control effort.
[controller_server-54] [INFO] [1791307429.731454518] [controller_server]: Passing new path to controller.
[controller_server-54] [INFO] [1791307430.731451781] [controller_server]: Passing new path to controller.
[controller_server-54] [INFO] [1791307431.781416470] [controller_server]: Passing new path to controller.
[controller_server-54] [INFO] [1791307432.831459295] [controller_server]: Passing new path to controller.
