[INFO] [launch]: All log files can be found below /home/y/u/yunqiao/.ros/log/2026-10-06-23-52-18-923231-yellow-17.eecs.kth.se-43266
[INFO] [launch]: Default logging verbosity is set to INFO
[INFO] [gazebo-1]: process started with pid [43296]
[INFO] [parameter_bridge-2]: process started with pid [43298]
[INFO] [robot_state_publisher-3]: process started with pid [43300]
[INFO] [robot_state_publisher-4]: process started with pid [43302]
[INFO] [static_transform_publisher-5]: process started with pid [43305]
[INFO] [create-6]: process started with pid [43307]
[INFO] [create-7]: process started with pid [43309]
[INFO] [parameter_bridge-8]: process started with pid [43311]
[INFO] [parameter_bridge-9]: process started with pid [43313]
[INFO] [parameter_bridge-10]: process started with pid [43315]
[INFO] [parameter_bridge-11]: process started with pid [43317]
[INFO] [parameter_bridge-12]: process started with pid [43319]
[INFO] [parameter_bridge-13]: process started with pid [43321]
[INFO] [parameter_bridge-14]: process started with pid [43323]
[INFO] [parameter_bridge-15]: process started with pid [43325]
[INFO] [parameter_bridge-16]: process started with pid [43327]
[INFO] [parameter_bridge-17]: process started with pid [43329]
[INFO] [parameter_bridge-18]: process started with pid [43331]
[INFO] [parameter_bridge-19]: process started with pid [43333]
[INFO] [parameter_bridge-20]: process started with pid [43335]
[INFO] [parameter_bridge-21]: process started with pid [43337]
[INFO] [parameter_bridge-22]: process started with pid [43339]
[INFO] [parameter_bridge-23]: process started with pid [43341]
[INFO] [parameter_bridge-24]: process started with pid [43343]
[INFO] [parameter_bridge-25]: process started with pid [43345]
[INFO] [parameter_bridge-26]: process started with pid [43347]
[INFO] [parameter_bridge-27]: process started with pid [43350]
[INFO] [parameter_bridge-28]: process started with pid [43352]
[INFO] [turtlebot4_node-29]: process started with pid [43354]
[INFO] [turtlebot4_gz_hmi_node-30]: process started with pid [43356]
[INFO] [spawner-31]: process started with pid [43358]
[INFO] [hazards_vector_publisher-32]: process started with pid [43360]
[INFO] [ir_intensity_vector_publisher-33]: process started with pid [43362]
[INFO] [motion_control-34]: process started with pid [43364]
[INFO] [wheel_status_publisher-35]: process started with pid [43366]
[INFO] [mock_publisher-36]: process started with pid [43368]
[INFO] [robot_state-37]: process started with pid [43370]
[INFO] [kidnap_estimator_publisher-38]: process started with pid [43372]
[INFO] [ui_mgr-39]: process started with pid [43374]
[INFO] [pose_republisher_node-40]: process started with pid [43376]
[INFO] [sensors_node-41]: process started with pid [43378]
[INFO] [interface_buttons_node-42]: process started with pid [43380]
[INFO] [static_transform_publisher-43]: process started with pid [43382]
[INFO] [static_transform_publisher-44]: process started with pid [43384]
[INFO] [parameter_bridge-45]: process started with pid [43386]
[INFO] [parameter_bridge-46]: process started with pid [43388]
[INFO] [wait_for_ready-47]: process started with pid [43390]
[INFO] [wait_for_ready-48]: process started with pid [43392]
[static_transform_publisher-5] [WARN] [1791323541.989739632] []: Old-style arguments are deprecated; see --help for new-style arguments
[static_transform_publisher-5] [INFO] [1791323542.143216276] [tf_odom_std_dock_link_publisher]: Spinning until stopped - publishing transform
[static_transform_publisher-5] translation: ('0.157000', '0.000000', '0.000000')
[static_transform_publisher-5] rotation: ('0.000000', '0.000000', '1.000000', '0.000000')
[static_transform_publisher-5] from 'odom' to 'std_dock_link'
[ir_intensity_vector_publisher-33] [INFO] [1791323542.359841190] [ir_intensity_vector_publisher]: Advertised topic: ir_intensity
[mock_publisher-36] [INFO] [1791323542.359913545] [mock_publisher]: Advertised mocked topic: slip_status
[ir_intensity_vector_publisher-33] [INFO] [1791323542.360183208] [ir_intensity_vector_publisher]: Subscription to topic: _internal/ir_intensity_front_center_left
[ir_intensity_vector_publisher-33] [INFO] [1791323542.360420405] [ir_intensity_vector_publisher]: Subscription to topic: _internal/ir_intensity_front_center_right
[ir_intensity_vector_publisher-33] [INFO] [1791323542.360626019] [ir_intensity_vector_publisher]: Subscription to topic: _internal/ir_intensity_front_left
[ir_intensity_vector_publisher-33] [INFO] [1791323542.360872369] [ir_intensity_vector_publisher]: Subscription to topic: _internal/ir_intensity_front_right
[ir_intensity_vector_publisher-33] [INFO] [1791323542.361142732] [ir_intensity_vector_publisher]: Subscription to topic: _internal/ir_intensity_left
[ir_intensity_vector_publisher-33] [INFO] [1791323542.361689718] [ir_intensity_vector_publisher]: Subscription to topic: _internal/ir_intensity_right
[ir_intensity_vector_publisher-33] [INFO] [1791323542.362078961] [ir_intensity_vector_publisher]: Subscription to topic: _internal/ir_intensity_side_left
[hazards_vector_publisher-32] [INFO] [1791323542.479356015] [hazards_vector_publisher]: Advertised topic: hazard_detection
[hazards_vector_publisher-32] [INFO] [1791323542.479809723] [hazards_vector_publisher]: Subscription to topic: _internal/bumper/event
[hazards_vector_publisher-32] [INFO] [1791323542.480131967] [hazards_vector_publisher]: Subscription to topic: _internal/cliff_front_left/event
[hazards_vector_publisher-32] [INFO] [1791323542.480511407] [hazards_vector_publisher]: Subscription to topic: _internal/cliff_front_right/event
[hazards_vector_publisher-32] [INFO] [1791323542.480809331] [hazards_vector_publisher]: Subscription to topic: _internal/cliff_side_left/event
[hazards_vector_publisher-32] [INFO] [1791323542.481084238] [hazards_vector_publisher]: Subscription to topic: _internal/cliff_side_right/event
[hazards_vector_publisher-32] [INFO] [1791323542.481344825] [hazards_vector_publisher]: Subscription to topic: _internal/wheel_drop/left_wheel/event
[hazards_vector_publisher-32] [INFO] [1791323542.482882692] [hazards_vector_publisher]: Subscription to topic: _internal/wheel_drop/right_wheel/event
[hazards_vector_publisher-32] [INFO] [1791323542.483159043] [hazards_vector_publisher]: Subscription to topic: _internal/backup_limit
[motion_control-34] [INFO] [1791323542.505734740] [motion_control]: Enabling REFLEX_BUMP
[motion_control-34] [INFO] [1791323542.506027632] [motion_control]: Enabling REFLEX_CLIFF
[motion_control-34] [INFO] [1791323542.506197833] [motion_control]: Enabling REFLEX_STUCK
[motion_control-34] [INFO] [1791323542.506275563] [motion_control]: Enabling REFLEX_WHEEL_DROP
[kidnap_estimator_publisher-38] [INFO] [1791323542.540440062] [kidnap_estimator_publisher]: Advertised topic: kidnap_status
[kidnap_estimator_publisher-38] [INFO] [1791323542.540843361] [kidnap_estimator_publisher]: Subscription to topic: hazard_detection
[robot_state-37] [INFO] [1791323542.545921494] [robot_state]: Advertised topic: battery_state
[robot_state-37] [INFO] [1791323542.560780883] [robot_state]: Subscription to topic: dock_status
[robot_state-37] [INFO] [1791323542.561341459] [robot_state]: Advertised topic: stop_status
[robot_state-37] [INFO] [1791323542.566359630] [robot_state]: Subscription to topic: odom
[ui_mgr-39] [INFO] [1791323542.576359668] [ui_mgr]: Subscription to topic: cmd_lightring
[ui_mgr-39] [INFO] [1791323542.576967976] [ui_mgr]: Subscription to topic: cmd_audio
[robot_state_publisher-4] [WARN] [1791323542.578815436] [kdl_parser]: The root link std_dock_link has an inertia specified in the URDF, but KDL does not support a root link with an inertia.  As a workaround, you can add an extra dummy link to your URDF.
[robot_state_publisher-4] [INFO] [1791323542.578863992] [dock_state_publisher]: Robot initialized
[robot_state_publisher-3] [WARN] [1791323542.585123796] [kdl_parser]: The root link base_link has an inertia specified in the URDF, but KDL does not support a root link with an inertia.  As a workaround, you can add an extra dummy link to your URDF.
[robot_state_publisher-3] [INFO] [1791323542.585290438] [robot_state_publisher]: Robot initialized
[wheel_status_publisher-35] [INFO] [1791323542.591364337] [wheel_status_publisher]: Advertised topic: wheel_vels
[wheel_status_publisher-35] [INFO] [1791323542.591719420] [wheel_status_publisher]: Advertised topic: wheel_ticks
[static_transform_publisher-44] [WARN] [1791323542.632206010] []: Old-style arguments are deprecated; see --help for new-style arguments
[static_transform_publisher-44] [INFO] [1791323542.699007665] [camera_stf]: Spinning until stopped - publishing transform
[static_transform_publisher-44] translation: ('0.000000', '0.000000', '0.000000')
[static_transform_publisher-44] rotation: ('0.499952', '-0.500000', '0.500000', '0.500048')
[static_transform_publisher-44] from 'oakd_rgb_camera_optical_frame' to 'turtlebot4/oakd_rgb_camera_frame/rgbd_camera'
[turtlebot4_node-29] [INFO] [1791323542.714770840] [turtlebot4_node]: Init Turtlebot4 Node Main
[static_transform_publisher-43] [WARN] [1791323542.720343527] []: Old-style arguments are deprecated; see --help for new-style arguments
[static_transform_publisher-43] [INFO] [1791323542.768780735] [rplidar_stf]: Spinning until stopped - publishing transform
[static_transform_publisher-43] translation: ('0.000000', '0.000000', '0.000000')
[static_transform_publisher-43] rotation: ('0.000000', '0.000000', '0.000000', '1.000000')
[static_transform_publisher-43] from 'rplidar_link' to 'turtlebot4/rplidar_link/rplidar'
[turtlebot4_node-29] [INFO] [1791323542.774805541] [turtlebot4_node]: Buttons Init
[turtlebot4_node-29] [INFO] [1791323542.788096485] [turtlebot4_node]: Init Display
[turtlebot4_node-29] [INFO] [1791323542.792636369] [turtlebot4_node]: Leds Init
[turtlebot4_node-29] [INFO] [1791323542.797989301] [turtlebot4_node]: Turtlebot4 standard running.
[gazebo-1] Warning: Ignoring XDG_SESSION_TYPE=wayland on Gnome. Use QT_QPA_PLATFORM=wayland to run on Wayland anyway.
[parameter_bridge-45] [INFO] [1791323544.200586314] [ros_gz_bridge]: Creating ROS->GZ Bridge: [/vacuum_gripper/attach (std_msgs/msg/Empty) -> /vacuum_gripper/attach (gz.msgs.Empty)] (Lazy 0)
[parameter_bridge-45] [INFO] [1791323544.203063731] [ros_gz_bridge]: Creating ROS->GZ Bridge: [/vacuum_gripper/detach (std_msgs/msg/Empty) -> /vacuum_gripper/detach (gz.msgs.Empty)] (Lazy 0)
[parameter_bridge-22] [INFO] [1791323544.211741919] [ir_intensity_side_left_bridge]: Creating GZ->ROS Bridge: [/world/warehouse/model/turtlebot4/link/ir_intensity_side_left/sensor/ir_intensity_side_left/scan (gz.msgs.LaserScan) -> /world/warehouse/model/turtlebot4/link/ir_intensity_side_left/sensor/ir_intensity_side_left/scan (sensor_msgs/msg/LaserScan)] (Lazy 0)
[parameter_bridge-25] [INFO] [1791323544.212906619] [hmi_buttons_msg_bridge]: Creating GZ->ROS Bridge: [/hmi/buttons (gz.msgs.Int32) -> /hmi/buttons (std_msgs/msg/Int32)] (Lazy 0)
[parameter_bridge-21] [INFO] [1791323544.220698674] [ir_intensity_right_bridge]: Creating GZ->ROS Bridge: [/world/warehouse/model/turtlebot4/link/ir_intensity_right/sensor/ir_intensity_right/scan (gz.msgs.LaserScan) -> /world/warehouse/model/turtlebot4/link/ir_intensity_right/sensor/ir_intensity_right/scan (sensor_msgs/msg/LaserScan)] (Lazy 0)
[gazebo-1] [1;36m[Dbg] [gz.cc:166] [0m[1;36mSubscribing to [[0m[1;36m/gazebo/starting_world[0m[1;36m].[0m[1;36m[0m
[gazebo-1] [1;36m[Dbg] [gz.cc:168] [0m[1;36mWaiting for a world to be set from the GUI...[0m[1;36m[0m
[gazebo-1] [1;32m[Msg] [0m[1;32mReceived world [[0m[1;32mwarehouse.sdf[0m[1;32m] from the GUI.[0m[1;32m[0m
[gazebo-1] [1;36m[Dbg] [gz.cc:172] [0m[1;36mUnsubscribing from [[0m[1;36m/gazebo/starting_world[0m[1;36m].[0m[1;36m[0m
[gazebo-1] [1;32m[Msg] [0m[1;32mGazebo Sim Server v[0m[1;32m8.10.0[0m[1;32m[0m
[gazebo-1] [1;32m[Msg] [0m[1;32mLoading SDF world file[[0m[1;32m/home/y/u/yunqiao/IROB_Mobile_Robot_Project/install/turtlebot4_gz_bringup/share/turtlebot4_gz_bringup/worlds/warehouse.sdf[0m[1;32m].[0m
[gazebo-1] [1;32m[Msg] [0m[1;32mServing entity system service on [[0m[1;32m/[0m[1;32mentity/system/add[0m[1;32m][0m[1;32m[0m
[gazebo-1] [1;36m[Dbg] [Physics.cc:899] [0m[1;36mLoaded [[0m[1;36mgz::physics::dartsim::Plugin[0m[1;36m] from library [[0m[1;36m/afs/kth.se/misc/info/kurser/DD2410/ht26/pixi/IROB/.pixi/envs/default/lib/gz-physics-7/engine-plugins/libgz-physics-dartsim-plugin.so[0m[1;36m][0m[1;36m[0m
[gazebo-1] [1;36m[Dbg] [SystemManager.cc:80] [0m[1;36mLoaded system [[0m[1;36mgz::sim::systems::Physics[0m[1;36m] for entity [[0m[1;36m1[0m[1;36m][0m[1;36m[0m
[gazebo-1] [1;32m[Msg] [0m[1;32mCreate[0m[1;32m service on [[0m[1;32m/world/warehouse/create_multiple[0m[1;32m] (async)[0m[1;32m[0m
[gazebo-1] [1;32m[Msg] [0m[1;32mCreate[0m[1;32m service on [[0m[1;32m/world/warehouse/create_multiple/blocking[0m[1;32m] (blocking)[0m[1;32m[0m
[gazebo-1] [1;32m[Msg] [0m[1;32mRemove[0m[1;32m service on [[0m[1;32m/world/warehouse/remove[0m[1;32m] (async)[0m[1;32m[0m
[gazebo-1] [1;32m[Msg] [0m[1;32mRemove[0m[1;32m service on [[0m[1;32m/world/warehouse/remove/blocking[0m[1;32m] (blocking)[0m[1;32m[0m
[gazebo-1] [1;32m[Msg] [0m[1;32mPose[0m[1;32m service on [[0m[1;32m/world/warehouse/set_pose[0m[1;32m] (async)[0m[1;32m[0m
[gazebo-1] [1;32m[Msg] [0m[1;32mPose[0m[1;32m service on [[0m[1;32m/world/warehouse/set_pose/blocking[0m[1;32m] (blocking)[0m[1;32m[0m
[gazebo-1] [1;32m[Msg] [0m[1;32mPose[0m[1;32m service on [[0m[1;32m/world/warehouse/set_pose_vector[0m[1;32m] (async)[0m[1;32m[0m
[gazebo-1] [1;32m[Msg] [0m[1;32mPose[0m[1;32m service on [[0m[1;32m/world/warehouse/set_pose_vector/blocking[0m[1;32m] (blocking)[0m[1;32m[0m
[gazebo-1] [1;32m[Msg] [0m[1;32mLight configuration[0m[1;32m service on [[0m[1;32m/world/warehouse/light_config[0m[1;32m] (async)[0m[1;32m[0m
[gazebo-1] [1;32m[Msg] [0m[1;32mLight configuration[0m[1;32m service on [[0m[1;32m/world/warehouse/light_config/blocking[0m[1;32m] (blocking)[0m[1;32m[0m
[gazebo-1] [1;32m[Msg] [0m[1;32mPhysics[0m[1;32m service on [[0m[1;32m/world/warehouse/set_physics[0m[1;32m] (async)[0m[1;32m[0m
[gazebo-1] [1;32m[Msg] [0m[1;32mPhysics[0m[1;32m service on [[0m[1;32m/world/warehouse/set_physics/blocking[0m[1;32m] (blocking)[0m[1;32m[0m
[gazebo-1] [1;32m[Msg] [0m[1;32mSphericalCoordinates[0m[1;32m service on [[0m[1;32m/world/warehouse/set_spherical_coordinates[0m[1;32m] (async)[0m[1;32m[0m
[gazebo-1] [1;32m[Msg] [0m[1;32mSphericalCoordinates[0m[1;32m service on [[0m[1;32m/world/warehouse/set_spherical_coordinates/blocking[0m[1;32m] (blocking)[0m[1;32m[0m
[gazebo-1] [1;32m[Msg] [0m[1;32mEnable collision[0m[1;32m service on [[0m[1;32m/world/warehouse/enable_collision[0m[1;32m] (async)[0m[1;32m[0m
[gazebo-1] [1;32m[Msg] [0m[1;32mEnable collision[0m[1;32m service on [[0m[1;32m/world/warehouse/enable_collision/blocking[0m[1;32m] (blocking)[0m[1;32m[0m
[gazebo-1] [1;32m[Msg] [0m[1;32mDisable collision[0m[1;32m service on [[0m[1;32m/world/warehouse/disable_collision[0m[1;32m] (async)[0m[1;32m[0m
[gazebo-1] [1;32m[Msg] [0m[1;32mDisable collision[0m[1;32m service on [[0m[1;32m/world/warehouse/disable_collision/blocking[0m[1;32m] (blocking)[0m[1;32m[0m
[gazebo-1] [1;32m[Msg] [0m[1;32mMaterial[0m[1;32m service on [[0m[1;32m/world/warehouse/visual_config[0m[1;32m] (async)[0m[1;32m[0m
[parameter_bridge-13] [INFO] [1791323544.480912369] [cliff_front_right_bridge]: Creating GZ->ROS Bridge: [/world/warehouse/model/turtlebot4/link/base_link/sensor/cliff_front_right/scan (gz.msgs.LaserScan) -> /world/warehouse/model/turtlebot4/link/base_link/sensor/cliff_front_right/scan (sensor_msgs/msg/LaserScan)] (Lazy 0)
[parameter_bridge-26] [INFO] [1791323544.481037114] [hmi_led_msg_bridge]: Creating ROS->GZ Bridge: [/hmi/led/power (std_msgs/msg/Int32) -> /hmi/led/power (gz.msgs.Int32)] (Lazy 0)
[parameter_bridge-12] [INFO] [1791323544.482521869] [cliff_front_left_bridge]: Creating GZ->ROS Bridge: [/world/warehouse/model/turtlebot4/link/base_link/sensor/cliff_front_left/scan (gz.msgs.LaserScan) -> /world/warehouse/model/turtlebot4/link/base_link/sensor/cliff_front_left/scan (sensor_msgs/msg/LaserScan)] (Lazy 0)
[parameter_bridge-28] [INFO] [1791323544.486654252] [camera_bridge]: Creating GZ->ROS Bridge: [/world/warehouse/model/turtlebot4/link/oakd_rgb_camera_frame/sensor/rgbd_camera/image (gz.msgs.Image) -> /world/warehouse/model/turtlebot4/link/oakd_rgb_camera_frame/sensor/rgbd_camera/image (sensor_msgs/msg/Image)] (Lazy 0)
[parameter_bridge-26] [INFO] [1791323544.493640128] [hmi_led_msg_bridge]: Creating ROS->GZ Bridge: [/hmi/led/motors (std_msgs/msg/Int32) -> /hmi/led/motors (gz.msgs.Int32)] (Lazy 0)
[parameter_bridge-28] [INFO] [1791323544.494304806] [camera_bridge]: Creating GZ->ROS Bridge: [/world/warehouse/model/turtlebot4/link/oakd_rgb_camera_frame/sensor/rgbd_camera/depth_image (gz.msgs.Image) -> /world/warehouse/model/turtlebot4/link/oakd_rgb_camera_frame/sensor/rgbd_camera/depth_image (sensor_msgs/msg/Image)] (Lazy 0)
[parameter_bridge-28] [INFO] [1791323544.495613673] [camera_bridge]: Creating GZ->ROS Bridge: [/world/warehouse/model/turtlebot4/link/oakd_rgb_camera_frame/sensor/rgbd_camera/points (gz.msgs.PointCloudPacked) -> /world/warehouse/model/turtlebot4/link/oakd_rgb_camera_frame/sensor/rgbd_camera/points (sensor_msgs/msg/PointCloud2)] (Lazy 0)
[parameter_bridge-28] [INFO] [1791323544.496832530] [camera_bridge]: Creating GZ->ROS Bridge: [/world/warehouse/model/turtlebot4/link/oakd_rgb_camera_frame/sensor/rgbd_camera/camera_info (gz.msgs.CameraInfo) -> /world/warehouse/model/turtlebot4/link/oakd_rgb_camera_frame/sensor/rgbd_camera/camera_info (sensor_msgs/msg/CameraInfo)] (Lazy 0)
[parameter_bridge-17] [INFO] [1791323544.501717916] [ir_intensity_front_center_right_bridge]: Creating GZ->ROS Bridge: [/world/warehouse/model/turtlebot4/link/ir_intensity_front_center_right/sensor/ir_intensity_front_center_right/scan (gz.msgs.LaserScan) -> /world/warehouse/model/turtlebot4/link/ir_intensity_front_center_right/sensor/ir_intensity_front_center_right/scan (sensor_msgs/msg/LaserScan)] (Lazy 0)
[parameter_bridge-26] [INFO] [1791323544.506115317] [hmi_led_msg_bridge]: Creating ROS->GZ Bridge: [/hmi/led/comms (std_msgs/msg/Int32) -> /hmi/led/comms (gz.msgs.Int32)] (Lazy 0)
[parameter_bridge-10] [INFO] [1791323544.508113925] [odom_base_tf_bridge]: Creating GZ->ROS Bridge: [/model/turtlebot4/tf (gz.msgs.Pose_V) -> /model/turtlebot4/tf (tf2_msgs/msg/TFMessage)] (Lazy 0)
[parameter_bridge-24] [INFO] [1791323544.509812606] [hmi_display_msg_bridge]: Creating ROS->GZ Bridge: [/hmi/display/raw (std_msgs/msg/String) -> /hmi/display/raw (gz.msgs.StringMsg)] (Lazy 0)
[parameter_bridge-2] [INFO] [1791323544.511993324] [clock_bridge]: Creating GZ->ROS Bridge: [/clock (gz.msgs.Clock) -> /clock (rosgraph_msgs/msg/Clock)] (Lazy 0)
[parameter_bridge-26] [INFO] [1791323544.512234449] [hmi_led_msg_bridge]: Creating ROS->GZ Bridge: [/hmi/led/wifi (std_msgs/msg/Int32) -> /hmi/led/wifi (gz.msgs.Int32)] (Lazy 0)
[parameter_bridge-14] [INFO] [1791323544.513446148] [cliff_side_left_bridge]: Creating GZ->ROS Bridge: [/world/warehouse/model/turtlebot4/link/base_link/sensor/cliff_side_left/scan (gz.msgs.LaserScan) -> /world/warehouse/model/turtlebot4/link/base_link/sensor/cliff_side_left/scan (sensor_msgs/msg/LaserScan)] (Lazy 0)
[parameter_bridge-16] [INFO] [1791323544.521200755] [ir_intensity_front_center_left_bridge]: Creating GZ->ROS Bridge: [/world/warehouse/model/turtlebot4/link/ir_intensity_front_center_left/sensor/ir_intensity_front_center_left/scan (gz.msgs.LaserScan) -> /world/warehouse/model/turtlebot4/link/ir_intensity_front_center_left/sensor/ir_intensity_front_center_left/scan (sensor_msgs/msg/LaserScan)] (Lazy 0)
[parameter_bridge-9] [INFO] [1791323544.522466299] [pose_bridge]: Creating GZ->ROS Bridge: [/model/turtlebot4/pose (gz.msgs.Pose_V) -> /model/turtlebot4/pose (tf2_msgs/msg/TFMessage)] (Lazy 0)
[parameter_bridge-9] [INFO] [1791323544.527985931] [pose_bridge]: Creating GZ->ROS Bridge: [/model/standard_dock/pose (gz.msgs.Pose_V) -> /model/standard_dock/pose (tf2_msgs/msg/TFMessage)] (Lazy 0)
[parameter_bridge-24] [INFO] [1791323544.526166022] [hmi_display_msg_bridge]: Creating ROS->GZ Bridge: [/hmi/display/selected (std_msgs/msg/Int32) -> /hmi/display/selected (gz.msgs.Int32)] (Lazy 0)
[parameter_bridge-26] [INFO] [1791323544.527110100] [hmi_led_msg_bridge]: Creating ROS->GZ Bridge: [/hmi/led/battery (std_msgs/msg/Int32) -> /hmi/led/battery (gz.msgs.Int32)] (Lazy 0)
[parameter_bridge-26] [INFO] [1791323544.531243793] [hmi_led_msg_bridge]: Creating ROS->GZ Bridge: [/hmi/led/user1 (std_msgs/msg/Int32) -> /hmi/led/user1 (gz.msgs.Int32)] (Lazy 0)
[parameter_bridge-8] [INFO] [1791323544.535136647] [cmd_vel_bridge]: Creating GZ->ROS Bridge: [/cmd_vel (gz.msgs.Twist) -> /cmd_vel (geometry_msgs/msg/TwistStamped)] (Lazy 0)
[parameter_bridge-26] [INFO] [1791323544.535737481] [hmi_led_msg_bridge]: Creating ROS->GZ Bridge: [/hmi/led/user2 (std_msgs/msg/Int32) -> /hmi/led/user2 (gz.msgs.Int32)] (Lazy 0)
[parameter_bridge-26] [INFO] [1791323544.543793574] [hmi_led_msg_bridge]: Passing message from ROS std_msgs/msg/Int32 to Gazebo gz.msgs.Int32 (showing msg only once per type)
[parameter_bridge-8] [INFO] [1791323544.546736241] [cmd_vel_bridge]: Creating ROS->GZ Bridge: [/model/turtlebot4/cmd_vel (geometry_msgs/msg/TwistStamped) -> /model/turtlebot4/cmd_vel (gz.msgs.Twist)] (Lazy 0)
[parameter_bridge-19] [INFO] [1791323544.568279020] [ir_intensity_front_right_bridge]: Creating GZ->ROS Bridge: [/world/warehouse/model/turtlebot4/link/ir_intensity_front_right/sensor/ir_intensity_front_right/scan (gz.msgs.LaserScan) -> /world/warehouse/model/turtlebot4/link/ir_intensity_front_right/sensor/ir_intensity_front_right/scan (sensor_msgs/msg/LaserScan)] (Lazy 0)
[spawner-31] [INFO] [1791323544.657030891] [spawner_joint_state_broadcaster]: waiting for service /controller_manager/list_controllers to become available...
[parameter_bridge-24] [INFO] [1791323544.800640066] [hmi_display_msg_bridge]: Passing message from ROS std_msgs/msg/Int32 to Gazebo gz.msgs.Int32 (showing msg only once per type)
[parameter_bridge-24] [INFO] [1791323544.800702658] [hmi_display_msg_bridge]: Passing message from ROS std_msgs/msg/String to Gazebo gz.msgs.StringMsg (showing msg only once per type)
[parameter_bridge-18] [INFO] [1791323544.833956062] [ir_intensity_front_left_bridge]: Creating GZ->ROS Bridge: [/world/warehouse/model/turtlebot4/link/ir_intensity_front_left/sensor/ir_intensity_front_left/scan (gz.msgs.LaserScan) -> /world/warehouse/model/turtlebot4/link/ir_intensity_front_left/sensor/ir_intensity_front_left/scan (sensor_msgs/msg/LaserScan)] (Lazy 0)
[parameter_bridge-23] [INFO] [1791323544.836586096] [buttons_msg_bridge]: Creating GZ->ROS Bridge: [/create3_buttons (gz.msgs.Int32) -> /create3_buttons (std_msgs/msg/Int32)] (Lazy 0)
[create-7] [INFO] [1791323544.849141016] [ros_gz_sim]: Requesting list of world names.
[parameter_bridge-27] [INFO] [1791323544.852299639] [lidar_bridge]: Creating GZ->ROS Bridge: [/world/warehouse/model/turtlebot4/link/rplidar_link/sensor/rplidar/scan (gz.msgs.LaserScan) -> /world/warehouse/model/turtlebot4/link/rplidar_link/sensor/rplidar/scan (sensor_msgs/msg/LaserScan)] (Lazy 0)
[parameter_bridge-20] [INFO] [1791323544.856144360] [ir_intensity_left_bridge]: Creating GZ->ROS Bridge: [/world/warehouse/model/turtlebot4/link/ir_intensity_left/sensor/ir_intensity_left/scan (gz.msgs.LaserScan) -> /world/warehouse/model/turtlebot4/link/ir_intensity_left/sensor/ir_intensity_left/scan (sensor_msgs/msg/LaserScan)] (Lazy 0)
[create-6] [INFO] [1791323544.859074676] [ros_gz_sim]: Requesting list of world names.
[parameter_bridge-15] [INFO] [1791323544.865914608] [cliff_side_right_bridge]: Creating GZ->ROS Bridge: [/world/warehouse/model/turtlebot4/link/base_link/sensor/cliff_side_right/scan (gz.msgs.LaserScan) -> /world/warehouse/model/turtlebot4/link/base_link/sensor/cliff_side_right/scan (sensor_msgs/msg/LaserScan)] (Lazy 0)
[parameter_bridge-11] [INFO] [1791323544.869750812] [bumper_contact_bridge]: Creating GZ->ROS Bridge: [/bumper_contact (gz.msgs.Contacts) -> /bumper_contact (ros_gz_interfaces/msg/Contacts)] (Lazy 0)
[wait_for_ready-48] [INFO] [1791323544.977977156] [wait_for_sim]: [sim] waiting for nodes=['controller_manager'] services=['/controller_manager/set_parameters'] answering=['/controller_manager/list_controllers'] topics=['/scan'] (timeout 300s)
[wait_for_ready-47] [INFO] [1791323544.993326852] [wait_for_rviz]: [rviz] waiting for nodes=[] services=[] answering=[] topics=['/clock', '/scan'] (timeout 300s)
[create-7] [INFO] [1791323545.052605817] [ros_gz_sim]: Waiting messages on topic [standard_dock_description].
[create-7] [INFO] [1791323545.150940960] [ros_gz_sim]: Entity creation successful.
[create-6] [INFO] [1791323545.152785973] [ros_gz_sim]: Waiting messages on topic [robot_description].
[INFO] [create-7]: process has finished cleanly [pid 43309]
[gazebo-1] [1;32m[Msg] [0m[1;32mMaterial[0m[1;32m service on [[0m[1;32m/world/warehouse/visual_config/blocking[0m[1;32m] (blocking)[0m[1;32m[0m
[gazebo-1] [1;32m[Msg] [0m[1;32mMaterial[0m[1;32m service on [[0m[1;32m/world/warehouse/wheel_slip[0m[1;32m] (async)[0m[1;32m[0m
[gazebo-1] [1;32m[Msg] [0m[1;32mMaterial[0m[1;32m service on [[0m[1;32m/world/warehouse/wheel_slip/blocking[0m[1;32m] (blocking)[0m[1;32m[0m
[gazebo-1] [1;36m[Dbg] [SystemManager.cc:80] [0m[1;36mLoaded system [[0m[1;36mgz::sim::systems::UserCommands[0m[1;36m] for entity [[0m[1;36m1[0m[1;36m][0m[1;36m[0m
[gazebo-1] [1;36m[Dbg] [SystemManager.cc:80] [0m[1;36mLoaded system [[0m[1;36mgz::sim::systems::SceneBroadcaster[0m[1;36m] for entity [[0m[1;36m1[0m[1;36m][0m[1;36m[0m
[gazebo-1] [1;36m[Dbg] [SystemManager.cc:80] [0m[1;36mLoaded system [[0m[1;36mgz::sim::systems::Contact[0m[1;36m] for entity [[0m[1;36m1[0m[1;36m][0m[1;36m[0m
[gazebo-1] [1;32m[Msg] [0m[1;32mLoaded level [[0m[1;32mdefault[0m[1;32m][0m[1;32m[0m
[gazebo-1] [1;32m[Msg] [0m[1;32mServing world controls on [[0m[1;32m/world/warehouse[0m[1;32m/control], [[0m[1;32m/world/warehouse[0m[1;32m/control/state] and [[0m[1;32m/world/warehouse[0m[1;32m/playback/control][0m[1;32m[0m
[gazebo-1] [1;32m[Msg] [0m[1;32mServing GUI information on [[0m[1;32m/world/warehouse[0m[1;32m/[0m[1;32mgui/info[0m[1;32m][0m[1;32m[0m
[gazebo-1] [1;32m[Msg] [0m[1;32mWorld [[0m[1;32mwarehouse[0m[1;32m] initialized with [[0m[1;32mdefault_physics[0m[1;32m] physics profile.[0m[1;32m[0m
[gazebo-1] [1;32m[Msg] [0m[1;32mServing world SDF generation service on [[0m[1;32m/world/warehouse[0m[1;32m/[0m[1;32mgenerate_world_sdf[0m[1;32m][0m[1;32m[0m
[gazebo-1] [1;32m[Msg] [0m[1;32mServing world names on [[0m[1;32m/gazebo/worlds[0m[1;32m][0m[1;32m[0m
[gazebo-1] [1;32m[Msg] [0m[1;32mResource path add service on [[0m[1;32m/gazebo/resource_paths/add[0m[1;32m].[0m[1;32m[0m
[gazebo-1] [1;32m[Msg] [0m[1;32mResource path get service on [[0m[1;32m/gazebo/resource_paths/get[0m[1;32m].[0m[1;32m[0m
[gazebo-1] [1;32m[Msg] [0m[1;32mResource path resolve service on [[0m[1;32m/gazebo/resource_paths/resolve[0m[1;32m].[0m[1;32m[0m
[gazebo-1] [1;32m[Msg] [0m[1;32mResource paths published on [[0m[1;32m/gazebo/resource_paths[0m[1;32m].[0m[1;32m[0m
[gazebo-1] [1;32m[Msg] [0m[1;32mServer control service on [[0m[1;32m/server_control[0m[1;32m].[0m[1;32m[0m
[gazebo-1] [1;32m[Msg] [0m[1;32mFound no publishers on /stats, adding root stats topic[0m[1;32m[0m
[gazebo-1] [1;32m[Msg] [0m[1;32mFound no publishers on /clock, adding root clock topic[0m[1;32m[0m
[gazebo-1] [1;36m[Dbg] [SimulationRunner.cc:533] [0m[1;36mCreating PostUpdate worker threads: [0m[1;36m3[0m[1;36m[0m
[gazebo-1] [1;36m[Dbg] [SimulationRunner.cc:544] [0m[1;36mCreating postupdate worker thread ([0m[1;36m0[0m[1;36m)[0m[1;36m[0m
[gazebo-1] [1;36m[Dbg] [SimulationRunner.cc:544] [0m[1;36mCreating postupdate worker thread ([0m[1;36m1[0m[1;36m)[0m[1;36m[0m
[gazebo-1] [1;36m[Dbg] [SystemManager.cc:80] [0m[1;36mLoaded system [[0m[1;36mgz::sim::systems::PosePublisher[0m[1;36m] for entity [[0m[1;36m148[0m[1;36m][0m[1;36m[0m
[gazebo-1] [1;36m[Dbg] [UserCommands.cc:1094] [0m[1;36mCreated entity [[0m[1;36m148[0m[1;36m] named [[0m[1;36mstandard_dock[0m[1;36m][0m[1;36m[0m
[gazebo-1] [1;36m[Dbg] [SDFFeatures.cc:332] [0m[1;36mMesh construction from an SDF has not been implemented yet for [0m[1;36mdartsim. Use AttachMeshShapeFeature to use mesh shapes.[0m
[gazebo-1] [1;36m[Dbg] [SDFFeatures.cc:864] [0m[1;36mThe geometry element of collision [[0m[1;36mwarehouse_collision[0m[1;36m] [0m[1;36mcouldn't be created[0m
[gazebo-1] [1;36m[Dbg] [SDFFeatures.cc:332] [0m[1;36mMesh construction from an SDF has not been implemented yet for [0m[1;36mdartsim. Use AttachMeshShapeFeature to use mesh shapes.[0m
[gazebo-1] [1;36m[Dbg] [SDFFeatures.cc:864] [0m[1;36mThe geometry element of collision [[0m[1;36mcollision[0m[1;36m] [0m[1;36mcouldn't be created[0m
[gazebo-1] [1;36m[Dbg] [SDFFeatures.cc:332] [0m[1;36mMesh construction from an SDF has not been implemented yet for [0m[1;36mdartsim. Use AttachMeshShapeFeature to use mesh shapes.[0m
[gazebo-1] [1;33m[Wrn] [OBJLoader.cc:91] [0m[1;33mBoth `d` and `Tr` parameters defined for "Chair". Use the value of `d` for dissolve (line 8 in .mtl.)[0m
[gazebo-1] [1;33m[0m
[gazebo-1] [1;33m[Wrn] [OBJLoader.cc:91] [0m[1;33mBoth `d` and `Tr` parameters defined for "CoffeeTable". Use the value of `d` for dissolve (line 8 in .mtl.)[0m
[gazebo-1] [1;33m[0m
[parameter_bridge-2] [WARN] [1791323545.504548329] [clock_bridge]: New subscription discovered on topic '/clock', requesting incompatible QoS. No messages will be sent to it. Last incompatible policy: DURABILITY_QOS_POLICY
[parameter_bridge-27] [WARN] [1791323545.562952209] [lidar_bridge]: New subscription discovered on topic '/scan', requesting incompatible QoS. No messages will be sent to it. Last incompatible policy: DURABILITY_QOS_POLICY
[parameter_bridge-27] [WARN] [1791323545.563017113] [lidar_bridge]: New subscription discovered on topic '/scan', requesting incompatible QoS. No messages will be sent to it. Last incompatible policy: DURABILITY_QOS_POLICY
[parameter_bridge-46] [INFO] [1791323545.564277318] [odom_gt_bridge]: Creating GZ->ROS Bridge: [/model/turtlebot4/odometry (gz.msgs.Odometry) -> /odom_gt (nav_msgs/msg/Odometry)] (Lazy 0)
[wait_for_ready-47] [WARN] [1791323545.566284959] [wait_for_rviz]: New publisher discovered on topic '/clock', offering incompatible QoS. No messages will be received from it. Last incompatible policy: DURABILITY
[wait_for_ready-47] [WARN] [1791323545.568524485] [wait_for_rviz]: New publisher discovered on topic '/scan', offering incompatible QoS. No messages will be received from it. Last incompatible policy: DURABILITY
[wait_for_ready-47] [INFO] [1791323545.571308061] [wait_for_rviz]: ready: topic /clock (message received)
[parameter_bridge-46] [INFO] [1791323545.573059227] [odom_gt_bridge]: Creating GZ->ROS Bridge: [/model/turtlebot4/pose (gz.msgs.Pose_V) -> /tf (tf2_msgs/msg/TFMessage)] (Lazy 0)
[wait_for_ready-48] [WARN] [1791323545.583246434] [wait_for_sim]: New publisher discovered on topic '/scan', offering incompatible QoS. No messages will be received from it. Last incompatible policy: DURABILITY
[create-6] [INFO] [1791323545.594212604] [ros_gz_sim]: Entity creation successful.
[INFO] [create-6]: process has finished cleanly [pid 43307]
[gazebo-1] [1;36m[Dbg] [SDFFeatures.cc:864] [0m[1;36mThe geometry element of collision [[0m[1;36mcollision[0m[1;36m] [0m[1;36mcouldn't be created[0m
[gazebo-1] [1;36m[Dbg] [SDFFeatures.cc:332] [0m[1;36mMesh construction from an SDF has not been implemented yet for [0m[1;36mdartsim. Use AttachMeshShapeFeature to use mesh shapes.[0m
[gazebo-1] [1;36m[Dbg] [SDFFeatures.cc:864] [0m[1;36mThe geometry element of collision [[0m[1;36mcollision[0m[1;36m] [0m[1;36mcouldn't be created[0m
[gazebo-1] [1;36m[Dbg] [SDFFeatures.cc:332] [0m[1;36mMesh construction from an SDF has not been implemented yet for [0m[1;36mdartsim. Use AttachMeshShapeFeature to use mesh shapes.[0m
[gazebo-1] [1;36m[Dbg] [SDFFeatures.cc:864] [0m[1;36mThe geometry element of collision [[0m[1;36mcollision[0m[1;36m] [0m[1;36mcouldn't be created[0m
[gazebo-1] [1;36m[Dbg] [SDFFeatures.cc:332] [0m[1;36mMesh construction from an SDF has not been implemented yet for [0m[1;36mdartsim. Use AttachMeshShapeFeature to use mesh shapes.[0m
[gazebo-1] [1;36m[Dbg] [SDFFeatures.cc:864] [0m[1;36mThe geometry element of collision [[0m[1;36mcollision[0m[1;36m] [0m[1;36mcouldn't be created[0m
[gazebo-1] [1;36m[Dbg] [SimulationFeatures.cc:90] [0m[1;36mSimulation timestep set to: [0m[1;36m0.003[0m[1;36m[0m
[gazebo-1] [1;32m[Msg] [0m[1;32mServing scene information on [[0m[1;32m/world/warehouse[0m[1;32m/[0m[1;32mscene/info[0m[1;32m][0m[1;32m[0m
[gazebo-1] [1;32m[Msg] [0m[1;32mServing graph information on [[0m[1;32m/world/warehouse[0m[1;32m/[0m[1;32mscene/graph[0m[1;32m][0m[1;32m[0m
[gazebo-1] [1;32m[Msg] [0m[1;32mServing full state on [[0m[1;32m/world/warehouse[0m[1;32m/[0m[1;32mstate[0m[1;32m][0m[1;32m[0m
[gazebo-1] [1;32m[Msg] [0m[1;32mServing full state (async) on [[0m[1;32m/world/warehouse[0m[1;32m/[0m[1;32mstate_async[0m[1;32m][0m[1;32m[0m
[gazebo-1] [1;32m[Msg] [0m[1;32mPublishing scene information on [[0m[1;32m/world/warehouse/scene/info[0m[1;32m][0m[1;32m[0m
[gazebo-1] [1;32m[Msg] [0m[1;32mPublishing entity deletions on [[0m[1;32m/world/warehouse/scene/deletion[0m[1;32m][0m[1;32m[0m
[gazebo-1] [1;32m[Msg] [0m[1;32mPublishing state changes on [[0m[1;32m/world/warehouse/state[0m[1;32m][0m[1;32m[0m
[gazebo-1] [1;32m[Msg] [0m[1;32mPublishing pose messages on [[0m[1;32m/world/warehouse[0m[1;32m/[0m[1;32mpose/info[0m[1;32m][0m[1;32m[0m
[gazebo-1] [1;32m[Msg] [0m[1;32mPublishing dynamic pose messages on [[0m[1;32m/world/warehouse[0m[1;32m/[0m[1;32mdynamic_pose/info[0m[1;32m][0m[1;32m[0m
[gazebo-1] [1;36m[Dbg] [SimulationRunner.cc:560] [0m[1;36mExiting postupdate worker thread ([0m[1;36m0[0m[1;36m)[0m[1;36m[0m
[gazebo-1] [1;36m[Dbg] [SimulationRunner.cc:560] [0m[1;36mExiting postupdate worker thread ([0m[1;36m1[0m[1;36m)[0m[1;36m[0m
[gazebo-1] [1;36m[Dbg] [SimulationRunner.cc:533] [0m[1;36mCreating PostUpdate worker threads: [0m[1;36m4[0m[1;36m[0m
[gazebo-1] [1;36m[Dbg] [SimulationRunner.cc:544] [0m[1;36mCreating postupdate worker thread ([0m[1;36m0[0m[1;36m)[0m[1;36m[0m
[gazebo-1] [1;36m[Dbg] [SimulationRunner.cc:544] [0m[1;36mCreating postupdate worker thread ([0m[1;36m1[0m[1;36m)[0m[1;36m[0m
[gazebo-1] [1;36m[Dbg] [SimulationRunner.cc:544] [0m[1;36mCreating postupdate worker thread ([0m[1;36m2[0m[1;36m)[0m[1;36m[0m
[gazebo-1] [1;33mWarning [Utils.cc:132][0m [/sdf/model[@name="tb4_lite6"]/joint[@name="wheel_drop_left_joint"]/physics/ode/provide_feedback:<urdf-string>:L0]: XML Element[provide_feedback], child of element[ode], not defined in SDF. Copying[provide_feedback] as children of [ode].
[gazebo-1] [1;33mWarning [Utils.cc:132][0m [/sdf/model[@name="tb4_lite6"]/joint[@name="wheel_drop_right_joint"]/physics/ode/provide_feedback:<urdf-string>:L0]: XML Element[provide_feedback], child of element[ode], not defined in SDF. Copying[provide_feedback] as children of [ode].
[gazebo-1] [1;33m[Wrn] [SdfEntityCreator.cc:933] [0m[1;33mGazebo does not support Ogre material scripts. See [0m[1;33mhttps://gazebosim.org/api/sim/8/migrationsdf.html#:~:text=Materials [0m[1;33mfor details.[0m[1;33m[0m
[gazebo-1] [1;33m[Wrn] [SdfEntityCreator.cc:949] [0m[1;33mUsing an internal gazebo.material to parse [0m[1;33mGazebo/DarkGrey[0m[1;33m[0m
[gazebo-1] [1;33m[Wrn] [SdfEntityCreator.cc:933] [0m[1;33mGazebo does not support Ogre material scripts. See [0m[1;33mhttps://gazebosim.org/api/sim/8/migrationsdf.html#:~:text=Materials [0m[1;33mfor details.[0m[1;33m[0m
[gazebo-1] [1;33m[Wrn] [SdfEntityCreator.cc:949] [0m[1;33mUsing an internal gazebo.material to parse [0m[1;33mGazebo/DarkGrey[0m[1;33m[0m
[gazebo-1] [1;33m[Wrn] [SdfEntityCreator.cc:933] [0m[1;33mGazebo does not support Ogre material scripts. See [0m[1;33mhttps://gazebosim.org/api/sim/8/migrationsdf.html#:~:text=Materials [0m[1;33mfor details.[0m[1;33m[0m
[gazebo-1] [1;33m[Wrn] [SdfEntityCreator.cc:949] [0m[1;33mUsing an internal gazebo.material to parse [0m[1;33mGazebo/DarkGrey[0m[1;33m[0m
[gazebo-1] [1;33m[Wrn] [SdfEntityCreator.cc:933] [0m[1;33mGazebo does not support Ogre material scripts. See [0m[1;33mhttps://gazebosim.org/api/sim/8/migrationsdf.html#:~:text=Materials [0m[1;33mfor details.[0m[1;33m[0m
[gazebo-1] [1;33m[Wrn] [SdfEntityCreator.cc:949] [0m[1;33mUsing an internal gazebo.material to parse [0m[1;33mGazebo/DarkGrey[0m[1;33m[0m
[gazebo-1] [INFO] [1791323546.076176296] [gz_ros_control]: [gz_ros2_control] Fixed joint ['bumper_joint'] (Entity='270') is skipped.
[gazebo-1] [INFO] [1791323546.076212656] [gz_ros_control]: [gz_ros2_control] Fixed joint ['front_caster_joint'] (Entity='271') is skipped.
[gazebo-1] [INFO] [1791323546.076216496] [gz_ros_control]: [gz_ros2_control] Fixed joint ['front_left_bottom_weight_block_joint'] (Entity='272') is skipped.
[gazebo-1] [INFO] [1791323546.076220174] [gz_ros_control]: [gz_ros2_control] Fixed joint ['front_left_top_weight_block_joint'] (Entity='273') is skipped.
[gazebo-1] [INFO] [1791323546.076222820] [gz_ros_control]: [gz_ros2_control] Fixed joint ['front_right_bottom_weight_block_joint'] (Entity='274') is skipped.
[gazebo-1] [INFO] [1791323546.076225315] [gz_ros_control]: [gz_ros2_control] Fixed joint ['front_right_top_weight_block_joint'] (Entity='275') is skipped.
[gazebo-1] [INFO] [1791323546.076227839] [gz_ros_control]: [gz_ros2_control] Fixed joint ['imu_joint'] (Entity='276') is skipped.
[gazebo-1] [INFO] [1791323546.076229946] [gz_ros_control]: [gz_ros2_control] Fixed joint ['ir_intensity_front_center_left_joint'] (Entity='277') is skipped.
[gazebo-1] [INFO] [1791323546.076232684] [gz_ros_control]: [gz_ros2_control] Fixed joint ['ir_intensity_front_center_right_joint'] (Entity='278') is skipped.
[gazebo-1] [INFO] [1791323546.076235054] [gz_ros_control]: [gz_ros2_control] Fixed joint ['ir_intensity_front_left_joint'] (Entity='279') is skipped.
[gazebo-1] [INFO] [1791323546.076237283] [gz_ros_control]: [gz_ros2_control] Fixed joint ['ir_intensity_front_right_joint'] (Entity='280') is skipped.
[gazebo-1] [INFO] [1791323546.076239581] [gz_ros_control]: [gz_ros2_control] Fixed joint ['ir_intensity_left_joint'] (Entity='281') is skipped.
[gazebo-1] [INFO] [1791323546.076242167] [gz_ros_control]: [gz_ros2_control] Fixed joint ['ir_intensity_right_joint'] (Entity='282') is skipped.
[gazebo-1] [INFO] [1791323546.076244344] [gz_ros_control]: [gz_ros2_control] Fixed joint ['ir_intensity_side_left_joint'] (Entity='283') is skipped.
[gazebo-1] [INFO] [1791323546.076248128] [gz_ros_control]: [gz_ros2_control] Fixed joint ['ir_omni_joint'] (Entity='284') is skipped.
[gazebo-1] [INFO] [1791323546.076250221] [gz_ros_control]: [gz_ros2_control] Fixed joint ['mouse_joint'] (Entity='285') is skipped.
[gazebo-1] [INFO] [1791323546.076255671] [gz_ros_control]: [gz_ros2_control] Fixed joint ['arm_vacuum_gripper_fix'] (Entity='292') is skipped.
[gazebo-1] [INFO] [1791323546.076258397] [gz_ros_control]: [gz_ros2_control] Fixed joint ['front_left_tower_standoff_joint'] (Entity='293') is skipped.
[gazebo-1] [INFO] [1791323546.076260932] [gz_ros_control]: [gz_ros2_control] Fixed joint ['front_right_tower_standoff_joint'] (Entity='294') is skipped.
[gazebo-1] [INFO] [1791323546.076263157] [gz_ros_control]: [gz_ros2_control] Fixed joint ['oakd_camera_bracket_joint'] (Entity='295') is skipped.
[gazebo-1] [INFO] [1791323546.076265607] [gz_ros_control]: [gz_ros2_control] Fixed joint ['oakd_joint'] (Entity='296') is skipped.
[gazebo-1] [INFO] [1791323546.076267826] [gz_ros_control]: [gz_ros2_control] Fixed joint ['oakd_imu_joint'] (Entity='297') is skipped.
[gazebo-1] [INFO] [1791323546.076269970] [gz_ros_control]: [gz_ros2_control] Fixed joint ['oakd_left_camera_joint'] (Entity='298') is skipped.
[gazebo-1] [INFO] [1791323546.076272277] [gz_ros_control]: [gz_ros2_control] Fixed joint ['oakd_left_camera_optical_joint'] (Entity='299') is skipped.
[gazebo-1] [INFO] [1791323546.076274803] [gz_ros_control]: [gz_ros2_control] Fixed joint ['oakd_rgb_camera_joint'] (Entity='300') is skipped.
[gazebo-1] [INFO] [1791323546.076277079] [gz_ros_control]: [gz_ros2_control] Fixed joint ['oakd_rgb_camera_optical_joint'] (Entity='301') is skipped.
[gazebo-1] [INFO] [1791323546.076279423] [gz_ros_control]: [gz_ros2_control] Fixed joint ['oakd_right_camera_joint'] (Entity='302') is skipped.
[gazebo-1] [INFO] [1791323546.076281716] [gz_ros_control]: [gz_ros2_control] Fixed joint ['oakd_right_camera_optical_joint'] (Entity='303') is skipped.
[gazebo-1] [INFO] [1791323546.076284108] [gz_ros_control]: [gz_ros2_control] Fixed joint ['rear_left_tower_standoff_joint'] (Entity='304') is skipped.
[gazebo-1] [INFO] [1791323546.076287227] [gz_ros_control]: [gz_ros2_control] Fixed joint ['rear_right_tower_standoff_joint'] (Entity='305') is skipped.
[gazebo-1] [INFO] [1791323546.076289568] [gz_ros_control]: [gz_ros2_control] Fixed joint ['rplidar_joint'] (Entity='306') is skipped.
[gazebo-1] [INFO] [1791323546.076345286] [gz_ros_control]: [gz_ros2_control] Fixed joint ['tower_sensor_plate_joint'] (Entity='307') is skipped.
[gazebo-1] [INFO] [1791323546.090516910] [gz_ros_control]: Loading controller_manager
[gazebo-1] [1;32m[Msg] [0m[1;32mGazebo Sim GUI    v[0m[1;32m8.10.0[0m[1;32m[0m
[gazebo-1] [1;32m[Msg] [0m[1;32mDetected Wayland. Setting Qt to use the xcb plugin: [0m[1;32m'QT_QPA_PLATFORM=xcb'.[0m[1;32m[0m
[gazebo-1] [1;36m[Dbg] [Gui.cc:275] [0m[1;36mWaiting for subscribers to [[0m[1;36m/gazebo/starting_world[0m[1;36m]...[0m[1;36m[0m
[gazebo-1] [1;36m[Dbg] [Application.cc:96] [0m[1;36mInitializing application.[0m[1;36m[0m
[gazebo-1] [1;36m[Dbg] [Application.cc:170] [0m[1;36mQt using OpenGL graphics interface[0m[1;36m[0m
[gazebo-1] [1;36m[GUI] [Dbg] [Application.cc:657] [0m[1;36mCreate main window[0m[1;36m[0m
[gazebo-1] [1;36m[GUI] [Dbg] [PathManager.cc:68] [0m[1;36mRequesting resource paths through [[0m[1;36m/gazebo/resource_paths/get[0m[1;36m][0m[1;36m[0m
[gazebo-1] [1;36m[GUI] [Dbg] [Gui.cc:355] [0m[1;36mGUI requesting list of world names. The server may be busy [0m[1;36mdownloading resources. Please be patient.[0m[1;36m[0m
[gazebo-1] [1;36m[GUI] [Dbg] [PathManager.cc:57] [0m[1;36mReceived resource paths.[0m[1;36m[0m
[gazebo-1] [1;36m[GUI] [Dbg] [GuiRunner.cc:149] [0m[1;36mRequesting initial state from [[0m[1;36m/world/warehouse/state[0m[1;36m]...[0m[1;36m[0m
[gazebo-1] [1;32m[GUI] [0m[1;32m[Msg] [0m[1;32mLoading config [[0m[1;32m/home/y/u/yunqiao/IROB_Mobile_Robot_Project/install/turtlebot4_gz_bringup/share/turtlebot4_gz_bringup/gui/standard/gui.config[0m[1;32m][0m[1;32m[0m
[gazebo-1] [1;36m[GUI] [Dbg] [Application.cc:528] [0m[1;36mLoading plugin [[0m[1;36mMinimalScene[0m[1;36m][0m[1;36m[0m
[gazebo-1] [1;36m[GUI] [Dbg] [MinimalScene.cc:802] [0m[1;36mCreating gz-rendering interface for OpenGL[0m[1;36m[0m
[gazebo-1] [1;36m[GUI] [Dbg] [MinimalScene.cc:802] [0m[1;36mCreating gz-rendering interface for OpenGL[0m[1;36m[0m
[gazebo-1] [1;36m[GUI] [Dbg] [MinimalScene.cc:986] [0m[1;36mCreating render thread interface for OpenGL[0m[1;36m[0m
[gazebo-1] [1;36m[GUI] [Dbg] [MinimalScene.cc:802] [0m[1;36mCreating gz-rendering interface for OpenGL[0m[1;36m[0m
[gazebo-1] [1;36m[GUI] [Dbg] [MinimalScene.cc:986] [0m[1;36mCreating render thread interface for OpenGL[0m[1;36m[0m
[gazebo-1] [1;32m[GUI] [0m[1;32m[Msg] [0m[1;32mAdded plugin [[0m[1;32m3D View[0m[1;32m] to main window[0m[1;32m[0m
[gazebo-1] [1;32m[GUI] [0m[1;32m[Msg] [0m[1;32mLoaded plugin [[0m[1;32mMinimalScene[0m[1;32m] from path [[0m[1;32m/afs/kth.se/misc/info/kurser/DD2410/ht26/pixi/IROB/.pixi/envs/default/lib/gz-gui-8/plugins/libMinimalScene.so[0m[1;32m][0m[1;32m[0m
[gazebo-1] [1;36m[GUI] [Dbg] [Application.cc:528] [0m[1;36mLoading plugin [[0m[1;36mGzSceneManager[0m[1;36m][0m[1;36m[0m
[gazebo-1] [1;32m[GUI] [0m[1;32m[Msg] [0m[1;32mAdded plugin [[0m[1;32mScene Manager[0m[1;32m] to main window[0m[1;32m[0m
[gazebo-1] [1;32m[GUI] [0m[1;32m[Msg] [0m[1;32mLoaded plugin [[0m[1;32mGzSceneManager[0m[1;32m] from path [[0m[1;32m/afs/kth.se/misc/info/kurser/DD2410/ht26/pixi/IROB/.pixi/envs/default/lib/gz-sim-8/plugins/gui/libGzSceneManager.so[0m[1;32m][0m[1;32m[0m
[gazebo-1] [1;36m[GUI] [Dbg] [Application.cc:528] [0m[1;36mLoading plugin [[0m[1;36mInteractiveViewControl[0m[1;36m][0m[1;36m[0m
[gazebo-1] [1;32m[GUI] [0m[1;32m[Msg] [0m[1;32mCamera view controller topic advertised on [[0m[1;32m/gui/camera/view_control[0m[1;32m][0m[1;32m[0m
[gazebo-1] [1;32m[GUI] [0m[1;32m[Msg] [0m[1;32mCamera reference visual topic advertised on [[0m[1;32m/gui/camera/view_control/reference_visual[0m[1;32m][0m[1;32m[0m
[gazebo-1] [1;32m[GUI] [0m[1;32m[Msg] [0m[1;32mCamera view control sensitivity advertised on [[0m[1;32m/gui/camera/view_control/sensitivity[0m[1;32m][0m[1;32m[0m
[gazebo-1] [1;32m[GUI] [0m[1;32m[Msg] [0m[1;32mAdded plugin [[0m[1;32mInteractive view control[0m[1;32m] to main window[0m[1;32m[0m
[gazebo-1] [1;32m[GUI] [0m[1;32m[Msg] [0m[1;32mLoaded plugin [[0m[1;32mInteractiveViewControl[0m[1;32m] from path [[0m[1;32m/afs/kth.se/misc/info/kurser/DD2410/ht26/pixi/IROB/.pixi/envs/default/lib/gz-gui-8/plugins/libInteractiveViewControl.so[0m[1;32m][0m[1;32m[0m
[gazebo-1] [1;36m[GUI] [Dbg] [Application.cc:528] [0m[1;36mLoading plugin [[0m[1;36mWorldControl[0m[1;36m][0m[1;36m[0m
[gazebo-1] [INFO] [1791323546.164751222] [controller_manager]: Using ROS clock for triggering controller manager cycles.
[gazebo-1] [1;33m[GUI] [Wrn] [Application.cc:908] [0m[1;33m[QT] file::/Turtlebot4Hmi/Turtlebot4Hmi.qml:102:7: Unable to assign [undefined] to QString[0m[1;33m[0m
[gazebo-1] [1;33m[GUI] [Wrn] [Application.cc:908] [0m[1;33m[QT] file::/WorldStats/WorldStats.qml:53:3: QML RowLayout: Binding loop detected for property "x"[0m[1;33m[0m
[gazebo-1] [1;32m[GUI] [0m[1;32m[Msg] [0m[1;32mUsing world control service [[0m[1;32m/world/warehouse/control[0m[1;32m][0m[1;32m[0m
[gazebo-1] [1;32m[GUI] [0m[1;32m[Msg] [0m[1;32mListening to stats on [[0m[1;32m/world/warehouse/stats[0m[1;32m][0m[1;32m[0m
[gazebo-1] [1;36m[GUI] [Dbg] [WorldControl.cc:237] [0m[1;36mUsing an event to share WorldControl msgs with the server[0m
[gazebo-1] [1;32m[GUI] [0m[1;32m[Msg] [0m[1;32mAdded plugin [[0m[1;32mWorld control[0m[1;32m] to main window[0m[1;32m[0m
[gazebo-1] [1;32m[GUI] [0m[1;32m[Msg] [0m[1;32mLoaded plugin [[0m[1;32mWorldControl[0m[1;32m] from path [[0m[1;32m/afs/kth.se/misc/info/kurser/DD2410/ht26/pixi/IROB/.pixi/envs/default/lib/gz-gui-8/plugins/libWorldControl.so[0m[1;32m][0m[1;32m[0m
[gazebo-1] [1;36m[GUI] [Dbg] [Application.cc:528] [0m[1;36mLoading plugin [[0m[1;36mWorldStats[0m[1;36m][0m[1;36m[0m
[gazebo-1] [1;32m[GUI] [0m[1;32m[Msg] [0m[1;32mListening to stats on [[0m[1;32m/world/warehouse/stats[0m[1;32m][0m[1;32m[0m
[gazebo-1] [1;32m[GUI] [0m[1;32m[Msg] [0m[1;32mAdded plugin [[0m[1;32mWorld stats[0m[1;32m] to main window[0m[1;32m[0m
[gazebo-1] [1;32m[GUI] [0m[1;32m[Msg] [0m[1;32mLoaded plugin [[0m[1;32mWorldStats[0m[1;32m] from path [[0m[1;32m/afs/kth.se/misc/info/kurser/DD2410/ht26/pixi/IROB/.pixi/envs/default/lib/gz-gui-8/plugins/libWorldStats.so[0m[1;32m][0m[1;32m[0m
[gazebo-1] [1;36m[GUI] [Dbg] [Application.cc:528] [0m[1;36mLoading plugin [[0m[1;36mTransformControl[0m[1;36m][0m[1;36m[0m
[gazebo-1] [1;32m[GUI] [0m[1;32m[Msg] [0m[1;32mAdded plugin [[0m[1;32mTransform control[0m[1;32m] to main window[0m[1;32m[0m
[gazebo-1] [1;32m[GUI] [0m[1;32m[Msg] [0m[1;32mLoaded plugin [[0m[1;32mTransformControl[0m[1;32m] from path [[0m[1;32m/afs/kth.se/misc/info/kurser/DD2410/ht26/pixi/IROB/.pixi/envs/default/lib/gz-sim-8/plugins/gui/libTransformControl.so[0m[1;32m][0m[1;32m[0m
[gazebo-1] [1;36m[GUI] [Dbg] [Application.cc:528] [0m[1;36mLoading plugin [[0m[1;36mShapes[0m[1;36m][0m[1;36m[0m
[gazebo-1] [1;32m[GUI] [0m[1;32m[Msg] [0m[1;32mAdded plugin [[0m[1;32mShapes[0m[1;32m] to main window[0m[1;32m[0m
[gazebo-1] [1;32m[GUI] [0m[1;32m[Msg] [0m[1;32mLoaded plugin [[0m[1;32mShapes[0m[1;32m] from path [[0m[1;32m/afs/kth.se/misc/info/kurser/DD2410/ht26/pixi/IROB/.pixi/envs/default/lib/gz-sim-8/plugins/gui/libShapes.so[0m[1;32m][0m[1;32m[0m
[gazebo-1] [1;36m[GUI] [Dbg] [Application.cc:528] [0m[1;36mLoading plugin [[0m[1;36mTurtlebot4Hmi[0m[1;36m][0m[1;36m[0m
[gazebo-1] [1;32m[GUI] [0m[1;32m[Msg] [0m[1;32mAdded plugin [[0m[1;32mTurtlebot4 HMI[0m[1;32m] to main window[0m[1;32m[0m
[gazebo-1] [1;32m[GUI] [0m[1;32m[Msg] [0m[1;32mLoaded plugin [[0m[1;32mTurtlebot4Hmi[0m[1;32m] from path [[0m[1;32m/home/y/u/yunqiao/IROB_Mobile_Robot_Project/install/turtlebot4_gz_gui_plugins/share/turtlebot4_gz_gui_plugins/lib/libTurtlebot4Hmi.so[0m[1;32m][0m[1;32m[0m
[gazebo-1] [1;36m[GUI] [Dbg] [Application.cc:528] [0m[1;36mLoading plugin [[0m[1;36mTeleop[0m[1;36m][0m[1;36m[0m
[gazebo-1] [1;32m[GUI] [0m[1;32m[Msg] [0m[1;32mA new topic has been entered: '[0m[1;32m/cmd_vel[0m[1;32m ' [0m[1;32m[0m
[gazebo-1] [1;32m[GUI] [0m[1;32m[Msg] [0m[1;32mAdded plugin [[0m[1;32mTeleop[0m[1;32m] to main window[0m[1;32m[0m
[gazebo-1] [1;32m[GUI] [0m[1;32m[Msg] [0m[1;32mLoaded plugin [[0m[1;32mTeleop[0m[1;32m] from path [[0m[1;32m/afs/kth.se/misc/info/kurser/DD2410/ht26/pixi/IROB/.pixi/envs/default/lib/gz-gui-8/plugins/libTeleop.so[0m[1;32m][0m[1;32m[0m
[gazebo-1] [1;36m[GUI] [Dbg] [Application.cc:671] [0m[1;36mApplying config[0m[1;36m[0m
[gazebo-1] [1;36m[GUI] [Dbg] [MinimalScene.cc:802] [0m[1;36mCreating gz-rendering interface for OpenGL[0m[1;36m[0m
[gazebo-1] [1;36m[GUI] [Dbg] [MinimalScene.cc:986] [0m[1;36mCreating render thread interface for OpenGL[0m[1;36m[0m
[gazebo-1] [1;32m[GUI] [0m[1;32m[Msg] [0m[1;32mLoading plugin [[0m[1;32mgz-rendering-ogre2[0m[1;32m][0m[1;32m[0m
[gazebo-1] [1;36m[GUI] [Dbg] [MinimalScene.cc:749] [0m[1;36mCreate scene [[0m[1;36mscene[0m[1;36m][0m[1;36m[0m
[gazebo-1] [1;36m[GUI] [Dbg] [MinimalScene.cc:1037] [0m[1;36mCreating texture node render interface for OpenGL[0m[1;36m[0m
[gazebo-1] [INFO] [1791323546.844818894] [controller_manager]: Subscribing to '/robot_description' topic for robot description.
[gazebo-1] [WARN] [1791323546.852776366] [gz_ros_control]: Waiting RM to load and initialize hardware...
[gazebo-1] [INFO] [1791323547.563810209] [controller_manager]: Received robot description from topic.
[gazebo-1] [INFO] [1791323547.563871463] [controller_manager]: Enforcing command limits is disabled. Command limits from URDF will be ignored.
[gazebo-1] [INFO] [1791323547.581871381] [gz_ros_control]: The position_proportional_gain has been set to: 0.1
[gazebo-1] [INFO] [1791323547.581933941] [gz_ros_control]: Loading joint: left_wheel_joint
[gazebo-1] [INFO] [1791323547.581938405] [gz_ros_control]: 	State:
[gazebo-1] [INFO] [1791323547.581942195] [gz_ros_control]: 		 velocity
[gazebo-1] [INFO] [1791323547.581945312] [gz_ros_control]: 		 position
[gazebo-1] [INFO] [1791323547.581948480] [gz_ros_control]: 	Command:
[gazebo-1] [INFO] [1791323547.581950709] [gz_ros_control]: 		 velocity
[gazebo-1] [INFO] [1791323547.582035133] [gz_ros_control]: Loading sensor: imu
[gazebo-1] [INFO] [1791323547.582044079] [gz_ros_control]: 	State:
[gazebo-1] [WARN] [1791323547.582046751] [gz_ros_control]: IMU sensor 'imu' not found in hardware_info, skipping.
[gazebo-1] [INFO] [1791323547.582162278] [controller_manager]: Initialize hardware 'left_wheel_controller' 
[gazebo-1] [WARN] [1791323547.582173487] [controller_manager.hardware_component.system.left_wheel_controller]: Executor is not available during hardware component initialization for 'left_wheel_controller'. Skipping node creation!
[gazebo-1] [INFO] [1791323547.582189473] [controller_manager]: Successful initialization of hardware 'left_wheel_controller'
[gazebo-1] [INFO] [1791323547.582255585] [gz_ros_control]: The position_proportional_gain has been set to: 0.1
[gazebo-1] [INFO] [1791323547.582278782] [gz_ros_control]: Loading joint: right_wheel_joint
[gazebo-1] [INFO] [1791323547.582282040] [gz_ros_control]: 	State:
[gazebo-1] [INFO] [1791323547.582284442] [gz_ros_control]: 		 velocity
[gazebo-1] [INFO] [1791323547.582287326] [gz_ros_control]: 		 position
[gazebo-1] [INFO] [1791323547.582290255] [gz_ros_control]: 	Command:
[gazebo-1] [INFO] [1791323547.582293011] [gz_ros_control]: 		 velocity
[gazebo-1] [INFO] [1791323547.582302256] [gz_ros_control]: Loading sensor: imu
[gazebo-1] [INFO] [1791323547.582305395] [gz_ros_control]: 	State:
[gazebo-1] [WARN] [1791323547.582307557] [gz_ros_control]: IMU sensor 'imu' not found in hardware_info, skipping.
[gazebo-1] [INFO] [1791323547.582325686] [controller_manager]: Initialize hardware 'right_wheel_controller' 
[gazebo-1] [WARN] [1791323547.582331536] [controller_manager.hardware_component.system.right_wheel_controller]: Executor is not available during hardware component initialization for 'right_wheel_controller'. Skipping node creation!
[gazebo-1] [INFO] [1791323547.582343590] [controller_manager]: Successful initialization of hardware 'right_wheel_controller'
[gazebo-1] [INFO] [1791323547.582374209] [gz_ros_control]: The position_proportional_gain has been set to: 0.1
[gazebo-1] [INFO] [1791323547.582389191] [gz_ros_control]: Loading joint: arm_joint1
[gazebo-1] [INFO] [1791323547.582394644] [gz_ros_control]: 	State:
[gazebo-1] [INFO] [1791323547.582396862] [gz_ros_control]: 		 position
[gazebo-1] [INFO] [1791323547.582399846] [gz_ros_control]: 		 velocity
[gazebo-1] [INFO] [1791323547.582402282] [gz_ros_control]: 	Command:
[gazebo-1] [INFO] [1791323547.582404407] [gz_ros_control]: 		 position
[gazebo-1] [INFO] [1791323547.582410901] [gz_ros_control]: 		 velocity
[gazebo-1] [INFO] [1791323547.582420036] [gz_ros_control]: Loading joint: arm_joint2
[gazebo-1] [INFO] [1791323547.582422995] [gz_ros_control]: 	State:
[gazebo-1] [INFO] [1791323547.582425252] [gz_ros_control]: 		 position
[gazebo-1] [INFO] [1791323547.582428106] [gz_ros_control]: 		 velocity
[gazebo-1] [INFO] [1791323547.582430005] [gz_ros_control]: 	Command:
[gazebo-1] [INFO] [1791323547.582432082] [gz_ros_control]: 		 position
[gazebo-1] [INFO] [1791323547.582437171] [gz_ros_control]: 		 velocity
[gazebo-1] [INFO] [1791323547.582446034] [gz_ros_control]: Loading joint: arm_joint3
[gazebo-1] [INFO] [1791323547.582470007] [gz_ros_control]: 	State:
[gazebo-1] [INFO] [1791323547.582473689] [gz_ros_control]: 		 position
[gazebo-1] [INFO] [1791323547.582477238] [gz_ros_control]: 		 velocity
[gazebo-1] [INFO] [1791323547.582479376] [gz_ros_control]: 	Command:
[gazebo-1] [INFO] [1791323547.582487577] [gz_ros_control]: 		 position
[gazebo-1] [INFO] [1791323547.582495323] [gz_ros_control]: 		 velocity
[gazebo-1] [INFO] [1791323547.582503916] [gz_ros_control]: Loading joint: arm_joint4
[gazebo-1] [INFO] [1791323547.582506473] [gz_ros_control]: 	State:
[gazebo-1] [INFO] [1791323547.582508589] [gz_ros_control]: 		 position
[gazebo-1] [INFO] [1791323547.582510640] [gz_ros_control]: 		 velocity
[gazebo-1] [INFO] [1791323547.582512687] [gz_ros_control]: 	Command:
[gazebo-1] [INFO] [1791323547.582514603] [gz_ros_control]: 		 position
[gazebo-1] [INFO] [1791323547.582519464] [gz_ros_control]: 		 velocity
[gazebo-1] [INFO] [1791323547.582527509] [gz_ros_control]: Loading joint: arm_joint5
[gazebo-1] [INFO] [1791323547.582529770] [gz_ros_control]: 	State:
[gazebo-1] [INFO] [1791323547.582531837] [gz_ros_control]: 		 position
[gazebo-1] [INFO] [1791323547.582535324] [gz_ros_control]: 		 velocity
[gazebo-1] [INFO] [1791323547.582537373] [gz_ros_control]: 	Command:
[gazebo-1] [INFO] [1791323547.582539428] [gz_ros_control]: 		 position
[gazebo-1] [INFO] [1791323547.582545886] [gz_ros_control]: 		 velocity
[gazebo-1] [INFO] [1791323547.582553574] [gz_ros_control]: Loading joint: arm_joint6
[gazebo-1] [INFO] [1791323547.582557058] [gz_ros_control]: 	State:
[gazebo-1] [INFO] [1791323547.582559179] [gz_ros_control]: 		 position
[gazebo-1] [INFO] [1791323547.582561068] [gz_ros_control]: 		 velocity
[gazebo-1] [INFO] [1791323547.582569897] [gz_ros_control]: 	Command:
[gazebo-1] [INFO] [1791323547.582572769] [gz_ros_control]: 		 position
[gazebo-1] [INFO] [1791323547.582578468] [gz_ros_control]: 		 velocity
[gazebo-1] [INFO] [1791323547.582581764] [gz_ros_control]: Loading sensor: imu
[gazebo-1] [INFO] [1791323547.582584241] [gz_ros_control]: 	State:
[gazebo-1] [WARN] [1791323547.582586394] [gz_ros_control]: IMU sensor 'imu' not found in hardware_info, skipping.
[gazebo-1] [INFO] [1791323547.582606937] [controller_manager]: Initialize hardware 'arm_gz_ros2_control/GazeboSimSystem' 
[gazebo-1] [WARN] [1791323547.582615877] [controller_manager.hardware_component.system.arm_gz_ros2_control/GazeboSimSystem]: Executor is not available during hardware component initialization for 'arm_gz_ros2_control/GazeboSimSystem'. Skipping node creation!
[gazebo-1] [INFO] [1791323547.582639597] [controller_manager]: Successful initialization of hardware 'arm_gz_ros2_control/GazeboSimSystem'
[gazebo-1] [INFO] [1791323547.582705451] [controller_manager]: Activating component 'arm_gz_ros2_control/GazeboSimSystem'.
[gazebo-1] [INFO] [1791323547.582729427] [resource_manager]: 'configure' hardware 'arm_gz_ros2_control/GazeboSimSystem' 
[gazebo-1] [INFO] [1791323547.582735050] [gz_ros_control]: System Successfully configured!
[gazebo-1] [INFO] [1791323547.582740696] [resource_manager]: Successful 'configure' of hardware 'arm_gz_ros2_control/GazeboSimSystem'
[gazebo-1] [INFO] [1791323547.582744581] [resource_manager]: 'activate' hardware 'arm_gz_ros2_control/GazeboSimSystem' 
[gazebo-1] [INFO] [1791323547.582747434] [resource_manager]: Successful 'activate' of hardware 'arm_gz_ros2_control/GazeboSimSystem'
[gazebo-1] [INFO] [1791323547.582761763] [controller_manager]: Activating component 'right_wheel_controller'.
[gazebo-1] [INFO] [1791323547.582766044] [resource_manager]: 'configure' hardware 'right_wheel_controller' 
[gazebo-1] [INFO] [1791323547.582767428] [gz_ros_control]: System Successfully configured!
[gazebo-1] [INFO] [1791323547.582771309] [resource_manager]: Successful 'configure' of hardware 'right_wheel_controller'
[gazebo-1] [INFO] [1791323547.582772899] [resource_manager]: 'activate' hardware 'right_wheel_controller' 
[gazebo-1] [INFO] [1791323547.582774503] [resource_manager]: Successful 'activate' of hardware 'right_wheel_controller'
[gazebo-1] [INFO] [1791323547.582790289] [controller_manager]: Activating component 'left_wheel_controller'.
[gazebo-1] [INFO] [1791323547.582792975] [resource_manager]: 'configure' hardware 'left_wheel_controller' 
[gazebo-1] [INFO] [1791323547.582794237] [gz_ros_control]: System Successfully configured!
[gazebo-1] [INFO] [1791323547.582796576] [resource_manager]: Successful 'configure' of hardware 'left_wheel_controller'
[gazebo-1] [INFO] [1791323547.582798091] [resource_manager]: 'activate' hardware 'left_wheel_controller' 
[gazebo-1] [INFO] [1791323547.582812129] [resource_manager]: Successful 'activate' of hardware 'left_wheel_controller'
[gazebo-1] [WARN] [1791323547.582821177] [controller_manager]: Component 'arm_gz_ros2_control/GazeboSimSystem' does not have read or write statistics initialized, skipping registration.
[gazebo-1] [WARN] [1791323547.582824359] [controller_manager]: Component 'right_wheel_controller' does not have read or write statistics initialized, skipping registration.
[gazebo-1] [WARN] [1791323547.582826678] [controller_manager]: Component 'left_wheel_controller' does not have read or write statistics initialized, skipping registration.
[gazebo-1] [INFO] [1791323547.582832392] [controller_manager]: Resource Manager has been successfully initialized. Starting Controller Manager services...
[wait_for_ready-48] [INFO] [1791323547.605748705] [wait_for_sim]: ready: node controller_manager
[wait_for_ready-48] [INFO] [1791323547.607051055] [wait_for_sim]: ready: service /controller_manager/set_parameters
[wait_for_ready-48] [INFO] [1791323548.026335193] [wait_for_sim]: ready: service /controller_manager/list_controllers (answered a call)
[gazebo-1] [INFO] [1791323548.161942675] [controller_manager]: Loading controller : 'joint_state_broadcaster' of type 'joint_state_broadcaster/JointStateBroadcaster'
[gazebo-1] [INFO] [1791323548.161973382] [controller_manager]: Loading controller 'joint_state_broadcaster'
[gazebo-1] [WARN] [1791323548.179768340] [controller_manager]: The use of remapping arguments to the controller_manager node is deprecated. Please use the '--controller-ros-args' argument of the spawner to pass remapping arguments to the controller node.
[gazebo-1] [INFO] [1791323548.179806339] [controller_manager]: Controller 'joint_state_broadcaster' node arguments: --ros-args --params-file /home/y/u/yunqiao/IROB_Mobile_Robot_Project/install/irobot_create_control/share/irobot_create_control/config/control.yaml --params-file /home/y/u/yunqiao/IROB_Mobile_Robot_Project/install/warehouse_inventory_robot/share/warehouse_inventory_robot/config/arm_controller_types.yaml --ros-args --remap ~/odom:=odom --remap /tf:=tf --remap /tf_static:=tf_static --remap /diagnostics:=diagnostics -p use_sim_time:=true --param use_sim_time:=true 
[spawner-31] [INFO] [1791323548.202971803] [spawner_joint_state_broadcaster]: Loaded joint_state_broadcaster
[gazebo-1] [INFO] [1791323548.205266280] [controller_manager]: Configuring controller: 'joint_state_broadcaster'
[gazebo-1] [INFO] [1791323548.205334978] [joint_state_broadcaster]: 'joints' or 'interfaces' parameter is empty. All available state interfaces will be published
[gazebo-1] [INFO] [1791323548.221290231] [controller_manager]: Activating controllers: [ joint_state_broadcaster ]
[gazebo-1] [1;36m[GUI] [Dbg] [TransformControl.cc:453] [0m[1;36mTransformControl [1;36m[Dbg] [SystemManager.cc:80] [0m[1;36mLoaded system [[0m[1;36mgz_ros2_control::GazeboSimROS2ControlPlugin[0m[1;36m] for entity [[0m[1;36m164[0m[1;36m][0m[1;36m[0m
[gazebo-1] [1;36m[Dbg] [SystemManager.cc:80] [0m[1;36mLoaded system [[0m[1;36mgz::sim::systems::PosePublisher[0m[1;36m] for entity [[0m[1;36m164[0m[1;36m][0m[1;36m[0m
[gazebo-1] [1;36m[Dbg] [SystemManager.cc:80] [0m[1;36mLoaded system [[0m[1;36mgz::sim::systems::Contact[0m[1;36m] for entity [[0m[1;36m164[0m[1;36m][0m[1;36m[0m
[gazebo-1] [1;36m[Dbg] [Sensors.cc:697] [0m[1;36mConfiguring Sensors system[0m[1;36m[0m
[gazebo-1] [1;36m[Dbg] [Sensors.cc:557] [0m[1;36mSensorsPrivate::Run[0m[1;36m[0m
[gazebo-1] [1;36m[Dbg] [SystemManager.cc:80] [0m[1;36mLoaded system [[0m[1;36mgz::sim::systems::Sensors[0m[1;36m] for entity [[0m[1;36m164[0m[1;36m][0m[1;36m[0m
[gazebo-1] [1;36m[Dbg] [Sensors.cc:532] [0m[1;36mSensorsPrivate::RenderThread started[0m[1;36m[0m
[gazebo-1] [1;36m[Dbg] [Sensors.cc:337] [0m[1;36mWaiting for init[0m[1;36m[0m
[gazebo-1] [1;36m[Dbg] [DetachableJoint.cc:137] [0m[1;36mDetach topic is: [0m[1;36m/vacuum_gripper/detach[0m[1;36m[0m
[gazebo-1] [1;36m[Dbg] [DetachableJoint.cc:143] [0m[1;36mDetachableJoint subscribing to messages on [0m[1;36m[[0m[1;36m/vacuum_gripper/detach[0m[1;36m][0m[1;36m[0m
[gazebo-1] [1;36m[Dbg] [DetachableJoint.cc:160] [0m[1;36mAttach topic is: [0m[1;36m/vacuum_gripper/attach[0m[1;36m[0m
[gazebo-1] [1;36m[Dbg] [DetachableJoint.cc:195] [0m[1;36mOutput topic is: [0m[1;36m/vacuum_gripper/state[0m[1;36m[0m
[gazebo-1] [1;36m[Dbg] [SystemManager.cc:80] [0m[1;36mLoaded system [[0m[1;36mgz::sim::systems::DetachableJoint[0m[1;36m] for entity [[0m[1;36m164[0m[1;36m][0m[1;36m[0m
[gazebo-1] [1;32m[Msg] [0m[1;32mOdometryPublisher publishing odometry on [[0m[1;32m/model/turtlebot4/odometry[0m[1;32m][0m[1;32m[0m
[gazebo-1] [1;32m[Msg] [0m[1;32mOdometryPublisher publishing odometry with covariance on [[0m[1;32m/model/turtlebot4/odometry_with_covariance[0m[1;32m][0m[1;32m[0m
[gazebo-1] [1;32m[Msg] [0m[1;32mOdometryPublisher publishing Pose_V (TF) on [[0m[1;32m/model/turtlebot4/pose[0m[1;32m][0m[1;32m[0m
[gazebo-1] [1;36m[Dbg] [SystemManager.cc:80] [0m[1;36mLoaded system [[0m[1;36mgz::sim::systems::OdometryPublisher[0m[1;36m] for entity [[0m[1;36m164[0m[1;36m][0m[1;36m[0m
[gazebo-1] [1;36m[Dbg] [UserCommands.cc:1094] [0m[1;36mCreated entity [[0m[1;36m164[0m[1;36m] named [[0m[1;36mturtlebot4[0m[1;36m][0m[1;36m[0m
[gazebo-1] [1;32m[Msg] [0m[1;32mContact system publishing on [0m[1;32m/bumper_contact[0m[1;32m[0m
[gazebo-1] [1;36m[Dbg] [SDFFeatures.cc:332] [0m[1;36mMesh construction from an SDF has not been implemented yet for [0m[1;36mdartsim. Use AttachMeshShapeFeature to use mesh shapes.[0m
[gazebo-1] [1;36m[Dbg] [SDFFeatures.cc:864] [0m[1;36mThe geometry element of collision [[0m[1;36mbase_link_fixed_joint_lump__shell_collision_collision_1[0m[1;36m] [0m[1;36mcouldn't be created[0m
[gazebo-1] [1;36m[Dbg] [SDFFeatures.cc:332] [0m[1;36mMesh construction from an SDF has not been implemented yet for [0m[1;36mdartsim. Use AttachMeshShapeFeature to use mesh shapes.[0m
[gazebo-1] [1;36m[Dbg] [SDFFeatures.cc:864] [0m[1;36mThe geometry element of collision [[0m[1;36mbase_link_fixed_joint_lump__arm_link_base_collision_2[0m[1;36m] [0m[1;36mcouldn't be created[0m
[gazebo-1] [1;36m[Dbg] [SDFFeatures.cc:332] [0m[1;36mMesh construction from an SDF has not been implemented yet for [0m[1;36mdartsim. Use AttachMeshShapeFeature to use mesh shapes.[0m
[gazebo-1] [1;36m[Dbg] [SDFFeatures.cc:864] [0m[1;36mThe geometry element of collision [[0m[1;36mbumper_collision[0m[1;36m] [0m[1;36mcouldn't be created[0m
[gazebo-1] [1;36m[Dbg] [SDFFeatures.cc:332] [0m[1;36mMesh construction from an SDF has not been implemented yet for [0m[1;36mdartsim. Use AttachMeshShapeFeature to use mesh shapes.[0m
[gazebo-1] [1;36m[Dbg] [SDFFeatures.cc:864] [0m[1;36mThe geometry element of collision [[0m[1;36marm_link1_collision[0m[1;36m] [0m[1;36mcouldn't be created[0m
[gazebo-1] [1;33m[Wrn] [Component.hh:127] [0m[1;33mTrying to serialize component with data type [[0m[1;33mSt10shared_ptrIN3sdf3v147ElementEE[0m[1;33m], which doesn't have [0m[1;33m`operator<<`. Component will not be serialized.[0m[1;33m[0m
[gazebo-1] [ERROR] [1791323549.112646543] [gz_ros_control]: Desired controller update period (0.001 s) is faster than the gazebo simulation period (0.003 s).
[motion_control-34] [INFO] [1791323549.112749006] [motion_control]: Robot max speed is now 0.460000 m/s
[parameter_bridge-8] [INFO] [1791323549.113590977] [cmd_vel_bridge]: Passing message from ROS geometry_msgs/msg/TwistStamped to Gazebo gz.msgs.Twist (showing msg only once per type)
[gazebo-1] [INFO] [1791323549.114961197] [controller_manager]: Successfully switched controllers!
[spawner-31] [INFO] [1791323549.119096174] [spawner_joint_state_broadcaster]: Configured and activated joint_state_broadcaster
[INFO] [spawner-31]: process has finished cleanly [pid 43358]
[INFO] [spawner-49]: process started with pid [44528]
[gazebo-1] [1;36m[Dbg] [SDFFeatures.cc:332] [0m[1;36mMesh construction from an SDF has not been implemented yet for [0m[1;36mdartsim. Use AttachMeshShapeFeature to use mesh shapes.[0m
[gazebo-1] [1;36m[Dbg] [SDFFeatures.cc:864] [0m[1;36mThe geometry element of collision [[0m[1;36marm_link2_collision[0m[1;36m] [0m[1;36mcouldn't be created[0m
[gazebo-1] [1;36m[Dbg] [SDFFeatures.cc:332] [0m[1;36mMesh construction from an SDF has not been implemented yet for [0m[1;36mdartsim. Use AttachMeshShapeFeature to use mesh shapes.[0m
[gazebo-1] [1;36m[Dbg] [SDFFeatures.cc:864] [0m[1;36mThe geometry element of collision [[0m[1;36marm_link3_collision[0m[1;36m] [0m[1;36mcouldn't be created[0m
[gazebo-1] [1;36m[Dbg] [SDFFeatures.cc:332] [0m[1;36mMesh construction from an SDF has not been implemented yet for [0m[1;36mdartsim. Use AttachMeshShapeFeature to use mesh shapes.[0m
[gazebo-1] [1;36m[Dbg] [SDFFeatures.cc:864] [0m[1;36mThe geometry element of collision [[0m[1;36marm_link4_collision[0m[1;36m] [0m[1;36mcouldn't be created[0m
[gazebo-1] [1;36m[Dbg] [SDFFeatures.cc:332] [0m[1;36mMesh construction from an SDF has not been implemented yet for [0m[1;36mdartsim. Use AttachMeshShapeFeature to use mesh shapes.[0m
[gazebo-1] [1;36m[Dbg] [SDFFeatures.cc:864] [0m[1;36mThe geometry element of collision [[0m[1;36marm_link5_collision[0m[1;36m] [0m[1;36mcouldn't be created[0m
[gazebo-1] [1;36m[Dbg] [SDFFeatures.cc:332] [0m[1;36mMesh construction from an SDF has not been implemented yet for [0m[1;36mdartsim. Use AttachMeshShapeFeature to use mesh shapes.[0m
[gazebo-1] [1;36m[Dbg] [SDFFeatures.cc:864] [0m[1;36mThe geometry element of collision [[0m[1;36marm_link6_collision[0m[1;36m] [0m[1;36mcouldn't be created[0m
[gazebo-1] [1;36m[Dbg] [SDFFeatures.cc:332] [0m[1;36mMesh construction from an SDF has not been implemented yet for [0m[1;36mdartsim. Use AttachMeshShapeFeature to use mesh shapes.[0m
[gazebo-1] [1;36m[Dbg] [SDFFeatures.cc:864] [0m[1;36mThe geometry element of collision [[0m[1;36marm_uflite_vacuum_gripper_link_collision[0m[1;36m] [0m[1;36mcouldn't be created[0m
[gazebo-1] [1;36m[Dbg] [EntityComponentManager.cc:1656] [0m[1;36mUpdated state thread iterators: [0m[1;36m16[0m[1;36m threads processing around [0m[1;36m20[0m[1;36m entities each.[0m[1;36m[0m
[gazebo-1] [1;36m[Dbg] [SimulationRunner.cc:560] [0m[1;36mExiting postupdate worker thread ([0m[1;36m0[0m[1;36m)[0m[1;36m[0m
[gazebo-1] [1;36m[Dbg] [SimulationRunner.cc:560] [0m[1;36mExiting postupdate worker thread ([0m[1;36m2[0m[1;36m)[0m[1;36m[0m
[gazebo-1] [1;36m[Dbg] [SimulationRunner.cc:560] [0m[1;36mExiting postupdate worker thread ([0m[1;36m1[0m[1;36m)[0m[1;36m[0m
[gazebo-1] [1;36m[Dbg] [SimulationRunner.cc:533] [0m[1;36mCreating PostUpdate worker threads: [0m[1;36m9[0m[1;36m[0m
[gazebo-1] [1;36m[Dbg] [SimulationRunner.cc:544] [0m[1;36mCreating postupdate worker thread ([0m[1;36m0[0m[1;36m)[0m[1;36m[0m
[gazebo-1] [1;36m[Dbg] [SimulationRunner.cc:544] [0m[1;36mCreating postupdate worker thread ([0m[1;36m1[0m[1;36m)[0m[1;36m[0m
[gazebo-1] [1;36m[Dbg] [SimulationRunner.cc:544] [0m[1;36mCreating postupdate worker thread ([0m[1;36m2[0m[1;36m)[0m[1;36m[0m
[gazebo-1] [1;36m[Dbg] [SimulationRunner.cc:544] [0m[1;36mCreating postupdate worker thread ([0m[1;36m3[0m[1;36m)[0m[1;36m[0m
[gazebo-1] [1;36m[Dbg] [SimulationRunner.cc:544] [0m[1;36mCreating postupdate worker thread ([0m[1;36m4[0m[1;36m)[0m[1;36m[0m
[gazebo-1] [1;36m[Dbg] [SimulationRunner.cc:544] [0m[1;36mCreating postupdate worker thread ([0m[1;36m5[0m[1;36m)[0m[1;36m[0m
[gazebo-1] [1;36m[Dbg] [SimulationRunner.cc:544] [0m[1;36mCreating postupdate worker thread ([0m[1;36m6[0m[1;36m)[0m[1;36m[0m
[gazebo-1] [1;36m[Dbg] [SimulationRunner.cc:544] [0m[1;36mCreating postupdate worker thread ([0m[1;36m7[0m[1;36m)[0m[1;36m[0m
[gazebo-1] [1;36m[Dbg] [DetachableJoint.cc:343] [0m[1;36mAttaching entity: [0m[1;36m312[0m[1;36m[0m
[gazebo-1] [1;36m[Dbg] [Physics.cc:1939] [0m[1;36mCreating detachable joint [[0m[1;36m312[0m[1;36m][0m[1;36m[0m
[gazebo-1] [1;36m[Dbg] [Sensors.cc:953] [0m[1;36mInitialization needed[0m[1;36m[0m
[gazebo-1] [1;36m[Dbg] [Sensors.cc:349] [0m[1;36mInitializing render context[0m[1;36m[0m
[gazebo-1] [1;32m[Msg] [0m[1;32mLoading plugin [[0m[1;32mgz-rendering-ogre2[0m[1;32m][0m[1;32m[0m
[spawner-49] [INFO] [1791323549.550677194] [spawner_diffdrive_controller]: waiting for service /controller_manager/list_controllers to become available...
[gazebo-1] [1;33m[GUI] [Wrn] [Component.hh:172] [0m[1;33mTrying to deserialize component with data type [[0m[1;33mSt10shared_ptrIN3sdf3v147ElementEE[0m[1;33m], which doesn't have [0m[1;33m`operator>>`. Component will not be deserialized.[0m[1;33m[0m
[gazebo-1] [1;36m[Dbg] [RenderUtil.cc:2646] [0m[1;36mCreate scene [[plugin is using camera [[0m[1;36mscene::Camera(65527)[0m[1;36m][0m[1;36m[0m
[gazebo-1] [1;36m[GUI] [Dbg] [InteractiveViewControl.cc:176] [0m[1;36mInteractiveViewControl plugin is moving camera [[0m[1;36mscene::Camera(65527)[0m[1;36m][0m[1;36m[0m
[gazebo-1] [1;33mWarning [Utils.cc:132][0m [/sdf/model[@name="tb4_lite6"]/joint[@name="wheel_drop_left_joint"]/physics/ode/provide_feedback:<data-string>:L2544]: XML Element[provide_feedback], child of element[ode], not defined in SDF. Copying[provide_feedback] as children of [ode].
[gazebo-1] [1;33mWarning [Utils.cc:132][0m [/sdf/model[@name="tb4_lite6"]/joint[@name="wheel_drop_right_joint"]/physics/ode/provide_feedback:<data-string>:L2665]: XML Element[provide_feedback], child of element[ode], not defined in SDF. Copying[provide_feedback] as children of [ode].
[gazebo-1] [1;33m[Wrn] [ColladaLoader.cc:2395] [0m[1;33mTriangle input semantic: '[0m[1;33mCOLOR[0m[1;33m' is currently[0m[1;33m not supported[0m[1;33m[0m
[gazebo-1] [1;33m[GUI] [Wrn] [OBJLoader.cc:91] [0m[1;33mBoth `d` and `Tr` parameters defined for "Chair". Use the value of `d` for dissolve (line 8 in .mtl.)[0m
[gazebo-1] [1;33m[0m
[gazebo-1] 0m[1;36mscene[0m[1;36m][0m[1;36m[0m
[gazebo-1] [1;36m[Dbg] [Sensors.cc:391] [0m[1;36mRendering Thread initialized[0m[1;36m[0m
[gazebo-1] [1;36m[Dbg] [Sensors.cc:953] [0m[1;36mInitialization needed[0m[1;36m[0m
[gazebo-1] [1;33m[Wrn] [ColladaLoader.cc:2395] [0m[1;33mTriangle input semantic: '[0m[1;33mCOLOR[0m[1;33m' is currently[0m[1;33m not supported[0m[1;33m[0m
[gazebo-1] [1;33m[GUI] [Wrn] [OBJLoader.cc:91] [0m[1;33mBoth `d` and `Tr` parameters defined for "CoffeeTable". Use the value of `d` for dissolve (line 8 in .mtl.)[0m
[gazebo-1] [1;33m[0m
[gazebo-1] [1;33m[GUI] [Wrn] [ColladaLoader.cc:2395] [0m[1;33mTriangle input semantic: '[0m[1;33mCOLOR[0m[1;33m' is currently[0m[1;33m not supported[0m[1;33m[0m
[gazebo-1] [1;33m[GUI] [Wrn] [ColladaLoader.cc:2395] [0m[1;33mTriangle input semantic: '[0m[1;33mCOLOR[0m[1;33m' is currently[0m[1;33m not supported[0m[1;33m[0m
[gazebo-1] [1;36m[Dbg] [RgbdCameraSensor.cc:210] [0m[1;36mRGB images for [[0m[1;36mturtlebot4::oakd_rgb_camera_frame::rgbd_camera[0m[1;36m] advertised on [[0m[1;36mworld/warehouse/model/turtlebot4/link/oakd_rgb_camera_frame/sensor/rgbd_camera[0m[1;36m/image][0m[1;36m[0m
[gazebo-1] [1;36m[Dbg] [RgbdCameraSensor.cc:224] [0m[1;36mDepth images for [[0m[1;36mturtlebot4::oakd_rgb_camera_frame::rgbd_camera[0m[1;36m] advertised on [[0m[1;36mworld/warehouse/model/turtlebot4/link/oakd_rgb_camera_frame/sensor/rgbd_camera[0m[1;36m/depth_image][0m[1;36m[0m
[gazebo-1] [1;36m[Dbg] [RgbdCameraSensor.cc:238] [0m[1;36mPoints for [[0m[1;36mturtlebot4::oakd_rgb_camera_frame::rgbd_camera[0m[1;36m] advertised on [[0m[1;36mworld/warehouse/model/turtlebot4/link/oakd_rgb_camera_frame/sensor/rgbd_camera[0m[1;36m/points][0m[1;36m[0m
[gazebo-1] [1;36m[Dbg] [CameraSensor.cc:695] [0m[1;36mCamera info for [[0m[1;36mturtlebot4::oakd_rgb_camera_frame::rgbd_camera[0m[1;36m] advertised on [[0m[1;36mworld/warehouse/model/turtlebot4/link/oakd_rgb_camera_frame/sensor/rgbd_camera/camera_info[0m[1;36m][0m[1;36m[0m
[gazebo-1] [1;36m[Dbg] [Lidar.cc:139] [0m[1;36mLaser scans for [[0m[1;36mstandard_dock::green_buoy_link::green_buoy[0m[1;36m] advertised on [[0m[1;36mworld/warehouse/model/standard_dock/link/green_buoy_link/sensor/green_buoy/scan[0m[1;36m][0m[1;36m[0m
[gazebo-1] [1;36m[Dbg] [GpuLidarSensor.cc:164] [0m[1;36mLidar points for [[0m[1;36mstandard_dock::green_buoy_link::green_buoy[0m[1;36m] advertised on [[0m[1;36mworld/warehouse/model/standard_dock/link/green_buoy_link/sensor/green_buoy/scan/points[0m[1;36m][0m[1;36m[0m
[gazebo-1] [1;36m[Dbg] [Lidar.cc:139] [0m[1;36mLaser scans for [[0m[1;36mstandard_dock::halo_link::halo[0m[1;36m] advertised on [[0m[1;36mworld/warehouse/model/standard_dock/link/halo_link/sensor/halo/scan[0m[1;36m][0m[1;36m[0m
[gazebo-1] [1;36m[Dbg] [GpuLidarSensor.cc:164] [0m[1;36mLidar points for [[0m[1;36mstandard_dock::halo_link::halo[0m[1;36m] advertised on [[0m[1;36mworld/warehouse/model/standard_dock/link/halo_link/sensor/halo/scan/points[0m[1;36m][0m[1;36m[0m
[gazebo-1] [1;36m[Dbg] [Lidar.cc:139] [0m[1;36mLaser scans for [[0m[1;36mstandard_dock::red_buoy_link::red_buoy[0m[1;36m] advertised on [[0m[1;36mworld/warehouse/model/standard_dock/link/red_buoy_link/sensor/red_buoy/scan[0m[1;36m][0m[1;36m[0m
[gazebo-1] [1;36m[Dbg] [GpuLidarSensor.cc:164] [0m[1;36mLidar points for [[0m[1;36mstandard_dock::red_buoy_link::red_buoy[0m[1;36m] advertised on [[0m[1;36mworld/warehouse/model/standard_dock/link/red_buoy_link/sensor/red_buoy/scan/points[0m[1;36m][0m[1;36m[0m
[gazebo-1] [1;36m[Dbg] [Lidar.cc:139] [0m[1;36mLaser scans for [[0m[1;36mstandard_dock::yellow_buoy_link::yellow_buoy[0m[1;36m] advertised on [[0m[1;36mworld/warehouse/model/standard_dock/link/yellow_buoy_link/sensor/yellow_buoy/scan[0m[1;36m][0m[1;36m[0m
[gazebo-1] [1;36m[Dbg] [GpuLidarSensor.cc:164] [0m[1;36mLidar points for [[0m[1;36mstandard_dock::yellow_buoy_link::yellow_buoy[0m[1;36m] advertised on [[0m[1;36mworld/warehouse/model/standard_dock/link/yellow_buoy_link/sensor/yellow_buoy/scan/points[0m[1;36m][0m[1;36m[0m
[gazebo-1] [1;36m[Dbg] [Lidar.cc:139] [0m[1;36mLaser scans for [[0m[1;36mturtlebot4::base_link::cliff_front_left[0m[1;36m] advertised on [[0m[1;36mworld/warehouse/model/turtlebot4/link/base_link/sensor/cliff_front_left/scan[0m[1;36m][0m[1;36m[0m
[gazebo-1] [1;36m[Dbg] [GpuLidarSensor.cc:164] [0m[1;36mLidar points for [[0m[1;36mturtlebot4::base_link::cliff_front_left[0m[1;36m] advertised on [[0m[1;36mworld/warehouse/model/turtlebot4/link/base_link/sensor/cliff_front_left/scan/points[0m[1;36m][0m[1;36m[0m
[gazebo-1] [1;36m[Dbg] [Lidar.cc:139] [0m[1;36mLaser scans for [[0m[1;36mturtlebot4::base_link::cliff_front_right[0m[1;36m] advertised on [[0m[1;36mworld/warehouse/model/turtlebot4/link/base_link/sensor/cliff_front_right/scan[0m[1;36m][0m[1;36m[0m
[gazebo-1] [1;36m[Dbg] [GpuLidarSensor.cc:164] [0m[1;36mLidar points for [[0m[1;36mturtlebot4::base_link::cliff_front_right[0m[1;36m] advertised on [[0m[1;36mworld/warehouse/model/turtlebot4/link/base_link/sensor/cliff_front_right/scan/points[0m[1;36m][0m[1;36m[0m
[gazebo-1] [1;36m[Dbg] [Lidar.cc:139] [0m[1;36mLaser scans for [[0m[1;36mturtlebot4::base_link::cliff_side_left[0m[1;36m] advertised on [[0m[1;36mworld/warehouse/model/turtlebot4/link/base_link/sensor/cliff_side_left/scan[0m[1;36m][0m[1;36m[0m
[gazebo-1] [1;36m[Dbg] [GpuLidarSensor.cc:164] [0m[1;36mLidar points for [[0m[1;36mturtlebot4::base_link::cliff_side_left[0m[1;36m] advertised on [[0m[1;36mworld/warehouse/model/turtlebot4/link/base_link/sensor/cliff_side_left/scan/points[0m[1;36m][0m[1;36m[0m
[gazebo-1] [1;36m[Dbg] [Lidar.cc:139] [0m[1;36mLaser scans for [[0m[1;36mturtlebot4::base_link::cliff_side_right[0m[1;36m] advertised on [[0m[1;36mworld/warehouse/model/turtlebot4/link/base_link/sensor/cliff_side_right/scan[0m[1;36m][0m[1;36m[0m
[gazebo-1] [1;36m[Dbg] [GpuLidarSensor.cc:164] [0m[1;36mLidar points for [[0m[1;36mturtlebot4::base_link::cliff_side_right[0m[1;36m] advertised on [[0m[1;36mworld/warehouse/model/turtlebot4/link/base_link/sensor/cliff_side_right/scan/points[0m[1;36m][0m[1;36m[0m
[gazebo-1] [1;36m[Dbg] [Lidar.cc:139] [0m[1;36mLaser scans for [[0m[1;36mturtlebot4::ir_intensity_front_center_left::ir_intensity_front_center_left[0m[1;36m] advertised on [[0m[1;36mworld/warehouse/model/turtlebot4/link/ir_intensity_front_center_left/sensor/ir_intensity_front_center_left/scan[0m[1;36m][0m[1;36m[0m
[gazebo-1] [1;36m[Dbg] [GpuLidarSensor.cc:164] [0m[1;36mLidar points for [[0m[1;36mturtlebot4::ir_intensity_front_center_left::ir_intensity_front_center_left[0m[1;36m] advertised on [[0m[1;36mworld/warehouse/model/turtlebot4/link/ir_intensity_front_center_left/sensor/ir_intensity_front_center_left/scan/points[0m[1;36m][0m[1;36m[0m
[gazebo-1] [1;36m[Dbg] [Lidar.cc:139] [0m[1;36mLaser scans for [[0m[1;36mturtlebot4::ir_intensity_front_center_right::ir_intensity_front_center_right[0m[1;36m] advertised on [[0m[1;36mworld/warehouse/model/turtlebot4/link/ir_intensity_front_center_right/sensor/ir_intensity_front_center_right/scan[0m[1;36m][0m[1;36m[0m
[gazebo-1] [1;36m[Dbg] [GpuLidarSensor.cc:164] [0m[1;36mLidar points for [[0m[1;36mturtlebot4::ir_intensity_front_center_right::ir_intensity_front_center_right[0m[1;36m] advertised on [[0m[1;36mworld/warehouse/model/turtlebot4/link/ir_intensity_front_center_right/sensor/ir_intensity_front_center_right/scan/points[0m[1;36m][0m[1;36m[0m
[gazebo-1] [1;36m[Dbg] [Lidar.cc:139] [0m[1;36mLaser scans for [[0m[1;36mturtlebot4::ir_intensity_front_left::ir_intensity_front_left[0m[1;36m] advertised on [[0m[1;36mworld/warehouse/model/turtlebot4/link/ir_intensity_front_left/sensor/ir_intensity_front_left/scan[0m[1;36m][0m[1;36m[0m
[gazebo-1] [1;36m[Dbg] [GpuLidarSensor.cc:164] [0m[1;36mLidar points for [[0m[1;36mturtlebot4::ir_intensity_front_left::ir_intensity_front_left[0m[1;36m] advertised on [[0m[1;36mworld/warehouse/model/turtlebot4/link/ir_intensity_front_left/sensor/ir_intensity_front_left/scan/points[0m[1;36m][0m[1;36m[0m
[gazebo-1] [1;36m[Dbg] [Lidar.cc:139] [0m[1;36mLaser scans for [[0m[1;36mturtlebot4::ir_intensity_front_right::ir_intensity_front_right[0m[1;36m] advertised on [[0m[1;36mworld/warehouse/model/turtlebot4/link/ir_intensity_front_right/sensor/ir_intensity_front_right/scan[0m[1;36m][0m[1;36m[0m
[gazebo-1] [1;36m[Dbg] [GpuLidarSensor.cc:164] [0m[1;36mLidar points for [[0m[1;36mturtlebot4::ir_intensity_front_right::ir_intensity_front_right[0m[1;36m] advertised on [[0m[1;36mworld/warehouse/model/turtlebot4/link/ir_intensity_front_right/sensor/ir_intensity_front_right/scan/points[0m[1;36m][0m[1;36m[0m
[gazebo-1] [1;36m[Dbg] [Lidar.cc:139] [0m[1;36mLaser scans for [[0m[1;36mturtlebot4::ir_intensity_left::ir_intensity_left[0m[1;36m] advertised on [[0m[1;36mworld/warehouse/model/turtlebot4/link/ir_intensity_left/sensor/ir_intensity_left/scan[0m[1;36m][0m[1;36m[0m
[spawner-49] [INFO] [1791323552.048131637] [spawner_diffdrive_controller]: Setting controller param "params_file" to "['/home/y/u/yunqiao/IROB_Mobile_Robot_Project/install/irobot_create_control/share/irobot_create_control/config/control.yaml']" for diffdrive_controller
[gazebo-1] [INFO] [1791323552.055126185] [controller_manager]: Loading controller : 'diffdrive_controller' of type 'diff_drive_controller/DiffDriveController'
[gazebo-1] [INFO] [1791323552.055157991] [controller_manager]: Loading controller 'diffdrive_controller'
[gazebo-1] [WARN] [1791323552.078361076] [controller_manager]: The use of remapping arguments to the controller_manager node is deprecated. Please use the '--controller-ros-args' argument of the spawner to pass remapping arguments to the controller node.
[gazebo-1] [INFO] [1791323552.078403795] [controller_manager]: Controller 'diffdrive_controller' node arguments: --ros-args --params-file /home/y/u/yunqiao/IROB_Mobile_Robot_Project/install/irobot_create_control/share/irobot_create_control/config/control.yaml --params-file /home/y/u/yunqiao/IROB_Mobile_Robot_Project/install/warehouse_inventory_robot/share/warehouse_inventory_robot/config/arm_controller_types.yaml --ros-args --remap ~/odom:=odom --remap /tf:=tf --remap /tf_static:=tf_static --remap /diagnostics:=diagnostics -p use_sim_time:=true --params-file /home/y/u/yunqiao/IROB_Mobile_Robot_Project/install/irobot_create_control/share/irobot_create_control/config/control.yaml --param use_sim_time:=true 
[wait_for_ready-47] [INFO] [1791323552.229300981] [wait_for_rviz]: ready: topic /scan (message received)
[wait_for_ready-48] [INFO] [1791323552.229299583] [wait_for_sim]: ready: topic /scan (message received)
[spawner-49] [INFO] [1791323552.233976514] [spawner_diffdrive_controller]: Loaded diffdrive_controller
[gazebo-1] [INFO] [1791323552.240264539] [controller_manager]: Configuring controller: 'diffdrive_controller'
[gazebo-1] [WARN] [1791323552.240405707] [diffdrive_controller]: [deprecated] has_jerk_limits parameter is deprecated, instead set the respective limits to NAN
[gazebo-1] [WARN] [1791323552.240426557] [diffdrive_controller]: [deprecated] has_jerk_limits parameter is deprecated, instead set the respective limits to NAN
[gazebo-1] [WARN] [1791323552.261694244] [diffdrive_controller]: Can't accept new commands. subscriber is inactive
[gazebo-1] [INFO] [1791323552.264269018] [controller_manager]: Activating controllers: [ diffdrive_controller ]
[gazebo-1] [INFO] [1791323552.264812785] [controller_manager]: Successfully switched controllers!
[wait_for_ready-48] [sim] ready after 7.3s
[spawner-49] [INFO] [1791323552.269746497] [spawner_diffdrive_controller]: Configured and activated diffdrive_controller
[wait_for_ready-47] [rviz] ready after 7.3s
[gazebo-1] [WARN] [1791323552.325526973] [diffdrive_controller]: Received TwistStamped with zero timestamp, setting it to current time, this message will only be shown once
[turtlebot4_node-29] [INFO] [1791323552.325634534] [turtlebot4_node]: OAKD stopped
[turtlebot4_node-29] [INFO] [1791323552.325665439] [turtlebot4_node]: RPLIDAR stopped
[INFO] [wait_for_ready-48]: process has finished cleanly [pid 43392]
[INFO] [wait_for_ready-47]: process has finished cleanly [pid 43390]
[INFO] [spawner-49]: process has finished cleanly [pid 44528]
[INFO] [spawner-50]: process started with pid [44632]
[INFO] [static_transform_publisher-51]: process started with pid [44634]
[INFO] [map_server-52]: process started with pid [44636]
[INFO] [lifecycle_manager-53]: process started with pid [44638]
[INFO] [controller_server-54]: process started with pid [44640]
[INFO] [smoother_server-55]: process started with pid [44642]
[INFO] [planner_server-56]: process started with pid [44644]
[INFO] [route_server-57]: process started with pid [44646]
[INFO] [behavior_server-58]: process started with pid [44648]
[INFO] [bt_navigator-59]: process started with pid [44650]
[INFO] [waypoint_follower-60]: process started with pid [44652]
[INFO] [velocity_smoother-61]: process started with pid [44654]
[INFO] [collision_monitor-62]: process started with pid [44656]
[INFO] [opennav_docking-63]: process started with pid [44658]
[INFO] [lifecycle_manager-64]: process started with pid [44660]
[INFO] [rviz2-65]: process started with pid [44666]
[static_transform_publisher-51] [WARN] [1791323552.629927982] []: Old-style arguments are deprecated; see --help for new-style arguments
[static_transform_publisher-51] [INFO] [1791323552.676087259] [map_to_odom_static_tf]: Spinning until stopped - publishing transform
[static_transform_publisher-51] translation: ('0.000000', '0.000000', '0.000000')
[static_transform_publisher-51] rotation: ('0.000000', '0.000000', '0.000000', '1.000000')
[static_transform_publisher-51] from 'map' to 'odom'
[planner_server-56] [INFO] [1791323552.786885568] [planner_server]: 
[planner_server-56] 	planner_server lifecycle node launched. 
[planner_server-56] 	Waiting on external lifecycle transitions to activate
[planner_server-56] 	See https://design.ros2.org/articles/node_lifecycle.html for more information.
[rviz2-65] Warning: Ignoring XDG_SESSION_TYPE=wayland on Gnome. Use QT_QPA_PLATFORM=wayland to run on Wayland anyway.
[lifecycle_manager-53] [INFO] [1791323552.849675253] [lifecycle_manager_map]: Creating
[planner_server-56] [INFO] [1791323552.849932462] [planner_server]: Creating
[bt_navigator-59] [INFO] [1791323552.864089618] [bt_navigator]: 
[bt_navigator-59] 	bt_navigator lifecycle node launched. 
[bt_navigator-59] 	Waiting on external lifecycle transitions to activate
[bt_navigator-59] 	See https://design.ros2.org/articles/node_lifecycle.html for more information.
[bt_navigator-59] [INFO] [1791323552.891751492] [bt_navigator]: Creating
[lifecycle_manager-53] [INFO] [1791323552.929127475] [lifecycle_manager_map]: [34m[1mCreating and initializing lifecycle service clients[0m[0m
[controller_server-54] [INFO] [1791323552.939479325] [controller_server]: 
[controller_server-54] 	controller_server lifecycle node launched. 
[controller_server-54] 	Waiting on external lifecycle transitions to activate
[controller_server-54] 	See https://design.ros2.org/articles/node_lifecycle.html for more information.
[controller_server-54] [INFO] [1791323552.974173784] [controller_server]: Creating controller server
[velocity_smoother-61] [INFO] [1791323552.993461181] [velocity_smoother]: 
[velocity_smoother-61] 	velocity_smoother lifecycle node launched. 
[velocity_smoother-61] 	Waiting on external lifecycle transitions to activate
[velocity_smoother-61] 	See https://design.ros2.org/articles/node_lifecycle.html for more information.
[planner_server-56] [INFO] [1791323553.005536352] [global_costmap.global_costmap]: 
[planner_server-56] 	global_costmap lifecycle node launched. 
[planner_server-56] 	Waiting on external lifecycle transitions to activate
[planner_server-56] 	See https://design.ros2.org/articles/node_lifecycle.html for more information.
[planner_server-56] [INFO] [1791323553.039010284] [global_costmap.global_costmap]: Creating Costmap
[lifecycle_manager-64] [INFO] [1791323553.056610459] [lifecycle_manager_navigation]: Creating
[lifecycle_manager-64] [INFO] [1791323553.104001918] [lifecycle_manager_navigation]: [34m[1mCreating and initializing lifecycle service clients[0m[0m
[controller_server-54] [INFO] [1791323553.164027322] [local_costmap.local_costmap]: 
[controller_server-54] 	local_costmap lifecycle node launched. 
[controller_server-54] 	Waiting on external lifecycle transitions to activate
[controller_server-54] 	See https://design.ros2.org/articles/node_lifecycle.html for more information.
[controller_server-54] [INFO] [1791323553.178866487] [local_costmap.local_costmap]: Creating Costmap
[behavior_server-58] [INFO] [1791323553.189387242] [behavior_server]: 
[behavior_server-58] 	behavior_server lifecycle node launched. 
[behavior_server-58] 	Waiting on external lifecycle transitions to activate
[behavior_server-58] 	See https://design.ros2.org/articles/node_lifecycle.html for more information.
[map_server-52] [INFO] [1791323553.223077933] [map_server]: 
[map_server-52] 	map_server lifecycle node launched. 
[map_server-52] 	Waiting on external lifecycle transitions to activate
[map_server-52] 	See https://design.ros2.org/articles/node_lifecycle.html for more information.
[map_server-52] [INFO] [1791323553.223119919] [map_server]: Creating
[waypoint_follower-60] [INFO] [1791323553.320110860] [waypoint_follower]: 
[waypoint_follower-60] 	waypoint_follower lifecycle node launched. 
[waypoint_follower-60] 	Waiting on external lifecycle transitions to activate
[waypoint_follower-60] 	See https://design.ros2.org/articles/node_lifecycle.html for more information.
[waypoint_follower-60] [INFO] [1791323553.328472685] [waypoint_follower]: Creating
[route_server-57] [INFO] [1791323553.359844546] [route_server]: 
[route_server-57] 	route_server lifecycle node launched. 
[route_server-57] 	Waiting on external lifecycle transitions to activate
[route_server-57] 	See https://design.ros2.org/articles/node_lifecycle.html for more information.
[opennav_docking-63] [INFO] [1791323553.367714909] [docking_server]: 
[opennav_docking-63] 	docking_server lifecycle node launched. 
[opennav_docking-63] 	Waiting on external lifecycle transitions to activate
[opennav_docking-63] 	See https://design.ros2.org/articles/node_lifecycle.html for more information.
[opennav_docking-63] [INFO] [1791323553.367776645] [docking_server]: Creating docking_server
[collision_monitor-62] [INFO] [1791323553.414962020] [collision_monitor]: 
[collision_monitor-62] 	collision_monitor lifecycle node launched. 
[collision_monitor-62] 	Waiting on external lifecycle transitions to activate
[collision_monitor-62] 	See https://design.ros2.org/articles/node_lifecycle.html for more information.
[spawner-50] [INFO] [1791323553.550667138] [spawner_lite6_traj_controller]: waiting for service /controller_manager/list_controllers to become available...
[rviz2-65] [INFO] [1791323553.582984001] [rviz2]: Stereo is NOT SUPPORTED
[rviz2-65] [INFO] [1791323553.583063619] [rviz2]: OpenGl version: 4.6 (GLSL 4.6)
[rviz2-65] [INFO] [1791323553.631731819] [rviz2]: Stereo is NOT SUPPORTED
[smoother_server-55] [INFO] [1791323553.759673977] [smoother_server]: 
[smoother_server-55] 	smoother_server lifecycle node launched. 
[smoother_server-55] 	Waiting on external lifecycle transitions to activate
[smoother_server-55] 	See https://design.ros2.org/articles/node_lifecycle.html for more information.
[smoother_server-55] [INFO] [1791323553.767264443] [smoother_server]: Creating smoother server
[lifecycle_manager-53] [INFO] [1791323553.922660718] [lifecycle_manager_map]: [34m[1mStarting managed nodes bringup...[0m[0m
[lifecycle_manager-53] [INFO] [1791323553.922711113] [lifecycle_manager_map]: [34m[1mConfiguring map_server[0m[0m
[map_server-52] [INFO] [1791323554.024306610] [map_server]: Configuring
[map_server-52] [INFO] [1791323554.024367288] [map_io]: Loading yaml file: /home/y/u/yunqiao/IROB_Mobile_Robot_Project/install/warehouse_inventory_robot/share/warehouse_inventory_robot/maps/warehouse.yaml
[map_server-52] [INFO] [1791323554.030587182] [map_io]: resolution: 0.03
[map_server-52] [INFO] [1791323554.030616679] [map_io]: origin[0]: -15.1
[map_server-52] [INFO] [1791323554.030621178] [map_io]: origin[1]: -25
[map_server-52] [INFO] [1791323554.030624198] [map_io]: origin[2]: 0
[map_server-52] [INFO] [1791323554.030627274] [map_io]: free_thresh: 0.1
[map_server-52] [INFO] [1791323554.030630486] [map_io]: occupied_thresh: 0.65
[map_server-52] [INFO] [1791323554.030633876] [map_io]: mode: trinary
[map_server-52] [INFO] [1791323554.030636967] [map_io]: negate: 0
[map_server-52] [INFO] [1791323554.035519687] [map_io]: Loading image_file: /home/y/u/yunqiao/IROB_Mobile_Robot_Project/install/warehouse_inventory_robot/share/warehouse_inventory_robot/maps/warehouse.pgm
[map_server-52] [INFO] [1791323554.105460120] [map_io]: Read map /home/y/u/yunqiao/IROB_Mobile_Robot_Project/install/warehouse_inventory_robot/share/warehouse_inventory_robot/maps/warehouse.pgm: 1006 X 1674 map @ 0.03 m/cell
[lifecycle_manager-53] [INFO] [1791323554.150903441] [lifecycle_manager_map]: [34m[1mActivating map_server[0m[0m
[map_server-52] [INFO] [1791323554.151460064] [map_server]: Activating
[map_server-52] [INFO] [1791323554.153974129] [map_server]: Creating bond (map_server) to lifecycle manager.
[lifecycle_manager-64] [INFO] [1791323554.207789640] [lifecycle_manager_navigation]: [34m[1mStarting managed nodes bringup...[0m[0m
[lifecycle_manager-64] [INFO] [1791323554.207842368] [lifecycle_manager_navigation]: [34m[1mConfiguring controller_server[0m[0m
[controller_server-54] [INFO] [1791323554.208249177] [controller_server]: Configuring controller interface
[controller_server-54] [INFO] [1791323554.208276096] [controller_server]: getting progress checker plugins..
[controller_server-54] [INFO] [1791323554.209745647] [controller_server]: getting goal checker plugins..
[controller_server-54] [INFO] [1791323554.210063749] [controller_server]: Controller frequency set to 20.0000Hz
[controller_server-54] [INFO] [1791323554.210123881] [local_costmap.local_costmap]: Configuring
[controller_server-54] [INFO] [1791323554.225554713] [local_costmap.local_costmap]: Using plugin "static_layer"
[controller_server-54] [INFO] [1791323554.234743023] [local_costmap.local_costmap]: Subscribing to the map topic (/map) with transient local durability
[gazebo-1] [WARN] [1791323554.272260025] [controller_manager.rclcpp]: failed to send response to /controller_manager/list_controllers (timeout): client will not receive response, at /home/runner/conda-bld/bld/rattler-build_ros-jazzy-rmw-fastrtps-shared-cpp_1782301755/work/ros-jazzy-rmw-fastrtps-shared-cpp/src/work/src/rmw_response.cpp:153, at /home/runner/conda-bld/bld/rattler-build_ros-jazzy-rcl_1782302707/work/ros-jazzy-rcl/src/work/src/rcl/service.c:400
[rviz2-65] [INFO] [1791323554.333817313] [rviz2]: Stereo is NOT SUPPORTED
[controller_server-54] [INFO] [1791323554.571109475] [local_costmap.local_costmap]: Initialized plugin "static_layer"
[controller_server-54] [INFO] [1791323554.571148343] [local_costmap.local_costmap]: Using plugin "voxel_layer"
[controller_server-54] [INFO] [1791323554.575078054] [local_costmap.local_costmap]: Subscribed to Topics: scan
[lifecycle_manager-53] [INFO] [1791323554.578464354] [lifecycle_manager_map]: Server map_server connected with bond.
[lifecycle_manager-53] [INFO] [1791323554.578512133] [lifecycle_manager_map]: [34m[1mManaged nodes are active[0m[0m
[lifecycle_manager-53] [INFO] [1791323554.578522584] [lifecycle_manager_map]: [34m[1mCreating bond timer...[0m[0m
[controller_server-54] [INFO] [1791323554.601368445] [local_costmap.local_costmap]: Initialized plugin "voxel_layer"
[controller_server-54] [INFO] [1791323554.601407160] [local_costmap.local_costmap]: Using plugin "inflation_layer"
[controller_server-54] [INFO] [1791323554.603574588] [local_costmap.local_costmap]: Initialized plugin "inflation_layer"
[controller_server-54] [INFO] [1791323554.637393648] [local_costmap.local_costmap]: StaticLayer: Resizing static layer to 1006 X 1674 at 0.030000 m/pix
[controller_server-54] [INFO] [1791323554.638218370] [controller_server]: Created progress_checker : progress_checker of type nav2_controller::SimpleProgressChecker
[controller_server-54] [INFO] [1791323554.638794680] [controller_server]: Controller Server has progress_checker  progress checkers available.
[controller_server-54] [INFO] [1791323554.642423357] [controller_server]: Created goal checker : general_goal_checker of type nav2_controller::SimpleGoalChecker
[controller_server-54] [INFO] [1791323554.643016415] [controller_server]: Controller Server has general_goal_checker  goal checkers available.
[controller_server-54] [INFO] [1791323554.661011637] [controller_server]: Created controller : FollowPath of type nav2_mppi_controller::MPPIController
[controller_server-54] [INFO] [1791323554.665416141] [controller_server]: Controller period is equal to model dt. Control sequence shifting is ON
[controller_server-54] [INFO] [1791323554.683255781] [controller_server]: ConstraintCritic instantiated with 1 power and 4.000000 weight.
[controller_server-54] [INFO] [1791323554.683300967] [controller_server]: Critic loaded : mppi::critics::ConstraintCritic
[controller_server-54] [INFO] [1791323554.685136278] [controller_server]: InflationCostCritic instantiated with 1 power and 300.000000 / 0.015000 weights. Critic will collision check based on footprint cost.
[controller_server-54] [INFO] [1791323554.685166642] [controller_server]: Critic loaded : mppi::critics::CostCritic
[controller_server-54] [INFO] [1791323554.685838185] [controller_server]: GoalCritic instantiated with 1 power and 5.000000 weight.
[controller_server-54] [INFO] [1791323554.685859419] [controller_server]: Critic loaded : mppi::critics::GoalCritic
[controller_server-54] [INFO] [1791323554.686849624] [controller_server]: GoalAngleCritic instantiated with 1 power, 3.000000 weight, 0.500000 angular threshold and symmetric_yaw_tolerance disabled
[controller_server-54] [INFO] [1791323554.686877957] [controller_server]: Critic loaded : mppi::critics::GoalAngleCritic
[controller_server-54] [INFO] [1791323554.688462224] [controller_server]: ReferenceTrajectoryCritic instantiated with 1 power and 14.000000 weight
[controller_server-54] [INFO] [1791323554.688491375] [controller_server]: Critic loaded : mppi::critics::PathAlignCritic
[controller_server-54] [INFO] [1791323554.689353433] [controller_server]: Critic loaded : mppi::critics::PathFollowCritic
[controller_server-54] [INFO] [1791323554.690530682] [controller_server]: PathAngleCritic instantiated with 1 power and 2.000000 weight. Mode set to: Forward Preference
[controller_server-54] [INFO] [1791323554.690631259] [controller_server]: Critic loaded : mppi::critics::PathAngleCritic
[controller_server-54] [INFO] [1791323554.691333741] [controller_server]: PreferForwardCritic instantiated with 1 power and 5.000000 weight.
[controller_server-54] [INFO] [1791323554.691352430] [controller_server]: Critic loaded : mppi::critics::PreferForwardCritic
[controller_server-54] [INFO] [1791323554.693655359] [controller_server]: Optimizer reset
[controller_server-54] [INFO] [1791323554.712596400] [MPPIController]: Configured MPPI Controller: FollowPath
[controller_server-54] [INFO] [1791323554.712629935] [controller_server]: Controller Server has FollowPath  controllers available.
[lifecycle_manager-64] [INFO] [1791323554.730184393] [lifecycle_manager_navigation]: [34m[1mConfiguring smoother_server[0m[0m
[smoother_server-55] [INFO] [1791323554.730533529] [smoother_server]: Configuring smoother server
[smoother_server-55] [INFO] [1791323554.753865428] [smoother_server]: Created smoother : simple_smoother of type nav2_smoother::SimpleSmoother
[smoother_server-55] [INFO] [1791323554.754644819] [smoother_server]: Smoother Server has simple_smoother  smoothers available.
[lifecycle_manager-64] [INFO] [1791323554.777356446] [lifecycle_manager_navigation]: [34m[1mConfiguring planner_server[0m[0m
[planner_server-56] [INFO] [1791323554.777828013] [planner_server]: Configuring
[planner_server-56] [INFO] [1791323554.777852003] [global_costmap.global_costmap]: Configuring
[planner_server-56] [INFO] [1791323554.792167349] [global_costmap.global_costmap]: Using plugin "static_layer"
[planner_server-56] [INFO] [1791323554.796639421] [global_costmap.global_costmap]: Subscribing to the map topic (/map) with transient local durability
[planner_server-56] [INFO] [1791323554.799738534] [global_costmap.global_costmap]: Initialized plugin "static_layer"
[planner_server-56] [INFO] [1791323554.799773261] [global_costmap.global_costmap]: Using plugin "obstacle_layer"
[planner_server-56] [INFO] [1791323554.800748954] [global_costmap.global_costmap]: Subscribed to Topics: scan
[planner_server-56] [INFO] [1791323554.807242200] [global_costmap.global_costmap]: Initialized plugin "obstacle_layer"
[planner_server-56] [INFO] [1791323554.807294017] [global_costmap.global_costmap]: Using plugin "inflation_layer"
[planner_server-56] [INFO] [1791323554.808871253] [global_costmap.global_costmap]: Initialized plugin "inflation_layer"
[planner_server-56] [INFO] [1791323554.862930030] [global_costmap.global_costmap]: StaticLayer: Resizing costmap to 1006 X 1674 at 0.030000 m/pix
[planner_server-56] [INFO] [1791323554.863886003] [planner_server]: Created global planner plugin GridBased of type nav2_navfn_planner::NavfnPlanner
[planner_server-56] [INFO] [1791323554.863908769] [planner_server]: Configuring plugin GridBased of type NavfnPlanner
[planner_server-56] [INFO] [1791323554.865891898] [planner_server]: Planner Server has GridBased  planners available.
[lifecycle_manager-64] [INFO] [1791323554.884463601] [lifecycle_manager_navigation]: [34m[1mConfiguring route_server[0m[0m
[route_server-57] [INFO] [1791323554.884660017] [route_server]: Configuring
[route_server-57] [INFO] [1791323554.944808612] [route_server]: Created GraphFileLoader GeoJsonGraphFileLoader of type nav2_route::GeoJsonGraphFileLoader
[route_server-57] [INFO] [1791323554.944840997] [route_server]: Configuring geojson graph file loader
[route_server-57] [INFO] [1791323554.944845804] [route_server]: No graph file provided to load yet.
[route_server-57] [INFO] [1791323554.958450605] [route_server]: Created edge cost function plugin DistanceScorer of type nav2_route::DistanceScorer
[route_server-57] [INFO] [1791323554.958492569] [route_server]: Configuring distance scorer.
[route_server-57] [INFO] [1791323554.959102274] [route_server]: Created edge cost function plugin DynamicEdgesScorer of type nav2_route::DynamicEdgesScorer
[route_server-57] [INFO] [1791323554.959126994] [route_server]: Configuring adjust edges scorer.
[route_server-57] [INFO] [1791323554.975105365] [route_server]: Created route operation AdjustSpeedLimit of type nav2_route::AdjustSpeedLimit
[route_server-57] [INFO] [1791323554.975137749] [route_server]: Configuring Adjust speed limit operation.
[route_server-57] [INFO] [1791323554.977501558] [route_server]: Created route operation ReroutingService of type nav2_route::ReroutingService
[route_server-57] [INFO] [1791323554.977533128] [route_server]: Configuring Rerouting service operation.
[rviz2-65] [INFO] [1791323554.980625182] [rviz2]: Trying to create a map of size 1006 x 1674 using 1 swatches
[lifecycle_manager-64] [INFO] [1791323554.983631211] [lifecycle_manager_navigation]: [34m[1mConfiguring behavior_server[0m[0m
[behavior_server-58] [INFO] [1791323554.983890805] [behavior_server]: Configuring
[behavior_server-58] [INFO] [1791323554.992934875] [behavior_server]: Creating behavior plugin spin of type nav2_behaviors::Spin
[behavior_server-58] [INFO] [1791323554.995414303] [behavior_server]: Creating behavior plugin backup of type nav2_behaviors::BackUp
[behavior_server-58] [INFO] [1791323554.997736666] [behavior_server]: Creating behavior plugin drive_on_heading of type nav2_behaviors::DriveOnHeading
[rviz2-65] [ERROR] [1791323555.004277924] [rviz2]: rviz/glsl120/indexed_8bit_image.vert
[rviz2-65] rviz/glsl120/indexed_8bit_image.frag
[rviz2-65]  GLSL link result : 
[rviz2-65] active samplers with a different type refer to the same texture image unit
[behavior_server-58] [INFO] [1791323555.007362070] [behavior_server]: Creating behavior plugin assisted_teleop of type nav2_behaviors::AssistedTeleop
[behavior_server-58] [INFO] [1791323555.030359598] [behavior_server]: Creating behavior plugin wait of type nav2_behaviors::Wait
[behavior_server-58] [INFO] [1791323555.042885269] [behavior_server]: Configuring spin
[behavior_server-58] [INFO] [1791323555.059197016] [behavior_server]: Configuring backup
[behavior_server-58] [INFO] [1791323555.070104953] [behavior_server]: Configuring drive_on_heading
[behavior_server-58] [INFO] [1791323555.082986866] [behavior_server]: Configuring assisted_teleop
[behavior_server-58] [INFO] [1791323555.098781353] [behavior_server]: Configuring wait
[lifecycle_manager-64] [INFO] [1791323555.114393156] [lifecycle_manager_navigation]: [34m[1mConfiguring velocity_smoother[0m[0m
[velocity_smoother-61] [INFO] [1791323555.114684190] [velocity_smoother]: Configuring velocity smoother
[lifecycle_manager-64] [INFO] [1791323555.124608546] [lifecycle_manager_navigation]: [34m[1mConfiguring collision_monitor[0m[0m
[collision_monitor-62] [INFO] [1791323555.124921539] [collision_monitor]: Configuring
[collision_monitor-62] [INFO] [1791323555.136811088] [collision_monitor]: [scan]: Creating Scan
[collision_monitor-62] [INFO] [1791323555.141556183] [collision_monitor]: [FootprintApproach]: Creating Polygon
[collision_monitor-62] [INFO] [1791323555.142637354] [collision_monitor]: [FootprintApproach]: Polygon points are not defined. Using dynamic subscription instead.
[collision_monitor-62] [INFO] [1791323555.144617941] [collision_monitor]: [FootprintApproach]: Making footprint subscriber on local_costmap/published_footprint topic
[lifecycle_manager-64] [INFO] [1791323555.167517278] [lifecycle_manager_navigation]: [34m[1mConfiguring bt_navigator[0m[0m
[bt_navigator-59] [INFO] [1791323555.167731676] [bt_navigator]: Configuring
[bt_navigator-59] [INFO] [1791323555.178601351] [bt_navigator]: Creating navigator id navigate_to_pose of type nav2_bt_navigator::NavigateToPoseNavigator
[bt_navigator-59] [INFO] [1791323555.301868844] [bt_navigator]: Creating navigator id navigate_through_poses of type nav2_bt_navigator::NavigateThroughPosesNavigator
[lifecycle_manager-64] [INFO] [1791323555.349886956] [lifecycle_manager_navigation]: [34m[1mConfiguring waypoint_follower[0m[0m
[waypoint_follower-60] [INFO] [1791323555.350162624] [waypoint_follower]: Configuring
[waypoint_follower-60] [INFO] [1791323555.387496747] [waypoint_follower]: Created waypoint_task_executor : wait_at_waypoint of type nav2_waypoint_follower::WaitAtWaypoint
[lifecycle_manager-64] [INFO] [1791323555.389178724] [lifecycle_manager_navigation]: [34m[1mConfiguring docking_server[0m[0m
[opennav_docking-63] [INFO] [1791323555.389552404] [docking_server]: Configuring docking_server
[opennav_docking-63] [INFO] [1791323555.389600281] [docking_server]: Controller frequency set to 50.0000Hz
[opennav_docking-63] [INFO] [1791323555.457548357] [docking_server]: Created charging dock plugin simple_charging_dock of type opennav_docking::SimpleChargingDock
[opennav_docking-63] [WARN] [1791323555.467742924] [docking_server]: Dock database filepath nor dock parameters set. Docking actions can only be executed specifying the dock pose via the action request. Or update the dock database via the reload_database service.
[opennav_docking-63] [INFO] [1791323555.467784861] [docking_server]: Docking Server has 1 dock types and 0 dock instances available.
[lifecycle_manager-64] [INFO] [1791323555.471021668] [lifecycle_manager_navigation]: [34m[1mActivating controller_server[0m[0m
[controller_server-54] [INFO] [1791323555.471307400] [controller_server]: Activating
[controller_server-54] [INFO] [1791323555.471330344] [local_costmap.local_costmap]: Activating
[controller_server-54] [INFO] [1791323555.471335196] [local_costmap.local_costmap]: Checking transform
[controller_server-54] [INFO] [1791323555.471412164] [local_costmap.local_costmap]: start
[controller_server-54] [WARN] [1791323555.672971120] [controller_server]: Parameter controller_server.verbose not found
[controller_server-54] [INFO] [1791323555.674340598] [controller_server]: Optimizer reset
[controller_server-54] [INFO] [1791323555.674729324] [MPPIController]: Activated MPPI Controller: FollowPath
[controller_server-54] [INFO] [1791323555.674744654] [controller_server]: Creating bond (controller_server) to lifecycle manager.
[lifecycle_manager-64] [INFO] [1791323555.783128241] [lifecycle_manager_navigation]: Server controller_server connected with bond.
[lifecycle_manager-64] [INFO] [1791323555.783177122] [lifecycle_manager_navigation]: [34m[1mActivating smoother_server[0m[0m
[smoother_server-55] [INFO] [1791323555.783617498] [smoother_server]: Activating
[smoother_server-55] [INFO] [1791323555.783641817] [smoother_server]: Creating bond (smoother_server) to lifecycle manager.
[lifecycle_manager-64] [INFO] [1791323555.891163430] [lifecycle_manager_navigation]: Server smoother_server connected with bond.
[lifecycle_manager-64] [INFO] [1791323555.891195133] [lifecycle_manager_navigation]: [34m[1mActivating planner_server[0m[0m
[planner_server-56] [INFO] [1791323555.891631658] [planner_server]: Activating
[planner_server-56] [INFO] [1791323555.891652614] [global_costmap.global_costmap]: Activating
[planner_server-56] [INFO] [1791323555.891657369] [global_costmap.global_costmap]: Checking transform
[planner_server-56] [INFO] [1791323555.891726320] [global_costmap.global_costmap]: start
[gazebo-1] [1;36m[Dbg] [GpuLidarSensor.cc:164] [0m[1;36mLidar points for [[0m[1;36mturtlebot4::ir_intensity_left::ir_intensity_left[0m[1;36m] advertised on [[0m[1;36mworld/warehouse/model/turtlebot4/link/ir_intensity_left/sensor/ir_intensity_left/scan/points[0m[1;36m][0m[1;36m[0m
[gazebo-1] [1;36m[Dbg] [Lidar.cc:139] [0m[1;36mLaser scans for [[0m[1;36mturtlebot4::ir_intensity_right::ir_intensity_right[0m[1;36m] advertised on [[0m[1;36mworld/warehouse/model/turtlebot4/link/ir_intensity_right/sensor/ir_intensity_right/scan[0m[1;36m][0m[1;36m[0m
[gazebo-1] [1;36m[Dbg] [GpuLidarSensor.cc:164] [0m[1;36mLidar points for [[0m[1;36mturtlebot4::ir_intensity_right::ir_intensity_right[0m[1;36m] advertised on [[0m[1;36mworld/warehouse/model/turtlebot4/link/ir_intensity_right/sensor/ir_intensity_right/scan/points[0m[1;36m][0m[1;36m[0m
[gazebo-1] [1;36m[Dbg] [Lidar.cc:139] [0m[1;36mLaser scans for [[0m[1;36mturtlebot4::ir_intensity_side_left::ir_intensity_side_left[0m[1;36m] advertised on [[0m[1;36mworld/warehouse/model/turtlebot4/link/ir_intensity_side_left/sensor/ir_intensity_side_left/scan[0m[1;36m][0m[1;36m[0m
[gazebo-1] [1;36m[Dbg] [GpuLidarSensor.cc:164] [0m[1;36mLidar points for [[0m[1;36mturtlebot4::ir_intensity_side_left::ir_intensity_side_left[0m[1;36m] advertised on [[0m[1;36mworld/warehouse/model/turtlebot4/link/ir_intensity_side_left/sensor/ir_intensity_side_left/scan/points[0m[1;36m][0m[1;36m[0m
[gazebo-1] [1;36m[Dbg] [Lidar.cc:139] [0m[1;36mLaser scans for [[0m[1;36mturtlebot4::rplidar_link::rplidar[0m[1;36m] advertised on [[0m[1;36mworld/warehouse/model/turtlebot4/link/rplidar_link/sensor/rplidar/scan[0m[1;36m][0m[1;36m[0m
[gazebo-1] [1;36m[Dbg] [GpuLidarSensor.cc:164] [0m[1;36mLidar points for [[0m[1;36mturtlebot4::rplidar_link::rplidar[0m[1;36m] advertised on [[0m[1;36mworld/warehouse/model/turtlebot4/link/rplidar_link/sensor/rplidar/scan/points[0m[1;36m][0m[1;36m[0m
[rviz2-65] [INFO] [1791323556.458532863] [rviz2]: Trying to create a map of size 50 x 50 using 1 swatches
[planner_server-56] [INFO] [1791323556.943177578] [planner_server]: Activating plugin GridBased of type NavfnPlanner
[planner_server-56] [INFO] [1791323556.945706394] [planner_server]: Creating bond (planner_server) to lifecycle manager.
[rviz2-65] [INFO] [1791323556.983806358] [rviz2]: Trying to create a map of size 1006 x 1674 using 1 swatches
[lifecycle_manager-64] [INFO] [1791323557.053621178] [lifecycle_manager_navigation]: Server planner_server connected with bond.
[lifecycle_manager-64] [INFO] [1791323557.053651958] [lifecycle_manager_navigation]: [34m[1mActivating route_server[0m[0m
[route_server-57] [INFO] [1791323557.054142976] [route_server]: Activating
[route_server-57] [INFO] [1791323557.054178173] [route_server]: Creating bond (route_server) to lifecycle manager.
[lifecycle_manager-64] [INFO] [1791323557.161340052] [lifecycle_manager_navigation]: Server route_server connected with bond.
[lifecycle_manager-64] [INFO] [1791323557.161374757] [lifecycle_manager_navigation]: [34m[1mActivating behavior_server[0m[0m
[behavior_server-58] [INFO] [1791323557.161977346] [behavior_server]: Activating
[behavior_server-58] [INFO] [1791323557.161997465] [behavior_server]: Activating spin
[behavior_server-58] [INFO] [1791323557.162002044] [behavior_server]: Activating backup
[behavior_server-58] [INFO] [1791323557.162005949] [behavior_server]: Activating drive_on_heading
[behavior_server-58] [INFO] [1791323557.162008955] [behavior_server]: Activating assisted_teleop
[behavior_server-58] [INFO] [1791323557.162012509] [behavior_server]: Activating wait
[behavior_server-58] [INFO] [1791323557.162016149] [behavior_server]: Creating bond (behavior_server) to lifecycle manager.
[lifecycle_manager-64] [INFO] [1791323557.269767739] [lifecycle_manager_navigation]: Server behavior_server connected with bond.
[lifecycle_manager-64] [INFO] [1791323557.269801113] [lifecycle_manager_navigation]: [34m[1mActivating velocity_smoother[0m[0m
[velocity_smoother-61] [INFO] [1791323557.270244481] [velocity_smoother]: Activating
[velocity_smoother-61] [INFO] [1791323557.270268397] [velocity_smoother]: Creating bond (velocity_smoother) to lifecycle manager.
[lifecycle_manager-64] [INFO] [1791323557.377166972] [lifecycle_manager_navigation]: Server velocity_smoother connected with bond.
[lifecycle_manager-64] [INFO] [1791323557.377201108] [lifecycle_manager_navigation]: [34m[1mActivating collision_monitor[0m[0m
[collision_monitor-62] [INFO] [1791323557.377720133] [collision_monitor]: Activating
[collision_monitor-62] [INFO] [1791323557.377738785] [collision_monitor]: Creating bond (collision_monitor) to lifecycle manager.
[lifecycle_manager-64] [INFO] [1791323557.486067733] [lifecycle_manager_navigation]: Server collision_monitor connected with bond.
[lifecycle_manager-64] [INFO] [1791323557.486106632] [lifecycle_manager_navigation]: [34m[1mActivating bt_navigator[0m[0m
[bt_navigator-59] [INFO] [1791323557.486588821] [bt_navigator]: Activating
[bt_navigator-59] [INFO] [1791323557.615551354] [bt_navigator]: Creating bond (bt_navigator) to lifecycle manager.
[lifecycle_manager-64] [INFO] [1791323557.724245900] [lifecycle_manager_navigation]: Server bt_navigator connected with bond.
[lifecycle_manager-64] [INFO] [1791323557.724281607] [lifecycle_manager_navigation]: [34m[1mActivating waypoint_follower[0m[0m
[waypoint_follower-60] [INFO] [1791323557.724942101] [waypoint_follower]: Activating
[waypoint_follower-60] [INFO] [1791323557.724966892] [waypoint_follower]: Creating bond (waypoint_follower) to lifecycle manager.
[lifecycle_manager-64] [INFO] [1791323557.834185862] [lifecycle_manager_navigation]: Server waypoint_follower connected with bond.
[lifecycle_manager-64] [INFO] [1791323557.834220146] [lifecycle_manager_navigation]: [34m[1mActivating docking_server[0m[0m
[opennav_docking-63] [INFO] [1791323557.834747332] [docking_server]: Activating docking_server
[opennav_docking-63] [INFO] [1791323557.849923860] [docking_server]: Creating bond (docking_server) to lifecycle manager.
[lifecycle_manager-64] [INFO] [1791323557.959974533] [lifecycle_manager_navigation]: Server docking_server connected with bond.
[lifecycle_manager-64] [INFO] [1791323557.960005923] [lifecycle_manager_navigation]: [34m[1mManaged nodes are active[0m[0m
[lifecycle_manager-64] [INFO] [1791323557.960009654] [lifecycle_manager_navigation]: [34m[1mCreating bond timer...[0m[0m
[spawner-50] [WARN] [1791323564.055418603] [spawner_lite6_traj_controller]: Failed getting a result from calling /controller_manager/list_controllers in 10.0. (Attempt 1 of 3.)
[spawner-50] [INFO] [1791323564.082849302] [spawner_lite6_traj_controller]: Setting controller param "params_file" to "['/home/y/u/yunqiao/IROB_Mobile_Robot_Project/install/warehouse_inventory_robot/share/warehouse_inventory_robot/config/arm_controllers.yaml']" for lite6_traj_controller
[gazebo-1] [INFO] [1791323564.090871497] [controller_manager]: Loading controller : 'lite6_traj_controller' of type 'joint_trajectory_controller/JointTrajectoryController'
[gazebo-1] [INFO] [1791323564.090924874] [controller_manager]: Loading controller 'lite6_traj_controller'
[gazebo-1] [WARN] [1791323564.130530407] [controller_manager]: The use of remapping arguments to the controller_manager node is deprecated. Please use the '--controller-ros-args' argument of the spawner to pass remapping arguments to the controller node.
[gazebo-1] [INFO] [1791323564.130584735] [controller_manager]: Controller 'lite6_traj_controller' node arguments: --ros-args --params-file /home/y/u/yunqiao/IROB_Mobile_Robot_Project/install/irobot_create_control/share/irobot_create_control/config/control.yaml --params-file /home/y/u/yunqiao/IROB_Mobile_Robot_Project/install/warehouse_inventory_robot/share/warehouse_inventory_robot/config/arm_controller_types.yaml --ros-args --remap ~/odom:=odom --remap /tf:=tf --remap /tf_static:=tf_static --remap /diagnostics:=diagnostics -p use_sim_time:=true --params-file /home/y/u/yunqiao/IROB_Mobile_Robot_Project/install/warehouse_inventory_robot/share/warehouse_inventory_robot/config/arm_controllers.yaml --param use_sim_time:=true 
[spawner-50] [INFO] [1791323564.273512084] [spawner_lite6_traj_controller]: Loaded lite6_traj_controller
[gazebo-1] [INFO] [1791323564.277807355] [controller_manager]: Configuring controller: 'lite6_traj_controller'
[gazebo-1] [INFO] [1791323564.278042159] [lite6_traj_controller]: No specific joint names are used for command interfaces. Using 'joints' parameter.
[gazebo-1] [INFO] [1791323564.278063029] [lite6_traj_controller]: Command interfaces are [position velocity] and state interfaces are [position velocity].
[gazebo-1] [INFO] [1791323564.278076815] [lite6_traj_controller]: Using 'splines' interpolation method.
[gazebo-1] [INFO] [1791323564.283283914] [lite6_traj_controller]: Action status changes will be monitored at 10.00 Hz.
[gazebo-1] [INFO] [1791323564.300195295] [lite6_traj_controller]: No scaling interface set. This controller will not read speed scaling from the hardware.
[gazebo-1] [INFO] [1791323564.312144336] [controller_manager]: Activating controllers: [ lite6_traj_controller ]
[gazebo-1] [INFO] [1791323564.313735807] [controller_manager]: Successfully switched controllers!
[spawner-50] [INFO] [1791323564.317801623] [spawner_lite6_traj_controller]: Configured and activated lite6_traj_controller
[INFO] [spawner-50]: process has finished cleanly [pid 44632]
[turtlebot4_node-29] [ERROR] [1791323582.336000403] [turtlebot4_node]: Service stop_motor unavailable.
[turtlebot4_node-29] [ERROR] [1791323582.355681548] [turtlebot4_node]: Service oakd/stop_camera unavailable.
