[INFO] [launch]: All log files can be found below /home/y/u/yunqiao/.ros/log/2026-10-06-18-47-14-198726-white-05.eecs.kth.se-35272
[INFO] [launch]: Default logging verbosity is set to INFO
[INFO] [gazebo-1]: process started with pid [35301]
[INFO] [parameter_bridge-2]: process started with pid [35303]
[INFO] [robot_state_publisher-3]: process started with pid [35305]
[INFO] [robot_state_publisher-4]: process started with pid [35307]
[INFO] [static_transform_publisher-5]: process started with pid [35309]
[INFO] [create-6]: process started with pid [35312]
[INFO] [create-7]: process started with pid [35314]
[INFO] [parameter_bridge-8]: process started with pid [35316]
[INFO] [parameter_bridge-9]: process started with pid [35318]
[INFO] [parameter_bridge-10]: process started with pid [35320]
[INFO] [parameter_bridge-11]: process started with pid [35322]
[INFO] [parameter_bridge-12]: process started with pid [35324]
[INFO] [parameter_bridge-13]: process started with pid [35326]
[INFO] [parameter_bridge-14]: process started with pid [35328]
[INFO] [parameter_bridge-15]: process started with pid [35330]
[INFO] [parameter_bridge-16]: process started with pid [35332]
[INFO] [parameter_bridge-17]: process started with pid [35334]
[INFO] [parameter_bridge-18]: process started with pid [35336]
[INFO] [parameter_bridge-19]: process started with pid [35338]
[INFO] [parameter_bridge-20]: process started with pid [35340]
[INFO] [parameter_bridge-21]: process started with pid [35342]
[INFO] [parameter_bridge-22]: process started with pid [35344]
[INFO] [parameter_bridge-23]: process started with pid [35346]
[INFO] [parameter_bridge-24]: process started with pid [35348]
[INFO] [parameter_bridge-25]: process started with pid [35351]
[INFO] [parameter_bridge-26]: process started with pid [35354]
[INFO] [parameter_bridge-27]: process started with pid [35356]
[INFO] [parameter_bridge-28]: process started with pid [35358]
[INFO] [turtlebot4_node-29]: process started with pid [35360]
[INFO] [turtlebot4_gz_hmi_node-30]: process started with pid [35362]
[INFO] [spawner-31]: process started with pid [35364]
[INFO] [hazards_vector_publisher-32]: process started with pid [35366]
[INFO] [ir_intensity_vector_publisher-33]: process started with pid [35368]
[INFO] [motion_control-34]: process started with pid [35370]
[INFO] [wheel_status_publisher-35]: process started with pid [35372]
[INFO] [mock_publisher-36]: process started with pid [35374]
[INFO] [robot_state-37]: process started with pid [35376]
[INFO] [kidnap_estimator_publisher-38]: process started with pid [35378]
[INFO] [ui_mgr-39]: process started with pid [35380]
[INFO] [pose_republisher_node-40]: process started with pid [35382]
[INFO] [sensors_node-41]: process started with pid [35384]
[INFO] [interface_buttons_node-42]: process started with pid [35386]
[INFO] [static_transform_publisher-43]: process started with pid [35388]
[INFO] [static_transform_publisher-44]: process started with pid [35390]
[INFO] [parameter_bridge-45]: process started with pid [35392]
[INFO] [parameter_bridge-46]: process started with pid [35394]
[INFO] [wait_for_ready-47]: process started with pid [35396]
[INFO] [wait_for_ready-48]: process started with pid [35398]
[static_transform_publisher-5] [WARN] [1791305236.680066687] []: Old-style arguments are deprecated; see --help for new-style arguments
[robot_state-37] [INFO] [1791305236.722026664] [robot_state]: Advertised topic: battery_state
[robot_state-37] [INFO] [1791305236.743666143] [robot_state]: Subscription to topic: dock_status
[robot_state-37] [INFO] [1791305236.743899451] [robot_state]: Advertised topic: stop_status
[robot_state-37] [INFO] [1791305236.753129048] [robot_state]: Subscription to topic: odom
[hazards_vector_publisher-32] [INFO] [1791305236.793034291] [hazards_vector_publisher]: Advertised topic: hazard_detection
[hazards_vector_publisher-32] [INFO] [1791305236.793468006] [hazards_vector_publisher]: Subscription to topic: _internal/bumper/event
[hazards_vector_publisher-32] [INFO] [1791305236.793965328] [hazards_vector_publisher]: Subscription to topic: _internal/cliff_front_left/event
[hazards_vector_publisher-32] [INFO] [1791305236.794350133] [hazards_vector_publisher]: Subscription to topic: _internal/cliff_front_right/event
[hazards_vector_publisher-32] [INFO] [1791305236.794719216] [hazards_vector_publisher]: Subscription to topic: _internal/cliff_side_left/event
[hazards_vector_publisher-32] [INFO] [1791305236.795003797] [hazards_vector_publisher]: Subscription to topic: _internal/cliff_side_right/event
[hazards_vector_publisher-32] [INFO] [1791305236.795278675] [hazards_vector_publisher]: Subscription to topic: _internal/wheel_drop/left_wheel/event
[hazards_vector_publisher-32] [INFO] [1791305236.795609585] [hazards_vector_publisher]: Subscription to topic: _internal/wheel_drop/right_wheel/event
[hazards_vector_publisher-32] [INFO] [1791305236.795833634] [hazards_vector_publisher]: Subscription to topic: _internal/backup_limit
[ui_mgr-39] [INFO] [1791305236.804702507] [ui_mgr]: Subscription to topic: cmd_lightring
[ui_mgr-39] [INFO] [1791305236.805096281] [ui_mgr]: Subscription to topic: cmd_audio
[static_transform_publisher-5] [INFO] [1791305236.816657830] [tf_odom_std_dock_link_publisher]: Spinning until stopped - publishing transform
[static_transform_publisher-5] translation: ('0.157000', '0.000000', '0.000000')
[static_transform_publisher-5] rotation: ('0.000000', '0.000000', '1.000000', '0.000000')
[static_transform_publisher-5] from 'odom' to 'std_dock_link'
[ir_intensity_vector_publisher-33] [INFO] [1791305236.825767336] [ir_intensity_vector_publisher]: Advertised topic: ir_intensity
[ir_intensity_vector_publisher-33] [INFO] [1791305236.826562043] [ir_intensity_vector_publisher]: Subscription to topic: _internal/ir_intensity_front_center_left
[ir_intensity_vector_publisher-33] [INFO] [1791305236.826837575] [ir_intensity_vector_publisher]: Subscription to topic: _internal/ir_intensity_front_center_right
[ir_intensity_vector_publisher-33] [INFO] [1791305236.827061214] [ir_intensity_vector_publisher]: Subscription to topic: _internal/ir_intensity_front_left
[ir_intensity_vector_publisher-33] [INFO] [1791305236.827276260] [ir_intensity_vector_publisher]: Subscription to topic: _internal/ir_intensity_front_right
[ir_intensity_vector_publisher-33] [INFO] [1791305236.827489768] [ir_intensity_vector_publisher]: Subscription to topic: _internal/ir_intensity_left
[ir_intensity_vector_publisher-33] [INFO] [1791305236.827700715] [ir_intensity_vector_publisher]: Subscription to topic: _internal/ir_intensity_right
[ir_intensity_vector_publisher-33] [INFO] [1791305236.827913361] [ir_intensity_vector_publisher]: Subscription to topic: _internal/ir_intensity_side_left
[mock_publisher-36] [INFO] [1791305236.846792279] [mock_publisher]: Advertised mocked topic: slip_status
[wheel_status_publisher-35] [INFO] [1791305236.896865092] [wheel_status_publisher]: Advertised topic: wheel_vels
[wheel_status_publisher-35] [INFO] [1791305236.897292961] [wheel_status_publisher]: Advertised topic: wheel_ticks
[motion_control-34] [INFO] [1791305236.900343229] [motion_control]: Enabling REFLEX_BUMP
[motion_control-34] [INFO] [1791305236.900412340] [motion_control]: Enabling REFLEX_CLIFF
[motion_control-34] [INFO] [1791305236.900498957] [motion_control]: Enabling REFLEX_STUCK
[motion_control-34] [INFO] [1791305236.900532461] [motion_control]: Enabling REFLEX_WHEEL_DROP
[kidnap_estimator_publisher-38] [INFO] [1791305236.920619117] [kidnap_estimator_publisher]: Advertised topic: kidnap_status
[kidnap_estimator_publisher-38] [INFO] [1791305236.921355891] [kidnap_estimator_publisher]: Subscription to topic: hazard_detection
[static_transform_publisher-44] [WARN] [1791305236.927840068] []: Old-style arguments are deprecated; see --help for new-style arguments
[turtlebot4_node-29] [INFO] [1791305236.944710069] [turtlebot4_node]: Init Turtlebot4 Node Main
[robot_state_publisher-3] [WARN] [1791305236.960304440] [kdl_parser]: The root link base_link has an inertia specified in the URDF, but KDL does not support a root link with an inertia.  As a workaround, you can add an extra dummy link to your URDF.
[robot_state_publisher-3] [INFO] [1791305236.960457391] [robot_state_publisher]: Robot initialized
[turtlebot4_node-29] [INFO] [1791305236.980787006] [turtlebot4_node]: Buttons Init
[turtlebot4_node-29] [INFO] [1791305236.996442899] [turtlebot4_node]: Init Display
[turtlebot4_node-29] [INFO] [1791305236.998226805] [turtlebot4_node]: Leds Init
[turtlebot4_node-29] [INFO] [1791305237.005074079] [turtlebot4_node]: Turtlebot4 standard running.
[static_transform_publisher-44] [INFO] [1791305237.008414560] [camera_stf]: Spinning until stopped - publishing transform
[static_transform_publisher-44] translation: ('0.000000', '0.000000', '0.000000')
[static_transform_publisher-44] rotation: ('0.499952', '-0.500000', '0.500000', '0.500048')
[static_transform_publisher-44] from 'oakd_rgb_camera_optical_frame' to 'turtlebot4/oakd_rgb_camera_frame/rgbd_camera'
[static_transform_publisher-43] [WARN] [1791305237.010795024] []: Old-style arguments are deprecated; see --help for new-style arguments
[robot_state_publisher-4] [WARN] [1791305237.029407907] [kdl_parser]: The root link std_dock_link has an inertia specified in the URDF, but KDL does not support a root link with an inertia.  As a workaround, you can add an extra dummy link to your URDF.
[robot_state_publisher-4] [INFO] [1791305237.029462947] [dock_state_publisher]: Robot initialized
[static_transform_publisher-43] [INFO] [1791305237.116401428] [rplidar_stf]: Spinning until stopped - publishing transform
[static_transform_publisher-43] translation: ('0.000000', '0.000000', '0.000000')
[static_transform_publisher-43] rotation: ('0.000000', '0.000000', '0.000000', '1.000000')
[static_transform_publisher-43] from 'rplidar_link' to 'turtlebot4/rplidar_link/rplidar'
[create-7] [INFO] [1791305237.374220698] [ros_gz_sim]: Requesting list of world names.
[create-6] [INFO] [1791305237.407739667] [ros_gz_sim]: Requesting list of world names.
[gazebo-1] Warning: Ignoring XDG_SESSION_TYPE=wayland on Gnome. Use QT_QPA_PLATFORM=wayland to run on Wayland anyway.
[parameter_bridge-14] [INFO] [1791305237.940014154] [cliff_side_left_bridge]: Creating GZ->ROS Bridge: [/world/warehouse/model/turtlebot4/link/base_link/sensor/cliff_side_left/scan (gz.msgs.LaserScan) -> /world/warehouse/model/turtlebot4/link/base_link/sensor/cliff_side_left/scan (sensor_msgs/msg/LaserScan)] (Lazy 0)
[parameter_bridge-17] [INFO] [1791305238.103352371] [ir_intensity_front_center_right_bridge]: Creating GZ->ROS Bridge: [/world/warehouse/model/turtlebot4/link/ir_intensity_front_center_right/sensor/ir_intensity_front_center_right/scan (gz.msgs.LaserScan) -> /world/warehouse/model/turtlebot4/link/ir_intensity_front_center_right/sensor/ir_intensity_front_center_right/scan (sensor_msgs/msg/LaserScan)] (Lazy 0)
[parameter_bridge-9] [INFO] [1791305238.104828758] [pose_bridge]: Creating GZ->ROS Bridge: [/model/turtlebot4/pose (gz.msgs.Pose_V) -> /model/turtlebot4/pose (tf2_msgs/msg/TFMessage)] (Lazy 0)
[parameter_bridge-9] [INFO] [1791305238.108394715] [pose_bridge]: Creating GZ->ROS Bridge: [/model/standard_dock/pose (gz.msgs.Pose_V) -> /model/standard_dock/pose (tf2_msgs/msg/TFMessage)] (Lazy 0)
[parameter_bridge-20] [INFO] [1791305238.310551078] [ir_intensity_left_bridge]: Creating GZ->ROS Bridge: [/world/warehouse/model/turtlebot4/link/ir_intensity_left/sensor/ir_intensity_left/scan (gz.msgs.LaserScan) -> /world/warehouse/model/turtlebot4/link/ir_intensity_left/sensor/ir_intensity_left/scan (sensor_msgs/msg/LaserScan)] (Lazy 0)
[parameter_bridge-24] [INFO] [1791305238.332131969] [hmi_display_msg_bridge]: Creating ROS->GZ Bridge: [/hmi/display/raw (std_msgs/msg/String) -> /hmi/display/raw (gz.msgs.StringMsg)] (Lazy 0)
[parameter_bridge-24] [INFO] [1791305238.333843538] [hmi_display_msg_bridge]: Creating ROS->GZ Bridge: [/hmi/display/selected (std_msgs/msg/Int32) -> /hmi/display/selected (gz.msgs.Int32)] (Lazy 0)
[parameter_bridge-8] [INFO] [1791305238.350404412] [cmd_vel_bridge]: Creating GZ->ROS Bridge: [/cmd_vel (gz.msgs.Twist) -> /cmd_vel (geometry_msgs/msg/TwistStamped)] (Lazy 0)
[parameter_bridge-2] [INFO] [1791305238.353023354] [clock_bridge]: Creating GZ->ROS Bridge: [/clock (gz.msgs.Clock) -> /clock (rosgraph_msgs/msg/Clock)] (Lazy 0)
[parameter_bridge-8] [INFO] [1791305238.354116598] [cmd_vel_bridge]: Creating ROS->GZ Bridge: [/model/turtlebot4/cmd_vel (geometry_msgs/msg/TwistStamped) -> /model/turtlebot4/cmd_vel (gz.msgs.Twist)] (Lazy 0)
[parameter_bridge-18] [INFO] [1791305238.362696235] [ir_intensity_front_left_bridge]: Creating GZ->ROS Bridge: [/world/warehouse/model/turtlebot4/link/ir_intensity_front_left/sensor/ir_intensity_front_left/scan (gz.msgs.LaserScan) -> /world/warehouse/model/turtlebot4/link/ir_intensity_front_left/sensor/ir_intensity_front_left/scan (sensor_msgs/msg/LaserScan)] (Lazy 0)
[parameter_bridge-45] [INFO] [1791305238.365101952] [ros_gz_bridge]: Creating ROS->GZ Bridge: [/vacuum_gripper/attach (std_msgs/msg/Empty) -> /vacuum_gripper/attach (gz.msgs.Empty)] (Lazy 0)
[parameter_bridge-22] [INFO] [1791305238.376980055] [ir_intensity_side_left_bridge]: Creating GZ->ROS Bridge: [/world/warehouse/model/turtlebot4/link/ir_intensity_side_left/sensor/ir_intensity_side_left/scan (gz.msgs.LaserScan) -> /world/warehouse/model/turtlebot4/link/ir_intensity_side_left/sensor/ir_intensity_side_left/scan (sensor_msgs/msg/LaserScan)] (Lazy 0)
[parameter_bridge-23] [INFO] [1791305238.378388858] [buttons_msg_bridge]: Creating GZ->ROS Bridge: [/create3_buttons (gz.msgs.Int32) -> /create3_buttons (std_msgs/msg/Int32)] (Lazy 0)
[parameter_bridge-11] [INFO] [1791305238.378609697] [bumper_contact_bridge]: Creating GZ->ROS Bridge: [/bumper_contact (gz.msgs.Contacts) -> /bumper_contact (ros_gz_interfaces/msg/Contacts)] (Lazy 0)
[parameter_bridge-21] [INFO] [1791305238.379457920] [ir_intensity_right_bridge]: Creating GZ->ROS Bridge: [/world/warehouse/model/turtlebot4/link/ir_intensity_right/sensor/ir_intensity_right/scan (gz.msgs.LaserScan) -> /world/warehouse/model/turtlebot4/link/ir_intensity_right/sensor/ir_intensity_right/scan (sensor_msgs/msg/LaserScan)] (Lazy 0)
[parameter_bridge-10] [INFO] [1791305238.389478848] [odom_base_tf_bridge]: Creating GZ->ROS Bridge: [/model/turtlebot4/tf (gz.msgs.Pose_V) -> /model/turtlebot4/tf (tf2_msgs/msg/TFMessage)] (Lazy 0)
[parameter_bridge-27] [INFO] [1791305238.403754293] [lidar_bridge]: Creating GZ->ROS Bridge: [/world/warehouse/model/turtlebot4/link/rplidar_link/sensor/rplidar/scan (gz.msgs.LaserScan) -> /world/warehouse/model/turtlebot4/link/rplidar_link/sensor/rplidar/scan (sensor_msgs/msg/LaserScan)] (Lazy 0)
[parameter_bridge-28] [INFO] [1791305238.407499564] [camera_bridge]: Creating GZ->ROS Bridge: [/world/warehouse/model/turtlebot4/link/oakd_rgb_camera_frame/sensor/rgbd_camera/image (gz.msgs.Image) -> /world/warehouse/model/turtlebot4/link/oakd_rgb_camera_frame/sensor/rgbd_camera/image (sensor_msgs/msg/Image)] (Lazy 0)
[parameter_bridge-12] [INFO] [1791305238.415321170] [cliff_front_left_bridge]: Creating GZ->ROS Bridge: [/world/warehouse/model/turtlebot4/link/base_link/sensor/cliff_front_left/scan (gz.msgs.LaserScan) -> /world/warehouse/model/turtlebot4/link/base_link/sensor/cliff_front_left/scan (sensor_msgs/msg/LaserScan)] (Lazy 0)
[parameter_bridge-13] [INFO] [1791305238.415371058] [cliff_front_right_bridge]: Creating GZ->ROS Bridge: [/world/warehouse/model/turtlebot4/link/base_link/sensor/cliff_front_right/scan (gz.msgs.LaserScan) -> /world/warehouse/model/turtlebot4/link/base_link/sensor/cliff_front_right/scan (sensor_msgs/msg/LaserScan)] (Lazy 0)
[parameter_bridge-28] [INFO] [1791305238.420194388] [camera_bridge]: Creating GZ->ROS Bridge: [/world/warehouse/model/turtlebot4/link/oakd_rgb_camera_frame/sensor/rgbd_camera/depth_image (gz.msgs.Image) -> /world/warehouse/model/turtlebot4/link/oakd_rgb_camera_frame/sensor/rgbd_camera/depth_image (sensor_msgs/msg/Image)] (Lazy 0)
[parameter_bridge-16] [INFO] [1791305238.423910761] [ir_intensity_front_center_left_bridge]: Creating GZ->ROS Bridge: [/world/warehouse/model/turtlebot4/link/ir_intensity_front_center_left/sensor/ir_intensity_front_center_left/scan (gz.msgs.LaserScan) -> /world/warehouse/model/turtlebot4/link/ir_intensity_front_center_left/sensor/ir_intensity_front_center_left/scan (sensor_msgs/msg/LaserScan)] (Lazy 0)
[parameter_bridge-28] [INFO] [1791305238.424114764] [camera_bridge]: Creating GZ->ROS Bridge: [/world/warehouse/model/turtlebot4/link/oakd_rgb_camera_frame/sensor/rgbd_camera/points (gz.msgs.PointCloudPacked) -> /world/warehouse/model/turtlebot4/link/oakd_rgb_camera_frame/sensor/rgbd_camera/points (sensor_msgs/msg/PointCloud2)] (Lazy 0)
[parameter_bridge-15] [INFO] [1791305238.425240758] [cliff_side_right_bridge]: Creating GZ->ROS Bridge: [/world/warehouse/model/turtlebot4/link/base_link/sensor/cliff_side_right/scan (gz.msgs.LaserScan) -> /world/warehouse/model/turtlebot4/link/base_link/sensor/cliff_side_right/scan (sensor_msgs/msg/LaserScan)] (Lazy 0)
[parameter_bridge-28] [INFO] [1791305238.430248541] [camera_bridge]: Creating GZ->ROS Bridge: [/world/warehouse/model/turtlebot4/link/oakd_rgb_camera_frame/sensor/rgbd_camera/camera_info (gz.msgs.CameraInfo) -> /world/warehouse/model/turtlebot4/link/oakd_rgb_camera_frame/sensor/rgbd_camera/camera_info (sensor_msgs/msg/CameraInfo)] (Lazy 0)
[parameter_bridge-25] [INFO] [1791305238.442008646] [hmi_buttons_msg_bridge]: Creating GZ->ROS Bridge: [/hmi/buttons (gz.msgs.Int32) -> /hmi/buttons (std_msgs/msg/Int32)] (Lazy 0)
[parameter_bridge-19] [INFO] [1791305238.446532717] [ir_intensity_front_right_bridge]: Creating GZ->ROS Bridge: [/world/warehouse/model/turtlebot4/link/ir_intensity_front_right/sensor/ir_intensity_front_right/scan (gz.msgs.LaserScan) -> /world/warehouse/model/turtlebot4/link/ir_intensity_front_right/sensor/ir_intensity_front_right/scan (sensor_msgs/msg/LaserScan)] (Lazy 0)
[parameter_bridge-26] [INFO] [1791305238.451861038] [hmi_led_msg_bridge]: Creating ROS->GZ Bridge: [/hmi/led/power (std_msgs/msg/Int32) -> /hmi/led/power (gz.msgs.Int32)] (Lazy 0)
[parameter_bridge-26] [INFO] [1791305238.454584399] [hmi_led_msg_bridge]: Creating ROS->GZ Bridge: [/hmi/led/motors (std_msgs/msg/Int32) -> /hmi/led/motors (gz.msgs.Int32)] (Lazy 0)
[parameter_bridge-26] [INFO] [1791305238.457794112] [hmi_led_msg_bridge]: Creating ROS->GZ Bridge: [/hmi/led/comms (std_msgs/msg/Int32) -> /hmi/led/comms (gz.msgs.Int32)] (Lazy 0)
[parameter_bridge-26] [INFO] [1791305238.458685219] [hmi_led_msg_bridge]: Creating ROS->GZ Bridge: [/hmi/led/wifi (std_msgs/msg/Int32) -> /hmi/led/wifi (gz.msgs.Int32)] (Lazy 0)
[parameter_bridge-26] [INFO] [1791305238.460439451] [hmi_led_msg_bridge]: Creating ROS->GZ Bridge: [/hmi/led/battery (std_msgs/msg/Int32) -> /hmi/led/battery (gz.msgs.Int32)] (Lazy 0)
[parameter_bridge-26] [INFO] [1791305238.461230382] [hmi_led_msg_bridge]: Creating ROS->GZ Bridge: [/hmi/led/user1 (std_msgs/msg/Int32) -> /hmi/led/user1 (gz.msgs.Int32)] (Lazy 0)
[parameter_bridge-26] [INFO] [1791305238.462123581] [hmi_led_msg_bridge]: Creating ROS->GZ Bridge: [/hmi/led/user2 (std_msgs/msg/Int32) -> /hmi/led/user2 (gz.msgs.Int32)] (Lazy 0)
[parameter_bridge-45] [INFO] [1791305238.469082314] [ros_gz_bridge]: Creating ROS->GZ Bridge: [/vacuum_gripper/detach (std_msgs/msg/Empty) -> /vacuum_gripper/detach (gz.msgs.Empty)] (Lazy 0)
[wait_for_ready-48] [INFO] [1791305238.477923028] [wait_for_sim]: [sim] waiting for nodes=['controller_manager'] services=['/controller_manager/set_parameters'] answering=['/controller_manager/list_controllers'] topics=['/scan'] (timeout 300s)
[wait_for_ready-47] [INFO] [1791305238.488596140] [wait_for_rviz]: [rviz] waiting for nodes=[] services=[] answering=[] topics=['/clock', '/scan'] (timeout 300s)
[gazebo-1] [1;36m[Dbg] [gz.cc:166] [0m[1;36mSubscribing to [[0m[1;36m/gazebo/starting_world[0m[1;36m].[0m[1;36m[0m
[gazebo-1] [1;36m[Dbg] [gz.cc:168] [0m[1;36mWaiting for a world to be set from the GUI...[0m[1;36m[0m
[gazebo-1] [1;32m[Msg] [0m[1;32mReceived world [[0m[1;32mwarehouse.sdf[0m[1;32m] from the GUI.[0m[1;32m[0m
[gazebo-1] [1;36m[Dbg] [gz.cc:172] [0m[1;36mUnsubscribing from [[0m[1;36m/gazebo/starting_world[0m[1;36m].[0m[1;36m[0m
[gazebo-1] [1;32m[Msg] [0m[1;32mGazebo Sim Server v[0m[1;32m8.10.0[0m[1;32m[0m
[gazebo-1] [1;32m[Msg] [0m[1;32mLoading SDF world file[[0m[1;32m/home/y/u/yunqiao/IROB_Mobile_Robot_Project/install/turtlebot4_gz_bringup/share/turtlebot4_gz_bringup/worlds/warehouse.sdf[0m[1;32m].[0m
[gazebo-1] [1;32m[Msg] [0m[1;32mServing entity system service on [[0m[1;32m/[0m[1;32mentity/system/add[0m[1;32m][0m[1;32m[0m
[gazebo-1] [1;36m[Dbg] [Physics.cc:899] [0m[1;36mLoaded [[0m[1;36mgz::physics::dartsim::Plugin[0m[1;36m] from library [[0m[1;36m/afs/kth.se/misc/info/kurser/DD2410/ht26/pixi/IROB/.pixi/envs/default/lib/gz-physics-7/engine-plugins/libgz-physics-dartsim-plugin.so[0m[1;36m][0m[1;36m[0m
[gazebo-1] [1;36m[Dbg] [SystemManager.cc:80] [0m[1;36mLoaded system [[0m[1;36mgz::sim::systems::Physics[0m[1;36m] for entity [[0m[1;36m1[0m[1;36m][0m[1;36m[0m
[gazebo-1] [1;32m[Msg] [0m[1;32mCreate[0m[1;32m service on [[0m[1;32m/world/warehouse/create_multiple[0m[1;32m] (async)[0m[1;32m[0m
[gazebo-1] [1;32m[Msg] [0m[1;32mCreate[0m[1;32m service on [[0m[1;32m/world/warehouse/create_multiple/blocking[0m[1;32m] (blocking)[0m[1;32m[0m
[gazebo-1] [1;32m[Msg] [0m[1;32mRemove[0m[1;32m service on [[0m[1;32m/world/warehouse/remove[0m[1;32m] (async)[0m[1;32m[0m
[gazebo-1] [1;32m[Msg] [0m[1;32mRemove[0m[1;32m service on [[0m[1;32m/world/warehouse/remove/blocking[0m[1;32m] (blocking)[0m[1;32m[0m
[gazebo-1] [1;32m[Msg] [0m[1;32mPose[0m[1;32m service on [[0m[1;32m/world/warehouse/set_pose[0m[1;32m] (async)[0m[1;32m[0m
[gazebo-1] [1;32m[Msg] [0m[1;32mPose[0m[1;32m service on [[0m[1;32m/world/warehouse/set_pose/blocking[0m[1;32m] (blocking)[0m[1;32m[0m
[gazebo-1] [1;32m[Msg] [0m[1;32mPose[0m[1;32m service on [[0m[1;32m/world/warehouse/set_pose_vector[0m[1;32m] (async)[0m[1;32m[0m
[gazebo-1] [1;32m[Msg] [0m[1;32mPose[0m[1;32m service on [[0m[1;32m/world/warehouse/set_pose_vector/blocking[0m[1;32m] (blocking)[0m[1;32m[0m
[gazebo-1] [1;32m[Msg] [0m[1;32mLight configuration[0m[1;32m service on [[0m[1;32m/world/warehouse/light_config[0m[1;32m] (async)[0m[1;32m[0m
[gazebo-1] [1;32m[Msg] [0m[1;32mLight configuration[0m[1;32m service on [[0m[1;32m/world/warehouse/light_config/blocking[0m[1;32m] (blocking)[0m[1;32m[0m
[gazebo-1] [1;32m[Msg] [0m[1;32mPhysics[0m[1;32m service on [[0m[1;32m/world/warehouse/set_physics[0m[1;32m] (async)[0m[1;32m[0m
[gazebo-1] [1;32m[Msg] [0m[1;32mPhysics[0m[1;32m service on [[0m[1;32m/world/warehouse/set_physics/blocking[0m[1;32m] (blocking)[0m[1;32m[0m
[gazebo-1] [1;32m[Msg] [0m[1;32mSphericalCoordinates[0m[1;32m service on [[0m[1;32m/world/warehouse/set_spherical_coordinates[0m[1;32m] (async)[0m[1;32m[0m
[gazebo-1] [1;32m[Msg] [0m[1;32mSphericalCoordinates[0m[1;32m service on [[0m[1;32m/world/warehouse/set_spherical_coordinates/blocking[0m[1;32m] (blocking)[0m[1;32m[0m
[gazebo-1] [1;32m[Msg] [0m[1;32mEnable collision[0m[1;32m service on [[0m[1;32m/world/warehouse/enable_collision[0m[1;32m] (async)[0m[1;32m[0m
[gazebo-1] [1;32m[Msg] [0m[1;32mEnable collision[0m[1;32m service on [[0m[1;32m/world/warehouse/enable_collision/blocking[0m[1;32m] (blocking)[0m[1;32m[0m
[gazebo-1] [1;32m[Msg] [0m[1;32mDisable collision[0m[1;32m service on [[0m[1;32m/world/warehouse/disable_collision[0m[1;32m] (async)[0m[1;32m[0m
[gazebo-1] [1;32m[Msg] [0m[1;32mDisable collision[0m[1;32m service on [[0m[1;32m/world/warehouse/disable_collision/blocking[0m[1;32m] (blocking)[0m[1;32m[0m
[gazebo-1] [1;32m[Msg] [0m[1;32mMaterial[0m[1;32m service on [[0m[1;32m/world/warehouse/visual_config[0m[1;32m] (async)[0m[1;32m[0m
[spawner-31] [INFO] [1791305238.559196553] [spawner_joint_state_broadcaster]: waiting for service /controller_manager/list_controllers to become available...
[create-6] [INFO] [1791305238.657724243] [ros_gz_sim]: Waiting messages on topic [robot_description].
[create-7] [INFO] [1791305238.758556411] [ros_gz_sim]: Waiting messages on topic [standard_dock_description].
[parameter_bridge-26] [INFO] [1791305238.855385844] [hmi_led_msg_bridge]: Passing message from ROS std_msgs/msg/Int32 to Gazebo gz.msgs.Int32 (showing msg only once per type)
[gazebo-1] [1;32m[Msg] [0m[1;32mMaterial[0m[1;32m service on [[0m[1;32m/world/warehouse/visual_config/blocking[1;32m[Msg] [0m[1;32mGazebo Sim GUI    v[0m[1;32m8.10.0[0m[1;32m[0m
[gazebo-1] [1;32m[Msg] [0m[1;32mDetected Wayland. Setting Qt to use the xcb plugin: [0m[1;32m'QT_QPA_PLATFORM=xcb'.[0m[1;32m[0m
[gazebo-1] [1;36m[Dbg] [Gui.cc:275] [0m[1;36mWaiting for subscribers to [[0m[1;36m/gazebo/starting_world[0m[1;36m]...[0m[1;36m[0m
[gazebo-1] [1;36m[Dbg] [Application.cc:96] [0m[1;36mInitializing application.[0m[1;36m[0m
[gazebo-1] [1;36m[Dbg] [Application.cc:170] [0m[1;36mQt using OpenGL graphics interface[0m[1;36m[0m
[gazebo-1] [1;36m[GUI] [Dbg] [Application.cc:657] [0m[1;36mCreate main window[0m[1;36m[0m
[gazebo-1] [1;36m[GUI] [Dbg] [PathManager.cc:68] [0m[1;36mRequesting resource paths through [[0m[1;36m/gazebo/resource_paths/get[0m[1;36m][0m[1;36m[0m
[gazebo-1] [1;36m[GUI] [Dbg] [Gui.cc:355] [0m[1;36mGUI requesting list of world names. The server may be busy [0m[1;36mdownloading resources. Please be patient.[0m[1;36m[0m
[gazebo-1] [1;36m[GUI] [Dbg] [GuiRunner.cc:149] [0m[1;36mRequesting initial state from [[0m[1;36m/world/warehouse/state[0m[1;36m]...[0m[1;36m[0m
[gazebo-1] [1;36m[GUI] [Dbg] [PathManager.cc:57] [0m[1;36mReceived resource paths.[0m[1;36m[0m
[gazebo-1] [1;32m[GUI] [0m[1;32m[Msg] [0m[1;32mLoading config [[0m[1;32m/home/y/u/yunqiao/IROB_Mobile_Robot_Project/install/turtlebot4_gz_bringup/share/turtlebot4_gz_bringup/gui/standard/gui.config[0m[1;32m][0m[1;32m[0m
[gazebo-1] [1;36m[GUI] [Dbg] [Application.cc:528] [0m[1;36mLoading plugin [[0m[1;36mMinimalScene[0m[1;36m][0m[1;36m[0m
[gazebo-1] [1;36m[GUI] [Dbg] [MinimalScene.cc:802] [0m[1;36mCreating gz-rendering interface for OpenGL[0m[1;36m[0m
[gazebo-1] [1;36m[GUI] [Dbg] [MinimalScene.cc:802] [0m[1;36mCreating gz-rendering interface for OpenGL[0m[1;36m[0m
[gazebo-1] [1;36m[GUI] [Dbg] [MinimalScene.cc:986] [0m[1;36mCreating render thread interface for OpenGL[0m[1;36m[0m
[gazebo-1] [1;36m[GUI] [Dbg] [MinimalScene.cc:802] [0m[1;36mCreating gz-rendering interface for OpenGL[0m[1;36m[0m
[gazebo-1] [1;36m[GUI] [Dbg] [MinimalScene.cc:986] [0m[1;36mCreating render thread interface for OpenGL[0m[1;36m[0m
[gazebo-1] [1;32m[GUI] [0m[1;32m[Msg] [0m[1;32mAdded plugin [[0m[1;32m3D View[0m[1;32m] to main window[0m[1;32m[0m
[gazebo-1] [1;32m[GUI] [0m[1;32m[Msg] [0m[1;32mLoaded plugin [[0m[1;32mMinimalScene[0m[1;32m] from path [[0m[1;32m/afs/kth.se/misc/info/kurser/DD2410/ht26/pixi/IROB/.pixi/envs/default/lib/gz-gui-8/plugins/libMinimalScene.so[0m[1;32m][0m[1;32m[0m
[gazebo-1] [1;36m[GUI] [Dbg] [Application.cc:528] [0m[1;36mLoading plugin [[0m[1;36mGzSceneManager[0m[1;36m][0m[1;36m[0m
[gazebo-1] [1;32m[GUI] [0m[1;32m[Msg] [0m[1;32mAdded plugin [[0m[1;32mScene Manager[0m[1;32m] to main window[0m[1;32m[0m
[gazebo-1] [1;32m[GUI] [0m[1;32m[Msg] [0m[1;32mLoaded plugin [[0m[1;32mGzSceneManager[0m[1;32m] from path [[0m[1;32m/afs/kth.se/misc/info/kurser/DD2410/ht26/pixi/IROB/.pixi/envs/default/lib/gz-sim-8/plugins/gui/libGzSceneManager.so[0m[1;32m][0m[1;32m[0m
[gazebo-1] [1;36m[GUI] [Dbg] [Application.cc:528] [0m[1;36mLoading plugin [[0m[1;36mInteractiveViewControl[0m[1;36m][0m[1;36m[0m
[gazebo-1] [1;32m[GUI] [0m[1;32m[Msg] [0m[1;32mCamera view controller topic advertised on [[0m[1;32m/gui/camera/view_control[0m[1;32m][0m[1;32m[0m
[gazebo-1] [1;32m[GUI] [0m[1;32m[Msg] [0m[1;32mCamera reference visual topic advertised on [[0m[1;32m/gui/camera/view_control/reference_visual[0m[1;32m][0m[1;32m[0m
[gazebo-1] [1;32m[GUI] [0m[1;32m[Msg] [0m[1;32mCamera view control sensitivity advertised on [[0m[1;32m/gui/camera/view_control/sensitivity[0m[1;32m][0m[1;32m[0m
[gazebo-1] [1;32m[GUI] [0m[1;32m[Msg] [0m[1;32mAdded plugin [[0m[1;32mInteractive view control[0m[1;32m] to main window[0m[1;32m[0m
[gazebo-1] [1;32m[GUI] [0m[1;32m[Msg] [0m[1;32mLoaded plugin [[0m[1;32mInteractiveViewControl[0m[1;32m] from path [[0m[1;32m/afs/kth.se/misc/info/kurser/DD2410/ht26/pixi/IROB/.pixi/envs/default/lib/gz-gui-8/plugins/libInteractiveViewControl.so[0m[1;32m][0m[1;32m[0m
[gazebo-1] [1;36m[GUI] [Dbg] [Application.cc:528] [0m[1;36mLoading plugin [[0m[1;36mWorldControl[0m[1;36m][0m[1;36m[0m
[parameter_bridge-46] [INFO] [1791305239.106235268] [odom_gt_bridge]: Creating GZ->ROS Bridge: [/model/turtlebot4/odometry (gz.msgs.Odometry) -> /odom_gt (nav_msgs/msg/Odometry)] (Lazy 0)
[parameter_bridge-46] [INFO] [1791305239.110592803] [odom_gt_bridge]: Creating GZ->ROS Bridge: [/model/turtlebot4/pose (gz.msgs.Pose_V) -> /tf (tf2_msgs/msg/TFMessage)] (Lazy 0)
[parameter_bridge-24] [INFO] [1791305239.205633413] [hmi_display_msg_bridge]: Passing message from ROS std_msgs/msg/Int32 to Gazebo gz.msgs.Int32 (showing msg only once per type)
[parameter_bridge-24] [INFO] [1791305239.205685797] [hmi_display_msg_bridge]: Passing message from ROS std_msgs/msg/String to Gazebo gz.msgs.StringMsg (showing msg only once per type)
[gazebo-1] [1;33m[GUI] [Wrn] [Application.cc:908] [0m[1;33m[QT] file::/Turtlebot4Hmi/Turtlebot4Hmi.qml:102:7: Unable to assign [undefined] to QString[0m[1;33m[0m
[gazebo-1] [1;33m[GUI] [Wrn] [Application.cc:908] [0m[1;33m[QT] file::/WorldStats/WorldStats.qml:53:3: QML RowLayout: Binding loop detected for property "x"[0m[1;33m[0m
[parameter_bridge-2] [WARN] [1791305239.320230111] [clock_bridge]: New subscription discovered on topic '/clock', requesting incompatible QoS. No messages will be sent to it. Last incompatible policy: DURABILITY_QOS_POLICY
[parameter_bridge-27] [WARN] [1791305239.320585716] [lidar_bridge]: New subscription discovered on topic '/scan', requesting incompatible QoS. No messages will be sent to it. Last incompatible policy: DURABILITY_QOS_POLICY
[wait_for_ready-48] [WARN] [1791305239.338672363] [wait_for_sim]: New publisher discovered on topic '/scan', offering incompatible QoS. No messages will be received from it. Last incompatible policy: DURABILITY
[parameter_bridge-27] [WARN] [1791305239.345936290] [lidar_bridge]: New subscription discovered on topic '/scan', requesting incompatible QoS. No messages will be sent to it. Last incompatible policy: DURABILITY_QOS_POLICY
[wait_for_ready-47] [WARN] [1791305239.349035512] [wait_for_rviz]: New publisher discovered on topic '/clock', offering incompatible QoS. No messages will be received from it. Last incompatible policy: DURABILITY
[wait_for_ready-47] [WARN] [1791305239.350248224] [wait_for_rviz]: New publisher discovered on topic '/scan', offering incompatible QoS. No messages will be received from it. Last incompatible policy: DURABILITY
[gazebo-1] [1;32m[GUI] [0m[1;32m[Msg] [0m[1;32mUsing world control service [[0m[1;32m/world/warehouse/control[0m[1;32m][0m[1;32m[0m
[gazebo-1] [1;32m[GUI] [0m[1;32m[Msg] [0m[1;32mListening to stats on [[0m[1;32m/world/warehouse/stats[0m[1;32m][0m[1;32m[0m
[gazebo-1] [1;36m[GUI] [Dbg] [WorldControl.cc:237] [0m[1;36mUsing an event to share WorldControl msgs with the server[0m
[gazebo-1] [1;32m[GUI] [0m[1;32m[Msg] [0m[1;32mAdded plugin [[0m[1;32mWorld control[0m[1;32m] to main window[0m[1;32m[0m
[gazebo-1] [1;32m[GUI] [0m[1;32m[Msg] [0m[1;32mLoaded plugin [[0m[1;32mWorldControl[0m[1;32m] from path [[0m[1;32m/afs/kth.se/misc/info/kurser/DD2410/ht26/pixi/IROB/.pixi/envs/default/lib/gz-gui-8/plugins/libWorldControl.so[0m[1;32m][0m[1;32m[0m
[gazebo-1] [1;36m[GUI] [Dbg] [Application.cc:528] [0m[1;36mLoading plugin [[0m[1;36mWorldStats[0m[1;36m][0m[1;36m[0m
[gazebo-1] [1;32m[GUI] [0m[1;32m[Msg] [0m[1;32mListening to stats on [[0m[1;32m/world/warehouse/stats[0m[1;32m][0m[1;32m[0m
[gazebo-1] [1;32m[GUI] [0m[1;32m[Msg] [0m[1;32mAdded plugin [[0m[1;32mWorld stats[0m[1;32m] to main window[0m[1;32m[0m
[gazebo-1] [1;32m[GUI] [0m[1;32m[Msg] [0m[1;32mLoaded plugin [[0m[1;32mWorldStats[0m[1;32m] from path [[0m[1;32m/afs/kth.se/misc/info/kurser/DD2410/ht26/pixi/IROB/.pixi/envs/default/lib/gz-gui-8/plugins/libWorldStats.so[0m[1;32m][0m[1;32m[0m
[gazebo-1] [1;36m[GUI] [Dbg] [Application.cc:528] [0m[1;36mLoading plugin [[0m[1;36mTransformControl[0m[1;36m][0m[1;36m[0m
[gazebo-1] [1;32m[GUI] [0m[1;32m[Msg] [0m[1;32mAdded plugin [[0m[1;32mTransform control[0m[1;32m] to main window[0m[1;32m[0m
[gazebo-1] [1;32m[GUI] [0m[1;32m[Msg] [0m[1;32mLoaded plugin [[0m[1;32mTransformControl[0m[1;32m] from path [[0m[1;32m/afs/kth.se/misc/info/kurser/DD2410/ht26/pixi/IROB/.pixi/envs/default/lib/gz-sim-8/plugins/gui/libTransformControl.so[0m[1;32m][0m[1;32m[0m
[gazebo-1] [1;36m[GUI] [Dbg] [Application.cc:528] [0m[1;36mLoading plugin [[0m[1;36mShapes[0m[1;36m][0m[1;36m[0m
[gazebo-1] [1;32m[GUI] [0m[1;32m[Msg] [0m[1;32mAdded plugin [[0m[1;32mShapes[0m[1;32m] to main window[0m[1;32m[0m
[gazebo-1] [1;32m[GUI] [0m[1;32m[Msg] [0m[1;32mLoaded plugin [[0m[1;32mShapes[0m[1;32m] from path [[0m[1;32m/afs/kth.se/misc/info/kurser/DD2410/ht26/pixi/IROB/.pixi/envs/default/lib/gz-sim-8/plugins/gui/libShapes.so[0m[1;32m][0m[1;32m[0m
[gazebo-1] [1;36m[GUI] [Dbg] [Application.cc:528] [0m[1;36mLoading plugin [[0m[1;36mTurtlebot4Hmi[0m[1;36m][0m[1;36m[0m
[gazebo-1] [1;32m[GUI] [0m[1;32m[Msg] [0m[1;32mAdded plugin [[0m[1;32mTurtlebot4 HMI[0m[1;32m] to main window[0m[1;32m[0m
[gazebo-1] [1;32m[GUI] [0m[1;32m[Msg] [0m[1;32mLoaded plugin [[0m[1;32mTurtlebot4Hmi[0m[1;32m] from path [[0m[1;32m/home/y/u/yunqiao/IROB_Mobile_Robot_Project/install/turtlebot4_gz_gui_plugins/share/turtlebot4_gz_gui_plugins/lib/libTurtlebot4Hmi.so[0m[1;32m][0m[1;32m[0m
[gazebo-1] [1;36m[GUI] [Dbg] [Application.cc:528] [0m[1;36mLoading plugin [[0m[1;36mTeleop[0m[1;36m][0m[1;36m[0m
[gazebo-1] [1;32m[GUI] [0m[1;32m[Msg] [0m[1;32mA new topic has been entered: '[0m[1;32m/cmd_vel[0m[1;32m ' [0m[1;32m[0m
[gazebo-1] [1;32m[GUI] [0m[1;32m[Msg] [0m[1;32mAdded plugin [[0m[1;32mTeleop[0m[1;32m] to main window[0m[1;32m[0m
[gazebo-1] [1;32m[GUI] [0m[1;32m[Msg] [0m[1;32mLoaded plugin [[0m[1;32mTeleop[0m[1;32m] from path [[0m[1;32m/afs/kth.se/misc/info/kurser/DD2410/ht26/pixi/IROB/.pixi/envs/default/lib/gz-gui-8/plugins/libTeleop.so[0m[1;32m][0m[1;32m[0m
[gazebo-1] [1;36m[GUI] [Dbg] [Application.cc:671] [0m[1;36mApplying config[0m[1;36m[0m
[gazebo-1] [1;36m[GUI] [Dbg] [MinimalScene.cc:802] [0m[1;36mCreating gz-rendering interface for OpenGL[0m[1;36m[0m
[gazebo-1] [1;36m[GUI] [Dbg] [MinimalScene.cc:986] [0m[1;36mCreating render thread interface for OpenGL[0m[1;36m[0m
[gazebo-1] [1;32m[GUI] [0m[1;32m[Msg] [0m[1;32mLoading plugin [[0m[1;32mgz-rendering-ogre2[0m[1;32m][0m[1;32m[0m
[gazebo-1] [1;36m[GUI] [Dbg] [MinimalScene.cc:749] [0m[1;36mCreate scene [[0m[1;36mscene[0m[1;36m][0m[1;36m[0m
[gazebo-1] [1;36m[GUI] [Dbg] [MinimalScene.cc:1037] [0m[1;36mCreating texture node render interface for OpenGL[0m[1;36m[0m
[gazebo-1] [1;36m[GUI] [Dbg] [TransformControl.cc:453] [0m[1;36mTransformControl [0m[1;32m] (blocking)[0m[1;32m[0m
[gazebo-1] [1;32m[Msg] [0m[1;32mMaterial[0m[1;32m service on [[0m[1;32m/world/warehouse/wheel_slip[0m[1;32m] (async)[0m[1;32m[0m
[gazebo-1] [1;32m[Msg] [0m[1;32mMaterial[0m[1;32m service on [[0m[1;32m/world/warehouse/wheel_slip/blocking[0m[1;32m] (blocking)[0m[1;32m[0m
[gazebo-1] [1;36m[Dbg] [SystemManager.cc:80] [0m[1;36mLoaded system [[0m[1;36mgz::sim::systems::UserCommands[0m[1;36m] for entity [[0m[1;36m1[0m[1;36m][0m[1;36m[0m
[gazebo-1] [1;36m[Dbg] [SystemManager.cc:80] [0m[1;36mLoaded system [[0m[1;36mgz::sim::systems::SceneBroadcaster[0m[1;36m] for entity [[0m[1;36m1[0m[1;36m][0m[1;36m[0m
[gazebo-1] [1;36m[Dbg] [SystemManager.cc:80] [0m[1;36mLoaded system [[0m[1;36mgz::sim::systems::Contact[0m[1;36m] for entity [[0m[1;36m1[0m[1;36m][0m[1;36m[0m
[gazebo-1] [1;32m[Msg] [0m[1;32mLoaded level [[0m[1;32mdefault[0m[1;32m][0m[1;32m[0m
[gazebo-1] [1;32m[Msg] [0m[1;32mServing world controls on [[0m[1;32m/world/warehouse[0m[1;32m/control], [[0m[1;32m/world/warehouse[0m[1;32m/control/state] and [[0m[1;32m/world/warehouse[0m[1;32m/playback/control][0m[1;32m[0m
[gazebo-1] [1;32m[Msg] [0m[1;32mServing GUI information on [[0m[1;32m/world/warehouse[0m[1;32m/[0m[1;32mgui/info[0m[1;32m][0m[1;32m[0m
[gazebo-1] [1;32m[Msg] [0m[1;32mWorld [[0m[1;32mwarehouse[0m[1;32m] initialized with [[0m[1;32mdefault_physics[0m[1;32m] physics profile.[0m[1;32m[0m
[gazebo-1] [1;32m[Msg] [0m[1;32mServing world SDF generation service on [[0m[1;32m/world/warehouse[0m[1;32m/[0m[1;32mgenerate_world_sdf[0m[1;32m][0m[1;32m[0m
[gazebo-1] [1;32m[Msg] [0m[1;32mServing world names on [[0m[1;32m/gazebo/worlds[0m[1;32m][0m[1;32m[0m
[gazebo-1] [1;32m[Msg] [0m[1;32mResource path add service on [[0m[1;32m/gazebo/resource_paths/add[0m[1;32m].[0m[1;32m[0m
[gazebo-1] [1;32m[Msg] [0m[1;32mResource path get service on [[0m[1;32m/gazebo/resource_paths/get[0m[1;32m].[0m[1;32m[0m
[gazebo-1] [1;32m[Msg] [0m[1;32mResource path resolve service on [[0m[1;32m/gazebo/resource_paths/resolve[0m[1;32m].[0m[1;32m[0m
[gazebo-1] [1;32m[Msg] [0m[1;32mResource paths published on [[0m[1;32m/gazebo/resource_paths[0m[1;32m].[0m[1;32m[0m
[gazebo-1] [1;32m[Msg] [0m[1;32mServer control service on [[0m[1;32m/server_control[0m[1;32m].[0m[1;32m[0m
[gazebo-1] [1;32m[Msg] [0m[1;32mFound no publishers on /stats, adding root stats topic[0m[1;32m[0m
[gazebo-1] [1;32m[Msg] [0m[1;32mFound no publishers on /clock, adding root clock topic[0m[1;32m[0m
[gazebo-1] [1;36m[Dbg] [SimulationRunner.cc:533] [0m[1;36mCreating PostUpdate worker threads: [0m[1;36m3[0m[1;36m[0m
[gazebo-1] [1;36m[Dbg] [SimulationRunner.cc:544] [0m[1;36mCreating postupdate worker thread ([0m[1;36m0[0m[1;36m)[0m[1;36m[0m
[gazebo-1] [1;36m[Dbg] [SimulationRunner.cc:544] [0m[1;36mCreating postupdate worker thread ([0m[1;36m1[0m[1;36m)[0m[1;36m[0m
[gazebo-1] [1;36m[Dbg] [SDFFeatures.cc:332] [0m[1;36mMesh construction from an SDF has not been implemented yet for [0m[1;36mdartsim. Use AttachMeshShapeFeature to use mesh shapes.[0m
[gazebo-1] [1;36m[Dbg] [SDFFeatures.cc:864] [0m[1;36mThe geometry element of collision [[0m[1;36mwarehouse_collision[0m[1;36m] [0m[1;36mcouldn't be created[0m
[gazebo-1] [1;36m[Dbg] [SDFFeatures.cc:332] [0m[1;36mMesh construction from an SDF has not been implemented yet for [0m[1;36mdartsim. Use AttachMeshShapeFeature to use mesh shapes.[0m
[gazebo-1] [1;36m[Dbg] [SDFFeatures.cc:864] [0m[1;36mThe geometry element of collision [[0m[1;36mcollision[0m[1;36m] [0m[1;36mcouldn't be created[0m
[gazebo-1] [1;36m[Dbg] [SDFFeatures.cc:332] [0m[1;36mMesh construction from an SDF has not been implemented yet for [0m[1;36mdartsim. Use AttachMeshShapeFeature to use mesh shapes.[0m
[gazebo-1] [1;36m[Dbg] [SDFFeatures.cc:864] [0m[1;36mThe geometry element of collision [[0m[1;36mcollision[0m[1;36m] [0m[1;36mcouldn't be created[0m
[gazebo-1] [1;36m[Dbg] [SDFFeatures.cc:332] [0m[1;36mMesh construction from an SDF has not been implemented yet for [0m[1;36mdartsim. Use AttachMeshShapeFeature to use mesh shapes.[0m
[gazebo-1] [1;33m[Wrn] [OBJLoader.cc:91] [0m[1;33mBoth `d` and `Tr` parameters defined for "Chair". Use the value of `d` for dissolve (line 8 in .mtl.)[0m
[gazebo-1] [1;33m[0m
[gazebo-1] [1;33m[Wrn] [OBJLoader.cc:91] [0m[1;33mBoth `d` and `Tr` parameters defined for "CoffeeTable". Use the value of `d` for dissolve (line 8 in .mtl.)[0m
[gazebo-1] [1;33m[0m
[create-6] [INFO] [1791305239.657839992] [ros_gz_sim]: Waiting messages on topic [robot_description].
[wait_for_ready-47] [INFO] [1791305239.667196156] [wait_for_rviz]: ready: topic /clock (message received)
[motion_control-34] [INFO] [1791305239.686489352] [motion_control]: Robot max speed is now 0.460000 m/s
[parameter_bridge-8] [INFO] [1791305239.686612004] [cmd_vel_bridge]: Passing message from ROS geometry_msgs/msg/TwistStamped to Gazebo gz.msgs.Twist (showing msg only once per type)
[create-7] [INFO] [1791305239.758666881] [ros_gz_sim]: Waiting messages on topic [standard_dock_description].
[create-6] [INFO] [1791305240.422241123] [ros_gz_sim]: Entity creation successful.
[INFO] [create-6]: process has finished cleanly [pid 35312]
[gazebo-1] [1;36m[Dbg] [SDFFeatures.cc:864] [0m[1;36mThe geometry element of collision [[0m[1;36mcollision[0m[1;36m] [0m[1;36mcouldn't be created[0m
[gazebo-1] [1;36m[Dbg] [SDFFeatures.cc:332] [0m[1;36mMesh construction from an SDF has not been implemented yet for [0m[1;36mdartsim. Use AttachMeshShapeFeature to use mesh shapes.[0m
[gazebo-1] [1;36m[Dbg] [SDFFeatures.cc:864] [0m[1;36mThe geometry element of collision [[0m[1;36mcollision[0m[1;36m] [0m[1;36mcouldn't be created[0m
[gazebo-1] [1;36m[Dbg] [SDFFeatures.cc:332] [0m[1;36mMesh construction from an SDF has not been implemented yet for [0m[1;36mdartsim. Use AttachMeshShapeFeature to use mesh shapes.[0m
[gazebo-1] [1;36m[Dbg] [SDFFeatures.cc:864] [0m[1;36mThe geometry element of collision [[0m[1;36mcollision[0m[1;36m] [0m[1;36mcouldn't be created[0m
[gazebo-1] [1;36m[Dbg] [SimulationFeatures.cc:90] [0m[1;36mSimulation timestep set to: [0m[1;36m0.003[0m[1;36m[0m
[gazebo-1] [1;32m[Msg] [0m[1;32mServing scene information on [[0m[1;32m/world/warehouse[0m[1;32m/[0m[1;32mscene/info[0m[1;32m][0m[1;32m[0m
[gazebo-1] [1;32m[Msg] [0m[1;32mServing graph information on [[0m[1;32m/world/warehouse[0m[1;32m/[0m[1;32mscene/graph[0m[1;32m][0m[1;32m[0m
[gazebo-1] [1;32m[Msg] [0m[1;32mServing full state on [[0m[1;32m/world/warehouse[0m[1;32m/[0m[1;32mstate[0m[1;32m][0m[1;32m[0m
[gazebo-1] [1;32m[Msg] [0m[1;32mServing full state (async) on [[0m[1;32m/world/warehouse[0m[1;32m/[0m[1;32mstate_async[0m[1;32m][0m[1;32m[0m
[gazebo-1] [1;32m[Msg] [0m[1;32mPublishing scene information on [[0m[1;32m/world/warehouse/scene/info[0m[1;32m][0m[1;32m[0m
[gazebo-1] [1;32m[Msg] [0m[1;32mPublishing entity deletions on [[0m[1;32m/world/warehouse/scene/deletion[0m[1;32m][0m[1;32m[0m
[gazebo-1] [1;32m[Msg] [0m[1;32mPublishing state changes on [[0m[1;32m/world/warehouse/state[0m[1;32m][0m[1;32m[0m
[gazebo-1] [1;32m[Msg] [0m[1;32mPublishing pose messages on [[0m[1;32m/world/warehouse[0m[1;32m/[0m[1;32mpose/info[0m[1;32m][0m[1;32m[0m
[gazebo-1] [1;32m[Msg] [0m[1;32mPublishing dynamic pose messages on [[0m[1;32m/world/warehouse[0m[1;32m/[0m[1;32mdynamic_pose/info[0m[1;32m][0m[1;32m[0m
[gazebo-1] [1;36m[Dbg] [EntityComponentManager.cc:1656] [0m[1;36mUpdated state thread iterators: [0m[1;36m16[0m[1;36m threads processing around [0m[1;36m10[0m[1;36m entities each.[0m[1;36m[0m
[gazebo-1] [1;33mWarning [Utils.cc:132][0m [/sdf/model[@name="tb4_lite6"]/joint[@name="wheel_drop_left_joint"]/physics/ode/provide_feedback:<urdf-string>:L0]: XML Element[provide_feedback], child of element[ode], not defined in SDF. Copying[provide_feedback] as children of [ode].
[gazebo-1] [1;33mWarning [Utils.cc:132][0m [/sdf/model[@name="tb4_lite6"]/joint[@name="wheel_drop_right_joint"]/physics/ode/provide_feedback:<urdf-string>:L0]: XML Element[provide_feedback], child of element[ode], not defined in SDF. Copying[provide_feedback] as children of [ode].
[gazebo-1] [1;33m[Wrn] [SdfEntityCreator.cc:933] [0m[1;33mGazebo does not support Ogre material scripts. See [0m[1;33mhttps://gazebosim.org/api/sim/8/migrationsdf.html#:~:text=Materials [0m[1;33mfor details.[0m[1;33m[0m
[gazebo-1] [1;33m[Wrn] [SdfEntityCreator.cc:949] [0m[1;33mUsing an internal gazebo.material to parse [0m[1;33mGazebo/DarkGrey[0m[1;33m[0m
[gazebo-1] [1;33m[Wrn] [SdfEntityCreator.cc:933] [0m[1;33mGazebo does not support Ogre material scripts. See [0m[1;33mhttps://gazebosim.org/api/sim/8/migrationsdf.html#:~:text=Materials [0m[1;33mfor details.[0m[1;33m[0m
[gazebo-1] [1;33m[Wrn] [SdfEntityCreator.cc:949] [0m[1;33mUsing an internal gazebo.material to parse [0m[1;33mGazebo/DarkGrey[0m[1;33m[0m
[gazebo-1] [1;33m[Wrn] [SdfEntityCreator.cc:933] [0m[1;33mGazebo does not support Ogre material scripts. See [0m[1;33mhttps://gazebosim.org/api/sim/8/migrationsdf.html#:~:text=Materials [0m[1;33mfor details.[0m[1;33m[0m
[gazebo-1] [1;33m[Wrn] [SdfEntityCreator.cc:949] [0m[1;33mUsing an internal gazebo.material to parse [0m[1;33mGazebo/DarkGrey[0m[1;33m[0m
[gazebo-1] [1;33m[Wrn] [SdfEntityCreator.cc:933] [0m[1;33mGazebo does not support Ogre material scripts. See [0m[1;33mhttps://gazebosim.org/api/sim/8/migrationsdf.html#:~:text=Materials [0m[1;33mfor details.[0m[1;33m[0m
[gazebo-1] [1;33m[Wrn] [SdfEntityCreator.cc:949] [0m[1;33mUsing an internal gazebo.material to parse [0m[1;33mGazebo/DarkGrey[0m[1;33m[0m
[create-7] [INFO] [1791305240.608066294] [ros_gz_sim]: Entity creation successful.
[gazebo-1] [INFO] [1791305240.701489137] [gz_ros_control]: [gz_ros2_control] Fixed joint ['bumper_joint'] (Entity='254') is skipped.
[gazebo-1] [INFO] [1791305240.701519661] [gz_ros_control]: [gz_ros2_control] Fixed joint ['front_caster_joint'] (Entity='255') is skipped.
[gazebo-1] [INFO] [1791305240.701524128] [gz_ros_control]: [gz_ros2_control] Fixed joint ['front_left_bottom_weight_block_joint'] (Entity='256') is skipped.
[gazebo-1] [INFO] [1791305240.701527854] [gz_ros_control]: [gz_ros2_control] Fixed joint ['front_left_top_weight_block_joint'] (Entity='257') is skipped.
[gazebo-1] [INFO] [1791305240.701531220] [gz_ros_control]: [gz_ros2_control] Fixed joint ['front_right_bottom_weight_block_joint'] (Entity='258') is skipped.
[gazebo-1] [INFO] [1791305240.701534471] [gz_ros_control]: [gz_ros2_control] Fixed joint ['front_right_top_weight_block_joint'] (Entity='259') is skipped.
[gazebo-1] [INFO] [1791305240.701537832] [gz_ros_control]: [gz_ros2_control] Fixed joint ['imu_joint'] (Entity='260') is skipped.
[gazebo-1] [INFO] [1791305240.701545801] [gz_ros_control]: [gz_ros2_control] Fixed joint ['ir_intensity_front_center_left_joint'] (Entity='261') is skipped.
[gazebo-1] [INFO] [1791305240.701549412] [gz_ros_control]: [gz_ros2_control] Fixed joint ['ir_intensity_front_center_right_joint'] (Entity='262') is skipped.
[gazebo-1] [INFO] [1791305240.701552911] [gz_ros_control]: [gz_ros2_control] Fixed joint ['ir_intensity_front_left_joint'] (Entity='263') is skipped.
[gazebo-1] [INFO] [1791305240.701556213] [gz_ros_control]: [gz_ros2_control] Fixed joint ['ir_intensity_front_right_joint'] (Entity='264') is skipped.
[gazebo-1] [INFO] [1791305240.701559576] [gz_ros_control]: [gz_ros2_control] Fixed joint ['ir_intensity_left_joint'] (Entity='265') is skipped.
[gazebo-1] [INFO] [1791305240.701563624] [gz_ros_control]: [gz_ros2_control] Fixed joint ['ir_intensity_right_joint'] (Entity='266') is skipped.
[gazebo-1] [INFO] [1791305240.701567326] [gz_ros_control]: [gz_ros2_control] Fixed joint ['ir_intensity_side_left_joint'] (Entity='267') is skipped.
[gazebo-1] [INFO] [1791305240.701571266] [gz_ros_control]: [gz_ros2_control] Fixed joint ['ir_omni_joint'] (Entity='268') is skipped.
[gazebo-1] [INFO] [1791305240.701574712] [gz_ros_control]: [gz_ros2_control] Fixed joint ['mouse_joint'] (Entity='269') is skipped.
[gazebo-1] [INFO] [1791305240.701579752] [gz_ros_control]: [gz_ros2_control] Fixed joint ['arm_vacuum_gripper_fix'] (Entity='276') is skipped.
[gazebo-1] [INFO] [1791305240.701583463] [gz_ros_control]: [gz_ros2_control] Fixed joint ['front_left_tower_standoff_joint'] (Entity='277') is skipped.
[gazebo-1] [INFO] [1791305240.701586800] [gz_ros_control]: [gz_ros2_control] Fixed joint ['front_right_tower_standoff_joint'] (Entity='278') is skipped.
[gazebo-1] [INFO] [1791305240.701590826] [gz_ros_control]: [gz_ros2_control] Fixed joint ['oakd_camera_bracket_joint'] (Entity='279') is skipped.
[gazebo-1] [INFO] [1791305240.701594559] [gz_ros_control]: [gz_ros2_control] Fixed joint ['oakd_joint'] (Entity='280') is skipped.
[gazebo-1] [INFO] [1791305240.701598342] [gz_ros_control]: [gz_ros2_control] Fixed joint ['oakd_imu_joint'] (Entity='281') is skipped.
[gazebo-1] [INFO] [1791305240.701601539] [gz_ros_control]: [gz_ros2_control] Fixed joint ['oakd_left_camera_joint'] (Entity='282') is skipped.
[gazebo-1] [INFO] [1791305240.701605514] [gz_ros_control]: [gz_ros2_control] Fixed joint ['oakd_left_camera_optical_joint'] (Entity='283') is skipped.
[gazebo-1] [INFO] [1791305240.701609047] [gz_ros_control]: [gz_ros2_control] Fixed joint ['oakd_rgb_camera_joint'] (Entity='284') is skipped.
[gazebo-1] [INFO] [1791305240.701612606] [gz_ros_control]: [gz_ros2_control] Fixed joint ['oakd_rgb_camera_optical_joint'] (Entity='285') is skipped.
[gazebo-1] [INFO] [1791305240.701616019] [gz_ros_control]: [gz_ros2_control] Fixed joint ['oakd_right_camera_joint'] (Entity='286') is skipped.
[gazebo-1] [INFO] [1791305240.701619855] [gz_ros_control]: [gz_ros2_control] Fixed joint ['oakd_right_camera_optical_joint'] (Entity='287') is skipped.
[gazebo-1] [INFO] [1791305240.701623121] [gz_ros_control]: [gz_ros2_control] Fixed joint ['rear_left_tower_standoff_joint'] (Entity='288') is skipped.
[gazebo-1] [INFO] [1791305240.701627246] [gz_ros_control]: [gz_ros2_control] Fixed joint ['rear_right_tower_standoff_joint'] (Entity='289') is skipped.
[gazebo-1] [INFO] [1791305240.701631112] [gz_ros_control]: [gz_ros2_control] Fixed joint ['rplidar_joint'] (Entity='290') is skipped.
[gazebo-1] [INFO] [1791305240.701697876] [gz_ros_control]: [gz_ros2_control] Fixed joint ['tower_sensor_plate_joint'] (Entity='291') is skipped.
[gazebo-1] [INFO] [1791305240.710368073] [gz_ros_control]: Loading controller_manager
[INFO] [create-7]: process has finished cleanly [pid 35314]
[gazebo-1] [INFO] [1791305240.736232103] [controller_manager]: Using ROS clock for triggering controller manager cycles.
[gazebo-1] [INFO] [1791305240.740423271] [controller_manager]: Subscribing to '/robot_description' topic for robot description.
[gazebo-1] [WARN] [1791305240.742111776] [gz_ros_control]: Waiting RM to load and initialize hardware...
[gazebo-1] [1;33m[GUI] [Wrn] [OBJLoader.cc:91] [0m[1;33mBoth `d` and `Tr` parameters defined for "Chair". Use the value of `d` for dissolve (line 8 in .mtl.)[0m
[gazebo-1] [1;33m[0m
[gazebo-1] [1;33m[GUI] [Wrn] [OBJLoader.cc:91] [0m[1;33mBoth `d` and `Tr` parameters defined for "CoffeeTable". Use the value of `d` for dissolve (line 8 in .mtl.)[0m
[gazebo-1] [1;33m[0m
[gazebo-1] [WARN] [1791305241.739991164] [controller_manager]: Waiting for data on 'robot_description' topic to finish initialization
[wait_for_ready-48] [INFO] [1791305241.866069645] [wait_for_sim]: ready: node controller_manager
[wait_for_ready-48] [INFO] [1791305241.867312425] [wait_for_sim]: ready: service /controller_manager/set_parameters
[gazebo-1] [WARN] [1791305242.739965427] [controller_manager]: Waiting for data on 'robot_description' topic to finish initialization
[gazebo-1] [WARN] [1791305242.742181139] [gz_ros_control]: Waiting RM to load and initialize hardware...
[gazebo-1] [INFO] [1791305243.330753106] [controller_manager]: Received robot description from topic.
[gazebo-1] [INFO] [1791305243.330811869] [controller_manager]: Enforcing command limits is disabled. Command limits from URDF will be ignored.
[gazebo-1] [INFO] [1791305243.339790948] [gz_ros_control]: The position_proportional_gain has been set to: 0.1
[gazebo-1] [INFO] [1791305243.339847076] [gz_ros_control]: Loading joint: left_wheel_joint
[gazebo-1] [INFO] [1791305243.339851495] [gz_ros_control]: 	State:
[gazebo-1] [INFO] [1791305243.339854467] [gz_ros_control]: 		 velocity
[gazebo-1] [INFO] [1791305243.339857594] [gz_ros_control]: 		 position
[gazebo-1] [INFO] [1791305243.339862004] [gz_ros_control]: 	Command:
[gazebo-1] [INFO] [1791305243.339864116] [gz_ros_control]: 		 velocity
[gazebo-1] [INFO] [1791305243.339941519] [gz_ros_control]: Loading sensor: imu
[gazebo-1] [INFO] [1791305243.339947509] [gz_ros_control]: 	State:
[gazebo-1] [WARN] [1791305243.339950648] [gz_ros_control]: IMU sensor 'imu' not found in hardware_info, skipping.
[gazebo-1] [INFO] [1791305243.340017698] [controller_manager]: Initialize hardware 'left_wheel_controller' 
[gazebo-1] [WARN] [1791305243.340027911] [controller_manager.hardware_component.system.left_wheel_controller]: Executor is not available during hardware component initialization for 'left_wheel_controller'. Skipping node creation!
[gazebo-1] [INFO] [1791305243.340043219] [controller_manager]: Successful initialization of hardware 'left_wheel_controller'
[gazebo-1] [INFO] [1791305243.340089228] [gz_ros_control]: The position_proportional_gain has been set to: 0.1
[gazebo-1] [INFO] [1791305243.340107357] [gz_ros_control]: Loading joint: right_wheel_joint
[gazebo-1] [INFO] [1791305243.340110284] [gz_ros_control]: 	State:
[gazebo-1] [INFO] [1791305243.340114892] [gz_ros_control]: 		 velocity
[gazebo-1] [INFO] [1791305243.340117814] [gz_ros_control]: 		 position
[gazebo-1] [INFO] [1791305243.340120356] [gz_ros_control]: 	Command:
[gazebo-1] [INFO] [1791305243.340122370] [gz_ros_control]: 		 velocity
[gazebo-1] [INFO] [1791305243.340131355] [gz_ros_control]: Loading sensor: imu
[gazebo-1] [INFO] [1791305243.340133751] [gz_ros_control]: 	State:
[gazebo-1] [WARN] [1791305243.340136473] [gz_ros_control]: IMU sensor 'imu' not found in hardware_info, skipping.
[gazebo-1] [INFO] [1791305243.340152596] [controller_manager]: Initialize hardware 'right_wheel_controller' 
[gazebo-1] [WARN] [1791305243.340157987] [controller_manager.hardware_component.system.right_wheel_controller]: Executor is not available during hardware component initialization for 'right_wheel_controller'. Skipping node creation!
[gazebo-1] [INFO] [1791305243.340171049] [controller_manager]: Successful initialization of hardware 'right_wheel_controller'
[gazebo-1] [INFO] [1791305243.340201461] [gz_ros_control]: The position_proportional_gain has been set to: 0.1
[gazebo-1] [INFO] [1791305243.340215441] [gz_ros_control]: Loading joint: arm_joint1
[gazebo-1] [INFO] [1791305243.340218541] [gz_ros_control]: 	State:
[gazebo-1] [INFO] [1791305243.340220714] [gz_ros_control]: 		 position
[gazebo-1] [INFO] [1791305243.340223116] [gz_ros_control]: 		 velocity
[gazebo-1] [INFO] [1791305243.340225456] [gz_ros_control]: 	Command:
[gazebo-1] [INFO] [1791305243.340229537] [gz_ros_control]: 		 position
[gazebo-1] [INFO] [1791305243.340237371] [gz_ros_control]: 		 velocity
[gazebo-1] [INFO] [1791305243.340247759] [gz_ros_control]: Loading joint: arm_joint2
[gazebo-1] [INFO] [1791305243.340250332] [gz_ros_control]: 	State:
[gazebo-1] [INFO] [1791305243.340277123] [gz_ros_control]: 		 position
[gazebo-1] [INFO] [1791305243.340281178] [gz_ros_control]: 		 velocity
[gazebo-1] [INFO] [1791305243.340283311] [gz_ros_control]: 	Command:
[gazebo-1] [INFO] [1791305243.340285313] [gz_ros_control]: 		 position
[gazebo-1] [INFO] [1791305243.340292748] [gz_ros_control]: 		 velocity
[gazebo-1] [INFO] [1791305243.340301170] [gz_ros_control]: Loading joint: arm_joint3
[gazebo-1] [INFO] [1791305243.340303726] [gz_ros_control]: 	State:
[gazebo-1] [INFO] [1791305243.340306053] [gz_ros_control]: 		 position
[gazebo-1] [INFO] [1791305243.340308445] [gz_ros_control]: 		 velocity
[gazebo-1] [INFO] [1791305243.340310347] [gz_ros_control]: 	Command:
[gazebo-1] [INFO] [1791305243.340312169] [gz_ros_control]: 		 position
[gazebo-1] [INFO] [1791305243.340317228] [gz_ros_control]: 		 velocity
[gazebo-1] [INFO] [1791305243.340324540] [gz_ros_control]: Loading joint: arm_joint4
[gazebo-1] [INFO] [1791305243.340328635] [gz_ros_control]: 	State:
[gazebo-1] [INFO] [1791305243.340330603] [gz_ros_control]: 		 position
[gazebo-1] [INFO] [1791305243.340333212] [gz_ros_control]: 		 velocity
[gazebo-1] [INFO] [1791305243.340335106] [gz_ros_control]: 	Command:
[gazebo-1] [INFO] [1791305243.340336922] [gz_ros_control]: 		 position
[gazebo-1] [INFO] [1791305243.340341745] [gz_ros_control]: 		 velocity
[gazebo-1] [INFO] [1791305243.340348941] [gz_ros_control]: Loading joint: arm_joint5
[gazebo-1] [INFO] [1791305243.340351166] [gz_ros_control]: 	State:
[gazebo-1] [INFO] [1791305243.340353049] [gz_ros_control]: 		 position
[gazebo-1] [INFO] [1791305243.340356232] [gz_ros_control]: 		 velocity
[gazebo-1] [INFO] [1791305243.340358264] [gz_ros_control]: 	Command:
[gazebo-1] [INFO] [1791305243.340360155] [gz_ros_control]: 		 position
[gazebo-1] [INFO] [1791305243.340365771] [gz_ros_control]: 		 velocity
[gazebo-1] [INFO] [1791305243.340373200] [gz_ros_control]: Loading joint: arm_joint6
[gazebo-1] [INFO] [1791305243.340375470] [gz_ros_control]: 	State:
[gazebo-1] [INFO] [1791305243.340377324] [gz_ros_control]: 		 position
[gazebo-1] [INFO] [1791305243.340379168] [gz_ros_control]: 		 velocity
[gazebo-1] [INFO] [1791305243.340382379] [gz_ros_control]: 	Command:
[gazebo-1] [INFO] [1791305243.340384261] [gz_ros_control]: 		 position
[gazebo-1] [INFO] [1791305243.340389502] [gz_ros_control]: 		 velocity
[gazebo-1] [INFO] [1791305243.340392897] [gz_ros_control]: Loading sensor: imu
[gazebo-1] [INFO] [1791305243.340395303] [gz_ros_control]: 	State:
[gazebo-1] [WARN] [1791305243.340397447] [gz_ros_control]: IMU sensor 'imu' not found in hardware_info, skipping.
[gazebo-1] [INFO] [1791305243.340417739] [controller_manager]: Initialize hardware 'arm_gz_ros2_control/GazeboSimSystem' 
[gazebo-1] [WARN] [1791305243.340426264] [controller_manager.hardware_component.system.arm_gz_ros2_control/GazeboSimSystem]: Executor is not available during hardware component initialization for 'arm_gz_ros2_control/GazeboSimSystem'. Skipping node creation!
[gazebo-1] [INFO] [1791305243.340449799] [controller_manager]: Successful initialization of hardware 'arm_gz_ros2_control/GazeboSimSystem'
[gazebo-1] [INFO] [1791305243.340518099] [controller_manager]: Activating component 'arm_gz_ros2_control/GazeboSimSystem'.
[gazebo-1] [INFO] [1791305243.340523077] [resource_manager]: 'configure' hardware 'arm_gz_ros2_control/GazeboSimSystem' 
[gazebo-1] [INFO] [1791305243.340524920] [gz_ros_control]: System Successfully configured!
[gazebo-1] [INFO] [1791305243.340531904] [resource_manager]: Successful 'configure' of hardware 'arm_gz_ros2_control/GazeboSimSystem'
[gazebo-1] [INFO] [1791305243.340535807] [resource_manager]: 'activate' hardware 'arm_gz_ros2_control/GazeboSimSystem' 
[gazebo-1] [INFO] [1791305243.340538733] [resource_manager]: Successful 'activate' of hardware 'arm_gz_ros2_control/GazeboSimSystem'
[gazebo-1] [INFO] [1791305243.340561666] [controller_manager]: Activating component 'right_wheel_controller'.
[gazebo-1] [INFO] [1791305243.340565185] [resource_manager]: 'configure' hardware 'right_wheel_controller' 
[gazebo-1] [INFO] [1791305243.340566630] [gz_ros_control]: System Successfully configured!
[gazebo-1] [INFO] [1791305243.340568887] [resource_manager]: Successful 'configure' of hardware 'right_wheel_controller'
[gazebo-1] [INFO] [1791305243.340570567] [resource_manager]: 'activate' hardware 'right_wheel_controller' 
[gazebo-1] [INFO] [1791305243.340572396] [resource_manager]: Successful 'activate' of hardware 'right_wheel_controller'
[gazebo-1] [INFO] [1791305243.340580513] [controller_manager]: Activating component 'left_wheel_controller'.
[gazebo-1] [INFO] [1791305243.340584485] [resource_manager]: 'configure' hardware 'left_wheel_controller' 
[gazebo-1] [INFO] [1791305243.340600505] [gz_ros_control]: System Successfully configured!
[gazebo-1] [INFO] [1791305243.340603928] [resource_manager]: Successful 'configure' of hardware 'left_wheel_controller'
[gazebo-1] [INFO] [1791305243.340605623] [resource_manager]: 'activate' hardware 'left_wheel_controller' 
[gazebo-1] [INFO] [1791305243.340607351] [resource_manager]: Successful 'activate' of hardware 'left_wheel_controller'
[gazebo-1] [WARN] [1791305243.340615939] [controller_manager]: Component 'arm_gz_ros2_control/GazeboSimSystem' does not have read or write statistics initialized, skipping registration.
[gazebo-1] [WARN] [1791305243.340618965] [controller_manager]: Component 'right_wheel_controller' does not have read or write statistics initialized, skipping registration.
[gazebo-1] [WARN] [1791305243.340621209] [controller_manager]: Component 'left_wheel_controller' does not have read or write statistics initialized, skipping registration.
[gazebo-1] [INFO] [1791305243.340626301] [controller_manager]: Resource Manager has been successfully initialized. Starting Controller Manager services...
[gazebo-1] [INFO] [1791305243.566470366] [controller_manager]: Loading controller : 'joint_state_broadcaster' of type 'joint_state_broadcaster/JointStateBroadcaster'
[gazebo-1] [INFO] [1791305243.566507859] [controller_manager]: Loading controller 'joint_state_broadcaster'
[gazebo-1] [WARN] [1791305243.575090900] [controller_manager]: The use of remapping arguments to the controller_manager node is deprecated. Please use the '--controller-ros-args' argument of the spawner to pass remapping arguments to the controller node.
[gazebo-1] [INFO] [1791305243.575127811] [controller_manager]: Controller 'joint_state_broadcaster' node arguments: --ros-args --params-file /home/y/u/yunqiao/IROB_Mobile_Robot_Project/install/irobot_create_control/share/irobot_create_control/config/control.yaml --params-file /home/y/u/yunqiao/IROB_Mobile_Robot_Project/install/warehouse_inventory_robot/share/warehouse_inventory_robot/config/arm_controller_types.yaml --ros-args --remap ~/odom:=odom --remap /tf:=tf --remap /tf_static:=tf_static --remap /diagnostics:=diagnostics -p use_sim_time:=true --param use_sim_time:=true 
[spawner-31] [INFO] [1791305243.597747353] [spawner_joint_state_broadcaster]: Loaded joint_state_broadcaster
[gazebo-1] [INFO] [1791305243.600007060] [controller_manager]: Configuring controller: 'joint_state_broadcaster'
[gazebo-1] [INFO] [1791305243.600081887] [joint_state_broadcaster]: 'joints' or 'interfaces' parameter is empty. All available state interfaces will be published
[gazebo-1] [INFO] [1791305243.616487595] [controller_manager]: Activating controllers: [ joint_state_broadcaster ]
[gazebo-1] [1;36m[Dbg] [SystemManager.cc:80] [0m[1;36mLoaded system [[0m[1;36mgz_ros2_control::GazeboSimROS2ControlPlugin[0m[1;36m] for entity [[0m[1;36m148[0m[1;36m][0m[1;36m[0m
[gazebo-1] [1;36m[Dbg] [SystemManager.cc:80] [0m[1;36mLoaded system [[0m[1;36mgz::sim::systems::PosePublisher[0m[1;36m] for entity [[0m[1;36m148[0m[1;36m][0m[1;36m[0m
[gazebo-1] [1;36m[Dbg] [SystemManager.cc:80] [0m[1;36mLoaded system [[0m[1;36mgz::sim::systems::Contact[0m[1;36m] for entity [[0m[1;36m148[0m[1;36m][0m[1;36m[0m
[gazebo-1] [1;36m[Dbg] [Sensors.cc:697] [0m[1;36mConfiguring Sensors system[0m[1;36m[0m
[gazebo-1] [1;36m[Dbg] [Sensors.cc:557] [0m[1;36mSensorsPrivate::Run[0m[1;36m[0m
[gazebo-1] [1;36m[Dbg] [SystemManager.cc:80] [0m[1;36mLoaded system [[0m[1;36mgz::sim::systems::Sensors[0m[1;36m] for entity [[0m[1;36m148[0m[1;36m][0m[1;36m[0m
[gazebo-1] [1;36m[Dbg] [Sensors.cc:532] [0m[1;36mSensorsPrivate::RenderThread started[0m[1;36m[0m
[gazebo-1] [1;36m[Dbg] [Sensors.cc:337] [0m[1;36mWaiting for init[0m[1;36m[0m
[gazebo-1] [1;36m[Dbg] [DetachableJoint.cc:137] [0m[1;36mDetach topic is: [0m[1;36m/vacuum_gripper/detach[0m[1;36m[0m
[gazebo-1] [1;36m[Dbg] [DetachableJoint.cc:143] [0m[1;36mDetachableJoint subscribing to messages on [0m[1;36m[[0m[1;36m/vacuum_gripper/detach[0m[1;36m][0m[1;36m[0m
[gazebo-1] [1;36m[Dbg] [DetachableJoint.cc:160] [0m[1;36mAttach topic is: [0m[1;36m/vacuum_gripper/attach[0m[1;36m[0m
[gazebo-1] [1;36m[Dbg] [DetachableJoint.cc:195] [0m[1;36mOutput topic is: [0m[1;36m/vacuum_gripper/state[0m[1;36m[0m
[gazebo-1] [1;36m[Dbg] [SystemManager.cc:80] [0m[1;36mLoaded system [[0m[1;36mgz::sim::systems::DetachableJoint[0m[1;36m] for entity [[0m[1;36m148[0m[1;36m][0m[1;36m[0m
[gazebo-1] [1;32m[Msg] [0m[1;32mOdometryPublisher publishing odometry on [[0m[1;32m/model/turtlebot4/odometry[0m[1;32m][0m[1;32m[0m
[gazebo-1] [1;32m[Msg] [0m[1;32mOdometryPublisher publishing odometry with covariance on [[0m[1;32m/model/turtlebot4/odometry_with_covariance[0m[1;32m][0m[1;32m[0m
[gazebo-1] [1;32m[Msg] [0m[1;32mOdometryPublisher publishing Pose_V (TF) on [[0m[1;32m/model/turtlebot4/pose[0m[1;32m][0m[1;32m[0m
[gazebo-1] [1;36m[Dbg] [SystemManager.cc:80] [0m[1;36mLoaded system [[0m[1;36mgz::sim::systems::OdometryPublisher[0m[1;36m] for entity [[0m[1;36m148[0m[1;36m][0m[1;36m[0m
[gazebo-1] [1;36m[Dbg] [UserCommands.cc:1094] [0m[1;36mCreated entity [[0m[1;36m148[0m[1;36m] named [[0m[1;36mturtlebot4[0m[1;36m][0m[1;36m[0m
[gazebo-1] [1;32m[Msg] [0m[1;32mContact system publishing on [0m[1;32m/bumper_contact[0m[1;32m[0m
[gazebo-1] [1;36m[Dbg] [SDFFeatures.cc:332] [0m[1;36mMesh construction from an SDF has not been implemented yet for [0m[1;36mdartsim. Use AttachMeshShapeFeature to use mesh shapes.[0m
[gazebo-1] [1;36m[Dbg] [SDFFeatures.cc:864] [0m[1;36mThe geometry element of collision [[0m[1;36mbase_link_fixed_joint_lump__shell_collision_collision_1[0m[1;36m] [0m[1;36mcouldn't be created[0m
[gazebo-1] [1;36m[Dbg] [SDFFeatures.cc:332] [0m[1;36mMesh construction from an SDF has not been implemented yet for [0m[1;36mdartsim. Use AttachMeshShapeFeature to use mesh shapes.[0m
[gazebo-1] [1;36m[Dbg] [SDFFeatures.cc:864] [0m[1;36mThe geometry element of collision [[0m[1;36mbase_link_fixed_joint_lump__arm_link_base_collision_2[0m[1;36m] [0m[1;36mcouldn't be created[0m
[gazebo-1] [1;36m[Dbg] [SDFFeatures.cc:332] [0m[1;36mMesh construction from an SDF has not been implemented yet for [0m[1;36mdartsim. Use AttachMeshShapeFeature to use mesh shapes.[0m
[gazebo-1] [1;36m[Dbg] [SDFFeatures.cc:864] [0m[1;36mThe geometry element of collision [[0m[1;36mbumper_collision[0m[1;36m] [0m[1;36mcouldn't be created[0m
[gazebo-1] [1;36m[Dbg] [SDFFeatures.cc:332] [0m[1;36mMesh construction from an SDF has not been implemented yet for [0m[1;36mdartsim. Use AttachMeshShapeFeature to use mesh shapes.[0m
[gazebo-1] [1;36m[Dbg] [SDFFeatures.cc:864] [0m[1;36mThe geometry element of collision [[0m[1;36marm_link1_collision[0m[1;36m] [0m[1;36mcouldn't be created[0m
[gazebo-1] [1;33m[Wrn] [Component.hh:127] [0m[1;33mTrying to serialize component with data type [[0m[1;33mSt10shared_ptrIN3sdf3v147ElementEE[0m[1;33m], which doesn't have [0m[1;33m`operator<<`. Component will not be serialized.[0m[1;33m[0m
[gazebo-1] [ERROR] [1791305244.972706745] [gz_ros_control]: Desired controller update period (0.001 s) is faster than the gazebo simulation period (0.003 s).
[gazebo-1] [INFO] [1791305244.976879770] [controller_manager]: Successfully switched controllers!
[gazebo-1] [1;36m[Dbg] [SDFFeatures.cc:332] [0m[1;36mMesh construction from an SDF has not been implemented yet for [0m[1;36mdartsim. Use AttachMeshShapeFeature to use mesh shapes.[0m
[gazebo-1] [1;36m[Dbg] [SDFFeatures.cc:864] [0m[1;36mThe geometry element of collision [[0m[1;36marm_link2_collision[0m[1;36m] [0m[1;36mcouldn't be created[0m
[gazebo-1] [1;36m[Dbg] [SDFFeatures.cc:332] [0m[1;36mMesh construction from an SDF has not been implemented yet for [0m[1;36mdartsim. Use AttachMeshShapeFeature to use mesh shapes.[0m
[gazebo-1] [1;36m[Dbg] [SDFFeatures.cc:864] [0m[1;36mThe geometry element of collision [[0m[1;36marm_link3_collision[0m[1;36m] [0m[1;36mcouldn't be created[0m
[gazebo-1] [1;36m[Dbg] [SDFFeatures.cc:332] [0m[1;36mMesh construction from an SDF has not been implemented yet for [0m[1;36mdartsim. Use AttachMeshShapeFeature to use mesh shapes.[0m
[gazebo-1] [1;36m[Dbg] [SDFFeatures.cc:864] [0m[1;36mThe geometry element of collision [[0m[1;36marm_link4_collision[0m[1;36m] [0m[1;36mcouldn't be created[0m
[gazebo-1] [1;36m[Dbg] [SDFFeatures.cc:332] [0m[1;36mMesh construction from an SDF has not been implemented yet for [0m[1;36mdartsim. Use AttachMeshShapeFeature to use mesh shapes.[0m
[gazebo-1] [1;36m[Dbg] [SDFFeatures.cc:864] [0m[1;36mThe geometry element of collision [[0m[1;36marm_link5_collision[0m[1;36m] [0m[1;36mcouldn't be created[0m
[gazebo-1] [1;36m[Dbg] [SDFFeatures.cc:332] [0m[1;36mMesh construction from an SDF has not been implemented yet for [0m[1;36mdartsim. Use AttachMeshShapeFeature to use mesh shapes.[0m
[gazebo-1] [1;36m[Dbg] [SDFFeatures.cc:864] [0m[1;36mThe geometry element of collision [[0m[1;36marm_link6_collision[0m[1;36m] [0m[1;36mcouldn't be created[0m
[gazebo-1] [1;36m[Dbg] [SDFFeatures.cc:332] [0m[1;36mMesh construction from an SDF has not been implemented yet for [0m[1;36mdartsim. Use AttachMeshShapeFeature to use mesh shapes.[0m
[gazebo-1] [1;36m[Dbg] [SDFFeatures.cc:864] [0m[1;36mThe geometry element of collision [[0m[1;36marm_uflite_vacuum_gripper_link_collision[0m[1;36m] [0m[1;36mcouldn't be created[0m
[gazebo-1] [1;36m[Dbg] [SimulationRunner.cc:560] [0m[1;36mExiting postupdate worker thread ([0m[1;36m0[0m[1;36m)[0m[1;36m[0m
[gazebo-1] [1;36m[Dbg] [SimulationRunner.cc:560] [0m[1;36mExiting postupdate worker thread ([0m[1;36m1[0m[1;36m)[0m[1;36m[0m
[gazebo-1] [1;36m[Dbg] [SimulationRunner.cc:533] [0m[1;36mCreating PostUpdate worker threads: [0m[1;36m8[0m[1;36m[0m
[gazebo-1] [1;36m[Dbg] [SimulationRunner.cc:544] [0m[1;36mCreating postupdate worker thread ([0m[1;36m0[0m[1;36m)[0m[1;36m[0m
[gazebo-1] [1;36m[Dbg] [SimulationRunner.cc:544] [0m[1;36mCreating postupdate worker thread ([0m[1;36m1[0m[1;36m)[0m[1;36m[0m
[gazebo-1] [1;36m[Dbg] [SimulationRunner.cc:544] [0m[1;36mCreating postupdate worker thread ([0m[1;36m2[0m[1;36m)[0m[1;36m[0m
[gazebo-1] [1;36m[Dbg] [SimulationRunner.cc:544] [0m[1;36mCreating postupdate worker thread ([0m[1;36m3[0m[1;36m)[0m[1;36m[0m
[gazebo-1] [1;36m[Dbg] [SimulationRunner.cc:544] [0m[1;36mCreating postupdate worker thread ([0m[1;36m4[0m[1;36m)[0m[1;36m[0m
[gazebo-1] [1;36m[Dbg] [SimulationRunner.cc:544] [0m[1;36mCreating postupdate worker thread ([0m[1;36m5[0m[1;36m)[0m[1;36m[0m
[gazebo-1] [1;36m[Dbg] [SimulationRunner.cc:544] [0m[1;36mCreating postupdate worker thread ([0m[1;36m6[0m[1;36m)[0m[1;36m[0m
[gazebo-1] [1;36m[Dbg] [SystemManager.cc:80] [0m[1;36mLoaded system [[0m[1;36mgz::sim::systems::PosePublisher[0m[1;36m] for entity [[0m[1;36m296[0m[1;36m][0m[1;36m[0m
[gazebo-1] [1;36m[Dbg] [UserCommands.cc:1094] [0m[1;36mCreated entity [[0m[1;36m296[0m[1;36m] named [[0m[1;36mstandard_dock[0m[1;36m][0m[1;36m[0m
[gazebo-1] [1;36m[Dbg] [DetachableJoint.cc:343] [0m[1;36mAttaching entity: [0m[1;36m312[0m[1;36m[0m
[gazebo-1] [1;36m[Dbg] [Physics.cc:1939] [0m[1;36mCreating detachable joint [[0m[1;36m312[0m[1;36m][0m[1;36m[0m
[gazebo-1] [1;36m[Dbg] [Sensors.cc:953] [0m[1;36mInitialization needed[0m[1;36m[0m
[gazebo-1] [1;36m[Dbg] [Sensors.cc:349] [0m[1;36mInitializing render context[0m[1;36m[0m
[gazebo-1] [1;32m[Msg] [0m[1;32mLoading plugin [[0m[1;32mgz-rendering-ogre2[0m[1;32m][0m[1;32m[0m
[gazebo-1] [1;36m[Dbg] [SimulationRunner.cc:560] [0m[1;36mExiting postupdate worker thread ([0m[1;36m6[0m[1;36m)[0m[1;36m[0m
[spawner-31] [INFO] [1791305245.005103792] [spawner_joint_state_broadcaster]: Configured and activated joint_state_broadcaster
[wait_for_ready-48] [INFO] [1791305245.006731736] [wait_for_sim]: ready: service /controller_manager/list_controllers (answered a call)
[gazebo-1] [1;36m[Dbg] [SimulationRunner.cc:560] [0m[1;36mExiting postplugin is using camera [[0m[1;36mscene::Camera(65527)[0m[1;36m][0m[1;36m[0m
[gazebo-1] [1;36m[GUI] [Dbg] [InteractiveViewControl.cc:176] [0m[1;36mInteractiveViewControl plugin is moving camera [[0m[1;36mscene::Camera(65527)[0m[1;36m][0m[1;36m[0m
[gazebo-1] [1;33mWarning [Utils.cc:132][0m [/sdf/model[@name="tb4_lite6"]/joint[@name="wheel_drop_left_joint"]/physics/ode/provide_feedback:<data-string>:L2544]: XML Element[provide_feedback], child of element[ode], not defined in SDF. Copying[provide_feedback] as children of [ode].
[gazebo-1] [1;33mWarning [Utils.cc:132][0m [/sdf/model[@name="tb4_lite6"]/joint[@name="wheel_drop_right_joint"]/physics/ode/provide_feedback:<data-string>:L2665]: XML Element[provide_feedback], child of element[ode], not defined in SDF. Copying[provide_feedback] as children of [ode].
[gazebo-1] [1;33m[GUI] [Wrn] [Component.hh:172] [0m[1;33mTrying to deserialize component with data type [[0m[1;33mSt10shared_ptrIN3sdf3v147ElementEE[0m[1;33m], which doesn't have [0m[1;33m`operator>>`. Component will not be deserialized.[0m[1;33m[0m
[INFO] [spawner-31]: process has finished cleanly [pid 35364]
[INFO] [spawner-49]: process started with pid [36493]
[spawner-49] [INFO] [1791305245.452490368] [spawner_diffdrive_controller]: waiting for service /controller_manager/list_controllers to become available...
[gazebo-1] update worker thread ([0m[1;36m3[0m[1;36m)[0m[1;36m[0m
[gazebo-1] [1;36m[Dbg] [SimulationRunner.cc:560] [0m[1;36mExiting postupdate worker thread ([0m[1;36m0[0m[1;36m)[0m[1;36m[0m
[gazebo-1] [1;36m[Dbg] [SimulationRunner.cc:560] [0m[1;36mExiting postupdate worker thread ([0m[1;36m5[0m[1;36m)[0m[1;36m[0m
[gazebo-1] [1;36m[Dbg] [SimulationRunner.cc:560] [0m[1;36mExiting postupdate worker thread ([0m[1;36m4[0m[1;36m)[0m[1;36m
[gazebo-1] [Dbg] [SimulationRunner.cc:560] [0m[1;36m[0m
[gazebo-1] [1;36mExiting postupdate worker thread ([0m[1;36m2[0m[1;36m[Dbg] [SimulationRunner.cc:560] [0m[1;36m)[0m[1;36mExiting postupdate worker thread ([0m[1;36m1[0m[1;36m)[0m[1;36m[0m
[gazebo-1] [1;36m[Dbg] [SimulationRunner.cc:533] [0m[1;36mCreating PostUpdate worker threads: [0m[1;36m9[0m[1;36m[0m
[gazebo-1] [1;36m[Dbg] [SimulationRunner.cc:544] [0m[1;36mCreating postupdate worker thread ([0m[1;36m0[0m[1;36m)[0m[1;36m[0m
[gazebo-1] [1;36m[Dbg] [SimulationRunner.cc:544] [0m[1;36mCreating postupdate worker thread ([0m[1;36m1[0m[1;36m)[0m[1;36m[0m
[gazebo-1] [1;36m[Dbg] [SimulationRunner.cc:544] [0m[1;36mCreating postupdate worker thread ([0m[1;36m2[0m[1;36m)[0m[1;36m[0m
[gazebo-1] [1;36m[Dbg] [SimulationRunner.cc:544] [0m[1;36mCreating postupdate worker thread ([0m[1;36m3[0m[1;36m)[0m[1;36m[0m
[gazebo-1] [1;36m[Dbg] [SimulationRunner.cc:544] [0m[1;36mCreating postupdate worker thread ([0m[1;36m4[0m[1;36m)[0m[1;36m[0m
[gazebo-1] [1;36m[Dbg] [SimulationRunner.cc:544] [0m[1;36mCreating postupdate worker thread ([0m[1;36m5[0m[1;36m)[0m[1;36m[0m
[gazebo-1] [1;36m[Dbg] [SimulationRunner.cc:544] [0m[1;36mCreating postupdate worker thread ([0m[1;36m6[0m[1;36m)[0m[1;36m[0m
[gazebo-1] [1;36m[Dbg] [SimulationRunner.cc:544] [0m[1;36mCreating postupdate worker thread ([0m[1;36m7[0m[1;36m)[0m[1;36m[0m
[gazebo-1] [1;36m[Dbg] [RenderUtil.cc:2646] [0m[1;36mCreate scene [[0m[1;36mscene[0m[1;36m][0m[1;36m[0m
[gazebo-1] [1;36m[Dbg] [Sensors.cc:391] [0m[1;36mRendering Thread initialized[0m[1;36m[0m
[gazebo-1] [1;36m[Dbg] [Sensors.cc:953] [0m[1;36mInitialization needed[0m[1;36m[0m
[gazebo-1] [1;33m[GUI] [Wrn] [ColladaLoader.cc:2395] [0m[1;33mTriangle input semantic: '[0m[1;33mCOLOR[0m[1;33m' is currently[0m[1;33m not supported[0m[1;33m[0m
[gazebo-1] [1;33m[GUI] [Wrn] [ColladaLoader.cc:2395] [0m[1;33mTriangle input semantic: '[0m[1;33mCOLOR[0m[1;33m' is currently[0m[1;33m not supported[0m[1;33m[0m
[spawner-49] [INFO] [1791305247.463346909] [spawner_diffdrive_controller]: Setting controller param "params_file" to "['/home/y/u/yunqiao/IROB_Mobile_Robot_Project/install/irobot_create_control/share/irobot_create_control/config/control.yaml']" for diffdrive_controller
[gazebo-1] [INFO] [1791305247.469955261] [controller_manager]: Loading controller : 'diffdrive_controller' of type 'diff_drive_controller/DiffDriveController'
[gazebo-1] [INFO] [1791305247.469990745] [controller_manager]: Loading controller 'diffdrive_controller'
[gazebo-1] [WARN] [1791305247.475101437] [controller_manager]: The use of remapping arguments to the controller_manager node is deprecated. Please use the '--controller-ros-args' argument of the spawner to pass remapping arguments to the controller node.
[gazebo-1] [INFO] [1791305247.475138602] [controller_manager]: Controller 'diffdrive_controller' node arguments: --ros-args --params-file /home/y/u/yunqiao/IROB_Mobile_Robot_Project/install/irobot_create_control/share/irobot_create_control/config/control.yaml --params-file /home/y/u/yunqiao/IROB_Mobile_Robot_Project/install/warehouse_inventory_robot/share/warehouse_inventory_robot/config/arm_controller_types.yaml --ros-args --remap ~/odom:=odom --remap /tf:=tf --remap /tf_static:=tf_static --remap /diagnostics:=diagnostics -p use_sim_time:=true --params-file /home/y/u/yunqiao/IROB_Mobile_Robot_Project/install/irobot_create_control/share/irobot_create_control/config/control.yaml --param use_sim_time:=true 
[gazebo-1] [1;33m[Wrn] [ColladaLoader.cc:2395] [0m[1;33mTriangle input semantic: '[0m[1;33mCOLOR[0m[1;33m' is currently[0m[1;33m not supported[0m[1;33m[0m
[gazebo-1] [1;33m[Wrn] [ColladaLoader.cc:2395] [0m[1;33mTriangle input semantic: '[0m[1;33mCOLOR[0m[1;33m' is currently[0m[1;33m not supported[0m[1;33m[0m
[gazebo-1] [1;36m[Dbg] [RgbdCameraSensor.cc:210] [0m[1;36mRGB images for [[0m[1;36mturtlebot4::oakd_rgb_camera_frame::rgbd_camera[0m[1;36m] advertised on [[0m[1;36mworld/warehouse/model/turtlebot4/link/oakd_rgb_camera_frame/sensor/rgbd_camera[0m[1;36m/image][0m[1;36m[0m
[gazebo-1] [1;36m[Dbg] [RgbdCameraSensor.cc:224] [0m[1;36mDepth images for [[0m[1;36mturtlebot4::oakd_rgb_camera_frame::rgbd_camera[0m[1;36m] advertised on [[0m[1;36mworld/warehouse/model/turtlebot4/link/oakd_rgb_camera_frame/sensor/rgbd_camera[0m[1;36m/depth_image][0m[1;36m[0m
[gazebo-1] [1;36m[Dbg] [RgbdCameraSensor.cc:238] [0m[1;36mPoints for [[0m[1;36mturtlebot4::oakd_rgb_camera_frame::rgbd_camera[0m[1;36m] advertised on [[0m[1;36mworld/warehouse/model/turtlebot4/link/oakd_rgb_camera_frame/sensor/rgbd_camera[0m[1;36m/points][0m[1;36m[0m
[gazebo-1] [1;36m[Dbg] [CameraSensor.cc:695] [0m[1;36mCamera info for [[0m[1;36mturtlebot4::oakd_rgb_camera_frame::rgbd_camera[0m[1;36m] advertised on [[0m[1;36mworld/warehouse/model/turtlebot4/link/oakd_rgb_camera_frame/sensor/rgbd_camera/camera_info[0m[1;36m][0m[1;36m[0m
[gazebo-1] [1;36m[Dbg] [Lidar.cc:139] [0m[1;36mLaser scans for [[0m[1;36mturtlebot4::base_link::cliff_front_left[0m[1;36m] advertised on [[0m[1;36mworld/warehouse/model/turtlebot4/link/base_link/sensor/cliff_front_left/scan[0m[1;36m][0m[1;36m[0m
[gazebo-1] [1;36m[Dbg] [GpuLidarSensor.cc:164] [0m[1;36mLidar points for [[0m[1;36mturtlebot4::base_link::cliff_front_left[0m[1;36m] advertised on [[0m[1;36mworld/warehouse/model/turtlebot4/link/base_link/sensor/cliff_front_left/scan/points[0m[1;36m][0m[1;36m[0m
[gazebo-1] [1;36m[Dbg] [Lidar.cc:139] [0m[1;36mLaser scans for [[0m[1;36mturtlebot4::base_link::cliff_front_right[0m[1;36m] advertised on [[0m[1;36mworld/warehouse/model/turtlebot4/link/base_link/sensor/cliff_front_right/scan[0m[1;36m][0m[1;36m[0m
[gazebo-1] [1;36m[Dbg] [GpuLidarSensor.cc:164] [0m[1;36mLidar points for [[0m[1;36mturtlebot4::base_link::cliff_front_right[0m[1;36m] advertised on [[0m[1;36mworld/warehouse/model/turtlebot4/link/base_link/sensor/cliff_front_right/scan/points[0m[1;36m][0m[1;36m[0m
[gazebo-1] [1;36m[Dbg] [Lidar.cc:139] [0m[1;36mLaser scans for [[0m[1;36mturtlebot4::base_link::cliff_side_left[0m[1;36m] advertised on [[0m[1;36mworld/warehouse/model/turtlebot4/link/base_link/sensor/cliff_side_left/scan[0m[1;36m][0m[1;36m[0m
[gazebo-1] [1;36m[Dbg] [GpuLidarSensor.cc:164] [0m[1;36mLidar points for [[0m[1;36mturtlebot4::base_link::cliff_side_left[0m[1;36m] advertised on [[0m[1;36mworld/warehouse/model/turtlebot4/link/base_link/sensor/cliff_side_left/scan/points[0m[1;36m][0m[1;36m[0m
[gazebo-1] [1;36m[Dbg] [Lidar.cc:139] [0m[1;36mLaser scans for [[0m[1;36mturtlebot4::base_link::cliff_side_right[0m[1;36m] advertised on [[0m[1;36mworld/warehouse/model/turtlebot4/link/base_link/sensor/cliff_side_right/scan[0m[1;36m][0m[1;36m[0m
[gazebo-1] [1;36m[Dbg] [GpuLidarSensor.cc:164] [0m[1;36mLidar points for [[0m[1;36mturtlebot4::base_link::cliff_side_right[0m[1;36m] advertised on [[0m[1;36mworld/warehouse/model/turtlebot4/link/base_link/sensor/cliff_side_right/scan/points[0m[1;36m][0m[1;36m[0m
[gazebo-1] [1;36m[Dbg] [Lidar.cc:139] [0m[1;36mLaser scans for [[0m[1;36mturtlebot4::ir_intensity_front_center_left::ir_intensity_front_center_left[0m[1;36m] advertised on [[0m[1;36mworld/warehouse/model/turtlebot4/link/ir_intensity_front_center_left/sensor/ir_intensity_front_center_left/scan[0m[1;36m][0m[1;36m[0m
[gazebo-1] [1;36m[Dbg] [GpuLidarSensor.cc:164] [0m[1;36mLidar points for [[0m[1;36mturtlebot4::ir_intensity_front_center_left::ir_intensity_front_center_left[0m[1;36m] advertised on [[0m[1;36mworld/warehouse/model/turtlebot4/link/ir_intensity_front_center_left/sensor/ir_intensity_front_center_left/scan/points[0m[1;36m][0m[1;36m[0m
[gazebo-1] [1;36m[Dbg] [Lidar.cc:139] [0m[1;36mLaser scans for [[0m[1;36mturtlebot4::ir_intensity_front_center_right::ir_intensity_front_center_right[0m[1;36m] advertised on [[0m[1;36mworld/warehouse/model/turtlebot4/link/ir_intensity_front_center_right/sensor/ir_intensity_front_center_right/scan[0m[1;36m][0m[1;36m[0m
[gazebo-1] [1;36m[Dbg] [GpuLidarSensor.cc:164] [0m[1;36mLidar points for [[0m[1;36mturtlebot4::ir_intensity_front_center_right::ir_intensity_front_center_right[0m[1;36m] advertised on [[0m[1;36mworld/warehouse/model/turtlebot4/link/ir_intensity_front_center_right/sensor/ir_intensity_front_center_right/scan/points[0m[1;36m][0m[1;36m[0m
[gazebo-1] [1;36m[Dbg] [Lidar.cc:139] [0m[1;36mLaser scans for [[0m[1;36mturtlebot4::ir_intensity_front_left::ir_intensity_front_left[0m[1;36m] advertised on [[0m[1;36mworld/warehouse/model/turtlebot4/link/ir_intensity_front_left/sensor/ir_intensity_front_left/scan[0m[1;36m][0m[1;36m[0m
[gazebo-1] [1;36m[Dbg] [GpuLidarSensor.cc:164] [0m[1;36mLidar points for [[0m[1;36mturtlebot4::ir_intensity_front_left::ir_intensity_front_left[0m[1;36m] advertised on [[0m[1;36mworld/warehouse/model/turtlebot4/link/ir_intensity_front_left/sensor/ir_intensity_front_left/scan/points[0m[1;36m][0m[1;36m[0m
[gazebo-1] [1;36m[Dbg] [Lidar.cc:139] [0m[1;36mLaser scans for [[0m[1;36mturtlebot4::ir_intensity_front_right::ir_intensity_front_right[0m[1;36m] advertised on [[0m[1;36mworld/warehouse/model/turtlebot4/link/ir_intensity_front_right/sensor/ir_intensity_front_right/scan[0m[1;36m][0m[1;36m[0m
[gazebo-1] [1;36m[Dbg] [GpuLidarSensor.cc:164] [0m[1;36mLidar points for [[0m[1;36mturtlebot4::ir_intensity_front_right::ir_intensity_front_right[0m[1;36m] advertised on [[0m[1;36mworld/warehouse/model/turtlebot4/link/ir_intensity_front_right/sensor/ir_intensity_front_right/scan/points[0m[1;36m][0m[1;36m[0m
[gazebo-1] [1;36m[Dbg] [Lidar.cc:139] [0m[1;36mLaser scans for [[0m[1;36mturtlebot4::ir_intensity_left::ir_intensity_left[0m[1;36m] advertised on [[0m[1;36mworld/warehouse/model/turtlebot4/link/ir_intensity_left/sensor/ir_intensity_left/scan[0m[1;36m][0m[1;36m[0m
[gazebo-1] [1;36m[Dbg] [GpuLidarSensor.cc:164] [0m[1;36mLidar points for [[0m[1;36mturtlebot4::ir_intensity_left::ir_intensity_left[0m[1;36m] advertised on [[0m[1;36mworld/warehouse/model/turtlebot4/link/ir_intensity_left/sensor/ir_intensity_left/scan/points[0m[1;36m][0m[1;36m[0m
[gazebo-1] [1;36m[Dbg] [Lidar.cc:139] [0m[1;36mLaser scans for [[0m[1;36mturtlebot4::ir_intensity_right::ir_intensity_right[0m[1;36m] advertised on [[0m[1;36mworld/warehouse/model/turtlebot4/link/ir_intensity_right/sensor/ir_intensity_right/scan[0m[1;36m][0m[1;36m[0m
[gazebo-1] [1;36m[Dbg] [GpuLidarSensor.cc:164] [0m[1;36mLidar points for [[0m[1;36mturtlebot4::ir_intensity_right::ir_intensity_right[0m[1;36m] advertised on [[0m[1;36mworld/warehouse/model/turtlebot4/link/ir_intensity_right/sensor/ir_intensity_right/scan/points[0m[1;36m][0m[1;36m[0m
[gazebo-1] [1;36m[Dbg] [Lidar.cc:139] [0m[1;36mLaser scans for [[0m[1;36mturtlebot4::ir_intensity_side_left::ir_intensity_side_left[0m[1;36m] advertised on [[0m[1;36mworld/warehouse/model/turtlebot4/link/ir_intensity_side_left/sensor/ir_intensity_side_left/scan[0m[1;36m][0m[1;36m[0m
[gazebo-1] [1;36m[Dbg] [GpuLidarSensor.cc:164] [0m[1;36mLidar points for [[0m[1;36mturtlebot4::ir_intensity_side_left::ir_intensity_side_left[0m[1;36m] advertised on [[0m[1;36mworld/warehouse/model/turtlebot4/link/ir_intensity_side_left/sensor/ir_intensity_side_left/scan/points[0m[1;36m][0m[1;36m[0m
[gazebo-1] [1;36m[Dbg] [Lidar.cc:139] [0m[1;36mLaser scans for [[0m[1;36mturtlebot4::rplidar_link::rplidar[0m[1;36m] advertised on [[0m[1;36mworld/warehouse/model/turtlebot4/link/rplidar_link/sensor/rplidar/scan[0m[1;36m][0m[1;36m[0m
[gazebo-1] [1;36m[Dbg] [GpuLidarSensor.cc:164] [0m[1;36mLidar points for [[0m[1;36mturtlebot4::rplidar_link::rplidar[0m[1;36m] advertised on [[0m[1;36mworld/warehouse/model/turtlebot4/link/rplidar_link/sensor/rplidar/scan/points[0m[1;36m][0m[1;36m[0m
[gazebo-1] [1;36m[Dbg] [Lidar.cc:139] [0m[1;36mLaser scans for [[0m[1;36mstandard_dock::green_buoy_link::green_buoy[0m[1;36m] advertised on [[0m[1;36mworld/warehouse/model/standard_dock/link/green_buoy_link/sensor/green_buoy/scan[0m[1;36m][0m[1;36m[0m
[wait_for_ready-48] [INFO] [1791305248.070802292] [wait_for_sim]: ready: topic /scan (message received)
[wait_for_ready-47] [INFO] [1791305248.070984720] [wait_for_rviz]: ready: topic /scan (message received)
[wait_for_ready-48] [sim] ready after 9.6s
[wait_for_ready-47] [rviz] ready after 9.6s
[INFO] [wait_for_ready-48]: process has finished cleanly [pid 35398]
[INFO] [wait_for_ready-47]: process has finished cleanly [pid 35396]
[turtlebot4_node-29] [INFO] [1791305248.292371010] [turtlebot4_node]: OAKD stopped
[turtlebot4_node-29] [INFO] [1791305248.292403059] [turtlebot4_node]: RPLIDAR stopped
[INFO] [spawner-50]: process started with pid [36611]
[INFO] [static_transform_publisher-51]: process started with pid [36613]
[INFO] [map_server-52]: process started with pid [36615]
[INFO] [lifecycle_manager-53]: process started with pid [36617]
[INFO] [controller_server-54]: process started with pid [36619]
[INFO] [smoother_server-55]: process started with pid [36621]
[INFO] [planner_server-56]: process started with pid [36623]
[INFO] [route_server-57]: process started with pid [36625]
[INFO] [behavior_server-58]: process started with pid [36627]
[INFO] [bt_navigator-59]: process started with pid [36629]
[INFO] [waypoint_follower-60]: process started with pid [36631]
[INFO] [velocity_smoother-61]: process started with pid [36633]
[INFO] [collision_monitor-62]: process started with pid [36635]
[INFO] [opennav_docking-63]: process started with pid [36637]
[INFO] [lifecycle_manager-64]: process started with pid [36639]
[INFO] [rviz2-65]: process started with pid [36641]
[spawner-49] [INFO] [1791305248.384623793] [spawner_diffdrive_controller]: Loaded diffdrive_controller
[gazebo-1] [INFO] [1791305248.392663789] [controller_manager]: Configuring controller: 'diffdrive_controller'
[gazebo-1] [WARN] [1791305248.392753302] [diffdrive_controller]: [deprecated] has_jerk_limits parameter is deprecated, instead set the respective limits to NAN
[gazebo-1] [WARN] [1791305248.392771690] [diffdrive_controller]: [deprecated] has_jerk_limits parameter is deprecated, instead set the respective limits to NAN
[static_transform_publisher-51] [WARN] [1791305248.506204014] []: Old-style arguments are deprecated; see --help for new-style arguments
[static_transform_publisher-51] [INFO] [1791305248.561250009] [map_to_odom_static_tf]: Spinning until stopped - publishing transform
[static_transform_publisher-51] translation: ('0.000000', '0.000000', '0.000000')
[static_transform_publisher-51] rotation: ('0.000000', '0.000000', '0.000000', '1.000000')
[static_transform_publisher-51] from 'map' to 'odom'
[rviz2-65] Warning: Ignoring XDG_SESSION_TYPE=wayland on Gnome. Use QT_QPA_PLATFORM=wayland to run on Wayland anyway.
[gazebo-1] [WARN] [1791305248.975786502] [diffdrive_controller]: Can't accept new commands. subscriber is inactive
[lifecycle_manager-53] [INFO] [1791305249.004806165] [lifecycle_manager_map]: Creating
[lifecycle_manager-53] [INFO] [1791305249.017854012] [lifecycle_manager_map]: [34m[1mCreating and initializing lifecycle service clients[0m[0m
[behavior_server-58] [INFO] [1791305249.023639927] [behavior_server]: 
[behavior_server-58] 	behavior_server lifecycle node launched. 
[behavior_server-58] 	Waiting on external lifecycle transitions to activate
[behavior_server-58] 	See https://design.ros2.org/articles/node_lifecycle.html for more information.
[velocity_smoother-61] [INFO] [1791305249.026700609] [velocity_smoother]: 
[velocity_smoother-61] 	velocity_smoother lifecycle node launched. 
[velocity_smoother-61] 	Waiting on external lifecycle transitions to activate
[velocity_smoother-61] 	See https://design.ros2.org/articles/node_lifecycle.html for more information.
[controller_server-54] [INFO] [1791305249.042229399] [controller_server]: 
[controller_server-54] 	controller_server lifecycle node launched. 
[controller_server-54] 	Waiting on external lifecycle transitions to activate
[controller_server-54] 	See https://design.ros2.org/articles/node_lifecycle.html for more information.
[controller_server-54] [INFO] [1791305249.060811333] [controller_server]: Creating controller server
[controller_server-54] [INFO] [1791305249.074295825] [local_costmap.local_costmap]: 
[controller_server-54] 	local_costmap lifecycle node launched. 
[controller_server-54] 	Waiting on external lifecycle transitions to activate
[controller_server-54] 	See https://design.ros2.org/articles/node_lifecycle.html for more information.
[controller_server-54] [INFO] [1791305249.076938999] [local_costmap.local_costmap]: Creating Costmap
[waypoint_follower-60] [INFO] [1791305249.095949229] [waypoint_follower]: 
[waypoint_follower-60] 	waypoint_follower lifecycle node launched. 
[waypoint_follower-60] 	Waiting on external lifecycle transitions to activate
[waypoint_follower-60] 	See https://design.ros2.org/articles/node_lifecycle.html for more information.
[waypoint_follower-60] [INFO] [1791305249.099355531] [waypoint_follower]: Creating
[lifecycle_manager-64] [INFO] [1791305249.108612739] [lifecycle_manager_navigation]: Creating
[smoother_server-55] [INFO] [1791305249.119534170] [smoother_server]: 
[smoother_server-55] 	smoother_server lifecycle node launched. 
[smoother_server-55] 	Waiting on external lifecycle transitions to activate
[smoother_server-55] 	See https://design.ros2.org/articles/node_lifecycle.html for more information.
[gazebo-1] [WARN] [1791305249.120361795] [diffdrive_controller]: Can't accept new commands. subscriber is inactive
[lifecycle_manager-64] [INFO] [1791305249.122806965] [lifecycle_manager_navigation]: [34m[1mCreating and initializing lifecycle service clients[0m[0m
[smoother_server-55] [INFO] [1791305249.137803296] [smoother_server]: Creating smoother server
[planner_server-56] [INFO] [1791305249.140153099] [planner_server]: 
[planner_server-56] 	planner_server lifecycle node launched. 
[planner_server-56] 	Waiting on external lifecycle transitions to activate
[planner_server-56] 	See https://design.ros2.org/articles/node_lifecycle.html for more information.
[map_server-52] [INFO] [1791305249.152734518] [map_server]: 
[map_server-52] 	map_server lifecycle node launched. 
[map_server-52] 	Waiting on external lifecycle transitions to activate
[map_server-52] 	See https://design.ros2.org/articles/node_lifecycle.html for more information.
[map_server-52] [INFO] [1791305249.152782536] [map_server]: Creating
[gazebo-1] [INFO] [1791305249.152889552] [controller_manager]: Activating controllers: [ diffdrive_controller ]
[planner_server-56] [INFO] [1791305249.155111099] [planner_server]: Creating
[bt_navigator-59] [INFO] [1791305249.214337866] [bt_navigator]: 
[bt_navigator-59] 	bt_navigator lifecycle node launched. 
[bt_navigator-59] 	Waiting on external lifecycle transitions to activate
[bt_navigator-59] 	See https://design.ros2.org/articles/node_lifecycle.html for more information.
[opennav_docking-63] [INFO] [1791305249.221842112] [docking_server]: 
[opennav_docking-63] 	docking_server lifecycle node launched. 
[opennav_docking-63] 	Waiting on external lifecycle transitions to activate
[opennav_docking-63] 	See https://design.ros2.org/articles/node_lifecycle.html for more information.
[opennav_docking-63] [INFO] [1791305249.221900101] [docking_server]: Creating docking_server
[planner_server-56] [INFO] [1791305249.227769361] [global_costmap.global_costmap]: 
[planner_server-56] 	global_costmap lifecycle node launched. 
[planner_server-56] 	Waiting on external lifecycle transitions to activate
[planner_server-56] 	See https://design.ros2.org/articles/node_lifecycle.html for more information.
[bt_navigator-59] [INFO] [1791305249.231186886] [bt_navigator]: Creating
[planner_server-56] [INFO] [1791305249.233791769] [global_costmap.global_costmap]: Creating Costmap
[gazebo-1] [INFO] [1791305249.254595911] [controller_manager]: Successfully switched controllers!
[route_server-57] [INFO] [1791305249.262479077] [route_server]: 
[route_server-57] 	route_server lifecycle node launched. 
[route_server-57] 	Waiting on external lifecycle transitions to activate
[route_server-57] 	See https://design.ros2.org/articles/node_lifecycle.html for more information.
[collision_monitor-62] [INFO] [1791305249.309776583] [collision_monitor]: 
[collision_monitor-62] 	collision_monitor lifecycle node launched. 
[collision_monitor-62] 	Waiting on external lifecycle transitions to activate
[collision_monitor-62] 	See https://design.ros2.org/articles/node_lifecycle.html for more information.
[lifecycle_manager-53] [INFO] [1791305249.310077280] [lifecycle_manager_map]: [34m[1mStarting managed nodes bringup...[0m[0m
[lifecycle_manager-53] [INFO] [1791305249.310111516] [lifecycle_manager_map]: [34m[1mConfiguring map_server[0m[0m
[spawner-49] [INFO] [1791305249.357325323] [spawner_diffdrive_controller]: Configured and activated diffdrive_controller
[map_server-52] [INFO] [1791305249.436991177] [map_server]: Configuring
[map_server-52] [INFO] [1791305249.437042783] [map_io]: Loading yaml file: /home/y/u/yunqiao/IROB_Mobile_Robot_Project/install/warehouse_inventory_robot/share/warehouse_inventory_robot/maps/warehouse.yaml
[map_server-52] [INFO] [1791305249.439029577] [map_io]: resolution: 0.03
[map_server-52] [INFO] [1791305249.439053876] [map_io]: origin[0]: -15.1
[map_server-52] [INFO] [1791305249.439700141] [map_io]: origin[1]: -25
[map_server-52] [INFO] [1791305249.439715859] [map_io]: origin[2]: 0
[map_server-52] [INFO] [1791305249.439721041] [map_io]: free_thresh: 0.1
[map_server-52] [INFO] [1791305249.439724035] [map_io]: occupied_thresh: 0.65
[map_server-52] [INFO] [1791305249.439727085] [map_io]: mode: trinary
[map_server-52] [INFO] [1791305249.439729872] [map_io]: negate: 0
[map_server-52] [INFO] [1791305249.440491823] [map_io]: Loading image_file: /home/y/u/yunqiao/IROB_Mobile_Robot_Project/install/warehouse_inventory_robot/share/warehouse_inventory_robot/maps/warehouse.pgm
[map_server-52] [INFO] [1791305249.484381852] [map_io]: Read map /home/y/u/yunqiao/IROB_Mobile_Robot_Project/install/warehouse_inventory_robot/share/warehouse_inventory_robot/maps/warehouse.pgm: 1006 X 1674 map @ 0.03 m/cell
[lifecycle_manager-53] [INFO] [1791305249.514136926] [lifecycle_manager_map]: [34m[1mActivating map_server[0m[0m
[map_server-52] [INFO] [1791305249.514393366] [map_server]: Activating
[map_server-52] [INFO] [1791305249.515976844] [map_server]: Creating bond (map_server) to lifecycle manager.
[lifecycle_manager-53] [INFO] [1791305249.628774580] [lifecycle_manager_map]: Server map_server connected with bond.
[lifecycle_manager-53] [INFO] [1791305249.628803099] [lifecycle_manager_map]: [34m[1mManaged nodes are active[0m[0m
[lifecycle_manager-53] [INFO] [1791305249.628806576] [lifecycle_manager_map]: [34m[1mCreating bond timer...[0m[0m
[INFO] [spawner-49]: process has finished cleanly [pid 36493]
[rviz2-65] [INFO] [1791305249.804769180] [rviz2]: Stereo is NOT SUPPORTED
[rviz2-65] [INFO] [1791305249.804835935] [rviz2]: OpenGl version: 4.6 (GLSL 4.6)
[rviz2-65] [INFO] [1791305249.836405997] [rviz2]: Stereo is NOT SUPPORTED
[spawner-50] [INFO] [1791305249.995326525] [spawner_lite6_traj_controller]: waiting for service /controller_manager/list_controllers to become available...
[lifecycle_manager-64] [INFO] [1791305250.246235745] [lifecycle_manager_navigation]: [34m[1mStarting managed nodes bringup...[0m[0m
[lifecycle_manager-64] [INFO] [1791305250.246265503] [lifecycle_manager_navigation]: [34m[1mConfiguring controller_server[0m[0m
[controller_server-54] [INFO] [1791305250.246537077] [controller_server]: Configuring controller interface
[controller_server-54] [INFO] [1791305250.246581741] [controller_server]: getting progress checker plugins..
[controller_server-54] [INFO] [1791305250.246979181] [controller_server]: getting goal checker plugins..
[controller_server-54] [INFO] [1791305250.247141082] [controller_server]: Controller frequency set to 20.0000Hz
[controller_server-54] [INFO] [1791305250.247177189] [local_costmap.local_costmap]: Configuring
[controller_server-54] [INFO] [1791305250.263415368] [local_costmap.local_costmap]: Using plugin "static_layer"
[controller_server-54] [INFO] [1791305250.268502973] [local_costmap.local_costmap]: Subscribing to the map topic (/map) with transient local durability
[controller_server-54] [INFO] [1791305250.272002477] [local_costmap.local_costmap]: Initialized plugin "static_layer"
[controller_server-54] [INFO] [1791305250.272032381] [local_costmap.local_costmap]: Using plugin "voxel_layer"
[controller_server-54] [INFO] [1791305250.273285521] [local_costmap.local_costmap]: Subscribed to Topics: scan
[controller_server-54] [INFO] [1791305250.294468675] [local_costmap.local_costmap]: Initialized plugin "voxel_layer"
[controller_server-54] [INFO] [1791305250.294498799] [local_costmap.local_costmap]: Using plugin "inflation_layer"
[controller_server-54] [INFO] [1791305250.295575385] [local_costmap.local_costmap]: Initialized plugin "inflation_layer"
[gazebo-1] [WARN] [1791305250.307950083] [diffdrive_controller]: Received TwistStamped with zero timestamp, setting it to current time, this message will only be shown once
[controller_server-54] [INFO] [1791305250.343685536] [controller_server]: Created progress_checker : progress_checker of type nav2_controller::SimpleProgressChecker
[controller_server-54] [INFO] [1791305250.344637334] [controller_server]: Controller Server has progress_checker  progress checkers available.
[controller_server-54] [INFO] [1791305250.346120302] [controller_server]: Created goal checker : general_goal_checker of type nav2_controller::SimpleGoalChecker
[controller_server-54] [INFO] [1791305250.347271915] [controller_server]: Controller Server has general_goal_checker  goal checkers available.
[controller_server-54] [INFO] [1791305250.349304366] [controller_server]: Created controller : FollowPath of type nav2_mppi_controller::MPPIController
[controller_server-54] [INFO] [1791305250.352778131] [controller_server]: Controller period is equal to model dt. Control sequence shifting is ON
[controller_server-54] [INFO] [1791305250.356027270] [controller_server]: ConstraintCritic instantiated with 1 power and 4.000000 weight.
[controller_server-54] [INFO] [1791305250.356075107] [controller_server]: Critic loaded : mppi::critics::ConstraintCritic
[controller_server-54] [INFO] [1791305250.357966802] [controller_server]: InflationCostCritic instantiated with 1 power and 300.000000 / 0.015000 weights. Critic will collision check based on footprint cost.
[controller_server-54] [INFO] [1791305250.357996201] [controller_server]: Critic loaded : mppi::critics::CostCritic
[controller_server-54] [INFO] [1791305250.358654714] [controller_server]: GoalCritic instantiated with 1 power and 5.000000 weight.
[controller_server-54] [INFO] [1791305250.358677263] [controller_server]: Critic loaded : mppi::critics::GoalCritic
[controller_server-54] [INFO] [1791305250.359468384] [controller_server]: GoalAngleCritic instantiated with 1 power, 3.000000 weight, 0.500000 angular threshold and symmetric_yaw_tolerance disabled
[controller_server-54] [INFO] [1791305250.359491606] [controller_server]: Critic loaded : mppi::critics::GoalAngleCritic
[controller_server-54] [INFO] [1791305250.360781806] [controller_server]: ReferenceTrajectoryCritic instantiated with 1 power and 14.000000 weight
[controller_server-54] [INFO] [1791305250.360804081] [controller_server]: Critic loaded : mppi::critics::PathAlignCritic
[controller_server-54] [INFO] [1791305250.361655828] [controller_server]: Critic loaded : mppi::critics::PathFollowCritic
[controller_server-54] [INFO] [1791305250.362761587] [controller_server]: PathAngleCritic instantiated with 1 power and 2.000000 weight. Mode set to: Forward Preference
[controller_server-54] [INFO] [1791305250.362782255] [controller_server]: Critic loaded : mppi::critics::PathAngleCritic
[controller_server-54] [INFO] [1791305250.363490382] [controller_server]: PreferForwardCritic instantiated with 1 power and 5.000000 weight.
[controller_server-54] [INFO] [1791305250.363510250] [controller_server]: Critic loaded : mppi::critics::PreferForwardCritic
[controller_server-54] [INFO] [1791305250.365365604] [controller_server]: Optimizer reset
[controller_server-54] [INFO] [1791305250.371223788] [MPPIController]: Configured MPPI Controller: FollowPath
[controller_server-54] [INFO] [1791305250.371254181] [controller_server]: Controller Server has FollowPath  controllers available.
[lifecycle_manager-64] [INFO] [1791305250.389415712] [lifecycle_manager_navigation]: [34m[1mConfiguring smoother_server[0m[0m
[smoother_server-55] [INFO] [1791305250.389633291] [smoother_server]: Configuring smoother server
[smoother_server-55] [INFO] [1791305250.421486126] [smoother_server]: Created smoother : simple_smoother of type nav2_smoother::SimpleSmoother
[smoother_server-55] [INFO] [1791305250.425710101] [smoother_server]: Smoother Server has simple_smoother  smoothers available.
[lifecycle_manager-64] [INFO] [1791305250.440433993] [lifecycle_manager_navigation]: [34m[1mConfiguring planner_server[0m[0m
[planner_server-56] [INFO] [1791305250.440621582] [planner_server]: Configuring
[planner_server-56] [INFO] [1791305250.440645989] [global_costmap.global_costmap]: Configuring
[planner_server-56] [INFO] [1791305250.452600456] [global_costmap.global_costmap]: Using plugin "static_layer"
[planner_server-56] [INFO] [1791305250.456024574] [global_costmap.global_costmap]: Subscribing to the map topic (/map) with transient local durability
[planner_server-56] [INFO] [1791305250.458206193] [global_costmap.global_costmap]: Initialized plugin "static_layer"
[planner_server-56] [INFO] [1791305250.458239922] [global_costmap.global_costmap]: Using plugin "obstacle_layer"
[planner_server-56] [INFO] [1791305250.459379746] [global_costmap.global_costmap]: Subscribed to Topics: scan
[planner_server-56] [INFO] [1791305250.468134057] [global_costmap.global_costmap]: Initialized plugin "obstacle_layer"
[planner_server-56] [INFO] [1791305250.468180172] [global_costmap.global_costmap]: Using plugin "inflation_layer"
[planner_server-56] [INFO] [1791305250.470823261] [global_costmap.global_costmap]: Initialized plugin "inflation_layer"
[planner_server-56] [INFO] [1791305250.543445525] [global_costmap.global_costmap]: StaticLayer: Resizing costmap to 1006 X 1674 at 0.030000 m/pix
[planner_server-56] [INFO] [1791305250.544062135] [planner_server]: Created global planner plugin GridBased of type nav2_navfn_planner::NavfnPlanner
[planner_server-56] [INFO] [1791305250.544089370] [planner_server]: Configuring plugin GridBased of type NavfnPlanner
[planner_server-56] [INFO] [1791305250.549098514] [planner_server]: Planner Server has GridBased  planners available.
[lifecycle_manager-64] [INFO] [1791305250.568854564] [lifecycle_manager_navigation]: [34m[1mConfiguring route_server[0m[0m
[route_server-57] [INFO] [1791305250.569068718] [route_server]: Configuring
[gazebo-1] [1;36m[Dbg] [GpuLidarSensor.cc:164] [0m[1;36mLidar points for [[0m[1;36mstandard_dock::green_buoy_link::green_buoy[0m[1;36m] advertised on [[0m[1;36mworld/warehouse/model/standard_dock/link/green_buoy_link/sensor/green_buoy/scan/points[0m[1;36m][0m[1;36m[0m
[gazebo-1] [1;36m[Dbg] [Lidar.cc:139] [0m[1;36mLaser scans for [[0m[1;36mstandard_dock::halo_link::halo[0m[1;36m] advertised on [[0m[1;36mworld/warehouse/model/standard_dock/link/halo_link/sensor/halo/scan[0m[1;36m][0m[1;36m[0m
[gazebo-1] [1;36m[Dbg] [GpuLidarSensor.cc:164] [0m[1;36mLidar points for [[0m[1;36mstandard_dock::halo_link::halo[0m[1;36m] advertised on [[0m[1;36mworld/warehouse/model/standard_dock/link/halo_link/sensor/halo/scan/points[0m[1;36m][0m[1;36m[0m
[gazebo-1] [1;36m[Dbg] [Lidar.cc:139] [0m[1;36mLaser scans for [[0m[1;36mstandard_dock::red_buoy_link::red_buoy[0m[1;36m] advertised on [[0m[1;36mworld/warehouse/model/standard_dock/link/red_buoy_link/sensor/red_buoy/scan[0m[1;36m][0m[1;36m[0m
[gazebo-1] [1;36m[Dbg] [GpuLidarSensor.cc:164] [0m[1;36mLidar points for [[0m[1;36mstandard_dock::red_buoy_link::red_buoy[0m[1;36m] advertised on [[0m[1;36mworld/warehouse/model/standard_dock/link/red_buoy_link/sensor/red_buoy/scan/points[0m[1;36m][0m[1;36m[0m
[gazebo-1] [1;36m[Dbg] [Lidar.cc:139] [0m[1;36mLaser scans for [[0m[1;36mstandard_dock::yellow_buoy_link::yellow_buoy[0m[1;36m] advertised on [[0m[1;36mworld/warehouse/model/standard_dock/link/yellow_buoy_link/sensor/yellow_buoy/scan[0m[1;36m][0m[1;36m[0m
[gazebo-1] [1;36m[Dbg] [GpuLidarSensor.cc:164] [0m[1;36mLidar points for [[0m[1;36mstandard_dock::yellow_buoy_link::yellow_buoy[0m[1;36m] advertised on [[0m[1;36mworld/warehouse/model/standard_dock/link/yellow_buoy_link/sensor/yellow_buoy/scan/points[0m[1;36m][0m[1;36m[0m
[controller_server-54] [INFO] [1791305250.867128309] [local_costmap.local_costmap]: StaticLayer: Resizing static layer to 1006 X 1674 at 0.030000 m/pix
[route_server-57] [INFO] [1791305250.982443711] [route_server]: Created GraphFileLoader GeoJsonGraphFileLoader of type nav2_route::GeoJsonGraphFileLoader
[route_server-57] [INFO] [1791305250.982475250] [route_server]: Configuring geojson graph file loader
[route_server-57] [INFO] [1791305250.982479472] [route_server]: No graph file provided to load yet.
[route_server-57] [INFO] [1791305250.987276708] [route_server]: Created edge cost function plugin DistanceScorer of type nav2_route::DistanceScorer
[route_server-57] [INFO] [1791305250.987309560] [route_server]: Configuring distance scorer.
[route_server-57] [INFO] [1791305250.987682092] [route_server]: Created edge cost function plugin DynamicEdgesScorer of type nav2_route::DynamicEdgesScorer
[route_server-57] [INFO] [1791305250.987701424] [route_server]: Configuring adjust edges scorer.
[route_server-57] [INFO] [1791305250.994127926] [route_server]: Created route operation AdjustSpeedLimit of type nav2_route::AdjustSpeedLimit
[route_server-57] [INFO] [1791305250.994158095] [route_server]: Configuring Adjust speed limit operation.
[route_server-57] [INFO] [1791305250.996317371] [route_server]: Created route operation ReroutingService of type nav2_route::ReroutingService
[route_server-57] [INFO] [1791305250.996356036] [route_server]: Configuring Rerouting service operation.
[lifecycle_manager-64] [INFO] [1791305251.002172989] [lifecycle_manager_navigation]: [34m[1mConfiguring behavior_server[0m[0m
[behavior_server-58] [INFO] [1791305251.002594135] [behavior_server]: Configuring
[spawner-50] [INFO] [1791305251.020478965] [spawner_lite6_traj_controller]: Setting controller param "params_file" to "['/home/y/u/yunqiao/IROB_Mobile_Robot_Project/install/warehouse_inventory_robot/share/warehouse_inventory_robot/config/arm_controllers.yaml']" for lite6_traj_controller
[behavior_server-58] [INFO] [1791305251.022349932] [behavior_server]: Creating behavior plugin spin of type nav2_behaviors::Spin
[behavior_server-58] [INFO] [1791305251.025313534] [behavior_server]: Creating behavior plugin backup of type nav2_behaviors::BackUp
[behavior_server-58] [INFO] [1791305251.027655976] [behavior_server]: Creating behavior plugin drive_on_heading of type nav2_behaviors::DriveOnHeading
[gazebo-1] [INFO] [1791305251.034079667] [controller_manager]: Loading controller : 'lite6_traj_controller' of type 'joint_trajectory_controller/JointTrajectoryController'
[gazebo-1] [INFO] [1791305251.034129108] [controller_manager]: Loading controller 'lite6_traj_controller'
[behavior_server-58] [INFO] [1791305251.038284150] [behavior_server]: Creating behavior plugin assisted_teleop of type nav2_behaviors::AssistedTeleop
[behavior_server-58] [INFO] [1791305251.043799274] [behavior_server]: Creating behavior plugin wait of type nav2_behaviors::Wait
[gazebo-1] [WARN] [1791305251.048073428] [controller_manager]: The use of remapping arguments to the controller_manager node is deprecated. Please use the '--controller-ros-args' argument of the spawner to pass remapping arguments to the controller node.
[gazebo-1] [INFO] [1791305251.048127571] [controller_manager]: Controller 'lite6_traj_controller' node arguments: --ros-args --params-file /home/y/u/yunqiao/IROB_Mobile_Robot_Project/install/irobot_create_control/share/irobot_create_control/config/control.yaml --params-file /home/y/u/yunqiao/IROB_Mobile_Robot_Project/install/warehouse_inventory_robot/share/warehouse_inventory_robot/config/arm_controller_types.yaml --ros-args --remap ~/odom:=odom --remap /tf:=tf --remap /tf_static:=tf_static --remap /diagnostics:=diagnostics -p use_sim_time:=true --params-file /home/y/u/yunqiao/IROB_Mobile_Robot_Project/install/warehouse_inventory_robot/share/warehouse_inventory_robot/config/arm_controllers.yaml --param use_sim_time:=true 
[behavior_server-58] [INFO] [1791305251.091282371] [behavior_server]: Configuring spin
[behavior_server-58] [INFO] [1791305251.141566556] [behavior_server]: Configuring backup
[behavior_server-58] [INFO] [1791305251.168682528] [behavior_server]: Configuring drive_on_heading
[behavior_server-58] [INFO] [1791305251.209148426] [behavior_server]: Configuring assisted_teleop
[behavior_server-58] [INFO] [1791305251.279329841] [behavior_server]: Configuring wait
[spawner-50] [INFO] [1791305251.287970090] [spawner_lite6_traj_controller]: Loaded lite6_traj_controller
[gazebo-1] [INFO] [1791305251.300902838] [controller_manager]: Configuring controller: 'lite6_traj_controller'
[gazebo-1] [INFO] [1791305251.301203584] [lite6_traj_controller]: No specific joint names are used for command interfaces. Using 'joints' parameter.
[gazebo-1] [INFO] [1791305251.301238614] [lite6_traj_controller]: Command interfaces are [position velocity] and state interfaces are [position velocity].
[gazebo-1] [INFO] [1791305251.301264776] [lite6_traj_controller]: Using 'splines' interpolation method.
[gazebo-1] [INFO] [1791305251.320012922] [lite6_traj_controller]: Action status changes will be monitored at 10.00 Hz.
[lifecycle_manager-64] [INFO] [1791305251.324692358] [lifecycle_manager_navigation]: [34m[1mConfiguring velocity_smoother[0m[0m
[velocity_smoother-61] [INFO] [1791305251.326613904] [velocity_smoother]: Configuring velocity smoother
[lifecycle_manager-64] [INFO] [1791305251.346965913] [lifecycle_manager_navigation]: [34m[1mConfiguring collision_monitor[0m[0m
[collision_monitor-62] [INFO] [1791305251.348589889] [collision_monitor]: Configuring
[gazebo-1] [INFO] [1791305251.353369232] [lite6_traj_controller]: No scaling interface set. This controller will not read speed scaling from the hardware.
[collision_monitor-62] [INFO] [1791305251.366152917] [collision_monitor]: [scan]: Creating Scan
[collision_monitor-62] [INFO] [1791305251.378098939] [collision_monitor]: [FootprintApproach]: Creating Polygon
[collision_monitor-62] [INFO] [1791305251.378984535] [collision_monitor]: [FootprintApproach]: Polygon points are not defined. Using dynamic subscription instead.
[collision_monitor-62] [INFO] [1791305251.380167322] [collision_monitor]: [FootprintApproach]: Making footprint subscriber on local_costmap/published_footprint topic
[lifecycle_manager-64] [INFO] [1791305251.399576754] [lifecycle_manager_navigation]: [34m[1mConfiguring bt_navigator[0m[0m
[bt_navigator-59] [INFO] [1791305251.399856729] [bt_navigator]: Configuring
[gazebo-1] [INFO] [1791305251.411018152] [controller_manager]: Activating controllers: [ lite6_traj_controller ]
[gazebo-1] [INFO] [1791305251.413948662] [controller_manager]: Successfully switched controllers!
[bt_navigator-59] [INFO] [1791305251.417236535] [bt_navigator]: Creating navigator id navigate_to_pose of type nav2_bt_navigator::NavigateToPoseNavigator
[spawner-50] [INFO] [1791305251.419581545] [spawner_lite6_traj_controller]: Configured and activated lite6_traj_controller
[bt_navigator-59] [INFO] [1791305251.539108767] [bt_navigator]: Creating navigator id navigate_through_poses of type nav2_bt_navigator::NavigateThroughPosesNavigator
[rviz2-65] [INFO] [1791305251.548911779] [rviz2]: Stereo is NOT SUPPORTED
[lifecycle_manager-64] [INFO] [1791305251.599127892] [lifecycle_manager_navigation]: [34m[1mConfiguring waypoint_follower[0m[0m
[waypoint_follower-60] [INFO] [1791305251.599484876] [waypoint_follower]: Configuring
[INFO] [spawner-50]: process has finished cleanly [pid 36611]
[waypoint_follower-60] [INFO] [1791305251.641278278] [waypoint_follower]: Created waypoint_task_executor : wait_at_waypoint of type nav2_waypoint_follower::WaitAtWaypoint
[lifecycle_manager-64] [INFO] [1791305251.643217369] [lifecycle_manager_navigation]: [34m[1mConfiguring docking_server[0m[0m
[opennav_docking-63] [INFO] [1791305251.643438121] [docking_server]: Configuring docking_server
[opennav_docking-63] [INFO] [1791305251.643464954] [docking_server]: Controller frequency set to 50.0000Hz
[opennav_docking-63] [INFO] [1791305251.689516244] [docking_server]: Created charging dock plugin simple_charging_dock of type opennav_docking::SimpleChargingDock
[opennav_docking-63] [WARN] [1791305251.699875998] [docking_server]: Dock database filepath nor dock parameters set. Docking actions can only be executed specifying the dock pose via the action request. Or update the dock database via the reload_database service.
[opennav_docking-63] [INFO] [1791305251.699913074] [docking_server]: Docking Server has 1 dock types and 0 dock instances available.
[lifecycle_manager-64] [INFO] [1791305251.703339623] [lifecycle_manager_navigation]: [34m[1mActivating controller_server[0m[0m
[controller_server-54] [INFO] [1791305251.703601938] [controller_server]: Activating
[controller_server-54] [INFO] [1791305251.703624782] [local_costmap.local_costmap]: Activating
[controller_server-54] [INFO] [1791305251.703630237] [local_costmap.local_costmap]: Checking transform
[controller_server-54] [INFO] [1791305251.703688583] [local_costmap.local_costmap]: start
[controller_server-54] [WARN] [1791305251.906096531] [controller_server]: Parameter controller_server.verbose not found
[controller_server-54] [INFO] [1791305251.907456000] [controller_server]: Optimizer reset
[controller_server-54] [INFO] [1791305251.907886771] [MPPIController]: Activated MPPI Controller: FollowPath
[controller_server-54] [INFO] [1791305251.907908063] [controller_server]: Creating bond (controller_server) to lifecycle manager.
[lifecycle_manager-64] [INFO] [1791305252.016686351] [lifecycle_manager_navigation]: Server controller_server connected with bond.
[lifecycle_manager-64] [INFO] [1791305252.016733717] [lifecycle_manager_navigation]: [34m[1mActivating smoother_server[0m[0m
[smoother_server-55] [INFO] [1791305252.017221186] [smoother_server]: Activating
[smoother_server-55] [INFO] [1791305252.017245783] [smoother_server]: Creating bond (smoother_server) to lifecycle manager.
[lifecycle_manager-64] [INFO] [1791305252.124323574] [lifecycle_manager_navigation]: Server smoother_server connected with bond.
[lifecycle_manager-64] [INFO] [1791305252.124353416] [lifecycle_manager_navigation]: [34m[1mActivating planner_server[0m[0m
[planner_server-56] [INFO] [1791305252.124775643] [planner_server]: Activating
[planner_server-56] [INFO] [1791305252.124804649] [global_costmap.global_costmap]: Activating
[planner_server-56] [INFO] [1791305252.124812074] [global_costmap.global_costmap]: Checking transform
[planner_server-56] [INFO] [1791305252.124891088] [global_costmap.global_costmap]: start
[rviz2-65] [INFO] [1791305252.455640050] [rviz2]: Trying to create a map of size 1006 x 1674 using 1 swatches
[rviz2-65] [INFO] [1791305252.542527360] [rviz2]: Trying to create a map of size 50 x 50 using 1 swatches
[rviz2-65] [ERROR] [1791305252.558596677] [rviz2]: rviz/glsl120/indexed_8bit_image.vert
[rviz2-65] rviz/glsl120/indexed_8bit_image.frag
[rviz2-65]  GLSL link result : 
[rviz2-65] active samplers with a different type refer to the same texture image unit
[planner_server-56] [INFO] [1791305253.176686748] [planner_server]: Activating plugin GridBased of type NavfnPlanner
[planner_server-56] [INFO] [1791305253.179410264] [planner_server]: Creating bond (planner_server) to lifecycle manager.
[rviz2-65] [INFO] [1791305253.276355694] [rviz2]: Trying to create a map of size 1006 x 1674 using 1 swatches
[lifecycle_manager-64] [INFO] [1791305253.287100752] [lifecycle_manager_navigation]: Server planner_server connected with bond.
[lifecycle_manager-64] [INFO] [1791305253.287139102] [lifecycle_manager_navigation]: [34m[1mActivating route_server[0m[0m
[route_server-57] [INFO] [1791305253.287699178] [route_server]: Activating
[route_server-57] [INFO] [1791305253.287770298] [route_server]: Creating bond (route_server) to lifecycle manager.
[lifecycle_manager-64] [INFO] [1791305253.394840601] [lifecycle_manager_navigation]: Server route_server connected with bond.
[lifecycle_manager-64] [INFO] [1791305253.394883815] [lifecycle_manager_navigation]: [34m[1mActivating behavior_server[0m[0m
[behavior_server-58] [INFO] [1791305253.395438992] [behavior_server]: Activating
[behavior_server-58] [INFO] [1791305253.395455123] [behavior_server]: Activating spin
[behavior_server-58] [INFO] [1791305253.395459164] [behavior_server]: Activating backup
[behavior_server-58] [INFO] [1791305253.395462977] [behavior_server]: Activating drive_on_heading
[behavior_server-58] [INFO] [1791305253.395466059] [behavior_server]: Activating assisted_teleop
[behavior_server-58] [INFO] [1791305253.395469960] [behavior_server]: Activating wait
[behavior_server-58] [INFO] [1791305253.395474100] [behavior_server]: Creating bond (behavior_server) to lifecycle manager.
[lifecycle_manager-64] [INFO] [1791305253.506249482] [lifecycle_manager_navigation]: Server behavior_server connected with bond.
[lifecycle_manager-64] [INFO] [1791305253.506286430] [lifecycle_manager_navigation]: [34m[1mActivating velocity_smoother[0m[0m
[velocity_smoother-61] [INFO] [1791305253.506744554] [velocity_smoother]: Activating
[velocity_smoother-61] [INFO] [1791305253.506771714] [velocity_smoother]: Creating bond (velocity_smoother) to lifecycle manager.
[lifecycle_manager-64] [INFO] [1791305253.613873458] [lifecycle_manager_navigation]: Server velocity_smoother connected with bond.
[lifecycle_manager-64] [INFO] [1791305253.613907389] [lifecycle_manager_navigation]: [34m[1mActivating collision_monitor[0m[0m
[collision_monitor-62] [INFO] [1791305253.614414121] [collision_monitor]: Activating
[collision_monitor-62] [INFO] [1791305253.614437455] [collision_monitor]: Creating bond (collision_monitor) to lifecycle manager.
[lifecycle_manager-64] [INFO] [1791305253.722180118] [lifecycle_manager_navigation]: Server collision_monitor connected with bond.
[lifecycle_manager-64] [INFO] [1791305253.722206152] [lifecycle_manager_navigation]: [34m[1mActivating bt_navigator[0m[0m
[bt_navigator-59] [INFO] [1791305253.722686715] [bt_navigator]: Activating
[bt_navigator-59] [INFO] [1791305253.846599605] [bt_navigator]: Creating bond (bt_navigator) to lifecycle manager.
[lifecycle_manager-64] [INFO] [1791305253.954992416] [lifecycle_manager_navigation]: Server bt_navigator connected with bond.
[lifecycle_manager-64] [INFO] [1791305253.955040332] [lifecycle_manager_navigation]: [34m[1mActivating waypoint_follower[0m[0m
[waypoint_follower-60] [INFO] [1791305253.955573128] [waypoint_follower]: Activating
[waypoint_follower-60] [INFO] [1791305253.955604404] [waypoint_follower]: Creating bond (waypoint_follower) to lifecycle manager.
[lifecycle_manager-64] [INFO] [1791305254.065109957] [lifecycle_manager_navigation]: Server waypoint_follower connected with bond.
[lifecycle_manager-64] [INFO] [1791305254.065145895] [lifecycle_manager_navigation]: [34m[1mActivating docking_server[0m[0m
[opennav_docking-63] [INFO] [1791305254.065700926] [docking_server]: Activating docking_server
[opennav_docking-63] [INFO] [1791305254.080675203] [docking_server]: Creating bond (docking_server) to lifecycle manager.
[lifecycle_manager-64] [INFO] [1791305254.189733214] [lifecycle_manager_navigation]: Server docking_server connected with bond.
[lifecycle_manager-64] [INFO] [1791305254.189778744] [lifecycle_manager_navigation]: [34m[1mManaged nodes are active[0m[0m
[lifecycle_manager-64] [INFO] [1791305254.189785964] [lifecycle_manager_navigation]: [34m[1mCreating bond timer...[0m[0m
[motion_control-34] [INFO] [1791305269.897554436] [motion_control]: Received new undock goal
[turtlebot4_node-29] [INFO] [1791305271.493310175] [turtlebot4_node]: OAKD started
[turtlebot4_node-29] [INFO] [1791305271.493345362] [turtlebot4_node]: RPLIDAR started
[turtlebot4_node-29] [ERROR] [1791305278.302709281] [turtlebot4_node]: Service stop_motor unavailable.
[turtlebot4_node-29] [ERROR] [1791305278.312979176] [turtlebot4_node]: Service oakd/stop_camera unavailable.
[turtlebot4_node-29] [ERROR] [1791305301.503604853] [turtlebot4_node]: Service start_motor unavailable.
[turtlebot4_node-29] [ERROR] [1791305301.513940969] [turtlebot4_node]: Service oakd/start_camera unavailable.
[gazebo-1] Stack trace (most recent call last) in thread 36380:
[gazebo-1] #18   Object "", at 0xffffffffffffffff, in 
[gazebo-1] #17   Source "../sysdeps/unix/sysv/linux/x86_64/clone3.S", line 78, in clone3 [0x7b26fd329ecb]
[gazebo-1] #16   Source "./nptl/pthread_create.c", line 447, in start_thread [0x7b26fd29cb83]
[gazebo-1] #15   Object "/afs/kth.se/misc/info/kurser/DD2410/ht26/pixi/IROB/.pixi/envs/default/lib/libQt5Core.so.5.15.15", at 0x7b26df4fa1d2, in 
[gazebo-1] #14   Object "/afs/kth.se/misc/info/kurser/DD2410/ht26/pixi/IROB/.pixi/envs/default/lib/libQt5Core.so.5.15.15", at 0x7b26df4f9336, in QThread::exec()
[gazebo-1] #13   Object "/afs/kth.se/misc/info/kurser/DD2410/ht26/pixi/IROB/.pixi/envs/default/lib/libQt5Core.so.5.15.15", at 0x7b26df60ff77, in QEventLoop::exec(QFlags<QEventLoop::ProcessEventsFlag>)
[gazebo-1] #12   Object "/afs/kth.se/misc/info/kurser/DD2410/ht26/pixi/IROB/.pixi/envs/default/lib/libQt5Core.so.5.15.15", at 0x7b26df64278c, in QEventDispatcherGlib::processEvents(QFlags<QEventLoop::ProcessEventsFlag>)
[gazebo-1] #11   Object "/afs/kth.se/misc/info/kurser/DD2410/ht26/pixi/IROB/.pixi/envs/default/lib/libglib-2.0.so.0.8800.3", at 0x7b26db0f45fd, in g_main_context_iteration
[gazebo-1] #10   Object "/afs/kth.se/misc/info/kurser/DD2410/ht26/pixi/IROB/.pixi/envs/default/lib/libglib-2.0.so.0.8800.3", at 0x7b26db0f3e76, in g_main_context_iterate_unlocked.isra.0
[gazebo-1] #9    Object "/afs/kth.se/misc/info/kurser/DD2410/ht26/pixi/IROB/.pixi/envs/default/lib/libglib-2.0.so.0.8800.3", at 0x7b26db0f0819, in g_main_dispatch
[gazebo-1] #8    Object "/afs/kth.se/misc/info/kurser/DD2410/ht26/pixi/IROB/.pixi/envs/default/lib/libQt5Core.so.5.15.15", at 0x7b26df642c24, in 
[gazebo-1] #7    Object "/afs/kth.se/misc/info/kurser/DD2410/ht26/pixi/IROB/.pixi/envs/default/lib/libQt5Core.so.5.15.15", at 0x7b26df612b24, in QCoreApplicationPrivate::sendPostedEvents(QObject*, int, QThreadData*)
[gazebo-1] #6    Object "/afs/kth.se/misc/info/kurser/DD2410/ht26/pixi/IROB/.pixi/envs/default/lib/libQt5Core.so.5.15.15", at 0x7b26df6122f3, in QCoreApplication::notifyInternal2(QObject*, QEvent*)
[gazebo-1] #5    Object "/afs/kth.se/misc/info/kurser/DD2410/ht26/pixi/IROB/.pixi/envs/default/lib/libQt5Widgets.so.5.15.15", at 0x7b26defc9021, in QApplicationPrivate::notify_helper(QObject*, QEvent*)
[gazebo-1] #4    Object "/afs/kth.se/misc/info/kurser/DD2410/ht26/pixi/IROB/.pixi/envs/default/lib/libQt5Core.so.5.15.15", at 0x7b26df628721, in QObject::event(QEvent*)
[gazebo-1] #3    Object "/afs/kth.se/misc/info/kurser/DD2410/ht26/pixi/IROB/.pixi/envs/default/lib/gz-gui-8/plugins/libMinimalScene.so", at 0x7b26af17a672, in gz::gui::plugins::RenderThread::RenderNext(gz::gui::plugins::RenderSync*)
[gazebo-1] #2    Object "/afs/kth.se/misc/info/kurser/DD2410/ht26/pixi/IROB/.pixi/envs/default/lib/gz-gui-8/plugins/libMinimalScene.so", at 0x7b26af18a5e5, in gz::gui::plugins::RenderThreadRhiOpenGL::RenderNext(gz::gui::plugins::RenderSync*)
[gazebo-1] #1    Object "/afs/kth.se/misc/info/kurser/DD2410/ht26/pixi/IROB/.pixi/envs/default/lib/gz-gui-8/plugins/libMinimalScene.so", at 0x7b26af188adb, in gz::gui::plugins::GzRenderer::Render(gz::gui::plugins::RenderSync*, gz::gui::plugins::RenderThreadRhi&)
[gazebo-1] #0    Object "/afs/kth.se/misc/info/kurser/DD2410/ht26/pixi/IROB/.pixi/envs/default/lib/libQt5Core.so.5.15.15", at 0x7b26df6122c0, in QCoreApplication::notifyInternal2(QObject*, QEvent*)
[gazebo-1] Segmentation fault (Address not mapped to object [0x8])
[gazebo-1] [INFO] [1791305342.640722209] [controller_manager.pal_statistics]: Async messages lost 0
[gazebo-1] [INFO] [1791305342.640758882] [controller_manager.pal_statistics]: publish_async_failures_ 0
[gazebo-1] [INFO] [1791305342.644658813] [controller_manager.pal_statistics]: Async messages lost 0
[gazebo-1] [INFO] [1791305342.644682998] [controller_manager.pal_statistics]: publish_async_failures_ 0
[gazebo-1] [1;36m[Dbg] [SignalHandler.cc:142] [0m[1;36mReceived signal[[0m[1;36m2[0m[1;36m].[0m
[gazebo-1] [1;36m[Dbg] [ServerPrivate.cc:122] [0m[1;36mServer received signal[[0m[1;36m2[0m[1;36m][0m
[gazebo-1] [1;36m[Dbg] [Sensors.cc:565] [0m[1;36mSensorsPrivate::Stop[0m[1;36m[0m
[gazebo-1] [1;36m[Dbg] [Sensors.cc:551] [0m[1;36mSensorsPrivate::RenderThread stopped[0m[1;36m[0m
[gazebo-1] [1;36m[Dbg] [gz.cc:434] [0m[1;36mShutting down gz-sim-server[0m[1;36m[0m
[gazebo-1] [1;36m[Dbg] [SimulationRunner.cc:560] [0m[1;36mExiting postupdate worker thread ([0m[1;36m0[0m[1;36m)[0m[1;36m[0m
[gazebo-1] [1;36m[Dbg] [SimulationRunner.cc:560] [0m[1;36mExiting postupdate worker thread ([0m[1;36m6[0m[1;36m)[0m[1;36m[0m
[gazebo-1] [1;36m[Dbg] [SimulationRunner.cc:560] [0m[1;36m[Dbg] [SimulationRunner.cc:560] Exiting postupdate worker thread ([0m[1;36m4[0m[1;36m)[0m[1;36m[0m
[gazebo-1] [1;36mExiting postupdate worker thread ([0m[1;36m3[0m[1;36m)[0m[1;36m[0m
[gazebo-1] [1;36m[Dbg] [SimulationRunner.cc:560] [0m[1;36m[Dbg] [SimulationRunner.cc:560] Exiting postupdate worker thread ([0m[1;36m[Dbg] [SimulationRunner.cc:560] [0m[1;36m[Dbg] [SimulationRunner.cc:560] Exiting postupdate worker thread ([0m[1;36m5[0m[1;36m)[0m[1;36m[0m
[gazebo-1] [1;36mExiting postupdate worker thread ([0m[1;36m2[0m[1;36m)[0m[1;36m[0m
[gazebo-1] [1;36m[Dbg] [SimulationRunner.cc:560] [0m[1;36mExiting postupdate worker thread ([0m[1;36m7[0m[1;36m)[0m[1;36m[0m
[gazebo-1] [1;36mExiting postupdate worker thread ([0m[1;36m1[0m[1;36m)[0m[1;36m[0m
[gazebo-1] [1;36mExiting postupdate worker thread ([0m[1;36m[Dbg] [Sensors.cc:565] [0m[1;36mSensorsPrivate::Stop[0m[1;36m[0m
[INFO] [gazebo-1]: process has finished cleanly [pid 35301]
