[INFO] [launch]: All log files can be found below /home/y/u/yunqiao/.ros/log/2026-10-06-18-13-42-356167-white-05.eecs.kth.se-23812
[INFO] [launch]: Default logging verbosity is set to INFO
[INFO] [gazebo-1]: process started with pid [23842]
[INFO] [parameter_bridge-2]: process started with pid [23844]
[INFO] [robot_state_publisher-3]: process started with pid [23846]
[INFO] [robot_state_publisher-4]: process started with pid [23849]
[INFO] [static_transform_publisher-5]: process started with pid [23851]
[INFO] [create-6]: process started with pid [23853]
[INFO] [create-7]: process started with pid [23855]
[INFO] [parameter_bridge-8]: process started with pid [23857]
[INFO] [parameter_bridge-9]: process started with pid [23859]
[INFO] [parameter_bridge-10]: process started with pid [23861]
[INFO] [parameter_bridge-11]: process started with pid [23863]
[INFO] [parameter_bridge-12]: process started with pid [23865]
[INFO] [parameter_bridge-13]: process started with pid [23867]
[INFO] [parameter_bridge-14]: process started with pid [23869]
[INFO] [parameter_bridge-15]: process started with pid [23871]
[INFO] [parameter_bridge-16]: process started with pid [23873]
[INFO] [parameter_bridge-17]: process started with pid [23875]
[INFO] [parameter_bridge-18]: process started with pid [23877]
[INFO] [parameter_bridge-19]: process started with pid [23880]
[INFO] [parameter_bridge-20]: process started with pid [23882]
[INFO] [parameter_bridge-21]: process started with pid [23884]
[INFO] [parameter_bridge-22]: process started with pid [23886]
[INFO] [parameter_bridge-23]: process started with pid [23888]
[INFO] [parameter_bridge-24]: process started with pid [23890]
[INFO] [parameter_bridge-25]: process started with pid [23892]
[INFO] [parameter_bridge-26]: process started with pid [23894]
[INFO] [parameter_bridge-27]: process started with pid [23896]
[INFO] [parameter_bridge-28]: process started with pid [23898]
[INFO] [turtlebot4_node-29]: process started with pid [23900]
[INFO] [turtlebot4_gz_hmi_node-30]: process started with pid [23902]
[INFO] [spawner-31]: process started with pid [23904]
[INFO] [hazards_vector_publisher-32]: process started with pid [23906]
[INFO] [ir_intensity_vector_publisher-33]: process started with pid [23908]
[INFO] [motion_control-34]: process started with pid [23910]
[INFO] [wheel_status_publisher-35]: process started with pid [23912]
[INFO] [mock_publisher-36]: process started with pid [23914]
[INFO] [robot_state-37]: process started with pid [23916]
[INFO] [kidnap_estimator_publisher-38]: process started with pid [23918]
[INFO] [ui_mgr-39]: process started with pid [23920]
[INFO] [pose_republisher_node-40]: process started with pid [23922]
[INFO] [sensors_node-41]: process started with pid [23924]
[INFO] [interface_buttons_node-42]: process started with pid [23926]
[INFO] [static_transform_publisher-43]: process started with pid [23928]
[INFO] [static_transform_publisher-44]: process started with pid [23930]
[INFO] [parameter_bridge-45]: process started with pid [23932]
[INFO] [parameter_bridge-46]: process started with pid [23934]
[INFO] [wait_for_ready-47]: process started with pid [23936]
[INFO] [wait_for_ready-48]: process started with pid [23938]
[INFO] [controller_server-49]: process started with pid [23940]
[INFO] [smoother_server-50]: process started with pid [23942]
[INFO] [planner_server-51]: process started with pid [23944]
[INFO] [route_server-52]: process started with pid [23946]
[INFO] [behavior_server-53]: process started with pid [23948]
[INFO] [bt_navigator-54]: process started with pid [23950]
[INFO] [waypoint_follower-55]: process started with pid [23952]
[INFO] [velocity_smoother-56]: process started with pid [23954]
[INFO] [collision_monitor-57]: process started with pid [23956]
[INFO] [opennav_docking-58]: process started with pid [23958]
[INFO] [lifecycle_manager-59]: process started with pid [23960]
[INFO] [map_server-60]: process started with pid [23962]
[INFO] [lifecycle_manager-61]: process started with pid [23964]
[static_transform_publisher-5] [WARN] [1791303226.246341190] []: Old-style arguments are deprecated; see --help for new-style arguments
[robot_state-37] [INFO] [1791303226.318119022] [robot_state]: Advertised topic: battery_state
[robot_state-37] [INFO] [1791303226.355936433] [robot_state]: Subscription to topic: dock_status
[robot_state-37] [INFO] [1791303226.356216739] [robot_state]: Advertised topic: stop_status
[robot_state-37] [INFO] [1791303226.359136982] [robot_state]: Subscription to topic: odom
[static_transform_publisher-5] [INFO] [1791303226.447993968] [tf_odom_std_dock_link_publisher]: Spinning until stopped - publishing transform
[static_transform_publisher-5] translation: ('0.157000', '0.000000', '0.000000')
[static_transform_publisher-5] rotation: ('0.000000', '0.000000', '1.000000', '0.000000')
[static_transform_publisher-5] from 'odom' to 'std_dock_link'
[kidnap_estimator_publisher-38] [INFO] [1791303226.489118078] [kidnap_estimator_publisher]: Advertised topic: kidnap_status
[kidnap_estimator_publisher-38] [INFO] [1791303226.489536605] [kidnap_estimator_publisher]: Subscription to topic: hazard_detection
[wheel_status_publisher-35] [INFO] [1791303226.503114550] [wheel_status_publisher]: Advertised topic: wheel_vels
[wheel_status_publisher-35] [INFO] [1791303226.503434450] [wheel_status_publisher]: Advertised topic: wheel_ticks
[hazards_vector_publisher-32] [INFO] [1791303226.538257776] [hazards_vector_publisher]: Advertised topic: hazard_detection
[hazards_vector_publisher-32] [INFO] [1791303226.539036798] [hazards_vector_publisher]: Subscription to topic: _internal/bumper/event
[hazards_vector_publisher-32] [INFO] [1791303226.539731709] [hazards_vector_publisher]: Subscription to topic: _internal/cliff_front_left/event
[hazards_vector_publisher-32] [INFO] [1791303226.540651231] [hazards_vector_publisher]: Subscription to topic: _internal/cliff_front_right/event
[hazards_vector_publisher-32] [INFO] [1791303226.540896407] [hazards_vector_publisher]: Subscription to topic: _internal/cliff_side_left/event
[hazards_vector_publisher-32] [INFO] [1791303226.541100195] [hazards_vector_publisher]: Subscription to topic: _internal/cliff_side_right/event
[hazards_vector_publisher-32] [INFO] [1791303226.541306343] [hazards_vector_publisher]: Subscription to topic: _internal/wheel_drop/left_wheel/event
[hazards_vector_publisher-32] [INFO] [1791303226.541534612] [hazards_vector_publisher]: Subscription to topic: _internal/wheel_drop/right_wheel/event
[hazards_vector_publisher-32] [INFO] [1791303226.541734756] [hazards_vector_publisher]: Subscription to topic: _internal/backup_limit
[static_transform_publisher-43] [WARN] [1791303226.867975105] []: Old-style arguments are deprecated; see --help for new-style arguments
[robot_state_publisher-4] [WARN] [1791303226.961720852] [kdl_parser]: The root link std_dock_link has an inertia specified in the URDF, but KDL does not support a root link with an inertia.  As a workaround, you can add an extra dummy link to your URDF.
[robot_state_publisher-4] [INFO] [1791303226.961798565] [dock_state_publisher]: Robot initialized
[robot_state_publisher-3] [WARN] [1791303227.113964993] [kdl_parser]: The root link base_link has an inertia specified in the URDF, but KDL does not support a root link with an inertia.  As a workaround, you can add an extra dummy link to your URDF.
[robot_state_publisher-3] [INFO] [1791303227.114120150] [robot_state_publisher]: Robot initialized
[ir_intensity_vector_publisher-33] [INFO] [1791303227.114078768] [ir_intensity_vector_publisher]: Advertised topic: ir_intensity
[ir_intensity_vector_publisher-33] [INFO] [1791303227.116850398] [ir_intensity_vector_publisher]: Subscription to topic: _internal/ir_intensity_front_center_left
[ir_intensity_vector_publisher-33] [INFO] [1791303227.117171338] [ir_intensity_vector_publisher]: Subscription to topic: _internal/ir_intensity_front_center_right
[ir_intensity_vector_publisher-33] [INFO] [1791303227.117417894] [ir_intensity_vector_publisher]: Subscription to topic: _internal/ir_intensity_front_left
[ir_intensity_vector_publisher-33] [INFO] [1791303227.117642420] [ir_intensity_vector_publisher]: Subscription to topic: _internal/ir_intensity_front_right
[ir_intensity_vector_publisher-33] [INFO] [1791303227.117877299] [ir_intensity_vector_publisher]: Subscription to topic: _internal/ir_intensity_left
[ir_intensity_vector_publisher-33] [INFO] [1791303227.118092845] [ir_intensity_vector_publisher]: Subscription to topic: _internal/ir_intensity_right
[ir_intensity_vector_publisher-33] [INFO] [1791303227.118320579] [ir_intensity_vector_publisher]: Subscription to topic: _internal/ir_intensity_side_left
[static_transform_publisher-44] [WARN] [1791303227.160182905] []: Old-style arguments are deprecated; see --help for new-style arguments
[static_transform_publisher-43] [INFO] [1791303227.263833975] [rplidar_stf]: Spinning until stopped - publishing transform
[static_transform_publisher-43] translation: ('0.000000', '0.000000', '0.000000')
[static_transform_publisher-43] rotation: ('0.000000', '0.000000', '0.000000', '1.000000')
[static_transform_publisher-43] from 'rplidar_link' to 'turtlebot4/rplidar_link/rplidar'
[motion_control-34] [INFO] [1791303227.269774861] [motion_control]: Enabling REFLEX_BUMP
[motion_control-34] [INFO] [1791303227.269839841] [motion_control]: Enabling REFLEX_CLIFF
[motion_control-34] [INFO] [1791303227.269922297] [motion_control]: Enabling REFLEX_STUCK
[motion_control-34] [INFO] [1791303227.269964038] [motion_control]: Enabling REFLEX_WHEEL_DROP
[mock_publisher-36] [INFO] [1791303227.310086322] [mock_publisher]: Advertised mocked topic: slip_status
[turtlebot4_node-29] [INFO] [1791303227.571038185] [turtlebot4_node]: Init Turtlebot4 Node Main
[ui_mgr-39] [INFO] [1791303227.694213542] [ui_mgr]: Subscription to topic: cmd_lightring
[ui_mgr-39] [INFO] [1791303227.698002604] [ui_mgr]: Subscription to topic: cmd_audio
[static_transform_publisher-44] [INFO] [1791303227.715227187] [camera_stf]: Spinning until stopped - publishing transform
[static_transform_publisher-44] translation: ('0.000000', '0.000000', '0.000000')
[static_transform_publisher-44] rotation: ('0.499952', '-0.500000', '0.500000', '0.500048')
[static_transform_publisher-44] from 'oakd_rgb_camera_optical_frame' to 'turtlebot4/oakd_rgb_camera_frame/rgbd_camera'
[turtlebot4_node-29] [INFO] [1791303227.732341955] [turtlebot4_node]: Buttons Init
[route_server-52] [INFO] [1791303227.752770065] [route_server]: 
[route_server-52] 	route_server lifecycle node launched. 
[route_server-52] 	Waiting on external lifecycle transitions to activate
[route_server-52] 	See https://design.ros2.org/articles/node_lifecycle.html for more information.
[lifecycle_manager-61] [INFO] [1791303227.755229599] [lifecycle_manager_map]: Creating
[turtlebot4_node-29] [INFO] [1791303227.760307496] [turtlebot4_node]: Init Display
[turtlebot4_node-29] [INFO] [1791303227.763049451] [turtlebot4_node]: Leds Init
[lifecycle_manager-61] [INFO] [1791303227.768407221] [lifecycle_manager_map]: [34m[1mCreating and initializing lifecycle service clients[0m[0m
[planner_server-51] [INFO] [1791303227.772859119] [planner_server]: 
[planner_server-51] 	planner_server lifecycle node launched. 
[planner_server-51] 	Waiting on external lifecycle transitions to activate
[planner_server-51] 	See https://design.ros2.org/articles/node_lifecycle.html for more information.
[turtlebot4_node-29] [INFO] [1791303227.776078624] [turtlebot4_node]: Turtlebot4 standard running.
[collision_monitor-57] [INFO] [1791303227.779768230] [collision_monitor]: 
[collision_monitor-57] 	collision_monitor lifecycle node launched. 
[collision_monitor-57] 	Waiting on external lifecycle transitions to activate
[collision_monitor-57] 	See https://design.ros2.org/articles/node_lifecycle.html for more information.
[controller_server-49] [INFO] [1791303227.808460104] [controller_server]: 
[controller_server-49] 	controller_server lifecycle node launched. 
[controller_server-49] 	Waiting on external lifecycle transitions to activate
[controller_server-49] 	See https://design.ros2.org/articles/node_lifecycle.html for more information.
[opennav_docking-58] [INFO] [1791303227.861566904] [docking_server]: 
[opennav_docking-58] 	docking_server lifecycle node launched. 
[opennav_docking-58] 	Waiting on external lifecycle transitions to activate
[opennav_docking-58] 	See https://design.ros2.org/articles/node_lifecycle.html for more information.
[opennav_docking-58] [INFO] [1791303227.861615080] [docking_server]: Creating docking_server
[bt_navigator-54] [INFO] [1791303227.927073612] [bt_navigator]: 
[bt_navigator-54] 	bt_navigator lifecycle node launched. 
[bt_navigator-54] 	Waiting on external lifecycle transitions to activate
[bt_navigator-54] 	See https://design.ros2.org/articles/node_lifecycle.html for more information.
[create-7] [INFO] [1791303227.938802690] [ros_gz_sim]: Requesting list of world names.
[map_server-60] [INFO] [1791303227.996960074] [map_server]: 
[map_server-60] 	map_server lifecycle node launched. 
[map_server-60] 	Waiting on external lifecycle transitions to activate
[map_server-60] 	See https://design.ros2.org/articles/node_lifecycle.html for more information.
[map_server-60] [INFO] [1791303227.997011063] [map_server]: Creating
[create-6] [INFO] [1791303228.014998663] [ros_gz_sim]: Requesting list of world names.
[waypoint_follower-55] [INFO] [1791303228.072344249] [waypoint_follower]: 
[waypoint_follower-55] 	waypoint_follower lifecycle node launched. 
[waypoint_follower-55] 	Waiting on external lifecycle transitions to activate
[waypoint_follower-55] 	See https://design.ros2.org/articles/node_lifecycle.html for more information.
[parameter_bridge-12] [INFO] [1791303228.150779471] [cliff_front_left_bridge]: Creating GZ->ROS Bridge: [/world/warehouse/model/turtlebot4/link/base_link/sensor/cliff_front_left/scan (gz.msgs.LaserScan) -> /world/warehouse/model/turtlebot4/link/base_link/sensor/cliff_front_left/scan (sensor_msgs/msg/LaserScan)] (Lazy 0)
[waypoint_follower-55] [INFO] [1791303228.169654957] [waypoint_follower]: Creating
[parameter_bridge-2] [INFO] [1791303228.173051707] [clock_bridge]: Creating GZ->ROS Bridge: [/clock (gz.msgs.Clock) -> /clock (rosgraph_msgs/msg/Clock)] (Lazy 0)
[parameter_bridge-21] [INFO] [1791303228.207429240] [ir_intensity_right_bridge]: Creating GZ->ROS Bridge: [/world/warehouse/model/turtlebot4/link/ir_intensity_right/sensor/ir_intensity_right/scan (gz.msgs.LaserScan) -> /world/warehouse/model/turtlebot4/link/ir_intensity_right/sensor/ir_intensity_right/scan (sensor_msgs/msg/LaserScan)] (Lazy 0)
[planner_server-51] [INFO] [1791303228.228381905] [planner_server]: Creating
[parameter_bridge-9] [INFO] [1791303228.232182110] [pose_bridge]: Creating GZ->ROS Bridge: [/model/turtlebot4/pose (gz.msgs.Pose_V) -> /model/turtlebot4/pose (tf2_msgs/msg/TFMessage)] (Lazy 0)
[parameter_bridge-9] [INFO] [1791303228.242721541] [pose_bridge]: Creating GZ->ROS Bridge: [/model/standard_dock/pose (gz.msgs.Pose_V) -> /model/standard_dock/pose (tf2_msgs/msg/TFMessage)] (Lazy 0)
[bt_navigator-54] [INFO] [1791303228.254390994] [bt_navigator]: Creating
[lifecycle_manager-59] [INFO] [1791303228.262270095] [lifecycle_manager_navigation]: Creating
[planner_server-51] [INFO] [1791303228.269398177] [global_costmap.global_costmap]: 
[planner_server-51] 	global_costmap lifecycle node launched. 
[planner_server-51] 	Waiting on external lifecycle transitions to activate
[planner_server-51] 	See https://design.ros2.org/articles/node_lifecycle.html for more information.
[lifecycle_manager-59] [INFO] [1791303228.273401731] [lifecycle_manager_navigation]: [34m[1mCreating and initializing lifecycle service clients[0m[0m
[planner_server-51] [INFO] [1791303228.284281379] [global_costmap.global_costmap]: Creating Costmap
[smoother_server-50] [INFO] [1791303228.285820370] [smoother_server]: 
[smoother_server-50] 	smoother_server lifecycle node launched. 
[smoother_server-50] 	Waiting on external lifecycle transitions to activate
[smoother_server-50] 	See https://design.ros2.org/articles/node_lifecycle.html for more information.
[velocity_smoother-56] [INFO] [1791303228.293842357] [velocity_smoother]: 
[velocity_smoother-56] 	velocity_smoother lifecycle node launched. 
[velocity_smoother-56] 	Waiting on external lifecycle transitions to activate
[velocity_smoother-56] 	See https://design.ros2.org/articles/node_lifecycle.html for more information.
[behavior_server-53] [INFO] [1791303228.335668003] [behavior_server]: 
[behavior_server-53] 	behavior_server lifecycle node launched. 
[behavior_server-53] 	Waiting on external lifecycle transitions to activate
[behavior_server-53] 	See https://design.ros2.org/articles/node_lifecycle.html for more information.
[smoother_server-50] [INFO] [1791303228.372882604] [smoother_server]: Creating smoother server
[controller_server-49] [INFO] [1791303228.376997499] [controller_server]: Creating controller server
[parameter_bridge-22] [INFO] [1791303228.378722107] [ir_intensity_side_left_bridge]: Creating GZ->ROS Bridge: [/world/warehouse/model/turtlebot4/link/ir_intensity_side_left/sensor/ir_intensity_side_left/scan (gz.msgs.LaserScan) -> /world/warehouse/model/turtlebot4/link/ir_intensity_side_left/sensor/ir_intensity_side_left/scan (sensor_msgs/msg/LaserScan)] (Lazy 0)
[parameter_bridge-8] [INFO] [1791303228.384361885] [cmd_vel_bridge]: Creating GZ->ROS Bridge: [/cmd_vel (gz.msgs.Twist) -> /cmd_vel (geometry_msgs/msg/TwistStamped)] (Lazy 0)
[gazebo-1] Warning: Ignoring XDG_SESSION_TYPE=wayland on Gnome. Use QT_QPA_PLATFORM=wayland to run on Wayland anyway.
[parameter_bridge-8] [INFO] [1791303228.405896234] [cmd_vel_bridge]: Creating ROS->GZ Bridge: [/model/turtlebot4/cmd_vel (geometry_msgs/msg/TwistStamped) -> /model/turtlebot4/cmd_vel (gz.msgs.Twist)] (Lazy 0)
[parameter_bridge-14] [INFO] [1791303228.464478006] [cliff_side_left_bridge]: Creating GZ->ROS Bridge: [/world/warehouse/model/turtlebot4/link/base_link/sensor/cliff_side_left/scan (gz.msgs.LaserScan) -> /world/warehouse/model/turtlebot4/link/base_link/sensor/cliff_side_left/scan (sensor_msgs/msg/LaserScan)] (Lazy 0)
[parameter_bridge-16] [INFO] [1791303228.466606466] [ir_intensity_front_center_left_bridge]: Creating GZ->ROS Bridge: [/world/warehouse/model/turtlebot4/link/ir_intensity_front_center_left/sensor/ir_intensity_front_center_left/scan (gz.msgs.LaserScan) -> /world/warehouse/model/turtlebot4/link/ir_intensity_front_center_left/sensor/ir_intensity_front_center_left/scan (sensor_msgs/msg/LaserScan)] (Lazy 0)
[parameter_bridge-20] [INFO] [1791303228.466608585] [ir_intensity_left_bridge]: Creating GZ->ROS Bridge: [/world/warehouse/model/turtlebot4/link/ir_intensity_left/sensor/ir_intensity_left/scan (gz.msgs.LaserScan) -> /world/warehouse/model/turtlebot4/link/ir_intensity_left/sensor/ir_intensity_left/scan (sensor_msgs/msg/LaserScan)] (Lazy 0)
[parameter_bridge-10] [INFO] [1791303228.473023462] [odom_base_tf_bridge]: Creating GZ->ROS Bridge: [/model/turtlebot4/tf (gz.msgs.Pose_V) -> /model/turtlebot4/tf (tf2_msgs/msg/TFMessage)] (Lazy 0)
[parameter_bridge-15] [INFO] [1791303228.552303399] [cliff_side_right_bridge]: Creating GZ->ROS Bridge: [/world/warehouse/model/turtlebot4/link/base_link/sensor/cliff_side_right/scan (gz.msgs.LaserScan) -> /world/warehouse/model/turtlebot4/link/base_link/sensor/cliff_side_right/scan (sensor_msgs/msg/LaserScan)] (Lazy 0)
[parameter_bridge-13] [INFO] [1791303228.568071041] [cliff_front_right_bridge]: Creating GZ->ROS Bridge: [/world/warehouse/model/turtlebot4/link/base_link/sensor/cliff_front_right/scan (gz.msgs.LaserScan) -> /world/warehouse/model/turtlebot4/link/base_link/sensor/cliff_front_right/scan (sensor_msgs/msg/LaserScan)] (Lazy 0)
[parameter_bridge-11] [INFO] [1791303228.580978059] [bumper_contact_bridge]: Creating GZ->ROS Bridge: [/bumper_contact (gz.msgs.Contacts) -> /bumper_contact (ros_gz_interfaces/msg/Contacts)] (Lazy 0)
[parameter_bridge-19] [INFO] [1791303228.582869949] [ir_intensity_front_right_bridge]: Creating GZ->ROS Bridge: [/world/warehouse/model/turtlebot4/link/ir_intensity_front_right/sensor/ir_intensity_front_right/scan (gz.msgs.LaserScan) -> /world/warehouse/model/turtlebot4/link/ir_intensity_front_right/sensor/ir_intensity_front_right/scan (sensor_msgs/msg/LaserScan)] (Lazy 0)
[parameter_bridge-26] [INFO] [1791303228.614767931] [hmi_led_msg_bridge]: Creating ROS->GZ Bridge: [/hmi/led/power (std_msgs/msg/Int32) -> /hmi/led/power (gz.msgs.Int32)] (Lazy 0)
[parameter_bridge-26] [INFO] [1791303228.618306388] [hmi_led_msg_bridge]: Creating ROS->GZ Bridge: [/hmi/led/motors (std_msgs/msg/Int32) -> /hmi/led/motors (gz.msgs.Int32)] (Lazy 0)
[parameter_bridge-24] [INFO] [1791303228.634013384] [hmi_display_msg_bridge]: Creating ROS->GZ Bridge: [/hmi/display/raw (std_msgs/msg/String) -> /hmi/display/raw (gz.msgs.StringMsg)] (Lazy 0)
[parameter_bridge-26] [INFO] [1791303228.634955320] [hmi_led_msg_bridge]: Creating ROS->GZ Bridge: [/hmi/led/comms (std_msgs/msg/Int32) -> /hmi/led/comms (gz.msgs.Int32)] (Lazy 0)
[parameter_bridge-24] [INFO] [1791303228.636581517] [hmi_display_msg_bridge]: Creating ROS->GZ Bridge: [/hmi/display/selected (std_msgs/msg/Int32) -> /hmi/display/selected (gz.msgs.Int32)] (Lazy 0)
[parameter_bridge-28] [INFO] [1791303228.637333146] [camera_bridge]: Creating GZ->ROS Bridge: [/world/warehouse/model/turtlebot4/link/oakd_rgb_camera_frame/sensor/rgbd_camera/image (gz.msgs.Image) -> /world/warehouse/model/turtlebot4/link/oakd_rgb_camera_frame/sensor/rgbd_camera/image (sensor_msgs/msg/Image)] (Lazy 0)
[parameter_bridge-28] [INFO] [1791303228.643432947] [camera_bridge]: Creating GZ->ROS Bridge: [/world/warehouse/model/turtlebot4/link/oakd_rgb_camera_frame/sensor/rgbd_camera/depth_image (gz.msgs.Image) -> /world/warehouse/model/turtlebot4/link/oakd_rgb_camera_frame/sensor/rgbd_camera/depth_image (sensor_msgs/msg/Image)] (Lazy 0)
[parameter_bridge-28] [INFO] [1791303228.645447622] [camera_bridge]: Creating GZ->ROS Bridge: [/world/warehouse/model/turtlebot4/link/oakd_rgb_camera_frame/sensor/rgbd_camera/points (gz.msgs.PointCloudPacked) -> /world/warehouse/model/turtlebot4/link/oakd_rgb_camera_frame/sensor/rgbd_camera/points (sensor_msgs/msg/PointCloud2)] (Lazy 0)
[parameter_bridge-26] [INFO] [1791303228.646775128] [hmi_led_msg_bridge]: Creating ROS->GZ Bridge: [/hmi/led/wifi (std_msgs/msg/Int32) -> /hmi/led/wifi (gz.msgs.Int32)] (Lazy 0)
[parameter_bridge-28] [INFO] [1791303228.648225861] [camera_bridge]: Creating GZ->ROS Bridge: [/world/warehouse/model/turtlebot4/link/oakd_rgb_camera_frame/sensor/rgbd_camera/camera_info (gz.msgs.CameraInfo) -> /world/warehouse/model/turtlebot4/link/oakd_rgb_camera_frame/sensor/rgbd_camera/camera_info (sensor_msgs/msg/CameraInfo)] (Lazy 0)
[parameter_bridge-23] [INFO] [1791303228.648468554] [buttons_msg_bridge]: Creating GZ->ROS Bridge: [/create3_buttons (gz.msgs.Int32) -> /create3_buttons (std_msgs/msg/Int32)] (Lazy 0)
[parameter_bridge-25] [INFO] [1791303228.657094507] [hmi_buttons_msg_bridge]: Creating GZ->ROS Bridge: [/hmi/buttons (gz.msgs.Int32) -> /hmi/buttons (std_msgs/msg/Int32)] (Lazy 0)
[parameter_bridge-26] [INFO] [1791303228.671770791] [hmi_led_msg_bridge]: Creating ROS->GZ Bridge: [/hmi/led/battery (std_msgs/msg/Int32) -> /hmi/led/battery (gz.msgs.Int32)] (Lazy 0)
[parameter_bridge-26] [INFO] [1791303228.672739867] [hmi_led_msg_bridge]: Creating ROS->GZ Bridge: [/hmi/led/user1 (std_msgs/msg/Int32) -> /hmi/led/user1 (gz.msgs.Int32)] (Lazy 0)
[parameter_bridge-27] [INFO] [1791303228.677634342] [lidar_bridge]: Creating GZ->ROS Bridge: [/world/warehouse/model/turtlebot4/link/rplidar_link/sensor/rplidar/scan (gz.msgs.LaserScan) -> /world/warehouse/model/turtlebot4/link/rplidar_link/sensor/rplidar/scan (sensor_msgs/msg/LaserScan)] (Lazy 0)
[parameter_bridge-26] [INFO] [1791303228.698104159] [hmi_led_msg_bridge]: Creating ROS->GZ Bridge: [/hmi/led/user2 (std_msgs/msg/Int32) -> /hmi/led/user2 (gz.msgs.Int32)] (Lazy 0)
[parameter_bridge-45] [INFO] [1791303228.710638940] [ros_gz_bridge]: Creating ROS->GZ Bridge: [/vacuum_gripper/attach (std_msgs/msg/Empty) -> /vacuum_gripper/attach (gz.msgs.Empty)] (Lazy 0)
[controller_server-49] [INFO] [1791303228.712995716] [local_costmap.local_costmap]: 
[controller_server-49] 	local_costmap lifecycle node launched. 
[controller_server-49] 	Waiting on external lifecycle transitions to activate
[controller_server-49] 	See https://design.ros2.org/articles/node_lifecycle.html for more information.
[controller_server-49] [INFO] [1791303228.715848197] [local_costmap.local_costmap]: Creating Costmap
[parameter_bridge-45] [INFO] [1791303228.725834930] [ros_gz_bridge]: Creating ROS->GZ Bridge: [/vacuum_gripper/detach (std_msgs/msg/Empty) -> /vacuum_gripper/detach (gz.msgs.Empty)] (Lazy 0)
[parameter_bridge-17] [INFO] [1791303228.737716060] [ir_intensity_front_center_right_bridge]: Creating GZ->ROS Bridge: [/world/warehouse/model/turtlebot4/link/ir_intensity_front_center_right/sensor/ir_intensity_front_center_right/scan (gz.msgs.LaserScan) -> /world/warehouse/model/turtlebot4/link/ir_intensity_front_center_right/sensor/ir_intensity_front_center_right/scan (sensor_msgs/msg/LaserScan)] (Lazy 0)
[parameter_bridge-18] [INFO] [1791303228.760629306] [ir_intensity_front_left_bridge]: Creating GZ->ROS Bridge: [/world/warehouse/model/turtlebot4/link/ir_intensity_front_left/sensor/ir_intensity_front_left/scan (gz.msgs.LaserScan) -> /world/warehouse/model/turtlebot4/link/ir_intensity_front_left/sensor/ir_intensity_front_left/scan (sensor_msgs/msg/LaserScan)] (Lazy 0)
[wait_for_ready-47] [INFO] [1791303228.912088738] [wait_for_rviz]: [rviz] waiting for nodes=[] services=[] answering=[] topics=['/clock', '/scan'] (timeout 300s)
[wait_for_ready-48] [INFO] [1791303228.913867201] [wait_for_sim]: [sim] waiting for nodes=['controller_manager'] services=['/controller_manager/set_parameters'] answering=['/controller_manager/list_controllers'] topics=['/scan'] (timeout 300s)
[lifecycle_manager-61] [INFO] [1791303229.208922173] [lifecycle_manager_map]: [34m[1mStarting managed nodes bringup...[0m[0m
[lifecycle_manager-61] [INFO] [1791303229.208958626] [lifecycle_manager_map]: [34m[1mConfiguring map_server[0m[0m
[map_server-60] [INFO] [1791303229.230920348] [map_server]: Configuring
[map_server-60] [INFO] [1791303229.230977182] [map_io]: Loading yaml file: /home/y/u/yunqiao/IROB_Mobile_Robot_Project/install/warehouse_inventory_robot/share/warehouse_inventory_robot/maps/warehouse.yaml
[map_server-60] [INFO] [1791303229.233043081] [map_io]: resolution: 0.03
[map_server-60] [INFO] [1791303229.233063641] [map_io]: origin[0]: -15.1
[map_server-60] [INFO] [1791303229.233067327] [map_io]: origin[1]: -25
[map_server-60] [INFO] [1791303229.233071184] [map_io]: origin[2]: 0
[map_server-60] [INFO] [1791303229.233074581] [map_io]: free_thresh: 0.1
[map_server-60] [INFO] [1791303229.233077477] [map_io]: occupied_thresh: 0.65
[map_server-60] [INFO] [1791303229.233080166] [map_io]: mode: trinary
[map_server-60] [INFO] [1791303229.233083583] [map_io]: negate: 0
[map_server-60] [INFO] [1791303229.233286039] [map_io]: Loading image_file: /home/y/u/yunqiao/IROB_Mobile_Robot_Project/install/warehouse_inventory_robot/share/warehouse_inventory_robot/maps/warehouse.pgm
[spawner-31] [INFO] [1791303229.236391658] [spawner_joint_state_broadcaster]: waiting for service /controller_manager/list_controllers to become available...
[map_server-60] [INFO] [1791303229.254021467] [map_io]: Read map /home/y/u/yunqiao/IROB_Mobile_Robot_Project/install/warehouse_inventory_robot/share/warehouse_inventory_robot/maps/warehouse.pgm: 1006 X 1674 map @ 0.03 m/cell
[parameter_bridge-26] [INFO] [1791303229.326908141] [hmi_led_msg_bridge]: Passing message from ROS std_msgs/msg/Int32 to Gazebo gz.msgs.Int32 (showing msg only once per type)
[map_server-60] [WARN] [1791303229.392146804] [map_server.rclcpp]: failed to send response to /map_server/change_state (timeout): client will not receive response, at /home/runner/conda-bld/bld/rattler-build_ros-jazzy-rmw-fastrtps-shared-cpp_1782301755/work/ros-jazzy-rmw-fastrtps-shared-cpp/src/work/src/rmw_response.cpp:153, at /home/runner/conda-bld/bld/rattler-build_ros-jazzy-rcl_1782302707/work/ros-jazzy-rcl/src/work/src/rcl/service.c:400
[gazebo-1] [1;36m[Dbg] [gz.cc:166] [0m[1;36mSubscribing to [[0m[1;36m/gazebo/starting_world[0m[1;36m].[0m[1;36m[0m
[gazebo-1] [1;36m[Dbg] [gz.cc:168] [0m[1;36mWaiting for a world to be set from the GUI...[0m[1;36m[0m
[gazebo-1] [1;32m[Msg] [0m[1;32mReceived world [[0m[1;32mwarehouse.sdf[0m[1;32m] from the GUI.[0m[1;32m[0m
[gazebo-1] [1;36m[Dbg] [gz.cc:172] [0m[1;36mUnsubscribing from [[0m[1;36m/gazebo/starting_world[0m[1;36m].[0m[1;36m[0m
[gazebo-1] [1;32m[Msg] [0m[1;32mGazebo Sim Server v[0m[1;32m8.10.0[0m[1;32m[0m
[gazebo-1] [1;32m[Msg] [0m[1;32mLoading SDF world file[[0m[1;32m/home/y/u/yunqiao/IROB_Mobile_Robot_Project/install/turtlebot4_gz_bringup/share/turtlebot4_gz_bringup/worlds/warehouse.sdf[0m[1;32m].[0m
[gazebo-1] [1;32m[Msg] [0m[1;32mServing entity system service on [[0m[1;32m/[0m[1;32mentity/system/add[0m[1;32m][0m[1;32m[0m
[gazebo-1] [1;36m[Dbg] [Physics.cc:899] [0m[1;36mLoaded [[0m[1;36mgz::physics::dartsim::Plugin[0m[1;36m] from library [[0m[1;36m/afs/kth.se/misc/info/kurser/DD2410/ht26/pixi/IROB/.pixi/envs/default/lib/gz-physics-7/engine-plugins/libgz-physics-dartsim-plugin.so[0m[1;36m][0m[1;36m[0m
[gazebo-1] [1;36m[Dbg] [SystemManager.cc:80] [0m[1;36mLoaded system [[0m[1;36mgz::sim::systems::Physics[0m[1;36m] for entity [[0m[1;36m1[0m[1;36m][0m[1;36m[0m
[gazebo-1] [1;32m[Msg] [0m[1;32mCreate[0m[1;32m service on [[0m[1;32m/world/warehouse/create_multiple[0m[1;32m] (async)[0m[1;32m[0m
[gazebo-1] [1;32m[Msg] [0m[1;32mCreate[0m[1;32m service on [[0m[1;32m/world/warehouse/create_multiple/blocking[0m[1;32m] (blocking)[0m[1;32m[0m
[gazebo-1] [1;32m[Msg] [0m[1;32mRemove[0m[1;32m service on [[0m[1;32m/world/warehouse/remove[0m[1;32m] (async)[0m[1;32m[0m
[gazebo-1] [1;32m[Msg] [0m[1;32mRemove[0m[1;32m service on [[0m[1;32m/world/warehouse/remove/blocking[0m[1;32m] (blocking)[0m[1;32m[0m
[gazebo-1] [1;32m[Msg] [0m[1;32mPose[0m[1;32m service on [[0m[1;32m/world/warehouse/set_pose[0m[1;32m] (async)[0m[1;32m[0m
[gazebo-1] [1;32m[Msg] [0m[1;32mPose[0m[1;32m service on [[0m[1;32m/world/warehouse/set_pose/blocking[0m[1;32m] (blocking)[0m[1;32m[0m
[gazebo-1] [1;32m[Msg] [0m[1;32mPose[0m[1;32m service on [[0m[1;32m/world/warehouse/set_pose_vector[0m[1;32m] (async)[0m[1;32m[0m
[gazebo-1] [1;32m[Msg] [0m[1;32mPose[0m[1;32m service on [[0m[1;32m/world/warehouse/set_pose_vector/blocking[0m[1;32m] (blocking)[0m[1;32m[0m
[gazebo-1] [1;32m[Msg] [0m[1;32mLight configuration[0m[1;32m service on [[0m[1;32m/world/warehouse/light_config[0m[1;32m] (async)[0m[1;32m[0m
[gazebo-1] [1;32m[Msg] [0m[1;32mLight configuration[0m[1;32m service on [[0m[1;32m/world/warehouse/light_config/blocking[0m[1;32m] (blocking)[0m[1;32m[0m
[gazebo-1] [1;32m[Msg] [0m[1;32mPhysics[0m[1;32m service on [[0m[1;32m/world/warehouse/set_physics[0m[1;32m] (async)[0m[1;32m[0m
[gazebo-1] [1;32m[Msg] [0m[1;32mPhysics[0m[1;32m service on [[0m[1;32m/world/warehouse/set_physics/blocking[0m[1;32m] (blocking)[0m[1;32m[0m
[gazebo-1] [1;32m[Msg] [0m[1;32mSphericalCoordinates[0m[1;32m service on [[0m[1;32m/world/warehouse/set_spherical_coordinates[0m[1;32m] (async)[0m[1;32m[0m
[gazebo-1] [1;32m[Msg] [0m[1;32mSphericalCoordinates[0m[1;32m service on [[0m[1;32m/world/warehouse/set_spherical_coordinates/blocking[0m[1;32m] (blocking)[0m[1;32m[0m
[gazebo-1] [1;32m[Msg] [0m[1;32mEnable collision[0m[1;32m service on [[0m[1;32m/world/warehouse/enable_collision[0m[1;32m] (async)[0m[1;32m[0m
[gazebo-1] [1;32m[Msg] [0m[1;32mEnable collision[0m[1;32m service on [[0m[1;32m/world/warehouse/enable_collision/blocking[0m[1;32m] (blocking)[0m[1;32m[0m
[gazebo-1] [1;32m[Msg] [0m[1;32mDisable collision[0m[1;32m service on [[0m[1;32m/world/warehouse/disable_collision[0m[1;32m] (async)[0m[1;32m[0m
[gazebo-1] [1;32m[Msg] [0m[1;32mDisable collision[0m[1;32m service on [[0m[1;32m/world/warehouse/disable_collision/blocking[0m[1;32m] (blocking)[0m[1;32m[0m
[gazebo-1] [1;32m[Msg] [0m[1;32mMaterial[0m[1;32m service on [[0m[1;32m/world/warehouse/visual_config[0m[1;32m] (async)[0m[1;32m[0m
[parameter_bridge-27] [WARN] [1791303229.484763100] [lidar_bridge]: New subscription discovered on topic '/scan', requesting incompatible QoS. No messages will be sent to it. Last incompatible policy: DURABILITY_QOS_POLICY
[wait_for_ready-47] [WARN] [1791303229.495074334] [wait_for_rviz]: New publisher discovered on topic '/clock', offering incompatible QoS. No messages will be received from it. Last incompatible policy: DURABILITY
[wait_for_ready-47] [WARN] [1791303229.500924184] [wait_for_rviz]: New publisher discovered on topic '/scan', offering incompatible QoS. No messages will be received from it. Last incompatible policy: DURABILITY
[create-7] [INFO] [1791303229.581312852] [ros_gz_sim]: Waiting messages on topic [standard_dock_description].
[parameter_bridge-46] [INFO] [1791303229.693220973] [odom_gt_bridge]: Creating GZ->ROS Bridge: [/model/turtlebot4/odometry (gz.msgs.Odometry) -> /odom_gt (nav_msgs/msg/Odometry)] (Lazy 0)
[parameter_bridge-46] [INFO] [1791303229.699943130] [odom_gt_bridge]: Creating GZ->ROS Bridge: [/model/turtlebot4/pose (gz.msgs.Pose_V) -> /tf (tf2_msgs/msg/TFMessage)] (Lazy 0)
[parameter_bridge-2] [WARN] [1791303229.746503293] [clock_bridge]: New subscription discovered on topic '/clock', requesting incompatible QoS. No messages will be sent to it. Last incompatible policy: DURABILITY_QOS_POLICY
[lifecycle_manager-59] [INFO] [1791303229.855275404] [lifecycle_manager_navigation]: [34m[1mStarting managed nodes bringup...[0m[0m
[lifecycle_manager-59] [INFO] [1791303229.855309363] [lifecycle_manager_navigation]: [34m[1mConfiguring controller_server[0m[0m
[controller_server-49] [INFO] [1791303229.855572954] [controller_server]: Configuring controller interface
[controller_server-49] [INFO] [1791303229.855588565] [controller_server]: getting progress checker plugins..
[controller_server-49] [INFO] [1791303229.856301082] [controller_server]: getting goal checker plugins..
[controller_server-49] [INFO] [1791303229.856951186] [controller_server]: Controller frequency set to 20.0000Hz
[controller_server-49] [INFO] [1791303229.856992882] [local_costmap.local_costmap]: Configuring
[controller_server-49] [INFO] [1791303229.871665322] [local_costmap.local_costmap]: Using plugin "static_layer"
[controller_server-49] [INFO] [1791303229.876077392] [local_costmap.local_costmap]: Subscribing to the map topic (/map) with transient local durability
[controller_server-49] [INFO] [1791303229.879821044] [local_costmap.local_costmap]: Initialized plugin "static_layer"
[controller_server-49] [INFO] [1791303229.879870036] [local_costmap.local_costmap]: Using plugin "voxel_layer"
[create-6] [INFO] [1791303229.882943240] [ros_gz_sim]: Waiting messages on topic [robot_description].
[controller_server-49] [INFO] [1791303229.883902492] [local_costmap.local_costmap]: Subscribed to Topics: scan
[create-6] [INFO] [1791303229.899537179] [ros_gz_sim]: Entity creation successful.
[parameter_bridge-27] [WARN] [1791303229.956210709] [lidar_bridge]: New subscription discovered on topic '/scan', requesting incompatible QoS. No messages will be sent to it. Last incompatible policy: DURABILITY_QOS_POLICY
[wait_for_ready-48] [WARN] [1791303229.985043635] [wait_for_sim]: New publisher discovered on topic '/scan', offering incompatible QoS. No messages will be received from it. Last incompatible policy: DURABILITY
[controller_server-49] [INFO] [1791303229.986072558] [local_costmap.local_costmap]: Initialized plugin "voxel_layer"
[controller_server-49] [INFO] [1791303229.986110494] [local_costmap.local_costmap]: Using plugin "inflation_layer"
[controller_server-49] [INFO] [1791303229.988903815] [local_costmap.local_costmap]: Initialized plugin "inflation_layer"
[controller_server-49] [INFO] [1791303230.073555024] [controller_server]: Created progress_checker : progress_checker of type nav2_controller::SimpleProgressChecker
[INFO] [create-6]: process has finished cleanly [pid 23853]
[controller_server-49] [INFO] [1791303230.075480942] [controller_server]: Controller Server has progress_checker  progress checkers available.
[controller_server-49] [INFO] [1791303230.077804766] [controller_server]: Created goal checker : general_goal_checker of type nav2_controller::SimpleGoalChecker
[controller_server-49] [INFO] [1791303230.085352152] [controller_server]: Controller Server has general_goal_checker  goal checkers available.
[controller_server-49] [INFO] [1791303230.089335413] [controller_server]: Created controller : FollowPath of type nav2_mppi_controller::MPPIController
[controller_server-49] [INFO] [1791303230.098982077] [controller_server]: Controller period is equal to model dt. Control sequence shifting is ON
[controller_server-49] [INFO] [1791303230.103802446] [controller_server]: ConstraintCritic instantiated with 1 power and 4.000000 weight.
[controller_server-49] [INFO] [1791303230.103845849] [controller_server]: Critic loaded : mppi::critics::ConstraintCritic
[controller_server-49] [INFO] [1791303230.106238819] [controller_server]: InflationCostCritic instantiated with 1 power and 300.000000 / 0.015000 weights. Critic will collision check based on footprint cost.
[controller_server-49] [INFO] [1791303230.106277185] [controller_server]: Critic loaded : mppi::critics::CostCritic
[controller_server-49] [INFO] [1791303230.107340221] [controller_server]: GoalCritic instantiated with 1 power and 5.000000 weight.
[controller_server-49] [INFO] [1791303230.107370967] [controller_server]: Critic loaded : mppi::critics::GoalCritic
[controller_server-49] [INFO] [1791303230.108594898] [controller_server]: GoalAngleCritic instantiated with 1 power, 3.000000 weight, 0.500000 angular threshold and symmetric_yaw_tolerance disabled
[controller_server-49] [INFO] [1791303230.108626636] [controller_server]: Critic loaded : mppi::critics::GoalAngleCritic
[controller_server-49] [INFO] [1791303230.110725126] [controller_server]: ReferenceTrajectoryCritic instantiated with 1 power and 14.000000 weight
[controller_server-49] [INFO] [1791303230.110764962] [controller_server]: Critic loaded : mppi::critics::PathAlignCritic
[controller_server-49] [INFO] [1791303230.111546227] [controller_server]: Critic loaded : mppi::critics::PathFollowCritic
[controller_server-49] [INFO] [1791303230.112559341] [controller_server]: PathAngleCritic instantiated with 1 power and 2.000000 weight. Mode set to: Forward Preference
[controller_server-49] [INFO] [1791303230.112581937] [controller_server]: Critic loaded : mppi::critics::PathAngleCritic
[controller_server-49] [INFO] [1791303230.113217757] [controller_server]: PreferForwardCritic instantiated with 1 power and 5.000000 weight.
[controller_server-49] [INFO] [1791303230.113241043] [controller_server]: Critic loaded : mppi::critics::PreferForwardCritic
[controller_server-49] [INFO] [1791303230.115196958] [controller_server]: Optimizer reset
[controller_server-49] [INFO] [1791303230.125453254] [MPPIController]: Configured MPPI Controller: FollowPath
[controller_server-49] [INFO] [1791303230.125493374] [controller_server]: Controller Server has FollowPath  controllers available.
[lifecycle_manager-59] [INFO] [1791303230.146657337] [lifecycle_manager_navigation]: [34m[1mConfiguring smoother_server[0m[0m
[smoother_server-50] [INFO] [1791303230.146950326] [smoother_server]: Configuring smoother server
[gazebo-1] [1;32m[Msg] [0m[1;32mMaterial[0m[1;32m service on [[0m[1;32m/world/warehouse/visual_config/blocking[1;32m[Msg] [0m[1;32mGazebo Sim GUI    v[0m[1;32m8.10.0[0m[1;32m[0m
[gazebo-1] [1;32m[Msg] [0m[1;32mDetected Wayland. Setting Qt to use the xcb plugin: [0m[1;32m'QT_QPA_PLATFORM=xcb'.[0m[1;32m[0m
[gazebo-1] [1;36m[Dbg] [Gui.cc:275] [0m[1;36mWaiting for subscribers to [[0m[1;36m/gazebo/starting_world[0m[1;36m]...[0m[1;36m[0m
[gazebo-1] [1;36m[Dbg] [Application.cc:96] [0m[1;36mInitializing application.[0m[1;36m[0m
[gazebo-1] [1;36m[Dbg] [Application.cc:170] [0m[1;36mQt using OpenGL graphics interface[0m[1;36m[0m
[gazebo-1] [1;36m[GUI] [Dbg] [Application.cc:657] [0m[1;36mCreate main window[0m[1;36m[0m
[gazebo-1] [1;36m[GUI] [Dbg] [PathManager.cc:68] [0m[1;36mRequesting resource paths through [[0m[1;36m/gazebo/resource_paths/get[0m[1;36m][0m[1;36m[0m
[gazebo-1] [1;36m[GUI] [Dbg] [Gui.cc:355] [0m[1;36mGUI requesting list of world names. The server may be busy [0m[1;36mdownloading resources. Please be patient.[0m[1;36m[0m
[gazebo-1] [1;36m[GUI] [Dbg] [GuiRunner.cc:149] [0m[1;36mRequesting initial state from [[0m[1;36m/world/warehouse/state[0m[1;36m]...[0m[1;36m[0m
[gazebo-1] [1;32m[GUI] [0m[1;32m[Msg] [0m[1;32mLoading config [[0m[1;32m/home/y/u/yunqiao/IROB_Mobile_Robot_Project/install/turtlebot4_gz_bringup/share/turtlebot4_gz_bringup/gui/standard/gui.config[0m[1;32m][0m[1;32m[0m
[gazebo-1] [1;36m[GUI] [Dbg] [Application.cc:528] [0m[1;36mLoading plugin [[0m[1;36mMinimalScene[0m[1;36m][0m[1;36m[0m
[gazebo-1] [1;36m[GUI] [Dbg] [MinimalScene.cc:802] [0m[1;36mCreating gz-rendering interface for OpenGL[0m[1;36m[0m
[gazebo-1] [1;36m[GUI] [Dbg] [MinimalScene.cc:802] [0m[1;36mCreating gz-rendering interface for OpenGL[0m[1;36m[0m
[gazebo-1] [1;36m[GUI] [Dbg] [MinimalScene.cc:986] [0m[1;36mCreating render thread interface for OpenGL[0m[1;36m[0m
[gazebo-1] [1;36m[GUI] [Dbg] [MinimalScene.cc:802] [0m[1;36mCreating gz-rendering interface for OpenGL[0m[1;36m[0m
[gazebo-1] [1;36m[GUI] [Dbg] [MinimalScene.cc:986] [0m[1;36mCreating render thread interface for OpenGL[0m[1;36m[0m
[gazebo-1] [1;32m[GUI] [0m[1;32m[Msg] [0m[1;32mAdded plugin [[0m[1;32m3D View[0m[1;32m] to main window[0m[1;32m[0m
[gazebo-1] [1;36m[GUI] [Dbg] [PathManager.cc:57] [0m[1;36mReceived resource paths.[0m[1;36m[0m
[gazebo-1] [1;32m[GUI] [0m[1;32m[Msg] [0m[1;32mLoaded plugin [[0m[1;32mMinimalScene[0m[1;32m] from path [[0m[1;32m/afs/kth.se/misc/info/kurser/DD2410/ht26/pixi/IROB/.pixi/envs/default/lib/gz-gui-8/plugins/libMinimalScene.so[0m[1;32m][0m[1;32m[0m
[gazebo-1] [1;36m[GUI] [Dbg] [Application.cc:528] [0m[1;36mLoading plugin [[0m[1;36mGzSceneManager[0m[1;36m][0m[1;36m[0m
[gazebo-1] [1;32m[GUI] [0m[1;32m[Msg] [0m[1;32mAdded plugin [[0m[1;32mScene Manager[0m[1;32m] to main window[0m[1;32m[0m
[gazebo-1] [1;32m[GUI] [0m[1;32m[Msg] [0m[1;32mLoaded plugin [[0m[1;32mGzSceneManager[0m[1;32m] from path [[0m[1;32m/afs/kth.se/misc/info/kurser/DD2410/ht26/pixi/IROB/.pixi/envs/default/lib/gz-sim-8/plugins/gui/libGzSceneManager.so[0m[1;32m][0m[1;32m[0m
[gazebo-1] [1;36m[GUI] [Dbg] [Application.cc:528] [0m[1;36mLoading plugin [[0m[1;36mInteractiveViewControl[0m[1;36m][0m[1;36m[0m
[gazebo-1] [1;32m[GUI] [0m[1;32m[Msg] [0m[1;32mCamera view controller topic advertised on [[0m[1;32m/gui/camera/view_control[0m[1;32m][0m[1;32m[0m
[gazebo-1] [1;32m[GUI] [0m[1;32m[Msg] [0m[1;32mCamera reference visual topic advertised on [[0m[1;32m/gui/camera/view_control/reference_visual[0m[1;32m][0m[1;32m[0m
[gazebo-1] [1;32m[GUI] [0m[1;32m[Msg] [0m[1;32mCamera view control sensitivity advertised on [[0m[1;32m/gui/camera/view_control/sensitivity[0m[1;32m][0m[1;32m[0m
[gazebo-1] [1;32m[GUI] [0m[1;32m[Msg] [0m[1;32mAdded plugin [[0m[1;32mInteractive view control[0m[1;32m] to main window[0m[1;32m[0m
[gazebo-1] [1;32m[GUI] [0m[1;32m[Msg] [0m[1;32mLoaded plugin [[0m[1;32mInteractiveViewControl[0m[1;32m] from path [[0m[1;32m/afs/kth.se/misc/info/kurser/DD2410/ht26/pixi/IROB/.pixi/envs/default/lib/gz-gui-8/plugins/libInteractiveViewControl.so[0m[1;32m][0m[1;32m[0m
[gazebo-1] [1;36m[GUI] [Dbg] [Application.cc:528] [0m[1;36mLoading plugin [[0m[1;36mWorldControl[0m[1;36m][0m[1;36m[0m
[smoother_server-50] [INFO] [1791303230.177692686] [smoother_server]: Created smoother : simple_smoother of type nav2_smoother::SimpleSmoother
[smoother_server-50] [INFO] [1791303230.180310121] [smoother_server]: Smoother Server has simple_smoother  smoothers available.
[lifecycle_manager-59] [INFO] [1791303230.195751454] [lifecycle_manager_navigation]: [34m[1mConfiguring planner_server[0m[0m
[planner_server-51] [INFO] [1791303230.196031540] [planner_server]: Configuring
[planner_server-51] [INFO] [1791303230.196065979] [global_costmap.global_costmap]: Configuring
[create-7] [INFO] [1791303230.199893479] [ros_gz_sim]: Entity creation successful.
[planner_server-51] [INFO] [1791303230.235446781] [global_costmap.global_costmap]: Using plugin "static_layer"
[planner_server-51] [INFO] [1791303230.241448333] [global_costmap.global_costmap]: Subscribing to the map topic (/map) with transient local durability
[planner_server-51] [INFO] [1791303230.245653372] [global_costmap.global_costmap]: Initialized plugin "static_layer"
[planner_server-51] [INFO] [1791303230.245687343] [global_costmap.global_costmap]: Using plugin "obstacle_layer"
[planner_server-51] [INFO] [1791303230.246732847] [global_costmap.global_costmap]: Subscribed to Topics: scan
[planner_server-51] [INFO] [1791303230.256369153] [global_costmap.global_costmap]: Initialized plugin "obstacle_layer"
[planner_server-51] [INFO] [1791303230.256402742] [global_costmap.global_costmap]: Using plugin "inflation_layer"
[planner_server-51] [INFO] [1791303230.257550478] [global_costmap.global_costmap]: Initialized plugin "inflation_layer"
[planner_server-51] [INFO] [1791303230.340235384] [planner_server]: Created global planner plugin GridBased of type nav2_navfn_planner::NavfnPlanner
[planner_server-51] [INFO] [1791303230.340265130] [planner_server]: Configuring plugin GridBased of type NavfnPlanner
[planner_server-51] [INFO] [1791303230.342055269] [planner_server]: Planner Server has GridBased  planners available.
[INFO] [create-7]: process has finished cleanly [pid 23855]
[lifecycle_manager-59] [INFO] [1791303230.366082214] [lifecycle_manager_navigation]: [34m[1mConfiguring route_server[0m[0m
[route_server-52] [INFO] [1791303230.366523113] [route_server]: Configuring
[gazebo-1] [1;33m[GUI] [Wrn] [Application.cc:908] [0m[1;33m[QT] file::/Turtlebot4Hmi/Turtlebot4Hmi.qml:102:7: Unable to assign [undefined] to QString[0m[1;33m[0m
[route_server-52] [INFO] [1791303230.434246833] [route_server]: Created GraphFileLoader GeoJsonGraphFileLoader of type nav2_route::GeoJsonGraphFileLoader
[route_server-52] [INFO] [1791303230.434289401] [route_server]: Configuring geojson graph file loader
[route_server-52] [INFO] [1791303230.434298696] [route_server]: No graph file provided to load yet.
[route_server-52] [INFO] [1791303230.442048963] [route_server]: Created edge cost function plugin DistanceScorer of type nav2_route::DistanceScorer
[route_server-52] [INFO] [1791303230.442081301] [route_server]: Configuring distance scorer.
[route_server-52] [INFO] [1791303230.442536792] [route_server]: Created edge cost function plugin DynamicEdgesScorer of type nav2_route::DynamicEdgesScorer
[route_server-52] [INFO] [1791303230.442567126] [route_server]: Configuring adjust edges scorer.
[route_server-52] [INFO] [1791303230.452333335] [route_server]: Created route operation AdjustSpeedLimit of type nav2_route::AdjustSpeedLimit
[route_server-52] [INFO] [1791303230.452363734] [route_server]: Configuring Adjust speed limit operation.
[route_server-52] [INFO] [1791303230.454371377] [route_server]: Created route operation ReroutingService of type nav2_route::ReroutingService
[route_server-52] [INFO] [1791303230.454403161] [route_server]: Configuring Rerouting service operation.
[lifecycle_manager-59] [INFO] [1791303230.459870287] [lifecycle_manager_navigation]: [34m[1mConfiguring behavior_server[0m[0m
[behavior_server-53] [INFO] [1791303230.460098096] [behavior_server]: Configuring
[behavior_server-53] [INFO] [1791303230.470734302] [behavior_server]: Creating behavior plugin spin of type nav2_behaviors::Spin
[behavior_server-53] [INFO] [1791303230.473337295] [behavior_server]: Creating behavior plugin backup of type nav2_behaviors::BackUp
[behavior_server-53] [INFO] [1791303230.476231891] [behavior_server]: Creating behavior plugin drive_on_heading of type nav2_behaviors::DriveOnHeading
[behavior_server-53] [INFO] [1791303230.478988162] [behavior_server]: Creating behavior plugin assisted_teleop of type nav2_behaviors::AssistedTeleop
[behavior_server-53] [INFO] [1791303230.481613003] [behavior_server]: Creating behavior plugin wait of type nav2_behaviors::Wait
[gazebo-1] [1;33m[GUI] [Wrn] [Application.cc:908] [0m[1;33m[QT] file::/WorldStats/WorldStats.qml:53:3: QML RowLayout: Binding loop detected for property "x"[0m[1;33m[0m
[behavior_server-53] [INFO] [1791303230.494857939] [behavior_server]: Configuring spin
[behavior_server-53] [INFO] [1791303230.511768763] [behavior_server]: Configuring backup
[behavior_server-53] [INFO] [1791303230.523211333] [behavior_server]: Configuring drive_on_heading
[behavior_server-53] [INFO] [1791303230.534630803] [behavior_server]: Configuring assisted_teleop
[behavior_server-53] [INFO] [1791303230.550494005] [behavior_server]: Configuring wait
[lifecycle_manager-59] [INFO] [1791303230.564027660] [lifecycle_manager_navigation]: [34m[1mConfiguring velocity_smoother[0m[0m
[velocity_smoother-56] [INFO] [1791303230.564317998] [velocity_smoother]: Configuring velocity smoother
[lifecycle_manager-59] [INFO] [1791303230.572919309] [lifecycle_manager_navigation]: [34m[1mConfiguring collision_monitor[0m[0m
[collision_monitor-57] [INFO] [1791303230.573258791] [collision_monitor]: Configuring
[collision_monitor-57] [INFO] [1791303230.587109407] [collision_monitor]: [scan]: Creating Scan
[collision_monitor-57] [INFO] [1791303230.591762953] [collision_monitor]: [FootprintApproach]: Creating Polygon
[collision_monitor-57] [INFO] [1791303230.592771356] [collision_monitor]: [FootprintApproach]: Polygon points are not defined. Using dynamic subscription instead.
[collision_monitor-57] [INFO] [1791303230.595186755] [collision_monitor]: [FootprintApproach]: Making footprint subscriber on local_costmap/published_footprint topic
[lifecycle_manager-59] [INFO] [1791303230.619072139] [lifecycle_manager_navigation]: [34m[1mConfiguring bt_navigator[0m[0m
[bt_navigator-54] [INFO] [1791303230.619322789] [bt_navigator]: Configuring
[bt_navigator-54] [INFO] [1791303230.634342518] [bt_navigator]: Creating navigator id navigate_to_pose of type nav2_bt_navigator::NavigateToPoseNavigator
[gazebo-1] [1;32m[GUI] [0m[1;32m[Msg] [0m[1;32mUsing world control [0m[1;32m] (blocking)[0m[1;32m[0m
[gazebo-1] [1;32m[Msg] [0m[1;32mMaterial[0m[1;32m service on [[0m[1;32m/world/warehouse/wheel_slip[0m[1;32m] (async)[0m[1;32m[0m
[gazebo-1] [1;32m[Msg] [0m[1;32mMaterial[0m[1;32m service on [[0m[1;32m/world/warehouse/wheel_slip/blocking[0m[1;32m] (blocking)[0m[1;32m[0m
[gazebo-1] [1;36m[Dbg] [SystemManager.cc:80] [0m[1;36mLoaded system [[0m[1;36mgz::sim::systems::UserCommands[0m[1;36m] for entity [[0m[1;36m1[0m[1;36m][0m[1;36m[0m
[gazebo-1] [1;36m[Dbg] [SystemManager.cc:80] [0m[1;36mLoaded system [[0m[1;36mgz::sim::systems::SceneBroadcaster[0m[1;36m] for entity [[0m[1;36m1[0m[1;36m][0m[1;36m[0m
[gazebo-1] [1;36m[Dbg] [SystemManager.cc:80] [0m[1;36mLoaded system [[0m[1;36mgz::sim::systems::Contact[0m[1;36m] for entity [[0m[1;36m1[0m[1;36m][0m[1;36m[0m
[gazebo-1] [1;32m[Msg] [0m[1;32mLoaded level [[0m[1;32mdefault[0m[1;32m][0m[1;32m[0m
[gazebo-1] [1;32m[Msg] [0m[1;32mServing world controls on [[0m[1;32m/world/warehouse[0m[1;32m/control], [[0m[1;32m/world/warehouse[0m[1;32m/control/state] and [[0m[1;32m/world/warehouse[0m[1;32m/playback/control][0m[1;32m[0m
[gazebo-1] [1;32m[Msg] [0m[1;32mServing GUI information on [[0m[1;32m/world/warehouse[0m[1;32m/[0m[1;32mgui/info[0m[1;32m][0m[1;32m[0m
[gazebo-1] [1;32m[Msg] [0m[1;32mWorld [[0m[1;32mwarehouse[0m[1;32m] initialized with [[0m[1;32mdefault_physics[0m[1;32m] physics profile.[0m[1;32m[0m
[gazebo-1] [1;32m[Msg] [0m[1;32mServing world SDF generation service on [[0m[1;32m/world/warehouse[0m[1;32m/[0m[1;32mgenerate_world_sdf[0m[1;32m][0m[1;32m[0m
[gazebo-1] [1;32m[Msg] [0m[1;32mServing world names on [[0m[1;32m/gazebo/worlds[0m[1;32m][0m[1;32m[0m
[gazebo-1] [1;32m[Msg] [0m[1;32mResource path add service on [[0m[1;32m/gazebo/resource_paths/add[0m[1;32m].[0m[1;32m[0m
[gazebo-1] [1;32m[Msg] [0m[1;32mResource path get service on [[0m[1;32m/gazebo/resource_paths/get[0m[1;32m].[0m[1;32m[0m
[gazebo-1] [1;32m[Msg] [0m[1;32mResource path resolve service on [[0m[1;32m/gazebo/resource_paths/resolve[0m[1;32m].[0m[1;32m[0m
[gazebo-1] [1;32m[Msg] [0m[1;32mResource paths published on [[0m[1;32m/gazebo/resource_paths[0m[1;32m].[0m[1;32m[0m
[gazebo-1] [1;32m[Msg] [0m[1;32mServer control service on [[0m[1;32m/server_control[0m[1;32m].[0m[1;32m[0m
[gazebo-1] [1;32m[Msg] [0m[1;32mFound no publishers on /stats, adding root stats topic[0m[1;32m[0m
[gazebo-1] [1;32m[Msg] [0m[1;32mFound no publishers on /clock, adding root clock topic[0m[1;32m[0m
[gazebo-1] [1;36m[Dbg] [SimulationRunner.cc:533] [0m[1;36mCreating PostUpdate worker threads: [0m[1;36m3[0m[1;36m[0m
[gazebo-1] [1;36m[Dbg] [SimulationRunner.cc:544] [0m[1;36mCreating postupdate worker thread ([0m[1;36m0[0m[1;36m)[0m[1;36m[0m
[gazebo-1] [1;36m[Dbg] [SimulationRunner.cc:544] [0m[1;36mCreating postupdate worker thread ([0m[1;36m1[0m[1;36m)[0m[1;36m[0m
[gazebo-1] [1;33mWarning [Utils.cc:132][0m [/sdf/model[@name="tb4_lite6"]/joint[@name="wheel_drop_left_joint"]/physics/ode/provide_feedback:<urdf-string>:L0]: XML Element[provide_feedback], child of element[ode], not defined in SDF. Copying[provide_feedback] as children of [ode].
[gazebo-1] [1;33mWarning [Utils.cc:132][0m [/sdf/model[@name="tb4_lite6"]/joint[@name="wheel_drop_right_joint"]/physics/ode/provide_feedback:<urdf-string>:L0]: XML Element[provide_feedback], child of element[ode], not defined in SDF. Copying[provide_feedback] as children of [ode].
[gazebo-1] [1;33m[Wrn] [SdfEntityCreator.cc:933] [0m[1;33mGazebo does not support Ogre material scripts. See [0m[1;33mhttps://gazebosim.org/api/sim/8/migrationsdf.html#:~:text=Materials [0m[1;33mfor details.[0m[1;33m[0m
[gazebo-1] [1;33m[Wrn] [SdfEntityCreator.cc:949] [0m[1;33mUsing an internal gazebo.material to parse [0m[1;33mGazebo/DarkGrey[0m[1;33m[0m
[gazebo-1] [1;33m[Wrn] [SdfEntityCreator.cc:933] [0m[1;33mGazebo does not support Ogre material scripts. See [0m[1;33mhttps://gazebosim.org/api/sim/8/migrationsdf.html#:~:text=Materials [0m[1;33mfor details.[0m[1;33m[0m
[gazebo-1] [1;33m[Wrn] [SdfEntityCreator.cc:949] [0m[1;33mUsing an internal gazebo.material to parse [0m[1;33mGazebo/DarkGrey[0m[1;33m[0m
[gazebo-1] [1;33m[Wrn] [SdfEntityCreator.cc:933] [0m[1;33mGazebo does not support Ogre material scripts. See [0m[1;33mhttps://gazebosim.org/api/sim/8/migrationsdf.html#:~:text=Materials [0m[1;33mfor details.[0m[1;33m[0m
[gazebo-1] [1;33m[Wrn] [SdfEntityCreator.cc:949] [0m[1;33mUsing an internal gazebo.material to parse [0m[1;33mGazebo/DarkGrey[0m[1;33m[0m
[gazebo-1] [1;33m[Wrn] [SdfEntityCreator.cc:933] [0m[1;33mGazebo does not support Ogre material scripts. See [0m[1;33mhttps://gazebosim.org/api/sim/8/migrationsdf.html#:~:text=Materials [0m[1;33mfor details.[0m[1;33m[0m
[gazebo-1] [1;33m[Wrn] [SdfEntityCreator.cc:949] [0m[1;33mUsing an internal gazebo.material to parse [0m[1;33mGazebo/DarkGrey[0m[1;33m[0m
[bt_navigator-54] [INFO] [1791303230.811264117] [bt_navigator]: Creating navigator id navigate_through_poses of type nav2_bt_navigator::NavigateThroughPosesNavigator
[gazebo-1] service [[0m[1;32m/world/warehouse/control[0m[1;32m][0m[1;32m[0m
[gazebo-1] [1;32m[GUI] [0m[1;32m[Msg] [0m[1;32mListening to stats on [[0m[1;32m/world/warehouse/stats[0m[1;32m][0m[1;32m[0m
[gazebo-1] [1;36m[GUI] [Dbg] [WorldControl.cc:237] [0m[1;36mUsing an event to share WorldControl msgs with the server[0m
[gazebo-1] [1;32m[GUI] [0m[1;32m[Msg] [0m[1;32mAdded plugin [[0m[1;32mWorld control[0m[1;32m] to main window[0m[1;32m[0m
[gazebo-1] [1;32m[GUI] [0m[1;32m[Msg] [0m[1;32mLoaded plugin [[0m[1;32mWorldControl[0m[1;32m] from path [[0m[1;32m/afs/kth.se/misc/info/kurser/DD2410/ht26/pixi/IROB/.pixi/envs/default/lib/gz-gui-8/plugins/libWorldControl.so[0m[1;32m][0m[1;32m[0m
[gazebo-1] [1;36m[GUI] [Dbg] [Application.cc:528] [0m[1;36mLoading plugin [[0m[1;36mWorldStats[0m[1;36m][0m[1;36m[0m
[gazebo-1] [1;32m[GUI] [0m[1;32m[Msg] [0m[1;32mListening to stats on [[0m[1;32m/world/warehouse/stats[0m[1;32m][0m[1;32m[0m
[gazebo-1] [1;32m[GUI] [0m[1;32m[Msg] [0m[1;32mAdded plugin [[0m[1;32mWorld stats[0m[1;32m] to main window[0m[1;32m[0m
[gazebo-1] [1;32m[GUI] [0m[1;32m[Msg] [0m[1;32mLoaded plugin [[0m[1;32mWorldStats[0m[1;32m] from path [[0m[1;32m/afs/kth.se/misc/info/kurser/DD2410/ht26/pixi/IROB/.pixi/envs/default/lib/gz-gui-8/plugins/libWorldStats.so[0m[1;32m][0m[1;32m[0m
[gazebo-1] [1;36m[GUI] [Dbg] [Application.cc:528] [0m[1;36mLoading plugin [[0m[1;36mTransformControl[0m[1;36m][0m[1;36m[0m
[gazebo-1] [1;32m[GUI] [0m[1;32m[Msg] [0m[1;32mAdded plugin [[0m[1;32mTransform control[0m[1;32m] to main window[0m[1;32m[0m
[gazebo-1] [1;32m[GUI] [0m[1;32m[Msg] [0m[1;32mLoaded plugin [[0m[1;32mTransformControl[0m[1;32m] from path [[0m[1;32m/afs/kth.se/misc/info/kurser/DD2410/ht26/pixi/IROB/.pixi/envs/default/lib/gz-sim-8/plugins/gui/libTransformControl.so[0m[1;32m][0m[1;32m[0m
[gazebo-1] [1;36m[GUI] [Dbg] [Application.cc:528] [0m[1;36mLoading plugin [[0m[1;36mShapes[0m[1;36m][0m[1;36m[0m
[gazebo-1] [1;32m[GUI] [0m[1;32m[Msg] [0m[1;32mAdded plugin [[0m[1;32mShapes[0m[1;32m] to main window[0m[1;32m[0m
[gazebo-1] [1;32m[GUI] [0m[1;32m[Msg] [0m[1;32mLoaded plugin [[0m[1;32mShapes[0m[1;32m] from path [[0m[1;32m/afs/kth.se/misc/info/kurser/DD2410/ht26/pixi/IROB/.pixi/envs/default/lib/gz-sim-8/plugins/gui/libShapes.so[0m[1;32m][0m[1;32m[0m
[gazebo-1] [1;36m[GUI] [Dbg] [Application.cc:528] [0m[1;36mLoading plugin [[0m[1;36mTurtlebot4Hmi[0m[1;36m][0m[1;36m[0m
[gazebo-1] [1;32m[GUI] [0m[1;32m[Msg] [0m[1;32mAdded plugin [[0m[1;32mTurtlebot4 HMI[0m[1;32m] to main window[0m[1;32m[0m
[gazebo-1] [1;32m[GUI] [0m[1;32m[Msg] [0m[1;32mLoaded plugin [[0m[1;32mTurtlebot4Hmi[0m[1;32m] from path [[0m[1;32m/home/y/u/yunqiao/IROB_Mobile_Robot_Project/install/turtlebot4_gz_gui_plugins/share/turtlebot4_gz_gui_plugins/lib/libTurtlebot4Hmi.so[0m[1;32m][0m[1;32m[0m
[gazebo-1] [1;36m[GUI] [Dbg] [Application.cc:528] [0m[1;36mLoading plugin [[0m[1;36mTeleop[0m[1;36m][0m[1;36m[0m
[gazebo-1] [1;32m[GUI] [0m[1;32m[Msg] [0m[1;32mA new topic has been entered: '[0m[1;32m/cmd_vel[0m[1;32m ' [0m[1;32m[0m
[gazebo-1] [1;32m[GUI] [0m[1;32m[Msg] [0m[1;32mAdded plugin [[0m[1;32mTeleop[0m[1;32m] to main window[0m[1;32m[0m
[gazebo-1] [1;32m[GUI] [0m[1;32m[Msg] [0m[1;32mLoaded plugin [[0m[1;32mTeleop[0m[1;32m] from path [[0m[1;32m/afs/kth.se/misc/info/kurser/DD2410/ht26/pixi/IROB/.pixi/envs/default/lib/gz-gui-8/plugins/libTeleop.so[0m[1;32m][0m[1;32m[0m
[gazebo-1] [1;36m[GUI] [Dbg] [Application.cc:671] [0m[1;36mApplying config[0m[1;36m[0m
[gazebo-1] [1;36m[GUI] [Dbg] [MinimalScene.cc:802] [0m[1;36mCreating gz-rendering interface for OpenGL[0m[1;36m[0m
[gazebo-1] [1;36m[GUI] [Dbg] [MinimalScene.cc:986] [0m[1;36mCreating render thread interface for OpenGL[0m[1;36m[0m
[gazebo-1] [1;32m[GUI] [0m[1;32m[Msg] [0m[1;32mLoading plugin [[0m[1;32mgz-rendering-ogre2[0m[1;32m][0m[1;32m[0m
[gazebo-1] [1;36m[GUI] [Dbg] [MinimalScene.cc:749] [0m[1;36mCreate scene [[0m[1;36mscene[0m[1;36m][0m[1;36m[0m
[gazebo-1] [1;36m[GUI] [Dbg] [MinimalScene.cc:1037] [0m[1;36mCreating texture node render interface for OpenGL[0m[1;36m[0m
[lifecycle_manager-59] [INFO] [1791303230.903849936] [lifecycle_manager_navigation]: [34m[1mConfiguring waypoint_follower[0m[0m
[waypoint_follower-55] [INFO] [1791303230.904188122] [waypoint_follower]: Configuring
[gazebo-1] [INFO] [1791303230.920828364] [gz_ros_control]: [gz_ros2_control] Fixed joint ['bumper_joint'] (Entity='254') is skipped.
[gazebo-1] [INFO] [1791303230.920885120] [gz_ros_control]: [gz_ros2_control] Fixed joint ['front_caster_joint'] (Entity='255') is skipped.
[gazebo-1] [INFO] [1791303230.920892778] [gz_ros_control]: [gz_ros2_control] Fixed joint ['front_left_bottom_weight_block_joint'] (Entity='256') is skipped.
[gazebo-1] [INFO] [1791303230.920898515] [gz_ros_control]: [gz_ros2_control] Fixed joint ['front_left_top_weight_block_joint'] (Entity='257') is skipped.
[gazebo-1] [INFO] [1791303230.920903404] [gz_ros_control]: [gz_ros2_control] Fixed joint ['front_right_bottom_weight_block_joint'] (Entity='258') is skipped.
[gazebo-1] [INFO] [1791303230.920908313] [gz_ros_control]: [gz_ros2_control] Fixed joint ['front_right_top_weight_block_joint'] (Entity='259') is skipped.
[gazebo-1] [INFO] [1791303230.920913189] [gz_ros_control]: [gz_ros2_control] Fixed joint ['imu_joint'] (Entity='260') is skipped.
[gazebo-1] [INFO] [1791303230.920917792] [gz_ros_control]: [gz_ros2_control] Fixed joint ['ir_intensity_front_center_left_joint'] (Entity='261') is skipped.
[gazebo-1] [INFO] [1791303230.920922817] [gz_ros_control]: [gz_ros2_control] Fixed joint ['ir_intensity_front_center_right_joint'] (Entity='262') is skipped.
[gazebo-1] [INFO] [1791303230.920927730] [gz_ros_control]: [gz_ros2_control] Fixed joint ['ir_intensity_front_left_joint'] (Entity='263') is skipped.
[gazebo-1] [INFO] [1791303230.920932867] [gz_ros_control]: [gz_ros2_control] Fixed joint ['ir_intensity_front_right_joint'] (Entity='264') is skipped.
[gazebo-1] [INFO] [1791303230.920937885] [gz_ros_control]: [gz_ros2_control] Fixed joint ['ir_intensity_left_joint'] (Entity='265') is skipped.
[gazebo-1] [INFO] [1791303230.920942797] [gz_ros_control]: [gz_ros2_control] Fixed joint ['ir_intensity_right_joint'] (Entity='266') is skipped.
[gazebo-1] [INFO] [1791303230.920948188] [gz_ros_control]: [gz_ros2_control] Fixed joint ['ir_intensity_side_left_joint'] (Entity='267') is skipped.
[gazebo-1] [INFO] [1791303230.920953741] [gz_ros_control]: [gz_ros2_control] Fixed joint ['ir_omni_joint'] (Entity='268') is skipped.
[gazebo-1] [INFO] [1791303230.920957926] [gz_ros_control]: [gz_ros2_control] Fixed joint ['mouse_joint'] (Entity='269') is skipped.
[gazebo-1] [INFO] [1791303230.920965562] [gz_ros_control]: [gz_ros2_control] Fixed joint ['arm_vacuum_gripper_fix'] (Entity='276') is skipped.
[gazebo-1] [INFO] [1791303230.920971377] [gz_ros_control]: [gz_ros2_control] Fixed joint ['front_left_tower_standoff_joint'] (Entity='277') is skipped.
[gazebo-1] [INFO] [1791303230.920976802] [gz_ros_control]: [gz_ros2_control] Fixed joint ['front_right_tower_standoff_joint'] (Entity='278') is skipped.
[gazebo-1] [INFO] [1791303230.920981421] [gz_ros_control]: [gz_ros2_control] Fixed joint ['oakd_camera_bracket_joint'] (Entity='279') is skipped.
[gazebo-1] [INFO] [1791303230.920986577] [gz_ros_control]: [gz_ros2_control] Fixed joint ['oakd_joint'] (Entity='280') is skipped.
[gazebo-1] [INFO] [1791303230.920990887] [gz_ros_control]: [gz_ros2_control] Fixed joint ['oakd_imu_joint'] (Entity='281') is skipped.
[gazebo-1] [INFO] [1791303230.920995287] [gz_ros_control]: [gz_ros2_control] Fixed joint ['oakd_left_camera_joint'] (Entity='282') is skipped.
[gazebo-1] [INFO] [1791303230.921000098] [gz_ros_control]: [gz_ros2_control] Fixed joint ['oakd_left_camera_optical_joint'] (Entity='283') is skipped.
[gazebo-1] [INFO] [1791303230.921006279] [gz_ros_control]: [gz_ros2_control] Fixed joint ['oakd_rgb_camera_joint'] (Entity='284') is skipped.
[gazebo-1] [INFO] [1791303230.921011503] [gz_ros_control]: [gz_ros2_control] Fixed joint ['oakd_rgb_camera_optical_joint'] (Entity='285') is skipped.
[gazebo-1] [INFO] [1791303230.921016993] [gz_ros_control]: [gz_ros2_control] Fixed joint ['oakd_right_camera_joint'] (Entity='286') is skipped.
[gazebo-1] [INFO] [1791303230.921021912] [gz_ros_control]: [gz_ros2_control] Fixed joint ['oakd_right_camera_optical_joint'] (Entity='287') is skipped.
[gazebo-1] [INFO] [1791303230.921026783] [gz_ros_control]: [gz_ros2_control] Fixed joint ['rear_left_tower_standoff_joint'] (Entity='288') is skipped.
[gazebo-1] [INFO] [1791303230.921031243] [gz_ros_control]: [gz_ros2_control] Fixed joint ['rear_right_tower_standoff_joint'] (Entity='289') is skipped.
[gazebo-1] [INFO] [1791303230.921036303] [gz_ros_control]: [gz_ros2_control] Fixed joint ['rplidar_joint'] (Entity='290') is skipped.
[gazebo-1] [INFO] [1791303230.921107662] [gz_ros_control]: [gz_ros2_control] Fixed joint ['tower_sensor_plate_joint'] (Entity='291') is skipped.
[gazebo-1] [INFO] [1791303230.933605878] [gz_ros_control]: Loading controller_manager
[waypoint_follower-55] [INFO] [1791303230.960116873] [waypoint_follower]: Created waypoint_task_executor : wait_at_waypoint of type nav2_waypoint_follower::WaitAtWaypoint
[lifecycle_manager-59] [INFO] [1791303230.962731193] [lifecycle_manager_navigation]: [34m[1mConfiguring docking_server[0m[0m
[opennav_docking-58] [INFO] [1791303230.963397180] [docking_server]: Configuring docking_server
[opennav_docking-58] [INFO] [1791303230.963437800] [docking_server]: Controller frequency set to 50.0000Hz
[parameter_bridge-24] [INFO] [1791303231.115143656] [hmi_display_msg_bridge]: Passing message from ROS std_msgs/msg/String to Gazebo gz.msgs.StringMsg (showing msg only once per type)
[opennav_docking-58] [INFO] [1791303231.175762196] [docking_server]: Created charging dock plugin simple_charging_dock of type opennav_docking::SimpleChargingDock
[parameter_bridge-24] [INFO] [1791303231.260643536] [hmi_display_msg_bridge]: Passing message from ROS std_msgs/msg/Int32 to Gazebo gz.msgs.Int32 (showing msg only once per type)
[opennav_docking-58] [WARN] [1791303231.445361354] [docking_server]: Dock database filepath nor dock parameters set. Docking actions can only be executed specifying the dock pose via the action request. Or update the dock database via the reload_database service.
[opennav_docking-58] [INFO] [1791303231.445487943] [docking_server]: Docking Server has 1 dock types and 0 dock instances available.
[lifecycle_manager-59] [INFO] [1791303232.032658037] [lifecycle_manager_navigation]: [34m[1mActivating controller_server[0m[0m
[controller_server-49] [INFO] [1791303232.058798685] [controller_server]: Activating
[controller_server-49] [INFO] [1791303232.059416350] [local_costmap.local_costmap]: Activating
[controller_server-49] [INFO] [1791303232.059565399] [local_costmap.local_costmap]: Checking transform
[controller_server-49] [INFO] [1791303232.059623904] [local_costmap.local_costmap]: Timed out waiting for transform from base_link to odom to become available, tf error: Could not find a connection between 'odom' and 'base_link' because they are not part of the same tree.Tf has two or more unconnected trees.
[controller_server-49] [INFO] [1791303232.570259998] [local_costmap.local_costmap]: Timed out waiting for transform from base_link to odom to become available, tf error: Could not find a connection between 'odom' and 'base_link' because they are not part of the same tree.Tf has two or more unconnected trees.
[gazebo-1] [INFO] [1791303232.781633092] [controller_manager]: Using ROS clock for triggering controller manager cycles.
[gazebo-1] [INFO] [1791303232.849909970] [controller_manager]: Subscribing to '/robot_description' topic for robot description.
[gazebo-1] [WARN] [1791303232.891359947] [gz_ros_control]: Waiting RM to load and initialize hardware...
[gazebo-1] [INFO] [1791303232.946074701] [controller_manager]: Received robot description from topic.
[gazebo-1] [INFO] [1791303232.946180408] [controller_manager]: Enforcing command limits is disabled. Command limits from URDF will be ignored.
[gazebo-1] [INFO] [1791303232.969586627] [gz_ros_control]: The position_proportional_gain has been set to: 0.1
[gazebo-1] [INFO] [1791303232.969670531] [gz_ros_control]: Loading joint: left_wheel_joint
[gazebo-1] [INFO] [1791303232.969688921] [gz_ros_control]: 	State:
[gazebo-1] [INFO] [1791303232.969694360] [gz_ros_control]: 		 velocity
[gazebo-1] [INFO] [1791303232.969701312] [gz_ros_control]: 		 position
[gazebo-1] [INFO] [1791303232.969709091] [gz_ros_control]: 	Command:
[gazebo-1] [INFO] [1791303232.969714178] [gz_ros_control]: 		 velocity
[gazebo-1] [INFO] [1791303232.969845562] [gz_ros_control]: Loading sensor: imu
[gazebo-1] [INFO] [1791303232.969865377] [gz_ros_control]: 	State:
[gazebo-1] [WARN] [1791303232.969870016] [gz_ros_control]: IMU sensor 'imu' not found in hardware_info, skipping.
[gazebo-1] [INFO] [1791303232.970010588] [controller_manager]: Initialize hardware 'left_wheel_controller' 
[gazebo-1] [WARN] [1791303232.970030805] [controller_manager.hardware_component.system.left_wheel_controller]: Executor is not available during hardware component initialization for 'left_wheel_controller'. Skipping node creation!
[gazebo-1] [INFO] [1791303232.970063817] [controller_manager]: Successful initialization of hardware 'left_wheel_controller'
[gazebo-1] [INFO] [1791303232.970171299] [gz_ros_control]: The position_proportional_gain has been set to: 0.1
[gazebo-1] [INFO] [1791303232.970195041] [gz_ros_control]: Loading joint: right_wheel_joint
[gazebo-1] [INFO] [1791303232.970204076] [gz_ros_control]: 	State:
[gazebo-1] [INFO] [1791303232.970211397] [gz_ros_control]: 		 velocity
[gazebo-1] [INFO] [1791303232.970218905] [gz_ros_control]: 		 position
[gazebo-1] [INFO] [1791303232.970231214] [gz_ros_control]: 	Command:
[gazebo-1] [INFO] [1791303232.970238385] [gz_ros_control]: 		 velocity
[gazebo-1] [INFO] [1791303232.970254024] [gz_ros_control]: Loading sensor: imu
[gazebo-1] [INFO] [1791303232.970261229] [gz_ros_control]: 	State:
[gazebo-1] [WARN] [1791303232.970268035] [gz_ros_control]: IMU sensor 'imu' not found in hardware_info, skipping.
[gazebo-1] [INFO] [1791303232.970301385] [controller_manager]: Initialize hardware 'right_wheel_controller' 
[gazebo-1] [WARN] [1791303232.970317294] [controller_manager.hardware_component.system.right_wheel_controller]: Executor is not available during hardware component initialization for 'right_wheel_controller'. Skipping node creation!
[gazebo-1] [INFO] [1791303232.970341786] [controller_manager]: Successful initialization of hardware 'right_wheel_controller'
[gazebo-1] [INFO] [1791303232.970412428] [gz_ros_control]: The position_proportional_gain has been set to: 0.1
[gazebo-1] [INFO] [1791303232.970432578] [gz_ros_control]: Loading joint: arm_joint1
[gazebo-1] [INFO] [1791303232.970441439] [gz_ros_control]: 	State:
[gazebo-1] [INFO] [1791303232.970447754] [gz_ros_control]: 		 position
[gazebo-1] [INFO] [1791303232.970455790] [gz_ros_control]: 		 velocity
[gazebo-1] [INFO] [1791303232.970463500] [gz_ros_control]: 	Command:
[gazebo-1] [INFO] [1791303232.970470588] [gz_ros_control]: 		 position
[gazebo-1] [INFO] [1791303232.970487071] [gz_ros_control]: 		 velocity
[gazebo-1] [INFO] [1791303232.970503464] [gz_ros_control]: Loading joint: arm_joint2
[gazebo-1] [INFO] [1791303232.970511240] [gz_ros_control]: 	State:
[gazebo-1] [INFO] [1791303232.970518206] [gz_ros_control]: 		 position
[gazebo-1] [INFO] [1791303232.970524668] [gz_ros_control]: 		 velocity
[gazebo-1] [INFO] [1791303232.970531028] [gz_ros_control]: 	Command:
[gazebo-1] [INFO] [1791303232.970537570] [gz_ros_control]: 		 position
[gazebo-1] [INFO] [1791303232.970554878] [gz_ros_control]: 		 velocity
[gazebo-1] [INFO] [1791303232.970568015] [gz_ros_control]: Loading joint: arm_joint3
[gazebo-1] [INFO] [1791303232.970620844] [gz_ros_control]: 	State:
[gazebo-1] [INFO] [1791303232.970631414] [gz_ros_control]: 		 position
[gazebo-1] [INFO] [1791303232.970640851] [gz_ros_control]: 		 velocity
[gazebo-1] [INFO] [1791303232.970648366] [gz_ros_control]: 	Command:
[gazebo-1] [INFO] [1791303232.970670724] [gz_ros_control]: 		 position
[gazebo-1] [INFO] [1791303232.970684498] [gz_ros_control]: 		 velocity
[gazebo-1] [INFO] [1791303232.970699279] [gz_ros_control]: Loading joint: arm_joint4
[gazebo-1] [INFO] [1791303232.970706981] [gz_ros_control]: 	State:
[gazebo-1] [INFO] [1791303232.970717432] [gz_ros_control]: 		 position
[gazebo-1] [INFO] [1791303232.970723555] [gz_ros_control]: 		 velocity
[gazebo-1] [INFO] [1791303232.970731160] [gz_ros_control]: 	Command:
[gazebo-1] [INFO] [1791303232.970737947] [gz_ros_control]: 		 position
[gazebo-1] [INFO] [1791303232.970747598] [gz_ros_control]: 		 velocity
[gazebo-1] [INFO] [1791303232.970761459] [gz_ros_control]: Loading joint: arm_joint5
[gazebo-1] [INFO] [1791303232.970768202] [gz_ros_control]: 	State:
[gazebo-1] [INFO] [1791303232.970775732] [gz_ros_control]: 		 position
[gazebo-1] [INFO] [1791303232.970784243] [gz_ros_control]: 		 velocity
[gazebo-1] [INFO] [1791303232.970790018] [gz_ros_control]: 	Command:
[gazebo-1] [INFO] [1791303232.970796305] [gz_ros_control]: 		 position
[gazebo-1] [INFO] [1791303232.970807488] [gz_ros_control]: 		 velocity
[gazebo-1] [INFO] [1791303232.970820676] [gz_ros_control]: Loading joint: arm_joint6
[gazebo-1] [INFO] [1791303232.970827153] [gz_ros_control]: 	State:
[gazebo-1] [INFO] [1791303232.970834121] [gz_ros_control]: 		 position
[gazebo-1] [INFO] [1791303232.970840770] [gz_ros_control]: 		 velocity
[gazebo-1] [INFO] [1791303232.970856174] [gz_ros_control]: 	Command:
[gazebo-1] [INFO] [1791303232.970864560] [gz_ros_control]: 		 position
[gazebo-1] [INFO] [1791303232.970870403] [gz_ros_control]: 		 velocity
[gazebo-1] [INFO] [1791303232.970876066] [gz_ros_control]: Loading sensor: imu
[gazebo-1] [INFO] [1791303232.970880291] [gz_ros_control]: 	State:
[gazebo-1] [WARN] [1791303232.970883964] [gz_ros_control]: IMU sensor 'imu' not found in hardware_info, skipping.
[gazebo-1] [INFO] [1791303232.970917134] [controller_manager]: Initialize hardware 'arm_gz_ros2_control/GazeboSimSystem' 
[gazebo-1] [WARN] [1791303232.970932083] [controller_manager.hardware_component.system.arm_gz_ros2_control/GazeboSimSystem]: Executor is not available during hardware component initialization for 'arm_gz_ros2_control/GazeboSimSystem'. Skipping node creation!
[gazebo-1] [INFO] [1791303232.970992645] [controller_manager]: Successful initialization of hardware 'arm_gz_ros2_control/GazeboSimSystem'
[gazebo-1] [INFO] [1791303232.971140661] [controller_manager]: Activating component 'arm_gz_ros2_control/GazeboSimSystem'.
[gazebo-1] [INFO] [1791303232.971162313] [resource_manager]: 'configure' hardware 'arm_gz_ros2_control/GazeboSimSystem' 
[gazebo-1] [INFO] [1791303232.971167453] [gz_ros_control]: System Successfully configured!
[gazebo-1] [INFO] [1791303232.971188046] [resource_manager]: Successful 'configure' of hardware 'arm_gz_ros2_control/GazeboSimSystem'
[gazebo-1] [INFO] [1791303232.971197728] [resource_manager]: 'activate' hardware 'arm_gz_ros2_control/GazeboSimSystem' 
[gazebo-1] [INFO] [1791303232.971205046] [resource_manager]: Successful 'activate' of hardware 'arm_gz_ros2_control/GazeboSimSystem'
[gazebo-1] [INFO] [1791303232.971233056] [controller_manager]: Activating component 'right_wheel_controller'.
[gazebo-1] [INFO] [1791303232.971240723] [resource_manager]: 'configure' hardware 'right_wheel_controller' 
[gazebo-1] [INFO] [1791303232.971245071] [gz_ros_control]: System Successfully configured!
[gazebo-1] [INFO] [1791303232.971254089] [resource_manager]: Successful 'configure' of hardware 'right_wheel_controller'
[gazebo-1] [INFO] [1791303232.971258449] [resource_manager]: 'activate' hardware 'right_wheel_controller' 
[gazebo-1] [INFO] [1791303232.971263327] [resource_manager]: Successful 'activate' of hardware 'right_wheel_controller'
[gazebo-1] [INFO] [1791303232.971281771] [controller_manager]: Activating component 'left_wheel_controller'.
[gazebo-1] [INFO] [1791303232.971292257] [resource_manager]: 'configure' hardware 'left_wheel_controller' 
[gazebo-1] [INFO] [1791303232.971296170] [gz_ros_control]: System Successfully configured!
[gazebo-1] [INFO] [1791303232.971303371] [resource_manager]: Successful 'configure' of hardware 'left_wheel_controller'
[gazebo-1] [INFO] [1791303232.971307376] [resource_manager]: 'activate' hardware 'left_wheel_controller' 
[gazebo-1] [INFO] [1791303232.971340502] [resource_manager]: Successful 'activate' of hardware 'left_wheel_controller'
[gazebo-1] [WARN] [1791303232.971361143] [controller_manager]: Component 'arm_gz_ros2_control/GazeboSimSystem' does not have read or write statistics initialized, skipping registration.
[gazebo-1] [WARN] [1791303232.971368990] [controller_manager]: Component 'right_wheel_controller' does not have read or write statistics initialized, skipping registration.
[gazebo-1] [WARN] [1791303232.971375924] [controller_manager]: Component 'left_wheel_controller' does not have read or write statistics initialized, skipping registration.
[gazebo-1] [INFO] [1791303232.971389369] [controller_manager]: Resource Manager has been successfully initialized. Starting Controller Manager services...
[controller_server-49] [INFO] [1791303233.059682996] [local_costmap.local_costmap]: Timed out waiting for transform from base_link to odom to become available, tf error: Could not find a connection between 'odom' and 'base_link' because they are not part of the same tree.Tf has two or more unconnected trees.
[wait_for_ready-48] [INFO] [1791303233.355969768] [wait_for_sim]: ready: node controller_manager
[controller_server-49] [INFO] [1791303233.559673329] [local_costmap.local_costmap]: Timed out waiting for transform from base_link to odom to become available, tf error: Could not find a connection between 'odom' and 'base_link' because they are not part of the same tree.Tf has two or more unconnected trees.
[gazebo-1] [INFO] [1791303233.777104758] [controller_manager]: Loading controller : 'joint_state_broadcaster' of type 'joint_state_broadcaster/JointStateBroadcaster'
[gazebo-1] [INFO] [1791303233.777151255] [controller_manager]: Loading controller 'joint_state_broadcaster'
[gazebo-1] [WARN] [1791303233.787873133] [controller_manager]: The use of remapping arguments to the controller_manager node is deprecated. Please use the '--controller-ros-args' argument of the spawner to pass remapping arguments to the controller node.
[gazebo-1] [INFO] [1791303233.787916509] [controller_manager]: Controller 'joint_state_broadcaster' node arguments: --ros-args --params-file /home/y/u/yunqiao/IROB_Mobile_Robot_Project/install/irobot_create_control/share/irobot_create_control/config/control.yaml --params-file /home/y/u/yunqiao/IROB_Mobile_Robot_Project/install/warehouse_inventory_robot/share/warehouse_inventory_robot/config/arm_controller_types.yaml --ros-args --remap ~/odom:=odom --remap /tf:=tf --remap /tf_static:=tf_static --remap /diagnostics:=diagnostics -p use_sim_time:=true --param use_sim_time:=true 
[spawner-31] [INFO] [1791303233.838200994] [spawner_joint_state_broadcaster]: Loaded joint_state_broadcaster
[wait_for_ready-48] [INFO] [1791303233.865702773] [wait_for_sim]: ready: service /controller_manager/set_parameters
[wait_for_ready-48] [INFO] [1791303233.874243562] [wait_for_sim]: ready: service /controller_manager/list_controllers (answered a call)
[gazebo-1] [INFO] [1791303233.923293293] [controller_manager]: Configuring controller: 'joint_state_broadcaster'
[gazebo-1] [INFO] [1791303233.923362865] [joint_state_broadcaster]: 'joints' or 'interfaces' parameter is empty. All available state interfaces will be published
[gazebo-1] [INFO] [1791303233.948183177] [controller_manager]: Activating controllers: [ joint_state_broadcaster ]
[controller_server-49] [INFO] [1791303234.059670539] [local_costmap.local_costmap]: Timed out waiting for transform from base_link to odom to become available, tf error: Could not find a connection between 'odom' and 'base_link' because they are not part of the same tree.Tf has two or more unconnected trees.
[controller_server-49] [INFO] [1791303234.559667860] [local_costmap.local_costmap]: Timed out waiting for transform from base_link to odom to become available, tf error: Could not find a connection between 'odom' and 'base_link' because they are not part of the same tree.Tf has two or more unconnected trees.
[gazebo-1] [1;36m[GUI] [Dbg] [TransformControl.cc:453] [0m[1;36mTransformControl [1;36m[Dbg] [SystemManager.cc:80] [0m[1;36mLoaded system [[0m[1;36mgz_ros2_control::GazeboSimROS2ControlPlugin[0m[1;36m] for entity [[0m[1;36m148[0m[1;36m][0m[1;36m[0m
[gazebo-1] [1;36m[Dbg] [SystemManager.cc:80] [0m[1;36mLoaded system [[0m[1;36mgz::sim::systems::PosePublisher[0m[1;36m] for entity [[0m[1;36m148[0m[1;36m][0m[1;36m[0m
[gazebo-1] [1;36m[Dbg] [SystemManager.cc:80] [0m[1;36mLoaded system [[0m[1;36mgz::sim::systems::Contact[0m[1;36m] for entity [[0m[1;36m148[0m[1;36m][0m[1;36m[0m
[gazebo-1] [1;36m[Dbg] [Sensors.cc:697] [0m[1;36mConfiguring Sensors system[0m[1;36m[0m
[gazebo-1] [1;36m[Dbg] [Sensors.cc:557] [0m[1;36mSensorsPrivate::Run[0m[1;36m[0m
[gazebo-1] [1;36m[Dbg] [SystemManager.cc:80] [0m[1;36mLoaded system [[0m[1;36mgz::sim::systems::Sensors[0m[1;36m] for entity [[0m[1;36m148[0m[1;36m][0m[1;36m[0m
[gazebo-1] [1;36m[Dbg] [Sensors.cc:532] [0m[1;36mSensorsPrivate::RenderThread started[0m[1;36m[0m
[gazebo-1] [1;36m[Dbg] [Sensors.cc:337] [0m[1;36mWaiting for init[0m[1;36m[0m
[gazebo-1] [1;36m[Dbg] [DetachableJoint.cc:137] [0m[1;36mDetach topic is: [0m[1;36m/vacuum_gripper/detach[0m[1;36m[0m
[gazebo-1] [1;36m[Dbg] [DetachableJoint.cc:143] [0m[1;36mDetachableJoint subscribing to messages on [0m[1;36m[[0m[1;36m/vacuum_gripper/detach[0m[1;36m][0m[1;36m[0m
[gazebo-1] [1;36m[Dbg] [DetachableJoint.cc:160] [0m[1;36mAttach topic is: [0m[1;36m/vacuum_gripper/attach[0m[1;36m[0m
[gazebo-1] [1;36m[Dbg] [DetachableJoint.cc:195] [0m[1;36mOutput topic is: [0m[1;36m/vacuum_gripper/state[0m[1;36m[0m
[gazebo-1] [1;36m[Dbg] [SystemManager.cc:80] [0m[1;36mLoaded system [[0m[1;36mgz::sim::systems::DetachableJoint[0m[1;36m] for entity [[0m[1;36m148[0m[1;36m][0m[1;36m[0m
[gazebo-1] [1;32m[Msg] [0m[1;32mOdometryPublisher publishing odometry on [[0m[1;32m/model/turtlebot4/odometry[0m[1;32m][0m[1;32m[0m
[gazebo-1] [1;32m[Msg] [0m[1;32mOdometryPublisher publishing odometry with covariance on [[0m[1;32m/model/turtlebot4/odometry_with_covariance[0m[1;32m][0m[1;32m[0m
[gazebo-1] [1;32m[Msg] [0m[1;32mOdometryPublisher publishing Pose_V (TF) on [[0m[1;32m/model/turtlebot4/pose[0m[1;32m][0m[1;32m[0m
[gazebo-1] [1;36m[Dbg] [SystemManager.cc:80] [0m[1;36mLoaded system [[0m[1;36mgz::sim::systems::OdometryPublisher[0m[1;36m] for entity [[0m[1;36m148[0m[1;36m][0m[1;36m[0m
[gazebo-1] [1;36m[Dbg] [UserCommands.cc:1094] [0m[1;36mCreated entity [[0m[1;36m148[0m[1;36m] named [[0m[1;36mturtlebot4[0m[1;36m][0m[1;36m[0m
[gazebo-1] [1;36m[Dbg] [SystemManager.cc:80] [0m[1;36mLoaded system [[0m[1;36mgz::sim::systems::PosePublisher[0m[1;36m] for entity [[0m[1;36m296[0m[1;36m][0m[1;36m[0m
[gazebo-1] [1;36m[Dbg] [UserCommands.cc:1094] [0m[1;36mCreated entity [[0m[1;36m296[0m[1;36m] named [[0m[1;36mstandard_dock[0m[1;36m][0m[1;36m[0m
[gazebo-1] [1;32m[Msg] [0m[1;32mContact system publishing on [0m[1;32m/bumper_contact[0m[1;32m[0m
[gazebo-1] [1;36m[Dbg] [SDFFeatures.cc:332] [0m[1;36mMesh construction from an SDF has not been implemented yet for [0m[1;36mdartsim. Use AttachMeshShapeFeature to use mesh shapes.[0m
[gazebo-1] [1;36m[Dbg] [SDFFeatures.cc:864] [0m[1;36mThe geometry element of collision [[0m[1;36mwarehouse_collision[0m[1;36m] [0m[1;36mcouldn't be created[0m
[gazebo-1] [1;36m[Dbg] [SDFFeatures.cc:332] [0m[1;36mMesh construction from an SDF has not been implemented yet for [0m[1;36mdartsim. Use AttachMeshShapeFeature to use mesh shapes.[0m
[gazebo-1] [1;36m[Dbg] [SDFFeatures.cc:864] [0m[1;36mThe geometry element of collision [[0m[1;36mcollision[0m[1;36m] [0m[1;36mcouldn't be created[0m
[gazebo-1] [1;36m[Dbg] [SDFFeatures.cc:332] [0m[1;36mMesh construction from an SDF has not been implemented yet for [0m[1;36mdartsim. Use AttachMeshShapeFeature to use mesh shapes.[0m
[gazebo-1] [1;36m[Dbg] [SDFFeatures.cc:864] [0m[1;36mThe geometry element of collision [[0m[1;36mcollision[0m[1;36m] [0m[1;36mcouldn't be created[0m
[gazebo-1] [1;36m[Dbg] [SDFFeatures.cc:332] [0m[1;36mMesh construction from an SDF has not been implemented yet for [0m[1;36mdartsim. Use AttachMeshShapeFeature to use mesh shapes.[0m
[gazebo-1] [1;36m[Dbg] [SDFFeatures.cc:864] [0m[1;36mThe geometry element of collision [[0m[1;36mcollision[0m[1;36m] [0m[1;36mcouldn't be created[0m
[gazebo-1] [1;36m[Dbg] [SDFFeatures.cc:332] [0m[1;36mMesh construction from an SDF has not been implemented yet for [0m[1;36mdartsim. Use AttachMeshShapeFeature to use mesh shapes.[0m
[gazebo-1] [1;36m[Dbg] [SDFFeatures.cc:864] [0m[1;36mThe geometry element of collision [[0m[1;36mcollision[0m[1;36m] [0m[1;36mcouldn't be created[0m
[gazebo-1] [1;36m[Dbg] [SDFFeatures.cc:332] [0m[1;36mMesh construction from an SDF has not been implemented yet for [0m[1;36mdartsim. Use AttachMeshShapeFeature to use mesh shapes.[0m
[gazebo-1] [1;36m[Dbg] [SDFFeatures.cc:864] [0m[1;36mThe geometry element of collision [[0m[1;36mcollision[0m[1;36m] [0m[1;36mcouldn't be created[0m
[gazebo-1] [1;36m[Dbg] [SDFFeatures.cc:332] [0m[1;36mMesh construction from an SDF has not been implemented yet for [0m[1;36mdartsim. Use AttachMeshShapeFeature to use mesh shapes.[0m
[gazebo-1] [1;36m[Dbg] [SDFFeatures.cc:864] [0m[1;36mThe geometry element of collision [[0m[1;36mbase_link_fixed_joint_lump__shell_collision_collision_1[0m[1;36m] [0m[1;36mcouldn't be created[0m
[gazebo-1] [1;36m[Dbg] [SDFFeatures.cc:332] [0m[1;36mMesh construction from an SDF has not been implemented yet for [0m[1;36mdartsim. Use AttachMeshShapeFeature to use mesh shapes.[0m
[gazebo-1] [1;36m[Dbg] [SDFFeatures.cc:864] [0m[1;36mThe geometry element of collision [[0m[1;36mbase_link_fixed_joint_lump__arm_link_base_collision_2[0m[1;36m] [0m[1;36mcouldn't be created[0m
[gazebo-1] [1;36m[Dbg] [SDFFeatures.cc:332] [0m[1;36mMesh construction from an SDF has not been implemented yet for [0m[1;36mdartsim. Use AttachMeshShapeFeature to use mesh shapes.[0m
[gazebo-1] [1;36m[Dbg] [SDFFeatures.cc:864] [0m[1;36mThe geometry element of collision [[0m[1;36mbumper_collision[0m[1;36m] [0m[1;36mcouldn't be created[0m
[gazebo-1] [1;36m[Dbg] [SDFFeatures.cc:332] [0m[1;36mMesh construction from an SDF has not been implemented yet for [0m[1;36mdartsim. Use AttachMeshShapeFeature to use mesh shapes.[0m
[gazebo-1] [1;36m[Dbg] [SDFFeatures.cc:864] [0m[1;36mThe geometry element of collision [[0m[1;36marm_link1_collision[0m[1;36m] [0m[1;36mcouldn't be created[0m
[gazebo-1] [1;36m[Dbg] [SDFFeatures.cc:332] [0m[1;36mMesh construction from an SDF has not been implemented yet for [0m[1;36mdartsim. Use AttachMeshShapeFeature to use mesh shapes.[0m
[gazebo-1] [1;36m[Dbg] [SDFFeatures.cc:864] [0m[1;36mThe geometry element of collision [[0m[1;36marm_link2_collision[0m[1;36m] [0m[1;36mcouldn't be created[0m
[gazebo-1] [1;36m[Dbg] [SDFFeatures.cc:332] [0m[1;36mMesh construction from an SDF has not been implemented yet for [0m[1;36mdartsim. Use AttachMeshShapeFeature to use mesh shapes.[0m
[gazebo-1] [1;36m[Dbg] [SDFFeatures.cc:864] [0m[1;36mThe geometry element of collision [[0m[1;36marm_link3_collision[0m[1;36m] [0m[1;36mcouldn't be created[0m
[gazebo-1] [1;36m[Dbg] [SDFFeatures.cc:332] [0m[1;36mMesh construction from an SDF has not been implemented yet for [0m[1;36mdartsim. Use AttachMeshShapeFeature to use mesh shapes.[0m
[gazebo-1] [1;36m[Dbg] [SDFFeatures.cc:864] [0m[1;36mThe geometry element of collision [[0m[1;36marm_link4_collision[0m[1;36m] [0m[1;36mcouldn't be created[0m
[gazebo-1] [1;36m[Dbg] [SDFFeatures.cc:332] [0m[1;36mMesh construction from an SDF has not been implemented yet for [0m[1;36mdartsim. Use AttachMeshShapeFeature to use mesh shapes.[0m
[gazebo-1] [1;36m[Dbg] [SDFFeatures.cc:864] [0m[1;36mThe geometry element of collision [[0m[1;36marm_link5_collision[0m[1;36m] [0m[1;36mcouldn't be created[0m
[gazebo-1] [1;36m[Dbg] [SDFFeatures.cc:332] [0m[1;36mMesh construction from an SDF has not been implemented yet for [0m[1;36mdartsim. Use AttachMeshShapeFeature to use mesh shapes.[0m
[gazebo-1] [1;36m[Dbg] [SDFFeatures.cc:864] [0m[1;36mThe geometry element of collision [[0m[1;36marm_link6_collision[0m[1;36m] [0m[1;36mcouldn't be created[0m
[gazebo-1] [1;36m[Dbg] [SDFFeatures.cc:332] [0m[1;36mMesh construction from an SDF has not been implemented yet for [0m[1;36mdartsim. Use AttachMeshShapeFeature to use mesh shapes.[0m
[gazebo-1] [1;33m[Wrn] [OBJLoader.cc:91] [0m[1;33mBoth `d` and `Tr` parameters defined for "Chair". Use the value of `d` for dissolve (line 8 in .mtl.)[0m
[gazebo-1] [1;33m[0m
[gazebo-1] [1;33m[Wrn] [OBJLoader.cc:91] [0m[1;33mBoth `d` and `Tr` parameters defined for "CoffeeTable". Use the value of `d` for dissolve (line 8 in .mtl.)[0m
[gazebo-1] [1;33m[0m
[controller_server-49] [INFO] [1791303235.059672548] [local_costmap.local_costmap]: Timed out waiting for transform from base_link to odom to become available, tf error: Could not find a connection between 'odom' and 'base_link' because they are not part of the same tree.Tf has two or more unconnected trees.
[gazebo-1] [1;33m[Wrn] [Component.hh:127] [0m[1;33mTrying to serialize component with data type [[0m[1;33mSt10shared_ptrIN3sdf3v147ElementEE[0m[1;33m], which doesn't have [0m[1;33m`operator<<`. Component will not be serialized.[0m[1;33m[0m
[gazebo-1] [ERROR] [1791303235.147087616] [gz_ros_control]: Desired controller update period (0.001 s) is faster than the gazebo simulation period (0.003 s).
[gazebo-1] [INFO] [1791303235.148849817] [controller_manager]: Successfully switched controllers!
[wait_for_ready-47] [INFO] [1791303235.150340891] [wait_for_rviz]: ready: topic /clock (message received)
[spawner-31] [INFO] [1791303235.152478157] [spawner_joint_state_broadcaster]: Configured and activated joint_state_broadcaster
[INFO] [spawner-31]: process has finished cleanly [pid 23904]
[INFO] [spawner-62]: process started with pid [25270]
[controller_server-49] [INFO] [1791303235.559677222] [local_costmap.local_costmap]: Timed out waiting for transform from base_link to odom to become available, tf error: Could not find a connection between 'odom' and 'base_link' because they are not part of the same tree.Tf has two or more unconnected trees.
[spawner-62] [INFO] [1791303235.618629065] [spawner_diffdrive_controller]: waiting for service /controller_manager/list_controllers to become available...
[gazebo-1] [1;33m[GUI] [Wrn] [Component.hh:172] [0m[1;33mTrying to deserialize component with data type [[0m[1;33mSt10shared_ptrIN3sdf3v147ElementEE[0m[1;33m], which doesn't have [0m[1;33m`operator>>`. Component will not be deserialized.[0m[1;33m[0m
[gazebo-1] [1;36m[Dbg] [SDFFeatures.cc:864] [0m[1;36mThe geometry element of collision [[0m[1;36marm_uflite_vacuum_gripper_link_collision[0m[1;36m] [0m[1;36mcouldn't be created[0m
[gazebo-1] [1;36m[Dbg] [SimulationFeatures.cc:90] [0m[1;36mSimulation timestep set to: [0m[1;36m0.003[0m[1;36m[0m
[gazebo-1] [1;32m[Msg] [0m[1;32mServing scene information on [[0m[1;32m/world/warehouse[0m[1;32m/[0m[1;32mscene/info[0m[1;32m][0m[1;32m[0m
[gazebo-1] [1;32m[Msg] [0m[1;32mServing graph information on [[0m[1;32m/world/warehouse[0m[1;32m/[0m[1;32mscene/graph[0m[1;32m][0m[1;32m[0m
[gazebo-1] [1;32m[Msg] [0m[1;32mServing full state on [[0m[1;32m/world/warehouse[0m[1;32m/[0m[1;32mstate[0m[1;32m][0m[1;32m[0m
[gazebo-1] [1;32m[Msg] [0m[1;32mServing full state (async) on [[0m[1;32m/world/warehouse[0m[1;32m/[0m[1;32mstate_async[0m[1;32m][0m[1;32m[0m
[gazebo-1] [1;32m[Msg] [0m[1;32mPublishing scene information on [[0m[1;32m/world/warehouse/scene/info[0m[1;32m][0m[1;32m[0m
[gazebo-1] [1;32m[Msg] [0m[1;32mPublishing entity deletions on [[0m[1;32m/world/warehouse/scene/deletion[0m[1;32m][0m[1;32m[0m
[gazebo-1] [1;32m[Msg] [0m[1;32mPublishing state changes on [[0m[1;32m/world/warehouse/state[0m[1;32m][0m[1;32m[0m
[gazebo-1] [1;32m[Msg] [0m[1;32mPublishing pose messages on [[0m[1;32m/world/warehouse[0m[1;32m/[0m[1;32mpose/info[0m[1;32m][0m[1;32m[0m
[gazebo-1] [1;32m[Msg] [0m[1;32mPublishing dynamic pose messages on [[0m[1;32m/world/warehouse[0m[1;32m/[0m[1;32mdynamic_pose/info[0m[1;32m][0m[1;32m[0m
[gazebo-1] [1;36m[Dbg] [EntityComponentManager.cc:1656] [0m[1;36mUpdated state thread iterators: [0m[1;36m16[0m[1;36m threads processing around [0m[1;36m20[0m[1;36m entities each.[0m[1;36m[0m
[gazebo-1] [1;36m[Dbg] [SimulationRunner.cc:560] [0m[1;36mExiting postupdate worker thread ([0m[1;36m1[0m[1;36m)[0m[1;36m[0m
[gazebo-1] [1;36m[Dbg] [SimulationRunner.cc:560] [0m[1;36mExiting postupdate worker thread ([0m[1;36m0[0m[1;36m)[0m[1;36m[0m
[gazebo-1] [1;36m[Dbg] [SimulationRunner.cc:533] [0m[1;36mCreating PostUpdate worker threads: [0m[1;36m9[0m[1;36m[0m
[gazebo-1] [1;36m[Dbg] [SimulationRunner.cc:544] [0m[1;36mCreating postupdate worker thread ([0m[1;36m0[0m[1;36m)[0m[1;36m[0m
[gazebo-1] [1;36m[Dbg] [SimulationRunner.cc:544] [0m[1;36mCreating postupdate worker thread ([0m[1;36m1[0m[1;36m)[0m[1;36m[0m
[gazebo-1] [1;36m[Dbg] [SimulationRunner.cc:544] [0m[1;36mCreating postupdate worker thread ([0m[1;36m2[0m[1;36m)[0m[1;36m[0m
[gazebo-1] [1;36m[Dbg] [SimulationRunner.cc:544] [0m[1;36mCreating postupdate worker thread ([0m[1;36m3[0m[1;36m)[0m[1;36m[0m
[gazebo-1] [1;36m[Dbg] [SimulationRunner.cc:544] [0m[1;36mCreating postupdate worker thread ([0m[1;36m4[0m[1;36m)[0m[1;36m[0m
[gazebo-1] [1;36m[Dbg] [SimulationRunner.cc:544] [0m[1;36mCreating postupdate worker thread ([0m[1;36m5[0m[1;36m)[0m[1;36m[0m
[gazebo-1] [1;36m[Dbg] [SimulationRunner.cc:544] [0m[1;36mCreating postupdate worker thread ([0m[1;36m6[0m[1;36m)[0m[1;36m[0m
[gazebo-1] [1;36m[Dbg] [SimulationRunner.cc:544] [0m[1;36mCreating postupdate worker thread ([0m[1;36m7[0m[1;36m)[0m[1;36m[0m
[gazebo-1] [1;36m[Dbg] [DetachableJoint.cc:343] [0m[1;36mAttaching entity: [0m[1;36m312[0m[1;36m[0m
[gazebo-1] [1;36m[Dbg] [Physics.cc:1939] [0m[1;36mCreating detachable joint [[0m[1;36m312[0m[1;36m][0m[1;36m[0m
[gazebo-1] [1;36m[Dbg] [Sensors.cc:953] [0m[1;36mInitialization needed[0m[1;36m[0m
[gazebo-1] [1;36m[Dbg] [Sensors.cc:349] [0m[1;36mInitializing render context[0m[1;36m[0m
[gazebo-1] [1;32m[Msg] [0m[1;32mLoading plugin [[0m[1;32mgz-rendering-ogre2[0m[1;32m][0m[1;32m[0m
[gazebo-1] [1;36m[Dbg] [RenderUtil.cc:2646] [0m[1;36mCreate scene [[0m[1;36mscene[0m[1;36m][0m[1;36m[0m
[gazebo-1] [1;36m[Dbg] [Sensors.cc:391] [0m[1;36mRendering Thread initialized[0m[1;36m[0m
[gazebo-1] [1;36m[Dbg] [Sensors.cc:953] [0m[1;36mInitialization needed[0m[1;36m[0m
[controller_server-49] [INFO] [1791303236.059674846] [local_costmap.local_costmap]: Timed out waiting for transform from base_link to odom to become available, tf error: Could not find a connection between 'odom' and 'base_link' because they are not part of the same tree.Tf has two or more unconnected trees.
[gazebo-1] plugin is using camera [[0m[1;36mscene::Camera(65527)[0m[1;36m][0m[1;36m[0m
[gazebo-1] [1;36m[GUI] [Dbg] [InteractiveViewControl.cc:176] [0m[1;36mInteractiveViewControl plugin is moving camera [[0m[1;36mscene::Camera(65527)[0m[1;36m][0m[1;36m[0m
[gazebo-1] [1;33mWarning [Utils.cc:132][0m [/sdf/model[@name="tb4_lite6"]/joint[@name="wheel_drop_left_joint"]/physics/ode/provide_feedback:<data-string>:L2544]: XML Element[provide_feedback], child of element[ode], not defined in SDF. Copying[provide_feedback] as children of [ode].
[gazebo-1] [1;33mWarning [Utils.cc:132][0m [/sdf/model[@name="tb4_lite6"]/joint[@name="wheel_drop_right_joint"]/physics/ode/provide_feedback:<data-string>:L2665]: XML Element[provide_feedback], child of element[ode], not defined in SDF. Copying[provide_feedback] as children of [ode].
[controller_server-49] [INFO] [1791303236.559674453] [local_costmap.local_costmap]: Timed out waiting for transform from base_link to odom to become available, tf error: Could not find a connection between 'odom' and 'base_link' because they are not part of the same tree.Tf has two or more unconnected trees.
[gazebo-1] [1;33m[GUI] [Wrn] [OBJLoader.cc:91] [0m[1;33mBoth `d` and `Tr` parameters defined for "Chair". Use the value of `d` for dissolve (line 8 in .mtl.)[0m
[gazebo-1] [1;33m[0m
[gazebo-1] [1;33m[GUI] [Wrn] [OBJLoader.cc:91] [0m[1;33mBoth `d` and `Tr` parameters defined for "CoffeeTable". Use the value of `d` for dissolve (line 8 in .mtl.)[0m
[gazebo-1] [1;33m[0m
[controller_server-49] [INFO] [1791303237.059672789] [local_costmap.local_costmap]: Timed out waiting for transform from base_link to odom to become available, tf error: Could not find a connection between 'odom' and 'base_link' because they are not part of the same tree.Tf has two or more unconnected trees.
[gazebo-1] [1;33m[Wrn] [ColladaLoader.cc:2395] [0m[1;33mTriangle input semantic: '[0m[1;33mCOLOR[0m[1;33m' is currently[0m[1;33m not supported[0m[1;33m[0m
[gazebo-1] [1;33m[Wrn] [ColladaLoader.cc:2395] [0m[1;33mTriangle input semantic: '[0m[1;33mCOLOR[0m[1;33m' is currently[0m[1;33m not supported[0m[1;33m[0m
[gazebo-1] [1;36m[Dbg] [RgbdCameraSensor.cc:210] [0m[1;36mRGB images for [[0m[1;36mturtlebot4::oakd_rgb_camera_frame::rgbd_camera[0m[1;36m] advertised on [[0m[1;36mworld/warehouse/model/turtlebot4/link/oakd_rgb_camera_frame/sensor/rgbd_camera[0m[1;36m/image][0m[1;36m[0m
[gazebo-1] [1;36m[Dbg] [RgbdCameraSensor.cc:224] [0m[1;36mDepth images for [[0m[1;36mturtlebot4::oakd_rgb_camera_frame::rgbd_camera[0m[1;36m] advertised on [[0m[1;36mworld/warehouse/model/turtlebot4/link/oakd_rgb_camera_frame/sensor/rgbd_camera[0m[1;36m/depth_image][0m[1;36m[0m
[gazebo-1] [1;36m[Dbg] [RgbdCameraSensor.cc:238] [0m[1;36mPoints for [[0m[1;36mturtlebot4::oakd_rgb_camera_frame::rgbd_camera[0m[1;36m] advertised on [[0m[1;36mworld/warehouse/model/turtlebot4/link/oakd_rgb_camera_frame/sensor/rgbd_camera[0m[1;36m/points][0m[1;36m[0m
[gazebo-1] [1;36m[Dbg] [CameraSensor.cc:695] [0m[1;36mCamera info for [[0m[1;36mturtlebot4::oakd_rgb_camera_frame::rgbd_camera[0m[1;36m] advertised on [[0m[1;36mworld/warehouse/model/turtlebot4/link/oakd_rgb_camera_frame/sensor/rgbd_camera/camera_info[0m[1;36m][0m[1;36m[0m
[gazebo-1] [1;36m[Dbg] [Lidar.cc:139] [0m[1;36mLaser scans for [[0m[1;36mturtlebot4::base_link::cliff_front_left[0m[1;36m] advertised on [[0m[1;36mworld/warehouse/model/turtlebot4/link/base_link/sensor/cliff_front_left/scan[0m[1;36m][0m[1;36m[0m
[gazebo-1] [1;36m[Dbg] [GpuLidarSensor.cc:164] [0m[1;36mLidar points for [[0m[1;36mturtlebot4::base_link::cliff_front_left[0m[1;36m] advertised on [[0m[1;36mworld/warehouse/model/turtlebot4/link/base_link/sensor/cliff_front_left/scan/points[0m[1;36m][0m[1;36m[0m
[gazebo-1] [1;36m[Dbg] [Lidar.cc:139] [0m[1;36mLaser scans for [[0m[1;36mturtlebot4::base_link::cliff_front_right[0m[1;36m] advertised on [[0m[1;36mworld/warehouse/model/turtlebot4/link/base_link/sensor/cliff_front_right/scan[0m[1;36m][0m[1;36m[0m
[gazebo-1] [1;36m[Dbg] [GpuLidarSensor.cc:164] [0m[1;36mLidar points for [[0m[1;36mturtlebot4::base_link::cliff_front_right[0m[1;36m] advertised on [[0m[1;36mworld/warehouse/model/turtlebot4/link/base_link/sensor/cliff_front_right/scan/points[0m[1;36m][0m[1;36m[0m
[gazebo-1] [1;36m[Dbg] [Lidar.cc:139] [0m[1;36mLaser scans for [[0m[1;36mturtlebot4::base_link::cliff_side_left[0m[1;36m] advertised on [[0m[1;36mworld/warehouse/model/turtlebot4/link/base_link/sensor/cliff_side_left/scan[0m[1;36m][0m[1;36m[0m
[gazebo-1] [1;36m[Dbg] [GpuLidarSensor.cc:164] [0m[1;36mLidar points for [[0m[1;36mturtlebot4::base_link::cliff_side_left[0m[1;36m] advertised on [[0m[1;36mworld/warehouse/model/turtlebot4/link/base_link/sensor/cliff_side_left/scan/points[0m[1;36m][0m[1;36m[0m
[gazebo-1] [1;36m[Dbg] [Lidar.cc:139] [0m[1;36mLaser scans for [[0m[1;36mturtlebot4::base_link::cliff_side_right[0m[1;36m] advertised on [[0m[1;36mworld/warehouse/model/turtlebot4/link/base_link/sensor/cliff_side_right/scan[0m[1;36m][0m[1;36m[0m
[gazebo-1] [1;36m[Dbg] [GpuLidarSensor.cc:164] [0m[1;36mLidar points for [[0m[1;36mturtlebot4::base_link::cliff_side_right[0m[1;36m] advertised on [[0m[1;36mworld/warehouse/model/turtlebot4/link/base_link/sensor/cliff_side_right/scan/points[0m[1;36m][0m[1;36m[0m
[gazebo-1] [1;36m[Dbg] [Lidar.cc:139] [0m[1;36mLaser scans for [[0m[1;36mturtlebot4::ir_intensity_front_center_left::ir_intensity_front_center_left[0m[1;36m] advertised on [[0m[1;36mworld/warehouse/model/turtlebot4/link/ir_intensity_front_center_left/sensor/ir_intensity_front_center_left/scan[0m[1;36m][0m[1;36m[0m
[gazebo-1] [1;36m[Dbg] [GpuLidarSensor.cc:164] [0m[1;36mLidar points for [[0m[1;36mturtlebot4::ir_intensity_front_center_left::ir_intensity_front_center_left[0m[1;36m] advertised on [[0m[1;36mworld/warehouse/model/turtlebot4/link/ir_intensity_front_center_left/sensor/ir_intensity_front_center_left/scan/points[0m[1;36m][0m[1;36m[0m
[gazebo-1] [1;36m[Dbg] [Lidar.cc:139] [0m[1;36mLaser scans for [[0m[1;36mturtlebot4::ir_intensity_front_center_right::ir_intensity_front_center_right[0m[1;36m] advertised on [[0m[1;36mworld/warehouse/model/turtlebot4/link/ir_intensity_front_center_right/sensor/ir_intensity_front_center_right/scan[0m[1;36m][0m[1;36m[0m
[gazebo-1] [1;36m[Dbg] [GpuLidarSensor.cc:164] [0m[1;36mLidar points for [[0m[1;36mturtlebot4::ir_intensity_front_center_right::ir_intensity_front_center_right[0m[1;36m] advertised on [[0m[1;36mworld/warehouse/model/turtlebot4/link/ir_intensity_front_center_right/sensor/ir_intensity_front_center_right/scan/points[0m[1;36m][0m[1;36m[0m
[gazebo-1] [1;36m[Dbg] [Lidar.cc:139] [0m[1;36mLaser scans for [[0m[1;36mturtlebot4::ir_intensity_front_left::ir_intensity_front_left[0m[1;36m] advertised on [[0m[1;36mworld/warehouse/model/turtlebot4/link/ir_intensity_front_left/sensor/ir_intensity_front_left/scan[0m[1;36m][0m[1;36m[0m
[gazebo-1] [1;36m[Dbg] [GpuLidarSensor.cc:164] [0m[1;36mLidar points for [[0m[1;36mturtlebot4::ir_intensity_front_left::ir_intensity_front_left[0m[1;36m] advertised on [[0m[1;36mworld/warehouse/model/turtlebot4/link/ir_intensity_front_left/sensor/ir_intensity_front_left/scan/points[0m[1;36m][0m[1;36m[0m
[gazebo-1] [1;36m[Dbg] [Lidar.cc:139] [0m[1;36mLaser scans for [[0m[1;36mturtlebot4::ir_intensity_front_right::ir_intensity_front_right[0m[1;36m] advertised on [[0m[1;36mworld/warehouse/model/turtlebot4/link/ir_intensity_front_right/sensor/ir_intensity_front_right/scan[0m[1;36m][0m[1;36m[0m
[gazebo-1] [1;36m[Dbg] [GpuLidarSensor.cc:164] [0m[1;36mLidar points for [[0m[1;36mturtlebot4::ir_intensity_front_right::ir_intensity_front_right[0m[1;36m] advertised on [[0m[1;36mworld/warehouse/model/turtlebot4/link/ir_intensity_front_right/sensor/ir_intensity_front_right/scan/points[0m[1;36m][0m[1;36m[0m
[gazebo-1] [1;36m[Dbg] [Lidar.cc:139] [0m[1;36mLaser scans for [[0m[1;36mturtlebot4::ir_intensity_left::ir_intensity_left[0m[1;36m] advertised on [[0m[1;36mworld/warehouse/model/turtlebot4/link/ir_intensity_left/sensor/ir_intensity_left/scan[0m[1;36m][0m[1;36m[0m
[gazebo-1] [1;36m[Dbg] [GpuLidarSensor.cc:164] [0m[1;36mLidar points for [[0m[1;36mturtlebot4::ir_intensity_left::ir_intensity_left[0m[1;36m] advertised on [[0m[1;36mworld/warehouse/model/turtlebot4/link/ir_intensity_left/sensor/ir_intensity_left/scan/points[0m[1;36m][0m[1;36m[0m
[gazebo-1] [1;36m[Dbg] [Lidar.cc:139] [0m[1;36mLaser scans for [[0m[1;36mturtlebot4::ir_intensity_right::ir_intensity_right[0m[1;36m] advertised on [[0m[1;36mworld/warehouse/model/turtlebot4/link/ir_intensity_right/sensor/ir_intensity_right/scan[0m[1;36m][0m[1;36m[0m
[gazebo-1] [1;36m[Dbg] [GpuLidarSensor.cc:164] [0m[1;36mLidar points for [[0m[1;36mturtlebot4::ir_intensity_right::ir_intensity_right[0m[1;36m] advertised on [[0m[1;36mworld/warehouse/model/turtlebot4/link/ir_intensity_right/sensor/ir_intensity_right/scan/points[0m[1;36m][0m[1;36m[0m
[gazebo-1] [1;36m[Dbg] [Lidar.cc:139] [0m[1;36mLaser scans for [[0m[1;36mturtlebot4::ir_intensity_side_left::ir_intensity_side_left[0m[1;36m] advertised on [[0m[1;36mworld/warehouse/model/turtlebot4/link/ir_intensity_side_left/sensor/ir_intensity_side_left/scan[0m[1;36m][0m[1;36m[0m
[gazebo-1] [1;36m[Dbg] [GpuLidarSensor.cc:164] [0m[1;36mLidar points for [[0m[1;36mturtlebot4::ir_intensity_side_left::ir_intensity_side_left[0m[1;36m] advertised on [[0m[1;36mworld/warehouse/model/turtlebot4/link/ir_intensity_side_left/sensor/ir_intensity_side_left/scan/points[0m[1;36m][0m[1;36m[0m
[gazebo-1] [1;36m[Dbg] [Lidar.cc:139] [0m[1;36mLaser scans for [[0m[1;36mturtlebot4::rplidar_link::rplidar[0m[1;36m] advertised on [[0m[1;36mworld/warehouse/model/turtlebot4/link/rplidar_link/sensor/rplidar/scan[0m[1;36m][0m[1;36m[0m
[gazebo-1] [1;36m[Dbg] [GpuLidarSensor.cc:164] [0m[1;36mLidar points for [[0m[1;36mturtlebot4::rplidar_link::rplidar[0m[1;36m] advertised on [[0m[1;36mworld/warehouse/model/turtlebot4/link/rplidar_link/sensor/rplidar/scan/points[0m[1;36m][0m[1;36m[0m
[gazebo-1] [1;36m[Dbg] [Lidar.cc:139] [0m[1;36mLaser scans for [[0m[1;36mstandard_dock::green_buoy_link::green_buoy[0m[1;36m] advertised on [[0m[1;36mworld/warehouse/model/standard_dock/link/green_buoy_link/sensor/green_buoy/scan[0m[1;36m][0m[1;36m[0m
[wait_for_ready-48] [INFO] [1791303237.533032968] [wait_for_sim]: ready: topic /scan (message received)
[wait_for_ready-47] [INFO] [1791303237.533652357] [wait_for_rviz]: ready: topic /scan (message received)
[motion_control-34] [INFO] [1791303237.558346160] [motion_control]: Robot max speed is now 0.460000 m/s
[parameter_bridge-8] [INFO] [1791303237.558560156] [cmd_vel_bridge]: Passing message from ROS geometry_msgs/msg/TwistStamped to Gazebo gz.msgs.Twist (showing msg only once per type)
[controller_server-49] [INFO] [1791303237.559687918] [local_costmap.local_costmap]: Timed out waiting for transform from base_link to odom to become available, tf error: Could not find a connection between 'odom' and 'base_link' because they are not part of the same tree.Tf has two or more unconnected trees.
[wait_for_ready-48] [sim] ready after 8.7s
[wait_for_ready-47] [rviz] ready after 8.7s
[turtlebot4_node-29] [INFO] [1791303237.607465119] [turtlebot4_node]: OAKD stopped
[turtlebot4_node-29] [INFO] [1791303237.607529788] [turtlebot4_node]: RPLIDAR stopped
[INFO] [wait_for_ready-48]: process has finished cleanly [pid 23938]
[INFO] [wait_for_ready-47]: process has finished cleanly [pid 23936]
[INFO] [spawner-63]: process started with pid [25368]
[INFO] [static_transform_publisher-64]: process started with pid [25370]
[INFO] [rviz2-65]: process started with pid [25372]
[static_transform_publisher-64] [WARN] [1791303237.804270421] []: Old-style arguments are deprecated; see --help for new-style arguments
[rviz2-65] Warning: Ignoring XDG_SESSION_TYPE=wayland on Gnome. Use QT_QPA_PLATFORM=wayland to run on Wayland anyway.
[static_transform_publisher-64] [INFO] [1791303237.843881152] [map_to_odom_static_tf]: Spinning until stopped - publishing transform
[static_transform_publisher-64] translation: ('0.000000', '0.000000', '0.000000')
[static_transform_publisher-64] rotation: ('0.000000', '0.000000', '0.000000', '1.000000')
[static_transform_publisher-64] from 'map' to 'odom'
[spawner-62] [INFO] [1791303237.911144838] [spawner_diffdrive_controller]: Setting controller param "params_file" to "['/home/y/u/yunqiao/IROB_Mobile_Robot_Project/install/irobot_create_control/share/irobot_create_control/config/control.yaml']" for diffdrive_controller
[gazebo-1] [INFO] [1791303237.927694319] [controller_manager]: Loading controller : 'diffdrive_controller' of type 'diff_drive_controller/DiffDriveController'
[gazebo-1] [INFO] [1791303237.927746835] [controller_manager]: Loading controller 'diffdrive_controller'
[gazebo-1] [WARN] [1791303237.943052425] [controller_manager]: The use of remapping arguments to the controller_manager node is deprecated. Please use the '--controller-ros-args' argument of the spawner to pass remapping arguments to the controller node.
[gazebo-1] [INFO] [1791303237.943409013] [controller_manager]: Controller 'diffdrive_controller' node arguments: --ros-args --params-file /home/y/u/yunqiao/IROB_Mobile_Robot_Project/install/irobot_create_control/share/irobot_create_control/config/control.yaml --params-file /home/y/u/yunqiao/IROB_Mobile_Robot_Project/install/warehouse_inventory_robot/share/warehouse_inventory_robot/config/arm_controller_types.yaml --ros-args --remap ~/odom:=odom --remap /tf:=tf --remap /tf_static:=tf_static --remap /diagnostics:=diagnostics -p use_sim_time:=true --params-file /home/y/u/yunqiao/IROB_Mobile_Robot_Project/install/irobot_create_control/share/irobot_create_control/config/control.yaml --param use_sim_time:=true 
[controller_server-49] [INFO] [1791303238.059818983] [local_costmap.local_costmap]: start
[controller_server-49] [WARN] [1791303238.271151808] [controller_server]: Parameter controller_server.verbose not found
[controller_server-49] [INFO] [1791303238.273634840] [controller_server]: Optimizer reset
[controller_server-49] [INFO] [1791303238.278515642] [MPPIController]: Activated MPPI Controller: FollowPath
[controller_server-49] [INFO] [1791303238.278553952] [controller_server]: Creating bond (controller_server) to lifecycle manager.
[spawner-62] [INFO] [1791303238.295846529] [spawner_diffdrive_controller]: Loaded diffdrive_controller
[gazebo-1] [INFO] [1791303238.304842936] [controller_manager]: Configuring controller: 'diffdrive_controller'
[gazebo-1] [WARN] [1791303238.304955808] [diffdrive_controller]: [deprecated] has_jerk_limits parameter is deprecated, instead set the respective limits to NAN
[gazebo-1] [WARN] [1791303238.304972169] [diffdrive_controller]: [deprecated] has_jerk_limits parameter is deprecated, instead set the respective limits to NAN
[gazebo-1] [WARN] [1791303238.324042070] [diffdrive_controller]: Can't accept new commands. subscriber is inactive
[gazebo-1] [INFO] [1791303238.341938997] [controller_manager]: Activating controllers: [ diffdrive_controller ]
[gazebo-1] [INFO] [1791303238.343019974] [controller_manager]: Successfully switched controllers!
[spawner-62] [INFO] [1791303238.352988224] [spawner_diffdrive_controller]: Configured and activated diffdrive_controller
[gazebo-1] [WARN] [1791303238.376966600] [diffdrive_controller]: Received TwistStamped with zero timestamp, setting it to current time, this message will only be shown once
[lifecycle_manager-59] [INFO] [1791303238.400228348] [lifecycle_manager_navigation]: Server controller_server connected with bond.
[lifecycle_manager-59] [INFO] [1791303238.400297525] [lifecycle_manager_navigation]: [34m[1mActivating smoother_server[0m[0m
[smoother_server-50] [INFO] [1791303238.402368805] [smoother_server]: Activating
[smoother_server-50] [INFO] [1791303238.402397813] [smoother_server]: Creating bond (smoother_server) to lifecycle manager.
[rviz2-65] [INFO] [1791303238.483836265] [rviz2]: Stereo is NOT SUPPORTED
[rviz2-65] [INFO] [1791303238.483938470] [rviz2]: OpenGl version: 4.6 (GLSL 4.6)
[rviz2-65] [INFO] [1791303238.521000726] [rviz2]: Stereo is NOT SUPPORTED
[lifecycle_manager-59] [INFO] [1791303238.523533005] [lifecycle_manager_navigation]: Server smoother_server connected with bond.
[lifecycle_manager-59] [INFO] [1791303238.523583482] [lifecycle_manager_navigation]: [34m[1mActivating planner_server[0m[0m
[planner_server-51] [INFO] [1791303238.524177495] [planner_server]: Activating
[planner_server-51] [INFO] [1791303238.524243746] [global_costmap.global_costmap]: Activating
[planner_server-51] [INFO] [1791303238.524263017] [global_costmap.global_costmap]: Checking transform
[planner_server-51] [INFO] [1791303238.524283192] [global_costmap.global_costmap]: Timed out waiting for transform from base_link to map to become available, tf error: Invalid frame ID "map" passed to canTransform argument target_frame - frame does not exist
[INFO] [spawner-62]: process has finished cleanly [pid 25270]
[spawner-63] [INFO] [1791303238.841450143] [spawner_lite6_traj_controller]: waiting for service /controller_manager/list_controllers to become available...
[gazebo-1] [1;33m[GUI] [Wrn] [ColladaLoader.cc:2395] [0m[1;33mTriangle input semantic: '[0m[1;33mCOLOR[0m[1;33m' is currently[0m[1;33m not supported[0m[1;33m[0m
[planner_server-51] [INFO] [1791303239.024462782] [global_costmap.global_costmap]: start
[gazebo-1] [1;33m[GUI] [Wrn] [ColladaLoader.cc:2395] [0m[1;33mTriangle input semantic: '[0m[1;33mCOLOR[0m[1;33m' is currently[0m[1;33m not supported[0m[1;33m[0m
[rviz2-65] [INFO] [1791303239.169001150] [rviz2]: Stereo is NOT SUPPORTED
[planner_server-51] [WARN] [1791303240.024626016] [nav2_costmap_2d]: Robot is out of bounds of the costmap
[planner_server-51] [WARN] [1791303240.024652353] [global_costmap.global_costmap]: Sensor origin at (-0.04, 0.00) is out of map bounds (0.00, 0.00) to (4.95, 4.95). The costmap cannot raytrace for it.
[planner_server-51] [INFO] [1791303240.027586380] [planner_server]: Activating plugin GridBased of type NavfnPlanner
[planner_server-51] [INFO] [1791303240.029735673] [planner_server]: Creating bond (planner_server) to lifecycle manager.
[controller_server-49] [WARN] [1791303240.060174710] [local_costmap.local_costmap]: Can't update static costmap layer, no map received
[lifecycle_manager-59] [INFO] [1791303240.136563203] [lifecycle_manager_navigation]: Server planner_server connected with bond.
[lifecycle_manager-59] [INFO] [1791303240.136609385] [lifecycle_manager_navigation]: [34m[1mActivating route_server[0m[0m
[route_server-52] [INFO] [1791303240.137084971] [route_server]: Activating
[route_server-52] [INFO] [1791303240.137130203] [route_server]: Creating bond (route_server) to lifecycle manager.
[spawner-63] [INFO] [1791303240.184259681] [spawner_lite6_traj_controller]: Setting controller param "params_file" to "['/home/y/u/yunqiao/IROB_Mobile_Robot_Project/install/warehouse_inventory_robot/share/warehouse_inventory_robot/config/arm_controllers.yaml']" for lite6_traj_controller
[gazebo-1] [INFO] [1791303240.191491953] [controller_manager]: Loading controller : 'lite6_traj_controller' of type 'joint_trajectory_controller/JointTrajectoryController'
[gazebo-1] [INFO] [1791303240.191521633] [controller_manager]: Loading controller 'lite6_traj_controller'
[gazebo-1] [WARN] [1791303240.198174197] [controller_manager]: The use of remapping arguments to the controller_manager node is deprecated. Please use the '--controller-ros-args' argument of the spawner to pass remapping arguments to the controller node.
[gazebo-1] [INFO] [1791303240.198219033] [controller_manager]: Controller 'lite6_traj_controller' node arguments: --ros-args --params-file /home/y/u/yunqiao/IROB_Mobile_Robot_Project/install/irobot_create_control/share/irobot_create_control/config/control.yaml --params-file /home/y/u/yunqiao/IROB_Mobile_Robot_Project/install/warehouse_inventory_robot/share/warehouse_inventory_robot/config/arm_controller_types.yaml --ros-args --remap ~/odom:=odom --remap /tf:=tf --remap /tf_static:=tf_static --remap /diagnostics:=diagnostics -p use_sim_time:=true --params-file /home/y/u/yunqiao/IROB_Mobile_Robot_Project/install/warehouse_inventory_robot/share/warehouse_inventory_robot/config/arm_controllers.yaml --param use_sim_time:=true 
[lifecycle_manager-59] [INFO] [1791303240.243893987] [lifecycle_manager_navigation]: Server route_server connected with bond.
[lifecycle_manager-59] [INFO] [1791303240.243937647] [lifecycle_manager_navigation]: [34m[1mActivating behavior_server[0m[0m
[behavior_server-53] [INFO] [1791303240.244932674] [behavior_server]: Activating
[behavior_server-53] [INFO] [1791303240.244962843] [behavior_server]: Activating spin
[behavior_server-53] [INFO] [1791303240.244974493] [behavior_server]: Activating backup
[behavior_server-53] [INFO] [1791303240.244980708] [behavior_server]: Activating drive_on_heading
[behavior_server-53] [INFO] [1791303240.244985948] [behavior_server]: Activating assisted_teleop
[behavior_server-53] [INFO] [1791303240.244992338] [behavior_server]: Activating wait
[behavior_server-53] [INFO] [1791303240.244999089] [behavior_server]: Creating bond (behavior_server) to lifecycle manager.
[lifecycle_manager-59] [INFO] [1791303240.360182695] [lifecycle_manager_navigation]: Server behavior_server connected with bond.
[lifecycle_manager-59] [INFO] [1791303240.360222645] [lifecycle_manager_navigation]: [34m[1mActivating velocity_smoother[0m[0m
[velocity_smoother-56] [INFO] [1791303240.360715782] [velocity_smoother]: Activating
[velocity_smoother-56] [INFO] [1791303240.360746811] [velocity_smoother]: Creating bond (velocity_smoother) to lifecycle manager.
[spawner-63] [INFO] [1791303240.392299427] [spawner_lite6_traj_controller]: Loaded lite6_traj_controller
[gazebo-1] [INFO] [1791303240.395666823] [controller_manager]: Configuring controller: 'lite6_traj_controller'
[gazebo-1] [INFO] [1791303240.395848928] [lite6_traj_controller]: No specific joint names are used for command interfaces. Using 'joints' parameter.
[gazebo-1] [INFO] [1791303240.395866667] [lite6_traj_controller]: Command interfaces are [position velocity] and state interfaces are [position velocity].
[gazebo-1] [INFO] [1791303240.395881719] [lite6_traj_controller]: Using 'splines' interpolation method.
[gazebo-1] [INFO] [1791303240.400937209] [lite6_traj_controller]: Action status changes will be monitored at 10.00 Hz.
[gazebo-1] [INFO] [1791303240.416262805] [lite6_traj_controller]: No scaling interface set. This controller will not read speed scaling from the hardware.
[lifecycle_manager-59] [INFO] [1791303240.468778761] [lifecycle_manager_navigation]: Server velocity_smoother connected with bond.
[lifecycle_manager-59] [INFO] [1791303240.468811058] [lifecycle_manager_navigation]: [34m[1mActivating collision_monitor[0m[0m
[collision_monitor-57] [INFO] [1791303240.469458704] [collision_monitor]: Activating
[collision_monitor-57] [INFO] [1791303240.469485490] [collision_monitor]: Creating bond (collision_monitor) to lifecycle manager.
[gazebo-1] [INFO] [1791303240.532526860] [controller_manager]: Activating controllers: [ lite6_traj_controller ]
[gazebo-1] [INFO] [1791303240.534604018] [controller_manager]: Successfully switched controllers!
[spawner-63] [INFO] [1791303240.539256887] [spawner_lite6_traj_controller]: Configured and activated lite6_traj_controller
[lifecycle_manager-59] [INFO] [1791303240.578442285] [lifecycle_manager_navigation]: Server collision_monitor connected with bond.
[lifecycle_manager-59] [INFO] [1791303240.578499848] [lifecycle_manager_navigation]: [34m[1mActivating bt_navigator[0m[0m
[bt_navigator-54] [INFO] [1791303240.579122601] [bt_navigator]: Activating
[bt_navigator-54] [INFO] [1791303240.729907029] [bt_navigator]: Creating bond (bt_navigator) to lifecycle manager.
[INFO] [spawner-63]: process has finished cleanly [pid 25368]
[lifecycle_manager-59] [INFO] [1791303240.838510694] [lifecycle_manager_navigation]: Server bt_navigator connected with bond.
[lifecycle_manager-59] [INFO] [1791303240.838567113] [lifecycle_manager_navigation]: [34m[1mActivating waypoint_follower[0m[0m
[waypoint_follower-55] [INFO] [1791303240.839338425] [waypoint_follower]: Activating
[waypoint_follower-55] [INFO] [1791303240.839367250] [waypoint_follower]: Creating bond (waypoint_follower) to lifecycle manager.
[gazebo-1] [1;36m[Dbg] [GpuLidarSensor.cc:164] [0m[1;36mLidar points for [[0m[1;36mstandard_dock::green_buoy_link::green_buoy[0m[1;36m] advertised on [[0m[1;36mworld/warehouse/model/standard_dock/link/green_buoy_link/sensor/green_buoy/scan/points[0m[1;36m][0m[1;36m[0m
[gazebo-1] [1;36m[Dbg] [Lidar.cc:139] [0m[1;36mLaser scans for [[0m[1;36mstandard_dock::halo_link::halo[0m[1;36m] advertised on [[0m[1;36mworld/warehouse/model/standard_dock/link/halo_link/sensor/halo/scan[0m[1;36m][0m[1;36m[0m
[gazebo-1] [1;36m[Dbg] [GpuLidarSensor.cc:164] [0m[1;36mLidar points for [[0m[1;36mstandard_dock::halo_link::halo[0m[1;36m] advertised on [[0m[1;36mworld/warehouse/model/standard_dock/link/halo_link/sensor/halo/scan/points[0m[1;36m][0m[1;36m[0m
[gazebo-1] [1;36m[Dbg] [Lidar.cc:139] [0m[1;36mLaser scans for [[0m[1;36mstandard_dock::red_buoy_link::red_buoy[0m[1;36m] advertised on [[0m[1;36mworld/warehouse/model/standard_dock/link/red_buoy_link/sensor/red_buoy/scan[0m[1;36m][0m[1;36m[0m
[gazebo-1] [1;36m[Dbg] [GpuLidarSensor.cc:164] [0m[1;36mLidar points for [[0m[1;36mstandard_dock::red_buoy_link::red_buoy[0m[1;36m] advertised on [[0m[1;36mworld/warehouse/model/standard_dock/link/red_buoy_link/sensor/red_buoy/scan/points[0m[1;36m][0m[1;36m[0m
[gazebo-1] [1;36m[Dbg] [Lidar.cc:139] [0m[1;36mLaser scans for [[0m[1;36mstandard_dock::yellow_buoy_link::yellow_buoy[0m[1;36m] advertised on [[0m[1;36mworld/warehouse/model/standard_dock/link/yellow_buoy_link/sensor/yellow_buoy/scan[0m[1;36m][0m[1;36m[0m
[gazebo-1] [1;36m[Dbg] [GpuLidarSensor.cc:164] [0m[1;36mLidar points for [[0m[1;36mstandard_dock::yellow_buoy_link::yellow_buoy[0m[1;36m] advertised on [[0m[1;36mworld/warehouse/model/standard_dock/link/yellow_buoy_link/sensor/yellow_buoy/scan/points[0m[1;36m][0m[1;36m[0m
[lifecycle_manager-59] [INFO] [1791303240.948756401] [lifecycle_manager_navigation]: Server waypoint_follower connected with bond.
[lifecycle_manager-59] [INFO] [1791303240.948786753] [lifecycle_manager_navigation]: [34m[1mActivating docking_server[0m[0m
[opennav_docking-58] [INFO] [1791303240.949292061] [docking_server]: Activating docking_server
[opennav_docking-58] [INFO] [1791303240.966840619] [docking_server]: Creating bond (docking_server) to lifecycle manager.
[planner_server-51] [WARN] [1791303241.024586877] [global_costmap.global_costmap]: Sensor origin at (-0.04, 0.00) is out of map bounds (0.00, 0.00) to (4.95, 4.95). The costmap cannot raytrace for it.
[lifecycle_manager-59] [INFO] [1791303241.074908407] [lifecycle_manager_navigation]: Server docking_server connected with bond.
[lifecycle_manager-59] [INFO] [1791303241.074942337] [lifecycle_manager_navigation]: [34m[1mManaged nodes are active[0m[0m
[lifecycle_manager-59] [INFO] [1791303241.074947622] [lifecycle_manager_navigation]: [34m[1mCreating bond timer...[0m[0m
[planner_server-51] [WARN] [1791303242.024634553] [global_costmap.global_costmap]: Sensor origin at (-0.04, 0.00) is out of map bounds (0.00, 0.00) to (4.95, 4.95). The costmap cannot raytrace for it.
[controller_server-49] [WARN] [1791303242.060194770] [local_costmap.local_costmap]: Can't update static costmap layer, no map received
[planner_server-51] [WARN] [1791303243.024615329] [global_costmap.global_costmap]: Sensor origin at (-0.04, 0.00) is out of map bounds (0.00, 0.00) to (4.95, 4.95). The costmap cannot raytrace for it.
[rviz2-65] [INFO] [1791303243.146451925] [rviz2]: Trying to create a map of size 83 x 83 using 1 swatches
[rviz2-65] [ERROR] [1791303243.152842071] [rviz2]: rviz/glsl120/indexed_8bit_image.vert
[rviz2-65] rviz/glsl120/indexed_8bit_image.frag
[rviz2-65]  GLSL link result : 
[rviz2-65] active samplers with a different type refer to the same texture image unit
[rviz2-65] [INFO] [1791303243.555951656] [rviz2]: Trying to create a map of size 50 x 50 using 1 swatches
[planner_server-51] [WARN] [1791303244.024613135] [global_costmap.global_costmap]: Sensor origin at (-0.04, 0.00) is out of map bounds (0.00, 0.00) to (4.95, 4.95). The costmap cannot raytrace for it.
[controller_server-49] [WARN] [1791303244.060195969] [local_costmap.local_costmap]: Can't update static costmap layer, no map received
[planner_server-51] [WARN] [1791303245.024600027] [global_costmap.global_costmap]: Sensor origin at (-0.04, 0.00) is out of map bounds (0.00, 0.00) to (4.95, 4.95). The costmap cannot raytrace for it.
[planner_server-51] [WARN] [1791303246.024631381] [nav2_costmap_2d]: Robot is out of bounds of the costmap
[planner_server-51] [WARN] [1791303246.024652877] [global_costmap.global_costmap]: Sensor origin at (-0.04, 0.00) is out of map bounds (0.00, 0.00) to (4.95, 4.95). The costmap cannot raytrace for it.
[controller_server-49] [WARN] [1791303246.060180041] [local_costmap.local_costmap]: Can't update static costmap layer, no map received
[planner_server-51] [WARN] [1791303247.024637936] [global_costmap.global_costmap]: Sensor origin at (-0.04, 0.00) is out of map bounds (0.00, 0.00) to (4.95, 4.95). The costmap cannot raytrace for it.
[planner_server-51] [WARN] [1791303248.024619878] [global_costmap.global_costmap]: Sensor origin at (-0.04, 0.00) is out of map bounds (0.00, 0.00) to (4.95, 4.95). The costmap cannot raytrace for it.
[controller_server-49] [WARN] [1791303248.060177617] [local_costmap.local_costmap]: Can't update static costmap layer, no map received
[planner_server-51] [WARN] [1791303249.024631907] [global_costmap.global_costmap]: Sensor origin at (-0.04, 0.00) is out of map bounds (0.00, 0.00) to (4.95, 4.95). The costmap cannot raytrace for it.
[planner_server-51] [WARN] [1791303249.024661833] [global_costmap.global_costmap]: Can't update static costmap layer, no map received
[planner_server-51] [WARN] [1791303250.024628868] [global_costmap.global_costmap]: Sensor origin at (-0.04, 0.00) is out of map bounds (0.00, 0.00) to (4.95, 4.95). The costmap cannot raytrace for it.
[controller_server-49] [WARN] [1791303250.060190725] [local_costmap.local_costmap]: Can't update static costmap layer, no map received
[planner_server-51] [WARN] [1791303251.024583181] [global_costmap.global_costmap]: Sensor origin at (-0.04, 0.00) is out of map bounds (0.00, 0.00) to (4.95, 4.95). The costmap cannot raytrace for it.
[planner_server-51] [WARN] [1791303252.024606918] [nav2_costmap_2d]: Robot is out of bounds of the costmap
[planner_server-51] [WARN] [1791303252.024629719] [global_costmap.global_costmap]: Sensor origin at (-0.04, 0.00) is out of map bounds (0.00, 0.00) to (4.95, 4.95). The costmap cannot raytrace for it.
[controller_server-49] [WARN] [1791303252.060164985] [local_costmap.local_costmap]: Can't update static costmap layer, no map received
[planner_server-51] [WARN] [1791303253.024625362] [global_costmap.global_costmap]: Sensor origin at (-0.04, 0.00) is out of map bounds (0.00, 0.00) to (4.95, 4.95). The costmap cannot raytrace for it.
[planner_server-51] [WARN] [1791303254.024616450] [global_costmap.global_costmap]: Sensor origin at (-0.04, 0.00) is out of map bounds (0.00, 0.00) to (4.95, 4.95). The costmap cannot raytrace for it.
[controller_server-49] [WARN] [1791303254.060183777] [local_costmap.local_costmap]: Can't update static costmap layer, no map received
[planner_server-51] [WARN] [1791303255.024614501] [global_costmap.global_costmap]: Sensor origin at (-0.04, 0.00) is out of map bounds (0.00, 0.00) to (4.95, 4.95). The costmap cannot raytrace for it.
[planner_server-51] [WARN] [1791303256.024600633] [global_costmap.global_costmap]: Sensor origin at (-0.04, 0.00) is out of map bounds (0.00, 0.00) to (4.95, 4.95). The costmap cannot raytrace for it.
[controller_server-49] [WARN] [1791303256.060157417] [local_costmap.local_costmap]: Can't update static costmap layer, no map received
[planner_server-51] [WARN] [1791303257.024631409] [nav2_costmap_2d]: Robot is out of bounds of the costmap
[planner_server-51] [WARN] [1791303257.024654075] [global_costmap.global_costmap]: Sensor origin at (-0.04, 0.00) is out of map bounds (0.00, 0.00) to (4.95, 4.95). The costmap cannot raytrace for it.
[planner_server-51] [WARN] [1791303258.024628729] [global_costmap.global_costmap]: Sensor origin at (-0.04, 0.00) is out of map bounds (0.00, 0.00) to (4.95, 4.95). The costmap cannot raytrace for it.
[controller_server-49] [WARN] [1791303258.060167910] [local_costmap.local_costmap]: Can't update static costmap layer, no map received
[planner_server-51] [WARN] [1791303259.024646419] [global_costmap.global_costmap]: Sensor origin at (-0.04, 0.00) is out of map bounds (0.00, 0.00) to (4.95, 4.95). The costmap cannot raytrace for it.
[planner_server-51] [WARN] [1791303259.024687059] [global_costmap.global_costmap]: Can't update static costmap layer, no map received
[planner_server-51] [WARN] [1791303260.024640576] [global_costmap.global_costmap]: Sensor origin at (-0.04, 0.00) is out of map bounds (0.00, 0.00) to (4.95, 4.95). The costmap cannot raytrace for it.
[controller_server-49] [WARN] [1791303260.060189979] [local_costmap.local_costmap]: Can't update static costmap layer, no map received
[planner_server-51] [WARN] [1791303261.024647506] [global_costmap.global_costmap]: Sensor origin at (-0.04, 0.00) is out of map bounds (0.00, 0.00) to (4.95, 4.95). The costmap cannot raytrace for it.
[planner_server-51] [WARN] [1791303262.024616968] [global_costmap.global_costmap]: Sensor origin at (-0.04, 0.00) is out of map bounds (0.00, 0.00) to (4.95, 4.95). The costmap cannot raytrace for it.
[controller_server-49] [WARN] [1791303262.060203101] [local_costmap.local_costmap]: Can't update static costmap layer, no map received
[planner_server-51] [WARN] [1791303263.024629269] [nav2_costmap_2d]: Robot is out of bounds of the costmap
[planner_server-51] [WARN] [1791303263.024670915] [global_costmap.global_costmap]: Sensor origin at (-0.04, 0.00) is out of map bounds (0.00, 0.00) to (4.95, 4.95). The costmap cannot raytrace for it.
[planner_server-51] [WARN] [1791303264.024646999] [global_costmap.global_costmap]: Sensor origin at (-0.04, 0.00) is out of map bounds (0.00, 0.00) to (4.95, 4.95). The costmap cannot raytrace for it.
[controller_server-49] [WARN] [1791303264.060182179] [local_costmap.local_costmap]: Can't update static costmap layer, no map received
[planner_server-51] [WARN] [1791303265.024632815] [global_costmap.global_costmap]: Sensor origin at (-0.04, 0.00) is out of map bounds (0.00, 0.00) to (4.95, 4.95). The costmap cannot raytrace for it.
[planner_server-51] [WARN] [1791303266.024679831] [global_costmap.global_costmap]: Sensor origin at (-0.04, 0.00) is out of map bounds (0.00, 0.00) to (4.95, 4.95). The costmap cannot raytrace for it.
[controller_server-49] [WARN] [1791303266.060216790] [local_costmap.local_costmap]: Can't update static costmap layer, no map received
[planner_server-51] [WARN] [1791303267.024586380] [global_costmap.global_costmap]: Sensor origin at (-0.04, 0.00) is out of map bounds (0.00, 0.00) to (4.95, 4.95). The costmap cannot raytrace for it.
[turtlebot4_node-29] [ERROR] [1791303267.617815620] [turtlebot4_node]: Service stop_motor unavailable.
[turtlebot4_node-29] [ERROR] [1791303267.628036610] [turtlebot4_node]: Service oakd/stop_camera unavailable.
[planner_server-51] [WARN] [1791303268.024651109] [nav2_costmap_2d]: Robot is out of bounds of the costmap
[planner_server-51] [WARN] [1791303268.024724502] [global_costmap.global_costmap]: Sensor origin at (-0.04, 0.00) is out of map bounds (0.00, 0.00) to (4.95, 4.95). The costmap cannot raytrace for it.
[controller_server-49] [WARN] [1791303268.060224521] [local_costmap.local_costmap]: Can't update static costmap layer, no map received
[planner_server-51] [WARN] [1791303269.024678225] [global_costmap.global_costmap]: Sensor origin at (-0.04, 0.00) is out of map bounds (0.00, 0.00) to (4.95, 4.95). The costmap cannot raytrace for it.
[planner_server-51] [WARN] [1791303269.024741999] [global_costmap.global_costmap]: Can't update static costmap layer, no map received
[planner_server-51] [WARN] [1791303270.024616859] [global_costmap.global_costmap]: Sensor origin at (-0.04, 0.00) is out of map bounds (0.00, 0.00) to (4.95, 4.95). The costmap cannot raytrace for it.
[controller_server-49] [WARN] [1791303270.060190876] [local_costmap.local_costmap]: Can't update static costmap layer, no map received
[planner_server-51] [WARN] [1791303271.024621632] [global_costmap.global_costmap]: Sensor origin at (-0.04, 0.00) is out of map bounds (0.00, 0.00) to (4.95, 4.95). The costmap cannot raytrace for it.
[planner_server-51] [WARN] [1791303272.024677183] [global_costmap.global_costmap]: Sensor origin at (-0.04, 0.00) is out of map bounds (0.00, 0.00) to (4.95, 4.95). The costmap cannot raytrace for it.
[controller_server-49] [WARN] [1791303272.060185742] [local_costmap.local_costmap]: Can't update static costmap layer, no map received
[planner_server-51] [WARN] [1791303273.024663467] [nav2_costmap_2d]: Robot is out of bounds of the costmap
[planner_server-51] [WARN] [1791303273.024726443] [global_costmap.global_costmap]: Sensor origin at (-0.04, 0.00) is out of map bounds (0.00, 0.00) to (4.95, 4.95). The costmap cannot raytrace for it.
[planner_server-51] [WARN] [1791303274.024592763] [global_costmap.global_costmap]: Sensor origin at (-0.04, 0.00) is out of map bounds (0.00, 0.00) to (4.95, 4.95). The costmap cannot raytrace for it.
[controller_server-49] [WARN] [1791303274.060189290] [local_costmap.local_costmap]: Can't update static costmap layer, no map received
[planner_server-51] [WARN] [1791303275.024689397] [global_costmap.global_costmap]: Sensor origin at (-0.04, 0.00) is out of map bounds (0.00, 0.00) to (4.95, 4.95). The costmap cannot raytrace for it.
[planner_server-51] [WARN] [1791303276.024671105] [global_costmap.global_costmap]: Sensor origin at (-0.04, 0.00) is out of map bounds (0.00, 0.00) to (4.95, 4.95). The costmap cannot raytrace for it.
[controller_server-49] [WARN] [1791303276.060202104] [local_costmap.local_costmap]: Can't update static costmap layer, no map received
[planner_server-51] [WARN] [1791303277.024594402] [global_costmap.global_costmap]: Sensor origin at (-0.04, 0.00) is out of map bounds (0.00, 0.00) to (4.95, 4.95). The costmap cannot raytrace for it.
[planner_server-51] [WARN] [1791303278.024619761] [global_costmap.global_costmap]: Sensor origin at (-0.04, 0.00) is out of map bounds (0.00, 0.00) to (4.95, 4.95). The costmap cannot raytrace for it.
[controller_server-49] [WARN] [1791303278.060140984] [local_costmap.local_costmap]: Can't update static costmap layer, no map received
[planner_server-51] [WARN] [1791303279.024666021] [nav2_costmap_2d]: Robot is out of bounds of the costmap
[planner_server-51] [WARN] [1791303279.024727917] [global_costmap.global_costmap]: Sensor origin at (-0.04, 0.00) is out of map bounds (0.00, 0.00) to (4.95, 4.95). The costmap cannot raytrace for it.
[planner_server-51] [WARN] [1791303279.024759048] [global_costmap.global_costmap]: Can't update static costmap layer, no map received
[planner_server-51] [WARN] [1791303280.024694311] [global_costmap.global_costmap]: Sensor origin at (-0.04, 0.00) is out of map bounds (0.00, 0.00) to (4.95, 4.95). The costmap cannot raytrace for it.
[controller_server-49] [WARN] [1791303280.060174576] [local_costmap.local_costmap]: Can't update static costmap layer, no map received
[planner_server-51] [WARN] [1791303281.024636999] [global_costmap.global_costmap]: Sensor origin at (-0.04, 0.00) is out of map bounds (0.00, 0.00) to (4.95, 4.95). The costmap cannot raytrace for it.
[planner_server-51] [WARN] [1791303282.024673121] [global_costmap.global_costmap]: Sensor origin at (-0.04, 0.00) is out of map bounds (0.00, 0.00) to (4.95, 4.95). The costmap cannot raytrace for it.
[controller_server-49] [WARN] [1791303282.060219412] [local_costmap.local_costmap]: Can't update static costmap layer, no map received
[planner_server-51] [WARN] [1791303283.024619167] [global_costmap.global_costmap]: Sensor origin at (-0.04, 0.00) is out of map bounds (0.00, 0.00) to (4.95, 4.95). The costmap cannot raytrace for it.
[planner_server-51] [WARN] [1791303284.024621720] [global_costmap.global_costmap]: Sensor origin at (-0.04, 0.00) is out of map bounds (0.00, 0.00) to (4.95, 4.95). The costmap cannot raytrace for it.
[controller_server-49] [WARN] [1791303284.060218307] [local_costmap.local_costmap]: Can't update static costmap layer, no map received
[planner_server-51] [WARN] [1791303285.024610923] [nav2_costmap_2d]: Robot is out of bounds of the costmap
[planner_server-51] [WARN] [1791303285.024635502] [global_costmap.global_costmap]: Sensor origin at (-0.04, 0.00) is out of map bounds (0.00, 0.00) to (4.95, 4.95). The costmap cannot raytrace for it.
[planner_server-51] [WARN] [1791303286.024635939] [global_costmap.global_costmap]: Sensor origin at (-0.04, 0.00) is out of map bounds (0.00, 0.00) to (4.95, 4.95). The costmap cannot raytrace for it.
[controller_server-49] [WARN] [1791303286.060147676] [local_costmap.local_costmap]: Can't update static costmap layer, no map received
[planner_server-51] [WARN] [1791303287.024641004] [global_costmap.global_costmap]: Sensor origin at (-0.04, 0.00) is out of map bounds (0.00, 0.00) to (4.95, 4.95). The costmap cannot raytrace for it.
[planner_server-51] [WARN] [1791303288.024617289] [global_costmap.global_costmap]: Sensor origin at (-0.04, 0.00) is out of map bounds (0.00, 0.00) to (4.95, 4.95). The costmap cannot raytrace for it.
[controller_server-49] [WARN] [1791303288.060131385] [local_costmap.local_costmap]: Can't update static costmap layer, no map received
[planner_server-51] [WARN] [1791303289.024641577] [global_costmap.global_costmap]: Sensor origin at (-0.04, 0.00) is out of map bounds (0.00, 0.00) to (4.95, 4.95). The costmap cannot raytrace for it.
[planner_server-51] [WARN] [1791303289.024687509] [global_costmap.global_costmap]: Can't update static costmap layer, no map received
[planner_server-51] [WARN] [1791303290.024627597] [nav2_costmap_2d]: Robot is out of bounds of the costmap
[planner_server-51] [WARN] [1791303290.024648731] [global_costmap.global_costmap]: Sensor origin at (-0.04, 0.00) is out of map bounds (0.00, 0.00) to (4.95, 4.95). The costmap cannot raytrace for it.
[controller_server-49] [WARN] [1791303290.060149674] [local_costmap.local_costmap]: Can't update static costmap layer, no map received
[planner_server-51] [WARN] [1791303291.024622226] [global_costmap.global_costmap]: Sensor origin at (-0.04, 0.00) is out of map bounds (0.00, 0.00) to (4.95, 4.95). The costmap cannot raytrace for it.
[planner_server-51] [WARN] [1791303292.024622807] [global_costmap.global_costmap]: Sensor origin at (-0.04, 0.00) is out of map bounds (0.00, 0.00) to (4.95, 4.95). The costmap cannot raytrace for it.
[controller_server-49] [WARN] [1791303292.060220823] [local_costmap.local_costmap]: Can't update static costmap layer, no map received
[planner_server-51] [WARN] [1791303293.024620859] [global_costmap.global_costmap]: Sensor origin at (-0.04, 0.00) is out of map bounds (0.00, 0.00) to (4.95, 4.95). The costmap cannot raytrace for it.
[planner_server-51] [WARN] [1791303294.024585781] [global_costmap.global_costmap]: Sensor origin at (-0.04, 0.00) is out of map bounds (0.00, 0.00) to (4.95, 4.95). The costmap cannot raytrace for it.
[controller_server-49] [WARN] [1791303294.060183785] [local_costmap.local_costmap]: Can't update static costmap layer, no map received
[planner_server-51] [WARN] [1791303295.024582719] [global_costmap.global_costmap]: Sensor origin at (-0.04, 0.00) is out of map bounds (0.00, 0.00) to (4.95, 4.95). The costmap cannot raytrace for it.
[planner_server-51] [WARN] [1791303296.024765427] [nav2_costmap_2d]: Robot is out of bounds of the costmap
[planner_server-51] [WARN] [1791303296.024786542] [global_costmap.global_costmap]: Sensor origin at (-0.04, 0.00) is out of map bounds (0.00, 0.00) to (4.95, 4.95). The costmap cannot raytrace for it.
[controller_server-49] [WARN] [1791303296.060195846] [local_costmap.local_costmap]: Can't update static costmap layer, no map received
[planner_server-51] [WARN] [1791303297.024570816] [global_costmap.global_costmap]: Sensor origin at (-0.04, 0.00) is out of map bounds (0.00, 0.00) to (4.95, 4.95). The costmap cannot raytrace for it.
[motion_control-34] [INFO] [1791303297.812235904] [motion_control]: Received new undock goal
[planner_server-51] [WARN] [1791303298.024616156] [global_costmap.global_costmap]: Sensor origin at (-0.04, 0.00) is out of map bounds (0.00, 0.00) to (4.95, 4.95). The costmap cannot raytrace for it.
[controller_server-49] [WARN] [1791303298.060198283] [local_costmap.local_costmap]: Can't update static costmap layer, no map received
[planner_server-51] [WARN] [1791303299.024591872] [global_costmap.global_costmap]: Sensor origin at (-0.04, 0.00) is out of map bounds (0.00, 0.00) to (4.95, 4.95). The costmap cannot raytrace for it.
[planner_server-51] [WARN] [1791303299.024627889] [global_costmap.global_costmap]: Can't update static costmap layer, no map received
[turtlebot4_node-29] [INFO] [1791303299.313105880] [turtlebot4_node]: OAKD started
[turtlebot4_node-29] [INFO] [1791303299.313141531] [turtlebot4_node]: RPLIDAR started
[planner_server-51] [WARN] [1791303300.024614986] [global_costmap.global_costmap]: Sensor origin at (-0.05, 0.00) is out of map bounds (0.00, 0.00) to (4.95, 4.95). The costmap cannot raytrace for it.
[controller_server-49] [WARN] [1791303300.060193742] [local_costmap.local_costmap]: Can't update static costmap layer, no map received
[planner_server-51] [WARN] [1791303301.024588068] [global_costmap.global_costmap]: Sensor origin at (-0.08, 0.00) is out of map bounds (0.00, 0.00) to (4.95, 4.95). The costmap cannot raytrace for it.
[planner_server-51] [WARN] [1791303302.024599742] [nav2_costmap_2d]: Robot is out of bounds of the costmap
[planner_server-51] [WARN] [1791303302.024626520] [global_costmap.global_costmap]: Sensor origin at (-0.09, 0.00) is out of map bounds (0.00, 0.00) to (4.95, 4.95). The costmap cannot raytrace for it.
[controller_server-49] [WARN] [1791303302.060217403] [local_costmap.local_costmap]: Can't update static costmap layer, no map received
[planner_server-51] [WARN] [1791303303.024599344] [global_costmap.global_costmap]: Sensor origin at (-0.11, 0.00) is out of map bounds (0.00, 0.00) to (4.95, 4.95). The costmap cannot raytrace for it.
[planner_server-51] [WARN] [1791303304.024599260] [global_costmap.global_costmap]: Sensor origin at (-0.13, 0.00) is out of map bounds (0.00, 0.00) to (4.95, 4.95). The costmap cannot raytrace for it.
[controller_server-49] [WARN] [1791303304.060206062] [local_costmap.local_costmap]: Can't update static costmap layer, no map received
[planner_server-51] [WARN] [1791303305.024593974] [global_costmap.global_costmap]: Sensor origin at (-0.15, 0.00) is out of map bounds (0.00, 0.00) to (4.95, 4.95). The costmap cannot raytrace for it.
[planner_server-51] [WARN] [1791303306.024595613] [global_costmap.global_costmap]: Sensor origin at (-0.17, 0.00) is out of map bounds (0.00, 0.00) to (4.95, 4.95). The costmap cannot raytrace for it.
[controller_server-49] [WARN] [1791303306.060169663] [local_costmap.local_costmap]: Can't update static costmap layer, no map received
[planner_server-51] [WARN] [1791303307.024643851] [nav2_costmap_2d]: Robot is out of bounds of the costmap
[planner_server-51] [WARN] [1791303307.024666231] [global_costmap.global_costmap]: Sensor origin at (-0.19, 0.00) is out of map bounds (0.00, 0.00) to (4.95, 4.95). The costmap cannot raytrace for it.
[planner_server-51] [WARN] [1791303308.024617574] [global_costmap.global_costmap]: Sensor origin at (-0.21, 0.00) is out of map bounds (0.00, 0.00) to (4.95, 4.95). The costmap cannot raytrace for it.
[controller_server-49] [WARN] [1791303308.060163229] [local_costmap.local_costmap]: Can't update static costmap layer, no map received
[planner_server-51] [WARN] [1791303309.024639090] [global_costmap.global_costmap]: Sensor origin at (-0.23, 0.00) is out of map bounds (0.00, 0.00) to (4.95, 4.95). The costmap cannot raytrace for it.
[planner_server-51] [WARN] [1791303309.024687339] [global_costmap.global_costmap]: Can't update static costmap layer, no map received
[planner_server-51] [WARN] [1791303310.024630424] [global_costmap.global_costmap]: Sensor origin at (-0.25, 0.00) is out of map bounds (0.00, 0.00) to (4.95, 4.95). The costmap cannot raytrace for it.
[controller_server-49] [WARN] [1791303310.060231476] [local_costmap.local_costmap]: Can't update static costmap layer, no map received
[planner_server-51] [WARN] [1791303311.024622134] [global_costmap.global_costmap]: Sensor origin at (-0.27, 0.00) is out of map bounds (0.00, 0.00) to (4.95, 4.95). The costmap cannot raytrace for it.
[planner_server-51] [WARN] [1791303312.024593031] [global_costmap.global_costmap]: Sensor origin at (-0.29, 0.01) is out of map bounds (0.00, 0.00) to (4.95, 4.95). The costmap cannot raytrace for it.
[controller_server-49] [WARN] [1791303312.060185117] [local_costmap.local_costmap]: Can't update static costmap layer, no map received
[planner_server-51] [WARN] [1791303313.024581548] [nav2_costmap_2d]: Robot is out of bounds of the costmap
[planner_server-51] [WARN] [1791303313.024608034] [global_costmap.global_costmap]: Sensor origin at (-0.31, 0.01) is out of map bounds (0.00, 0.00) to (4.95, 4.95). The costmap cannot raytrace for it.
[planner_server-51] [WARN] [1791303314.024596430] [global_costmap.global_costmap]: Sensor origin at (-0.33, 0.01) is out of map bounds (0.00, 0.00) to (4.95, 4.95). The costmap cannot raytrace for it.
[controller_server-49] [WARN] [1791303314.060184816] [local_costmap.local_costmap]: Can't update static costmap layer, no map received
[planner_server-51] [WARN] [1791303315.024619809] [global_costmap.global_costmap]: Sensor origin at (-0.34, 0.01) is out of map bounds (0.00, 0.00) to (4.95, 4.95). The costmap cannot raytrace for it.
[planner_server-51] [WARN] [1791303316.024629566] [global_costmap.global_costmap]: Sensor origin at (-0.35, 0.01) is out of map bounds (0.00, 0.00) to (4.95, 4.95). The costmap cannot raytrace for it.
[controller_server-49] [WARN] [1791303316.060252237] [local_costmap.local_costmap]: Can't update static costmap layer, no map received
[planner_server-51] [WARN] [1791303317.024592803] [global_costmap.global_costmap]: Sensor origin at (-0.36, 0.01) is out of map bounds (0.00, 0.00) to (4.95, 4.95). The costmap cannot raytrace for it.
[planner_server-51] [WARN] [1791303318.024585092] [global_costmap.global_costmap]: Sensor origin at (-0.37, 0.01) is out of map bounds (0.00, 0.00) to (4.95, 4.95). The costmap cannot raytrace for it.
[controller_server-49] [WARN] [1791303318.060294170] [local_costmap.local_costmap]: Can't update static costmap layer, no map received
[planner_server-51] [WARN] [1791303319.024609850] [nav2_costmap_2d]: Robot is out of bounds of the costmap
[planner_server-51] [WARN] [1791303319.024661306] [global_costmap.global_costmap]: Sensor origin at (-0.38, 0.01) is out of map bounds (0.00, 0.00) to (4.95, 4.95). The costmap cannot raytrace for it.
[planner_server-51] [WARN] [1791303319.024680599] [global_costmap.global_costmap]: Can't update static costmap layer, no map received
[planner_server-51] [WARN] [1791303320.024639322] [global_costmap.global_costmap]: Sensor origin at (-0.39, 0.01) is out of map bounds (0.00, 0.00) to (4.95, 4.95). The costmap cannot raytrace for it.
[controller_server-49] [WARN] [1791303320.060195827] [local_costmap.local_costmap]: Can't update static costmap layer, no map received
[planner_server-51] [WARN] [1791303321.024596236] [global_costmap.global_costmap]: Sensor origin at (-0.39, 0.01) is out of map bounds (0.00, 0.00) to (4.95, 4.95). The costmap cannot raytrace for it.
[planner_server-51] [WARN] [1791303322.024585626] [global_costmap.global_costmap]: Sensor origin at (-0.40, 0.01) is out of map bounds (0.00, 0.00) to (4.95, 4.95). The costmap cannot raytrace for it.
[controller_server-49] [WARN] [1791303322.060155693] [local_costmap.local_costmap]: Can't update static costmap layer, no map received
[planner_server-51] [WARN] [1791303323.024597739] [global_costmap.global_costmap]: Sensor origin at (-0.40, 0.01) is out of map bounds (0.00, 0.00) to (4.95, 4.95). The costmap cannot raytrace for it.
[planner_server-51] [WARN] [1791303324.024558158] [global_costmap.global_costmap]: Sensor origin at (-0.40, 0.01) is out of map bounds (0.00, 0.00) to (4.95, 4.95). The costmap cannot raytrace for it.
[controller_server-49] [WARN] [1791303324.060176513] [local_costmap.local_costmap]: Can't update static costmap layer, no map received
[planner_server-51] [WARN] [1791303325.024580424] [nav2_costmap_2d]: Robot is out of bounds of the costmap
[planner_server-51] [WARN] [1791303325.024601627] [global_costmap.global_costmap]: Sensor origin at (-0.40, 0.01) is out of map bounds (0.00, 0.00) to (4.95, 4.95). The costmap cannot raytrace for it.
[planner_server-51] [WARN] [1791303326.024599487] [global_costmap.global_costmap]: Sensor origin at (-0.40, 0.01) is out of map bounds (0.00, 0.00) to (4.95, 4.95). The costmap cannot raytrace for it.
[controller_server-49] [WARN] [1791303326.060184464] [local_costmap.local_costmap]: Can't update static costmap layer, no map received
[planner_server-51] [WARN] [1791303327.024651044] [global_costmap.global_costmap]: Sensor origin at (-0.40, 0.01) is out of map bounds (0.00, 0.00) to (4.95, 4.95). The costmap cannot raytrace for it.
[planner_server-51] [WARN] [1791303328.024582177] [global_costmap.global_costmap]: Sensor origin at (-0.40, 0.01) is out of map bounds (0.00, 0.00) to (4.95, 4.95). The costmap cannot raytrace for it.
[controller_server-49] [WARN] [1791303328.060224772] [local_costmap.local_costmap]: Can't update static costmap layer, no map received
[planner_server-51] [WARN] [1791303329.024594251] [global_costmap.global_costmap]: Sensor origin at (-0.41, 0.01) is out of map bounds (0.00, 0.00) to (4.95, 4.95). The costmap cannot raytrace for it.
[planner_server-51] [WARN] [1791303329.024635002] [global_costmap.global_costmap]: Can't update static costmap layer, no map received
[turtlebot4_node-29] [ERROR] [1791303329.323430621] [turtlebot4_node]: Service start_motor unavailable.
[turtlebot4_node-29] [ERROR] [1791303329.333645486] [turtlebot4_node]: Service oakd/start_camera unavailable.
[planner_server-51] [WARN] [1791303330.024974960] [nav2_costmap_2d]: Robot is out of bounds of the costmap
[planner_server-51] [WARN] [1791303330.025003255] [global_costmap.global_costmap]: Sensor origin at (-0.41, 0.01) is out of map bounds (0.00, 0.00) to (4.95, 4.95). The costmap cannot raytrace for it.
[controller_server-49] [WARN] [1791303330.060199829] [local_costmap.local_costmap]: Can't update static costmap layer, no map received
[planner_server-51] [WARN] [1791303331.024581587] [global_costmap.global_costmap]: Sensor origin at (-0.41, 0.01) is out of map bounds (0.00, 0.00) to (4.95, 4.95). The costmap cannot raytrace for it.
[planner_server-51] [WARN] [1791303332.024622342] [global_costmap.global_costmap]: Sensor origin at (-0.41, 0.01) is out of map bounds (0.00, 0.00) to (4.95, 4.95). The costmap cannot raytrace for it.
[controller_server-49] [WARN] [1791303332.060181311] [local_costmap.local_costmap]: Can't update static costmap layer, no map received
[planner_server-51] [WARN] [1791303333.024624287] [global_costmap.global_costmap]: Sensor origin at (-0.41, 0.01) is out of map bounds (0.00, 0.00) to (4.95, 4.95). The costmap cannot raytrace for it.
[planner_server-51] [WARN] [1791303334.024636206] [global_costmap.global_costmap]: Sensor origin at (-0.41, 0.01) is out of map bounds (0.00, 0.00) to (4.95, 4.95). The costmap cannot raytrace for it.
[controller_server-49] [WARN] [1791303334.060188665] [local_costmap.local_costmap]: Can't update static costmap layer, no map received
[planner_server-51] [WARN] [1791303335.024598599] [global_costmap.global_costmap]: Sensor origin at (-0.42, 0.01) is out of map bounds (0.00, 0.00) to (4.95, 4.95). The costmap cannot raytrace for it.
[planner_server-51] [WARN] [1791303336.024616371] [nav2_costmap_2d]: Robot is out of bounds of the costmap
[planner_server-51] [WARN] [1791303336.024637710] [global_costmap.global_costmap]: Sensor origin at (-0.42, 0.01) is out of map bounds (0.00, 0.00) to (4.95, 4.95). The costmap cannot raytrace for it.
[controller_server-49] [WARN] [1791303336.060220460] [local_costmap.local_costmap]: Can't update static costmap layer, no map received
[planner_server-51] [WARN] [1791303337.024633960] [global_costmap.global_costmap]: Sensor origin at (-0.42, 0.01) is out of map bounds (0.00, 0.00) to (4.95, 4.95). The costmap cannot raytrace for it.
[planner_server-51] [WARN] [1791303338.024586962] [global_costmap.global_costmap]: Sensor origin at (-0.42, 0.01) is out of map bounds (0.00, 0.00) to (4.95, 4.95). The costmap cannot raytrace for it.
[controller_server-49] [WARN] [1791303338.060145679] [local_costmap.local_costmap]: Can't update static costmap layer, no map received
[planner_server-51] [WARN] [1791303339.024638985] [global_costmap.global_costmap]: Sensor origin at (-0.42, 0.01) is out of map bounds (0.00, 0.00) to (4.95, 4.95). The costmap cannot raytrace for it.
[planner_server-51] [WARN] [1791303339.024683224] [global_costmap.global_costmap]: Can't update static costmap layer, no map received
[planner_server-51] [WARN] [1791303340.024625255] [global_costmap.global_costmap]: Sensor origin at (-0.42, 0.01) is out of map bounds (0.00, 0.00) to (4.95, 4.95). The costmap cannot raytrace for it.
[controller_server-49] [WARN] [1791303340.060214208] [local_costmap.local_costmap]: Can't update static costmap layer, no map received
[planner_server-51] [WARN] [1791303341.024621516] [nav2_costmap_2d]: Robot is out of bounds of the costmap
[planner_server-51] [WARN] [1791303341.024643248] [global_costmap.global_costmap]: Sensor origin at (-0.43, 0.01) is out of map bounds (0.00, 0.00) to (4.95, 4.95). The costmap cannot raytrace for it.
[planner_server-51] [WARN] [1791303342.024619462] [global_costmap.global_costmap]: Sensor origin at (-0.43, 0.01) is out of map bounds (0.00, 0.00) to (4.95, 4.95). The costmap cannot raytrace for it.
[controller_server-49] [WARN] [1791303342.060185241] [local_costmap.local_costmap]: Can't update static costmap layer, no map received
[planner_server-51] [WARN] [1791303343.024624155] [global_costmap.global_costmap]: Sensor origin at (-0.43, 0.01) is out of map bounds (0.00, 0.00) to (4.95, 4.95). The costmap cannot raytrace for it.
[planner_server-51] [WARN] [1791303344.024622249] [global_costmap.global_costmap]: Sensor origin at (-0.43, 0.01) is out of map bounds (0.00, 0.00) to (4.95, 4.95). The costmap cannot raytrace for it.
[controller_server-49] [WARN] [1791303344.060170071] [local_costmap.local_costmap]: Can't update static costmap layer, no map received
[planner_server-51] [WARN] [1791303345.024612963] [global_costmap.global_costmap]: Sensor origin at (-0.43, 0.01) is out of map bounds (0.00, 0.00) to (4.95, 4.95). The costmap cannot raytrace for it.
[planner_server-51] [WARN] [1791303346.024620550] [global_costmap.global_costmap]: Sensor origin at (-0.43, 0.01) is out of map bounds (0.00, 0.00) to (4.95, 4.95). The costmap cannot raytrace for it.
[controller_server-49] [WARN] [1791303346.060204510] [local_costmap.local_costmap]: Can't update static costmap layer, no map received
[planner_server-51] [WARN] [1791303347.024609872] [nav2_costmap_2d]: Robot is out of bounds of the costmap
[planner_server-51] [WARN] [1791303347.024630949] [global_costmap.global_costmap]: Sensor origin at (-0.43, 0.01) is out of map bounds (0.00, 0.00) to (4.95, 4.95). The costmap cannot raytrace for it.
[planner_server-51] [WARN] [1791303348.024618010] [global_costmap.global_costmap]: Sensor origin at (-0.44, 0.01) is out of map bounds (0.00, 0.00) to (4.95, 4.95). The costmap cannot raytrace for it.
[controller_server-49] [WARN] [1791303348.060188631] [local_costmap.local_costmap]: Can't update static costmap layer, no map received
[planner_server-51] [WARN] [1791303349.024640496] [global_costmap.global_costmap]: Sensor origin at (-0.44, 0.01) is out of map bounds (0.00, 0.00) to (4.95, 4.95). The costmap cannot raytrace for it.
[planner_server-51] [WARN] [1791303349.024680719] [global_costmap.global_costmap]: Can't update static costmap layer, no map received
[planner_server-51] [WARN] [1791303350.024631912] [global_costmap.global_costmap]: Sensor origin at (-0.44, 0.01) is out of map bounds (0.00, 0.00) to (4.95, 4.95). The costmap cannot raytrace for it.
[controller_server-49] [WARN] [1791303350.060149356] [local_costmap.local_costmap]: Can't update static costmap layer, no map received
[planner_server-51] [WARN] [1791303351.024624218] [global_costmap.global_costmap]: Sensor origin at (-0.44, 0.01) is out of map bounds (0.00, 0.00) to (4.95, 4.95). The costmap cannot raytrace for it.
[planner_server-51] [WARN] [1791303352.024624841] [nav2_costmap_2d]: Robot is out of bounds of the costmap
[planner_server-51] [WARN] [1791303352.024647495] [global_costmap.global_costmap]: Sensor origin at (-0.44, 0.01) is out of map bounds (0.00, 0.00) to (4.95, 4.95). The costmap cannot raytrace for it.
[controller_server-49] [WARN] [1791303352.060182276] [local_costmap.local_costmap]: Can't update static costmap layer, no map received
[planner_server-51] [WARN] [1791303353.024584715] [global_costmap.global_costmap]: Sensor origin at (-0.44, 0.01) is out of map bounds (0.00, 0.00) to (4.95, 4.95). The costmap cannot raytrace for it.
[planner_server-51] [WARN] [1791303354.024614466] [global_costmap.global_costmap]: Sensor origin at (-0.45, 0.01) is out of map bounds (0.00, 0.00) to (4.95, 4.95). The costmap cannot raytrace for it.
[controller_server-49] [WARN] [1791303354.060188547] [local_costmap.local_costmap]: Can't update static costmap layer, no map received
[planner_server-51] [WARN] [1791303355.024634648] [global_costmap.global_costmap]: Sensor origin at (-0.45, 0.01) is out of map bounds (0.00, 0.00) to (4.95, 4.95). The costmap cannot raytrace for it.
[planner_server-51] [WARN] [1791303356.024626764] [global_costmap.global_costmap]: Sensor origin at (-0.45, 0.01) is out of map bounds (0.00, 0.00) to (4.95, 4.95). The costmap cannot raytrace for it.
[controller_server-49] [WARN] [1791303356.060175290] [local_costmap.local_costmap]: Can't update static costmap layer, no map received
[planner_server-51] [WARN] [1791303357.024590956] [global_costmap.global_costmap]: Sensor origin at (-0.45, 0.01) is out of map bounds (0.00, 0.00) to (4.95, 4.95). The costmap cannot raytrace for it.
[planner_server-51] [WARN] [1791303358.024608493] [nav2_costmap_2d]: Robot is out of bounds of the costmap
[planner_server-51] [WARN] [1791303358.024646862] [global_costmap.global_costmap]: Sensor origin at (-0.45, 0.01) is out of map bounds (0.00, 0.00) to (4.95, 4.95). The costmap cannot raytrace for it.
[controller_server-49] [WARN] [1791303358.060176348] [local_costmap.local_costmap]: Can't update static costmap layer, no map received
[planner_server-51] [WARN] [1791303359.024616272] [global_costmap.global_costmap]: Sensor origin at (-0.45, 0.01) is out of map bounds (0.00, 0.00) to (4.95, 4.95). The costmap cannot raytrace for it.
[planner_server-51] [WARN] [1791303359.024650475] [global_costmap.global_costmap]: Can't update static costmap layer, no map received
[planner_server-51] [WARN] [1791303360.024582542] [global_costmap.global_costmap]: Sensor origin at (-0.46, 0.01) is out of map bounds (0.00, 0.00) to (4.95, 4.95). The costmap cannot raytrace for it.
[controller_server-49] [WARN] [1791303360.060185310] [local_costmap.local_costmap]: Can't update static costmap layer, no map received
[planner_server-51] [WARN] [1791303361.024626465] [global_costmap.global_costmap]: Sensor origin at (-0.46, 0.01) is out of map bounds (0.00, 0.00) to (4.95, 4.95). The costmap cannot raytrace for it.
[planner_server-51] [WARN] [1791303362.024644570] [global_costmap.global_costmap]: Sensor origin at (-0.46, 0.01) is out of map bounds (0.00, 0.00) to (4.95, 4.95). The costmap cannot raytrace for it.
[controller_server-49] [WARN] [1791303362.060170668] [local_costmap.local_costmap]: Can't update static costmap layer, no map received
[planner_server-51] [WARN] [1791303363.024596611] [global_costmap.global_costmap]: Sensor origin at (-0.46, 0.01) is out of map bounds (0.00, 0.00) to (4.95, 4.95). The costmap cannot raytrace for it.
[planner_server-51] [WARN] [1791303364.024635936] [nav2_costmap_2d]: Robot is out of bounds of the costmap
[planner_server-51] [WARN] [1791303364.024658483] [global_costmap.global_costmap]: Sensor origin at (-0.46, 0.01) is out of map bounds (0.00, 0.00) to (4.95, 4.95). The costmap cannot raytrace for it.
[controller_server-49] [WARN] [1791303364.060330287] [local_costmap.local_costmap]: Can't update static costmap layer, no map received
[planner_server-51] [WARN] [1791303365.024675203] [global_costmap.global_costmap]: Sensor origin at (-0.46, 0.01) is out of map bounds (0.00, 0.00) to (4.95, 4.95). The costmap cannot raytrace for it.
[planner_server-51] [WARN] [1791303366.024587157] [global_costmap.global_costmap]: Sensor origin at (-0.46, 0.01) is out of map bounds (0.00, 0.00) to (4.95, 4.95). The costmap cannot raytrace for it.
[controller_server-49] [WARN] [1791303366.060178019] [local_costmap.local_costmap]: Can't update static costmap layer, no map received
[planner_server-51] [WARN] [1791303367.024642257] [global_costmap.global_costmap]: Sensor origin at (-0.47, 0.01) is out of map bounds (0.00, 0.00) to (4.95, 4.95). The costmap cannot raytrace for it.
[planner_server-51] [WARN] [1791303368.024642426] [global_costmap.global_costmap]: Sensor origin at (-0.47, 0.01) is out of map bounds (0.00, 0.00) to (4.95, 4.95). The costmap cannot raytrace for it.
[controller_server-49] [WARN] [1791303368.060189973] [local_costmap.local_costmap]: Can't update static costmap layer, no map received
[planner_server-51] [WARN] [1791303369.024603952] [global_costmap.global_costmap]: Sensor origin at (-0.47, 0.01) is out of map bounds (0.00, 0.00) to (4.95, 4.95). The costmap cannot raytrace for it.
[planner_server-51] [WARN] [1791303369.024652834] [global_costmap.global_costmap]: Can't update static costmap layer, no map received
[planner_server-51] [WARN] [1791303370.024637671] [nav2_costmap_2d]: Robot is out of bounds of the costmap
[planner_server-51] [WARN] [1791303370.024661031] [global_costmap.global_costmap]: Sensor origin at (-0.47, 0.01) is out of map bounds (0.00, 0.00) to (4.95, 4.95). The costmap cannot raytrace for it.
[controller_server-49] [WARN] [1791303370.060155535] [local_costmap.local_costmap]: Can't update static costmap layer, no map received
[planner_server-51] [WARN] [1791303371.024611903] [global_costmap.global_costmap]: Sensor origin at (-0.47, 0.01) is out of map bounds (0.00, 0.00) to (4.95, 4.95). The costmap cannot raytrace for it.
[planner_server-51] [WARN] [1791303372.024589583] [global_costmap.global_costmap]: Sensor origin at (-0.47, 0.01) is out of map bounds (0.00, 0.00) to (4.95, 4.95). The costmap cannot raytrace for it.
[controller_server-49] [WARN] [1791303372.060141379] [local_costmap.local_costmap]: Can't update static costmap layer, no map received
[planner_server-51] [WARN] [1791303373.024626139] [global_costmap.global_costmap]: Sensor origin at (-0.48, 0.01) is out of map bounds (0.00, 0.00) to (4.95, 4.95). The costmap cannot raytrace for it.
[planner_server-51] [WARN] [1791303374.024631031] [global_costmap.global_costmap]: Sensor origin at (-0.48, 0.01) is out of map bounds (0.00, 0.00) to (4.95, 4.95). The costmap cannot raytrace for it.
[controller_server-49] [WARN] [1791303374.060185808] [local_costmap.local_costmap]: Can't update static costmap layer, no map received
[planner_server-51] [WARN] [1791303375.024625504] [global_costmap.global_costmap]: Sensor origin at (-0.48, 0.01) is out of map bounds (0.00, 0.00) to (4.95, 4.95). The costmap cannot raytrace for it.
[planner_server-51] [WARN] [1791303376.024579228] [nav2_costmap_2d]: Robot is out of bounds of the costmap
[planner_server-51] [WARN] [1791303376.024620019] [global_costmap.global_costmap]: Sensor origin at (-0.48, 0.01) is out of map bounds (0.00, 0.00) to (4.95, 4.95). The costmap cannot raytrace for it.
[controller_server-49] [WARN] [1791303376.060205702] [local_costmap.local_costmap]: Can't update static costmap layer, no map received
[planner_server-51] [WARN] [1791303377.024625984] [global_costmap.global_costmap]: Sensor origin at (-0.48, 0.01) is out of map bounds (0.00, 0.00) to (4.95, 4.95). The costmap cannot raytrace for it.
[planner_server-51] [WARN] [1791303378.024889823] [global_costmap.global_costmap]: Sensor origin at (-0.48, 0.02) is out of map bounds (0.00, 0.00) to (4.95, 4.95). The costmap cannot raytrace for it.
[controller_server-49] [WARN] [1791303378.060150407] [local_costmap.local_costmap]: Can't update static costmap layer, no map received
[planner_server-51] [WARN] [1791303379.024611779] [global_costmap.global_costmap]: Sensor origin at (-0.49, 0.02) is out of map bounds (0.00, 0.00) to (4.95, 4.95). The costmap cannot raytrace for it.
[planner_server-51] [WARN] [1791303379.024659133] [global_costmap.global_costmap]: Can't update static costmap layer, no map received
[planner_server-51] [WARN] [1791303380.024645413] [global_costmap.global_costmap]: Sensor origin at (-0.49, 0.02) is out of map bounds (0.00, 0.00) to (4.95, 4.95). The costmap cannot raytrace for it.
[controller_server-49] [WARN] [1791303380.060181160] [local_costmap.local_costmap]: Can't update static costmap layer, no map received
[planner_server-51] [WARN] [1791303381.024637848] [nav2_costmap_2d]: Robot is out of bounds of the costmap
[planner_server-51] [WARN] [1791303381.024660714] [global_costmap.global_costmap]: Sensor origin at (-0.49, 0.02) is out of map bounds (0.00, 0.00) to (4.95, 4.95). The costmap cannot raytrace for it.
[planner_server-51] [WARN] [1791303382.024620528] [global_costmap.global_costmap]: Sensor origin at (-0.49, 0.02) is out of map bounds (0.00, 0.00) to (4.95, 4.95). The costmap cannot raytrace for it.
[controller_server-49] [WARN] [1791303382.060263683] [local_costmap.local_costmap]: Can't update static costmap layer, no map received
[planner_server-51] [WARN] [1791303383.024632033] [global_costmap.global_costmap]: Sensor origin at (-0.49, 0.02) is out of map bounds (0.00, 0.00) to (4.95, 4.95). The costmap cannot raytrace for it.
[planner_server-51] [WARN] [1791303384.024578166] [global_costmap.global_costmap]: Sensor origin at (-0.49, 0.02) is out of map bounds (0.00, 0.00) to (4.95, 4.95). The costmap cannot raytrace for it.
[controller_server-49] [WARN] [1791303384.060195595] [local_costmap.local_costmap]: Can't update static costmap layer, no map received
[planner_server-51] [WARN] [1791303385.024636080] [global_costmap.global_costmap]: Sensor origin at (-0.50, 0.02) is out of map bounds (0.00, 0.00) to (4.95, 4.95). The costmap cannot raytrace for it.
[planner_server-51] [WARN] [1791303386.024626253] [global_costmap.global_costmap]: Sensor origin at (-0.50, 0.02) is out of map bounds (0.00, 0.00) to (4.95, 4.95). The costmap cannot raytrace for it.
[controller_server-49] [WARN] [1791303386.060297071] [local_costmap.local_costmap]: Can't update static costmap layer, no map received
[planner_server-51] [WARN] [1791303387.024615843] [nav2_costmap_2d]: Robot is out of bounds of the costmap
[planner_server-51] [WARN] [1791303387.024641013] [global_costmap.global_costmap]: Sensor origin at (-0.50, 0.02) is out of map bounds (0.00, 0.00) to (4.95, 4.95). The costmap cannot raytrace for it.
[planner_server-51] [WARN] [1791303388.024608159] [global_costmap.global_costmap]: Sensor origin at (-0.50, 0.02) is out of map bounds (0.00, 0.00) to (4.95, 4.95). The costmap cannot raytrace for it.
[controller_server-49] [WARN] [1791303388.060207464] [local_costmap.local_costmap]: Can't update static costmap layer, no map received
[planner_server-51] [WARN] [1791303389.024583618] [global_costmap.global_costmap]: Sensor origin at (-0.50, 0.02) is out of map bounds (0.00, 0.00) to (4.95, 4.95). The costmap cannot raytrace for it.
[planner_server-51] [WARN] [1791303389.024619710] [global_costmap.global_costmap]: Can't update static costmap layer, no map received
[planner_server-51] [WARN] [1791303390.024630326] [global_costmap.global_costmap]: Sensor origin at (-0.50, 0.02) is out of map bounds (0.00, 0.00) to (4.95, 4.95). The costmap cannot raytrace for it.
[controller_server-49] [WARN] [1791303390.060192424] [local_costmap.local_costmap]: Can't update static costmap layer, no map received
[planner_server-51] [WARN] [1791303391.024630684] [global_costmap.global_costmap]: Sensor origin at (-0.50, 0.02) is out of map bounds (0.00, 0.00) to (4.95, 4.95). The costmap cannot raytrace for it.
[planner_server-51] [WARN] [1791303392.024618378] [global_costmap.global_costmap]: Sensor origin at (-0.51, 0.02) is out of map bounds (0.00, 0.00) to (4.95, 4.95). The costmap cannot raytrace for it.
[controller_server-49] [WARN] [1791303392.060183348] [local_costmap.local_costmap]: Can't update static costmap layer, no map received
[planner_server-51] [WARN] [1791303393.024612753] [nav2_costmap_2d]: Robot is out of bounds of the costmap
[planner_server-51] [WARN] [1791303393.024634300] [global_costmap.global_costmap]: Sensor origin at (-0.51, 0.02) is out of map bounds (0.00, 0.00) to (4.95, 4.95). The costmap cannot raytrace for it.
[planner_server-51] [WARN] [1791303394.024618794] [global_costmap.global_costmap]: Sensor origin at (-0.51, 0.02) is out of map bounds (0.00, 0.00) to (4.95, 4.95). The costmap cannot raytrace for it.
[controller_server-49] [WARN] [1791303394.060181752] [local_costmap.local_costmap]: Can't update static costmap layer, no map received
[planner_server-51] [WARN] [1791303395.024619365] [global_costmap.global_costmap]: Sensor origin at (-0.51, 0.02) is out of map bounds (0.00, 0.00) to (4.95, 4.95). The costmap cannot raytrace for it.
[planner_server-51] [WARN] [1791303396.024632781] [global_costmap.global_costmap]: Sensor origin at (-0.51, 0.02) is out of map bounds (0.00, 0.00) to (4.95, 4.95). The costmap cannot raytrace for it.
[controller_server-49] [WARN] [1791303396.060189919] [local_costmap.local_costmap]: Can't update static costmap layer, no map received
[planner_server-51] [WARN] [1791303397.024629101] [global_costmap.global_costmap]: Sensor origin at (-0.51, 0.02) is out of map bounds (0.00, 0.00) to (4.95, 4.95). The costmap cannot raytrace for it.
[planner_server-51] [WARN] [1791303398.024574288] [global_costmap.global_costmap]: Sensor origin at (-0.52, 0.02) is out of map bounds (0.00, 0.00) to (4.95, 4.95). The costmap cannot raytrace for it.
[controller_server-49] [WARN] [1791303398.060208931] [local_costmap.local_costmap]: Can't update static costmap layer, no map received
[planner_server-51] [WARN] [1791303399.024607192] [nav2_costmap_2d]: Robot is out of bounds of the costmap
[planner_server-51] [WARN] [1791303399.024629182] [global_costmap.global_costmap]: Sensor origin at (-0.52, 0.02) is out of map bounds (0.00, 0.00) to (4.95, 4.95). The costmap cannot raytrace for it.
[planner_server-51] [WARN] [1791303399.024650719] [global_costmap.global_costmap]: Can't update static costmap layer, no map received
[planner_server-51] [WARN] [1791303400.024656697] [global_costmap.global_costmap]: Sensor origin at (-0.52, 0.02) is out of map bounds (0.00, 0.00) to (4.95, 4.95). The costmap cannot raytrace for it.
[controller_server-49] [WARN] [1791303400.060208305] [local_costmap.local_costmap]: Can't update static costmap layer, no map received
[planner_server-51] [WARN] [1791303401.024628642] [global_costmap.global_costmap]: Sensor origin at (-0.52, 0.02) is out of map bounds (0.00, 0.00) to (4.95, 4.95). The costmap cannot raytrace for it.
[planner_server-51] [WARN] [1791303402.024629032] [global_costmap.global_costmap]: Sensor origin at (-0.52, 0.02) is out of map bounds (0.00, 0.00) to (4.95, 4.95). The costmap cannot raytrace for it.
[controller_server-49] [WARN] [1791303402.060198554] [local_costmap.local_costmap]: Can't update static costmap layer, no map received
[planner_server-51] [WARN] [1791303403.024625334] [global_costmap.global_costmap]: Sensor origin at (-0.52, 0.02) is out of map bounds (0.00, 0.00) to (4.95, 4.95). The costmap cannot raytrace for it.
[planner_server-51] [WARN] [1791303404.024625090] [nav2_costmap_2d]: Robot is out of bounds of the costmap
[planner_server-51] [WARN] [1791303404.024657294] [global_costmap.global_costmap]: Sensor origin at (-0.52, 0.02) is out of map bounds (0.00, 0.00) to (4.95, 4.95). The costmap cannot raytrace for it.
[controller_server-49] [WARN] [1791303404.060194618] [local_costmap.local_costmap]: Can't update static costmap layer, no map received
[planner_server-51] [WARN] [1791303405.024621897] [global_costmap.global_costmap]: Sensor origin at (-0.53, 0.02) is out of map bounds (0.00, 0.00) to (4.95, 4.95). The costmap cannot raytrace for it.
[planner_server-51] [WARN] [1791303406.024655430] [global_costmap.global_costmap]: Sensor origin at (-0.53, 0.02) is out of map bounds (0.00, 0.00) to (4.95, 4.95). The costmap cannot raytrace for it.
[controller_server-49] [WARN] [1791303406.060221020] [local_costmap.local_costmap]: Can't update static costmap layer, no map received
[planner_server-51] [WARN] [1791303407.024585549] [global_costmap.global_costmap]: Sensor origin at (-0.53, 0.02) is out of map bounds (0.00, 0.00) to (4.95, 4.95). The costmap cannot raytrace for it.
[planner_server-51] [WARN] [1791303408.024622107] [global_costmap.global_costmap]: Sensor origin at (-0.53, 0.02) is out of map bounds (0.00, 0.00) to (4.95, 4.95). The costmap cannot raytrace for it.
[controller_server-49] [WARN] [1791303408.060181484] [local_costmap.local_costmap]: Can't update static costmap layer, no map received
[planner_server-51] [WARN] [1791303409.024629775] [global_costmap.global_costmap]: Sensor origin at (-0.53, 0.02) is out of map bounds (0.00, 0.00) to (4.95, 4.95). The costmap cannot raytrace for it.
[planner_server-51] [WARN] [1791303409.024674341] [global_costmap.global_costmap]: Can't update static costmap layer, no map received
[planner_server-51] [WARN] [1791303410.024629574] [nav2_costmap_2d]: Robot is out of bounds of the costmap
[planner_server-51] [WARN] [1791303410.024651436] [global_costmap.global_costmap]: Sensor origin at (-0.53, 0.02) is out of map bounds (0.00, 0.00) to (4.95, 4.95). The costmap cannot raytrace for it.
[controller_server-49] [WARN] [1791303410.060185163] [local_costmap.local_costmap]: Can't update static costmap layer, no map received
[planner_server-51] [WARN] [1791303411.024624329] [global_costmap.global_costmap]: Sensor origin at (-0.54, 0.02) is out of map bounds (0.00, 0.00) to (4.95, 4.95). The costmap cannot raytrace for it.
[planner_server-51] [WARN] [1791303412.024633339] [global_costmap.global_costmap]: Sensor origin at (-0.54, 0.02) is out of map bounds (0.00, 0.00) to (4.95, 4.95). The costmap cannot raytrace for it.
[controller_server-49] [WARN] [1791303412.060172265] [local_costmap.local_costmap]: Can't update static costmap layer, no map received
[planner_server-51] [WARN] [1791303413.024683967] [global_costmap.global_costmap]: Sensor origin at (-0.54, 0.02) is out of map bounds (0.00, 0.00) to (4.95, 4.95). The costmap cannot raytrace for it.
[planner_server-51] [WARN] [1791303414.024619373] [global_costmap.global_costmap]: Sensor origin at (-0.54, 0.02) is out of map bounds (0.00, 0.00) to (4.95, 4.95). The costmap cannot raytrace for it.
[controller_server-49] [WARN] [1791303414.060193566] [local_costmap.local_costmap]: Can't update static costmap layer, no map received
[planner_server-51] [WARN] [1791303415.024593689] [global_costmap.global_costmap]: Sensor origin at (-0.54, 0.02) is out of map bounds (0.00, 0.00) to (4.95, 4.95). The costmap cannot raytrace for it.
[planner_server-51] [WARN] [1791303416.024582252] [nav2_costmap_2d]: Robot is out of bounds of the costmap
[planner_server-51] [WARN] [1791303416.024605511] [global_costmap.global_costmap]: Sensor origin at (-0.54, 0.02) is out of map bounds (0.00, 0.00) to (4.95, 4.95). The costmap cannot raytrace for it.
[controller_server-49] [WARN] [1791303416.060177786] [local_costmap.local_costmap]: Can't update static costmap layer, no map received
[planner_server-51] [WARN] [1791303417.024628628] [global_costmap.global_costmap]: Sensor origin at (-0.55, 0.02) is out of map bounds (0.00, 0.00) to (4.95, 4.95). The costmap cannot raytrace for it.
[planner_server-51] [WARN] [1791303418.024602645] [global_costmap.global_costmap]: Sensor origin at (-0.55, 0.02) is out of map bounds (0.00, 0.00) to (4.95, 4.95). The costmap cannot raytrace for it.
[controller_server-49] [WARN] [1791303418.060254288] [local_costmap.local_costmap]: Can't update static costmap layer, no map received
[planner_server-51] [WARN] [1791303419.024614593] [global_costmap.global_costmap]: Sensor origin at (-0.55, 0.02) is out of map bounds (0.00, 0.00) to (4.95, 4.95). The costmap cannot raytrace for it.
[planner_server-51] [WARN] [1791303419.024647201] [global_costmap.global_costmap]: Can't update static costmap layer, no map received
[planner_server-51] [WARN] [1791303420.024635722] [global_costmap.global_costmap]: Sensor origin at (-0.55, 0.02) is out of map bounds (0.00, 0.00) to (4.95, 4.95). The costmap cannot raytrace for it.
[controller_server-49] [WARN] [1791303420.060197085] [local_costmap.local_costmap]: Can't update static costmap layer, no map received
[planner_server-51] [WARN] [1791303421.024588918] [nav2_costmap_2d]: Robot is out of bounds of the costmap
[planner_server-51] [WARN] [1791303421.024613180] [global_costmap.global_costmap]: Sensor origin at (-0.55, 0.02) is out of map bounds (0.00, 0.00) to (4.95, 4.95). The costmap cannot raytrace for it.
[planner_server-51] [WARN] [1791303422.024591192] [global_costmap.global_costmap]: Sensor origin at (-0.55, 0.02) is out of map bounds (0.00, 0.00) to (4.95, 4.95). The costmap cannot raytrace for it.
[controller_server-49] [WARN] [1791303422.060208121] [local_costmap.local_costmap]: Can't update static costmap layer, no map received
[planner_server-51] [WARN] [1791303423.024648946] [global_costmap.global_costmap]: Sensor origin at (-0.55, 0.02) is out of map bounds (0.00, 0.00) to (4.95, 4.95). The costmap cannot raytrace for it.
[planner_server-51] [WARN] [1791303424.024600737] [global_costmap.global_costmap]: Sensor origin at (-0.56, 0.02) is out of map bounds (0.00, 0.00) to (4.95, 4.95). The costmap cannot raytrace for it.
[controller_server-49] [WARN] [1791303424.060203070] [local_costmap.local_costmap]: Can't update static costmap layer, no map received
[planner_server-51] [WARN] [1791303425.024632052] [global_costmap.global_costmap]: Sensor origin at (-0.56, 0.02) is out of map bounds (0.00, 0.00) to (4.95, 4.95). The costmap cannot raytrace for it.
[planner_server-51] [WARN] [1791303426.024581513] [global_costmap.global_costmap]: Sensor origin at (-0.56, 0.02) is out of map bounds (0.00, 0.00) to (4.95, 4.95). The costmap cannot raytrace for it.
[controller_server-49] [WARN] [1791303426.060224486] [local_costmap.local_costmap]: Can't update static costmap layer, no map received
[planner_server-51] [WARN] [1791303427.024616038] [nav2_costmap_2d]: Robot is out of bounds of the costmap
[planner_server-51] [WARN] [1791303427.024637210] [global_costmap.global_costmap]: Sensor origin at (-0.56, 0.02) is out of map bounds (0.00, 0.00) to (4.95, 4.95). The costmap cannot raytrace for it.
[planner_server-51] [WARN] [1791303428.024621861] [global_costmap.global_costmap]: Sensor origin at (-0.56, 0.02) is out of map bounds (0.00, 0.00) to (4.95, 4.95). The costmap cannot raytrace for it.
[controller_server-49] [WARN] [1791303428.060230866] [local_costmap.local_costmap]: Can't update static costmap layer, no map received
[planner_server-51] [WARN] [1791303429.024615492] [global_costmap.global_costmap]: Sensor origin at (-0.56, 0.02) is out of map bounds (0.00, 0.00) to (4.95, 4.95). The costmap cannot raytrace for it.
[planner_server-51] [WARN] [1791303429.024656489] [global_costmap.global_costmap]: Can't update static costmap layer, no map received
[planner_server-51] [WARN] [1791303430.024588005] [global_costmap.global_costmap]: Sensor origin at (-0.57, 0.02) is out of map bounds (0.00, 0.00) to (4.95, 4.95). The costmap cannot raytrace for it.
[controller_server-49] [WARN] [1791303430.060237221] [local_costmap.local_costmap]: Can't update static costmap layer, no map received
[planner_server-51] [WARN] [1791303431.024640288] [global_costmap.global_costmap]: Sensor origin at (-0.57, 0.02) is out of map bounds (0.00, 0.00) to (4.95, 4.95). The costmap cannot raytrace for it.
[planner_server-51] [WARN] [1791303432.024605556] [global_costmap.global_costmap]: Sensor origin at (-0.57, 0.02) is out of map bounds (0.00, 0.00) to (4.95, 4.95). The costmap cannot raytrace for it.
[controller_server-49] [WARN] [1791303432.060239983] [local_costmap.local_costmap]: Can't update static costmap layer, no map received
[planner_server-51] [WARN] [1791303433.024592982] [nav2_costmap_2d]: Robot is out of bounds of the costmap
[planner_server-51] [WARN] [1791303433.024627860] [global_costmap.global_costmap]: Sensor origin at (-0.57, 0.02) is out of map bounds (0.00, 0.00) to (4.95, 4.95). The costmap cannot raytrace for it.
[planner_server-51] [WARN] [1791303434.024631299] [global_costmap.global_costmap]: Sensor origin at (-0.57, 0.02) is out of map bounds (0.00, 0.00) to (4.95, 4.95). The costmap cannot raytrace for it.
[controller_server-49] [WARN] [1791303434.060183226] [local_costmap.local_costmap]: Can't update static costmap layer, no map received
[planner_server-51] [WARN] [1791303435.024602323] [global_costmap.global_costmap]: Sensor origin at (-0.57, 0.02) is out of map bounds (0.00, 0.00) to (4.95, 4.95). The costmap cannot raytrace for it.
[planner_server-51] [WARN] [1791303436.024669472] [global_costmap.global_costmap]: Sensor origin at (-0.57, 0.02) is out of map bounds (0.00, 0.00) to (4.95, 4.95). The costmap cannot raytrace for it.
[controller_server-49] [WARN] [1791303436.060179419] [local_costmap.local_costmap]: Can't update static costmap layer, no map received
[planner_server-51] [WARN] [1791303437.024634249] [global_costmap.global_costmap]: Sensor origin at (-0.58, 0.02) is out of map bounds (0.00, 0.00) to (4.95, 4.95). The costmap cannot raytrace for it.
[planner_server-51] [WARN] [1791303438.024603760] [nav2_costmap_2d]: Robot is out of bounds of the costmap
[planner_server-51] [WARN] [1791303438.024647511] [global_costmap.global_costmap]: Sensor origin at (-0.58, 0.02) is out of map bounds (0.00, 0.00) to (4.95, 4.95). The costmap cannot raytrace for it.
[controller_server-49] [WARN] [1791303438.060195693] [local_costmap.local_costmap]: Can't update static costmap layer, no map received
[planner_server-51] [WARN] [1791303439.024636756] [global_costmap.global_costmap]: Sensor origin at (-0.58, 0.02) is out of map bounds (0.00, 0.00) to (4.95, 4.95). The costmap cannot raytrace for it.
[planner_server-51] [WARN] [1791303439.024671913] [global_costmap.global_costmap]: Can't update static costmap layer, no map received
[planner_server-51] [WARN] [1791303440.024582250] [global_costmap.global_costmap]: Sensor origin at (-0.58, 0.02) is out of map bounds (0.00, 0.00) to (4.95, 4.95). The costmap cannot raytrace for it.
[controller_server-49] [WARN] [1791303440.060216154] [local_costmap.local_costmap]: Can't update static costmap layer, no map received
[planner_server-51] [WARN] [1791303441.024589654] [global_costmap.global_costmap]: Sensor origin at (-0.58, 0.02) is out of map bounds (0.00, 0.00) to (4.95, 4.95). The costmap cannot raytrace for it.
[planner_server-51] [WARN] [1791303442.024584277] [global_costmap.global_costmap]: Sensor origin at (-0.58, 0.02) is out of map bounds (0.00, 0.00) to (4.95, 4.95). The costmap cannot raytrace for it.
[controller_server-49] [WARN] [1791303442.060208758] [local_costmap.local_costmap]: Can't update static costmap layer, no map received
[planner_server-51] [WARN] [1791303443.024633780] [nav2_costmap_2d]: Robot is out of bounds of the costmap
[planner_server-51] [WARN] [1791303443.024686554] [global_costmap.global_costmap]: Sensor origin at (-0.59, 0.02) is out of map bounds (0.00, 0.00) to (4.95, 4.95). The costmap cannot raytrace for it.
[planner_server-51] [WARN] [1791303444.024558052] [global_costmap.global_costmap]: Sensor origin at (-0.59, 0.02) is out of map bounds (0.00, 0.00) to (4.95, 4.95). The costmap cannot raytrace for it.
[controller_server-49] [WARN] [1791303444.060174881] [local_costmap.local_costmap]: Can't update static costmap layer, no map received
[planner_server-51] [WARN] [1791303445.024613153] [global_costmap.global_costmap]: Sensor origin at (-0.59, 0.02) is out of map bounds (0.00, 0.00) to (4.95, 4.95). The costmap cannot raytrace for it.
[planner_server-51] [WARN] [1791303446.024626041] [global_costmap.global_costmap]: Sensor origin at (-0.59, 0.02) is out of map bounds (0.00, 0.00) to (4.95, 4.95). The costmap cannot raytrace for it.
[controller_server-49] [WARN] [1791303446.060174057] [local_costmap.local_costmap]: Can't update static costmap layer, no map received
[planner_server-51] [WARN] [1791303447.024583554] [global_costmap.global_costmap]: Sensor origin at (-0.59, 0.02) is out of map bounds (0.00, 0.00) to (4.95, 4.95). The costmap cannot raytrace for it.
[planner_server-51] [WARN] [1791303448.024587112] [global_costmap.global_costmap]: Sensor origin at (-0.59, 0.02) is out of map bounds (0.00, 0.00) to (4.95, 4.95). The costmap cannot raytrace for it.
[controller_server-49] [WARN] [1791303448.060209223] [local_costmap.local_costmap]: Can't update static costmap layer, no map received
[planner_server-51] [WARN] [1791303449.024582535] [nav2_costmap_2d]: Robot is out of bounds of the costmap
[planner_server-51] [WARN] [1791303449.024610109] [global_costmap.global_costmap]: Sensor origin at (-0.60, 0.02) is out of map bounds (0.00, 0.00) to (4.95, 4.95). The costmap cannot raytrace for it.
[planner_server-51] [WARN] [1791303449.024632311] [global_costmap.global_costmap]: Can't update static costmap layer, no map received
[planner_server-51] [WARN] [1791303450.024640605] [global_costmap.global_costmap]: Sensor origin at (-0.60, 0.02) is out of map bounds (0.00, 0.00) to (4.95, 4.95). The costmap cannot raytrace for it.
[controller_server-49] [WARN] [1791303450.060156099] [local_costmap.local_costmap]: Can't update static costmap layer, no map received
[planner_server-51] [WARN] [1791303451.024633285] [global_costmap.global_costmap]: Sensor origin at (-0.60, 0.02) is out of map bounds (0.00, 0.00) to (4.95, 4.95). The costmap cannot raytrace for it.
[planner_server-51] [WARN] [1791303452.024667270] [global_costmap.global_costmap]: Sensor origin at (-0.60, 0.02) is out of map bounds (0.00, 0.00) to (4.95, 4.95). The costmap cannot raytrace for it.
[controller_server-49] [WARN] [1791303452.060174236] [local_costmap.local_costmap]: Can't update static costmap layer, no map received
[planner_server-51] [WARN] [1791303453.024589787] [global_costmap.global_costmap]: Sensor origin at (-0.60, 0.02) is out of map bounds (0.00, 0.00) to (4.95, 4.95). The costmap cannot raytrace for it.
[planner_server-51] [WARN] [1791303454.024654408] [nav2_costmap_2d]: Robot is out of bounds of the costmap
[planner_server-51] [WARN] [1791303454.024676638] [global_costmap.global_costmap]: Sensor origin at (-0.60, 0.02) is out of map bounds (0.00, 0.00) to (4.95, 4.95). The costmap cannot raytrace for it.
[controller_server-49] [WARN] [1791303454.060217185] [local_costmap.local_costmap]: Can't update static costmap layer, no map received
[planner_server-51] [WARN] [1791303455.024654515] [global_costmap.global_costmap]: Sensor origin at (-0.61, 0.02) is out of map bounds (0.00, 0.00) to (4.95, 4.95). The costmap cannot raytrace for it.
[planner_server-51] [WARN] [1791303456.024593610] [global_costmap.global_costmap]: Sensor origin at (-0.61, 0.02) is out of map bounds (0.00, 0.00) to (4.95, 4.95). The costmap cannot raytrace for it.
[controller_server-49] [WARN] [1791303456.060192537] [local_costmap.local_costmap]: Can't update static costmap layer, no map received
[planner_server-51] [WARN] [1791303457.024594728] [global_costmap.global_costmap]: Sensor origin at (-0.61, 0.03) is out of map bounds (0.00, 0.00) to (4.95, 4.95). The costmap cannot raytrace for it.
[planner_server-51] [WARN] [1791303458.024649754] [global_costmap.global_costmap]: Sensor origin at (-0.60, 0.03) is out of map bounds (0.00, 0.00) to (4.95, 4.95). The costmap cannot raytrace for it.
[controller_server-49] [WARN] [1791303458.060241229] [local_costmap.local_costmap]: Can't update static costmap layer, no map received
[planner_server-51] [WARN] [1791303459.024655654] [global_costmap.global_costmap]: Sensor origin at (-0.60, 0.03) is out of map bounds (0.00, 0.00) to (4.95, 4.95). The costmap cannot raytrace for it.
[planner_server-51] [WARN] [1791303459.024699147] [global_costmap.global_costmap]: Can't update static costmap layer, no map received
[planner_server-51] [WARN] [1791303460.024616346] [nav2_costmap_2d]: Robot is out of bounds of the costmap
[planner_server-51] [WARN] [1791303460.024637562] [global_costmap.global_costmap]: Sensor origin at (-0.61, 0.03) is out of map bounds (0.00, 0.00) to (4.95, 4.95). The costmap cannot raytrace for it.
[controller_server-49] [WARN] [1791303460.060176882] [local_costmap.local_costmap]: Can't update static costmap layer, no map received
[planner_server-51] [WARN] [1791303461.024652069] [global_costmap.global_costmap]: Sensor origin at (-0.61, 0.03) is out of map bounds (0.00, 0.00) to (4.95, 4.95). The costmap cannot raytrace for it.
[planner_server-51] [WARN] [1791303462.024628393] [global_costmap.global_costmap]: Sensor origin at (-0.61, 0.03) is out of map bounds (0.00, 0.00) to (4.95, 4.95). The costmap cannot raytrace for it.
[controller_server-49] [WARN] [1791303462.060212250] [local_costmap.local_costmap]: Can't update static costmap layer, no map received
[planner_server-51] [WARN] [1791303463.024632627] [global_costmap.global_costmap]: Sensor origin at (-0.61, 0.03) is out of map bounds (0.00, 0.00) to (4.95, 4.95). The costmap cannot raytrace for it.
[planner_server-51] [WARN] [1791303464.024658025] [global_costmap.global_costmap]: Sensor origin at (-0.61, 0.03) is out of map bounds (0.00, 0.00) to (4.95, 4.95). The costmap cannot raytrace for it.
[controller_server-49] [WARN] [1791303464.060243194] [local_costmap.local_costmap]: Can't update static costmap layer, no map received
[planner_server-51] [WARN] [1791303465.024619035] [nav2_costmap_2d]: Robot is out of bounds of the costmap
[planner_server-51] [WARN] [1791303465.024649674] [global_costmap.global_costmap]: Sensor origin at (-0.61, 0.03) is out of map bounds (0.00, 0.00) to (4.95, 4.95). The costmap cannot raytrace for it.
[planner_server-51] [WARN] [1791303466.024597606] [global_costmap.global_costmap]: Sensor origin at (-0.62, 0.03) is out of map bounds (0.00, 0.00) to (4.95, 4.95). The costmap cannot raytrace for it.
[controller_server-49] [WARN] [1791303466.061019298] [local_costmap.local_costmap]: Can't update static costmap layer, no map received
[planner_server-51] [WARN] [1791303467.024615897] [global_costmap.global_costmap]: Sensor origin at (-0.62, 0.03) is out of map bounds (0.00, 0.00) to (4.95, 4.95). The costmap cannot raytrace for it.
[planner_server-51] [WARN] [1791303468.024618717] [global_costmap.global_costmap]: Sensor origin at (-0.62, 0.03) is out of map bounds (0.00, 0.00) to (4.95, 4.95). The costmap cannot raytrace for it.
[controller_server-49] [WARN] [1791303468.060227574] [local_costmap.local_costmap]: Can't update static costmap layer, no map received
[planner_server-51] [WARN] [1791303469.024629609] [global_costmap.global_costmap]: Sensor origin at (-0.62, 0.03) is out of map bounds (0.00, 0.00) to (4.95, 4.95). The costmap cannot raytrace for it.
[planner_server-51] [WARN] [1791303469.024676496] [global_costmap.global_costmap]: Can't update static costmap layer, no map received
[planner_server-51] [WARN] [1791303470.024599572] [global_costmap.global_costmap]: Sensor origin at (-0.62, 0.03) is out of map bounds (0.00, 0.00) to (4.95, 4.95). The costmap cannot raytrace for it.
[controller_server-49] [WARN] [1791303470.060188494] [local_costmap.local_costmap]: Can't update static costmap layer, no map received
[planner_server-51] [WARN] [1791303471.024574048] [nav2_costmap_2d]: Robot is out of bounds of the costmap
[planner_server-51] [WARN] [1791303471.024629393] [global_costmap.global_costmap]: Sensor origin at (-0.62, 0.03) is out of map bounds (0.00, 0.00) to (4.95, 4.95). The costmap cannot raytrace for it.
[planner_server-51] [WARN] [1791303472.024560938] [global_costmap.global_costmap]: Sensor origin at (-0.62, 0.03) is out of map bounds (0.00, 0.00) to (4.95, 4.95). The costmap cannot raytrace for it.
[controller_server-49] [WARN] [1791303472.060210445] [local_costmap.local_costmap]: Can't update static costmap layer, no map received
[planner_server-51] [WARN] [1791303473.024620640] [global_costmap.global_costmap]: Sensor origin at (-0.63, 0.03) is out of map bounds (0.00, 0.00) to (4.95, 4.95). The costmap cannot raytrace for it.
[planner_server-51] [WARN] [1791303474.024618087] [global_costmap.global_costmap]: Sensor origin at (-0.63, 0.03) is out of map bounds (0.00, 0.00) to (4.95, 4.95). The costmap cannot raytrace for it.
[controller_server-49] [WARN] [1791303474.060177186] [local_costmap.local_costmap]: Can't update static costmap layer, no map received
[planner_server-51] [WARN] [1791303475.024592041] [global_costmap.global_costmap]: Sensor origin at (-0.63, 0.03) is out of map bounds (0.00, 0.00) to (4.95, 4.95). The costmap cannot raytrace for it.
[planner_server-51] [WARN] [1791303476.024637607] [nav2_costmap_2d]: Robot is out of bounds of the costmap
[planner_server-51] [WARN] [1791303476.024673407] [global_costmap.global_costmap]: Sensor origin at (-0.63, 0.03) is out of map bounds (0.00, 0.00) to (4.95, 4.95). The costmap cannot raytrace for it.
[controller_server-49] [WARN] [1791303476.060216861] [local_costmap.local_costmap]: Can't update static costmap layer, no map received
[planner_server-51] [WARN] [1791303477.024595656] [global_costmap.global_costmap]: Sensor origin at (-0.63, 0.03) is out of map bounds (0.00, 0.00) to (4.95, 4.95). The costmap cannot raytrace for it.
[planner_server-51] [WARN] [1791303478.024617756] [global_costmap.global_costmap]: Sensor origin at (-0.63, 0.03) is out of map bounds (0.00, 0.00) to (4.95, 4.95). The costmap cannot raytrace for it.
[controller_server-49] [WARN] [1791303478.060268846] [local_costmap.local_costmap]: Can't update static costmap layer, no map received
[planner_server-51] [WARN] [1791303479.024619530] [global_costmap.global_costmap]: Sensor origin at (-0.64, 0.03) is out of map bounds (0.00, 0.00) to (4.95, 4.95). The costmap cannot raytrace for it.
[planner_server-51] [WARN] [1791303479.024652405] [global_costmap.global_costmap]: Can't update static costmap layer, no map received
[planner_server-51] [WARN] [1791303480.024592680] [global_costmap.global_costmap]: Sensor origin at (-0.64, 0.03) is out of map bounds (0.00, 0.00) to (4.95, 4.95). The costmap cannot raytrace for it.
[controller_server-49] [WARN] [1791303480.060138447] [local_costmap.local_costmap]: Can't update static costmap layer, no map received
[planner_server-51] [WARN] [1791303481.024613295] [global_costmap.global_costmap]: Sensor origin at (-0.64, 0.03) is out of map bounds (0.00, 0.00) to (4.95, 4.95). The costmap cannot raytrace for it.
[planner_server-51] [WARN] [1791303482.024588736] [nav2_costmap_2d]: Robot is out of bounds of the costmap
[planner_server-51] [WARN] [1791303482.024617322] [global_costmap.global_costmap]: Sensor origin at (-0.64, 0.03) is out of map bounds (0.00, 0.00) to (4.95, 4.95). The costmap cannot raytrace for it.
[controller_server-49] [WARN] [1791303482.060212208] [local_costmap.local_costmap]: Can't update static costmap layer, no map received
[planner_server-51] [WARN] [1791303483.024594221] [global_costmap.global_costmap]: Sensor origin at (-0.64, 0.03) is out of map bounds (0.00, 0.00) to (4.95, 4.95). The costmap cannot raytrace for it.
[planner_server-51] [WARN] [1791303484.024639983] [global_costmap.global_costmap]: Sensor origin at (-0.64, 0.03) is out of map bounds (0.00, 0.00) to (4.95, 4.95). The costmap cannot raytrace for it.
[controller_server-49] [WARN] [1791303484.060271993] [local_costmap.local_costmap]: Can't update static costmap layer, no map received
[planner_server-51] [WARN] [1791303485.024637075] [global_costmap.global_costmap]: Sensor origin at (-0.65, 0.03) is out of map bounds (0.00, 0.00) to (4.95, 4.95). The costmap cannot raytrace for it.
[planner_server-51] [WARN] [1791303486.024658425] [global_costmap.global_costmap]: Sensor origin at (-0.65, 0.03) is out of map bounds (0.00, 0.00) to (4.95, 4.95). The costmap cannot raytrace for it.
[controller_server-49] [WARN] [1791303486.060233447] [local_costmap.local_costmap]: Can't update static costmap layer, no map received
[planner_server-51] [WARN] [1791303487.024609227] [global_costmap.global_costmap]: Sensor origin at (-0.65, 0.03) is out of map bounds (0.00, 0.00) to (4.95, 4.95). The costmap cannot raytrace for it.
[planner_server-51] [WARN] [1791303488.024604279] [nav2_costmap_2d]: Robot is out of bounds of the costmap
[planner_server-51] [WARN] [1791303488.024625852] [global_costmap.global_costmap]: Sensor origin at (-0.65, 0.03) is out of map bounds (0.00, 0.00) to (4.95, 4.95). The costmap cannot raytrace for it.
[controller_server-49] [WARN] [1791303488.060191001] [local_costmap.local_costmap]: Can't update static costmap layer, no map received
[planner_server-51] [WARN] [1791303489.024585088] [global_costmap.global_costmap]: Sensor origin at (-0.65, 0.03) is out of map bounds (0.00, 0.00) to (4.95, 4.95). The costmap cannot raytrace for it.
[planner_server-51] [WARN] [1791303489.024622924] [global_costmap.global_costmap]: Can't update static costmap layer, no map received
[planner_server-51] [WARN] [1791303490.024611574] [global_costmap.global_costmap]: Sensor origin at (-0.65, 0.03) is out of map bounds (0.00, 0.00) to (4.95, 4.95). The costmap cannot raytrace for it.
[controller_server-49] [WARN] [1791303490.060201297] [local_costmap.local_costmap]: Can't update static costmap layer, no map received
[planner_server-51] [WARN] [1791303491.024592634] [global_costmap.global_costmap]: Sensor origin at (-0.65, 0.03) is out of map bounds (0.00, 0.00) to (4.95, 4.95). The costmap cannot raytrace for it.
[planner_server-51] [WARN] [1791303492.024600817] [global_costmap.global_costmap]: Sensor origin at (-0.66, 0.03) is out of map bounds (0.00, 0.00) to (4.95, 4.95). The costmap cannot raytrace for it.
[controller_server-49] [WARN] [1791303492.060217803] [local_costmap.local_costmap]: Can't update static costmap layer, no map received
[planner_server-51] [WARN] [1791303493.024589556] [global_costmap.global_costmap]: Sensor origin at (-0.66, 0.03) is out of map bounds (0.00, 0.00) to (4.95, 4.95). The costmap cannot raytrace for it.
[planner_server-51] [WARN] [1791303494.024580823] [nav2_costmap_2d]: Robot is out of bounds of the costmap
[planner_server-51] [WARN] [1791303494.024619797] [global_costmap.global_costmap]: Sensor origin at (-0.66, 0.03) is out of map bounds (0.00, 0.00) to (4.95, 4.95). The costmap cannot raytrace for it.
[controller_server-49] [WARN] [1791303494.060261784] [local_costmap.local_costmap]: Can't update static costmap layer, no map received
[planner_server-51] [WARN] [1791303495.024612085] [global_costmap.global_costmap]: Sensor origin at (-0.66, 0.04) is out of map bounds (0.00, 0.00) to (4.95, 4.95). The costmap cannot raytrace for it.
[planner_server-51] [WARN] [1791303496.024620658] [global_costmap.global_costmap]: Sensor origin at (-0.66, 0.04) is out of map bounds (0.00, 0.00) to (4.95, 4.95). The costmap cannot raytrace for it.
[controller_server-49] [WARN] [1791303496.060225486] [local_costmap.local_costmap]: Can't update static costmap layer, no map received
[planner_server-51] [WARN] [1791303497.024614049] [global_costmap.global_costmap]: Sensor origin at (-0.66, 0.04) is out of map bounds (0.00, 0.00) to (4.95, 4.95). The costmap cannot raytrace for it.
[planner_server-51] [WARN] [1791303498.024620345] [global_costmap.global_costmap]: Sensor origin at (-0.67, 0.04) is out of map bounds (0.00, 0.00) to (4.95, 4.95). The costmap cannot raytrace for it.
[controller_server-49] [WARN] [1791303498.060209159] [local_costmap.local_costmap]: Can't update static costmap layer, no map received
[planner_server-51] [WARN] [1791303499.024596109] [global_costmap.global_costmap]: Sensor origin at (-0.67, 0.04) is out of map bounds (0.00, 0.00) to (4.95, 4.95). The costmap cannot raytrace for it.
[planner_server-51] [WARN] [1791303499.024627869] [global_costmap.global_costmap]: Can't update static costmap layer, no map received
[planner_server-51] [WARN] [1791303500.024639748] [nav2_costmap_2d]: Robot is out of bounds of the costmap
[planner_server-51] [WARN] [1791303500.024674468] [global_costmap.global_costmap]: Sensor origin at (-0.67, 0.04) is out of map bounds (0.00, 0.00) to (4.95, 4.95). The costmap cannot raytrace for it.
[controller_server-49] [WARN] [1791303500.060189923] [local_costmap.local_costmap]: Can't update static costmap layer, no map received
[planner_server-51] [WARN] [1791303501.024589458] [global_costmap.global_costmap]: Sensor origin at (-0.67, 0.04) is out of map bounds (0.00, 0.00) to (4.95, 4.95). The costmap cannot raytrace for it.
[planner_server-51] [WARN] [1791303502.024613626] [global_costmap.global_costmap]: Sensor origin at (-0.67, 0.04) is out of map bounds (0.00, 0.00) to (4.95, 4.95). The costmap cannot raytrace for it.
[controller_server-49] [WARN] [1791303502.060213172] [local_costmap.local_costmap]: Can't update static costmap layer, no map received
[planner_server-51] [WARN] [1791303503.024637551] [global_costmap.global_costmap]: Sensor origin at (-0.67, 0.04) is out of map bounds (0.00, 0.00) to (4.95, 4.95). The costmap cannot raytrace for it.
[planner_server-51] [WARN] [1791303504.024652488] [global_costmap.global_costmap]: Sensor origin at (-0.68, 0.04) is out of map bounds (0.00, 0.00) to (4.95, 4.95). The costmap cannot raytrace for it.
[controller_server-49] [WARN] [1791303504.060229674] [local_costmap.local_costmap]: Can't update static costmap layer, no map received
[planner_server-51] [WARN] [1791303505.024597634] [global_costmap.global_costmap]: Sensor origin at (-0.68, 0.04) is out of map bounds (0.00, 0.00) to (4.95, 4.95). The costmap cannot raytrace for it.
[planner_server-51] [WARN] [1791303506.024604931] [nav2_costmap_2d]: Robot is out of bounds of the costmap
[planner_server-51] [WARN] [1791303506.024628792] [global_costmap.global_costmap]: Sensor origin at (-0.68, 0.04) is out of map bounds (0.00, 0.00) to (4.95, 4.95). The costmap cannot raytrace for it.
[controller_server-49] [WARN] [1791303506.060209446] [local_costmap.local_costmap]: Can't update static costmap layer, no map received
[planner_server-51] [WARN] [1791303507.024627125] [global_costmap.global_costmap]: Sensor origin at (-0.68, 0.04) is out of map bounds (0.00, 0.00) to (4.95, 4.95). The costmap cannot raytrace for it.
[planner_server-51] [WARN] [1791303508.024591952] [global_costmap.global_costmap]: Sensor origin at (-0.68, 0.04) is out of map bounds (0.00, 0.00) to (4.95, 4.95). The costmap cannot raytrace for it.
[controller_server-49] [WARN] [1791303508.060183052] [local_costmap.local_costmap]: Can't update static costmap layer, no map received
[planner_server-51] [WARN] [1791303509.024584109] [global_costmap.global_costmap]: Sensor origin at (-0.68, 0.04) is out of map bounds (0.00, 0.00) to (4.95, 4.95). The costmap cannot raytrace for it.
[planner_server-51] [WARN] [1791303509.024617973] [global_costmap.global_costmap]: Can't update static costmap layer, no map received
[planner_server-51] [WARN] [1791303510.024609137] [global_costmap.global_costmap]: Sensor origin at (-0.68, 0.04) is out of map bounds (0.00, 0.00) to (4.95, 4.95). The costmap cannot raytrace for it.
[controller_server-49] [WARN] [1791303510.060190736] [local_costmap.local_costmap]: Can't update static costmap layer, no map received
[planner_server-51] [WARN] [1791303511.024593420] [global_costmap.global_costmap]: Sensor origin at (-0.69, 0.04) is out of map bounds (0.00, 0.00) to (4.95, 4.95). The costmap cannot raytrace for it.
[planner_server-51] [WARN] [1791303512.024607243] [nav2_costmap_2d]: Robot is out of bounds of the costmap
[planner_server-51] [WARN] [1791303512.024629633] [global_costmap.global_costmap]: Sensor origin at (-0.69, 0.04) is out of map bounds (0.00, 0.00) to (4.95, 4.95). The costmap cannot raytrace for it.
[controller_server-49] [WARN] [1791303512.060219789] [local_costmap.local_costmap]: Can't update static costmap layer, no map received
[planner_server-51] [WARN] [1791303513.024604904] [global_costmap.global_costmap]: Sensor origin at (-0.69, 0.04) is out of map bounds (0.00, 0.00) to (4.95, 4.95). The costmap cannot raytrace for it.
[planner_server-51] [WARN] [1791303514.024628600] [global_costmap.global_costmap]: Sensor origin at (-0.69, 0.04) is out of map bounds (0.00, 0.00) to (4.95, 4.95). The costmap cannot raytrace for it.
[controller_server-49] [WARN] [1791303514.060197860] [local_costmap.local_costmap]: Can't update static costmap layer, no map received
[planner_server-51] [WARN] [1791303515.024580837] [global_costmap.global_costmap]: Sensor origin at (-0.69, 0.04) is out of map bounds (0.00, 0.00) to (4.95, 4.95). The costmap cannot raytrace for it.
[planner_server-51] [WARN] [1791303516.024620014] [global_costmap.global_costmap]: Sensor origin at (-0.69, 0.04) is out of map bounds (0.00, 0.00) to (4.95, 4.95). The costmap cannot raytrace for it.
[controller_server-49] [WARN] [1791303516.060285191] [local_costmap.local_costmap]: Can't update static costmap layer, no map received
[planner_server-51] [WARN] [1791303517.024584959] [global_costmap.global_costmap]: Sensor origin at (-0.70, 0.04) is out of map bounds (0.00, 0.00) to (4.95, 4.95). The costmap cannot raytrace for it.
[planner_server-51] [WARN] [1791303518.024612752] [nav2_costmap_2d]: Robot is out of bounds of the costmap
[planner_server-51] [WARN] [1791303518.024633502] [global_costmap.global_costmap]: Sensor origin at (-0.70, 0.04) is out of map bounds (0.00, 0.00) to (4.95, 4.95). The costmap cannot raytrace for it.
[controller_server-49] [WARN] [1791303518.060200455] [local_costmap.local_costmap]: Can't update static costmap layer, no map received
[planner_server-51] [WARN] [1791303519.024592416] [global_costmap.global_costmap]: Sensor origin at (-0.70, 0.04) is out of map bounds (0.00, 0.00) to (4.95, 4.95). The costmap cannot raytrace for it.
[planner_server-51] [WARN] [1791303519.024642405] [global_costmap.global_costmap]: Can't update static costmap layer, no map received
[planner_server-51] [WARN] [1791303520.024622823] [global_costmap.global_costmap]: Sensor origin at (-0.70, 0.04) is out of map bounds (0.00, 0.00) to (4.95, 4.95). The costmap cannot raytrace for it.
[controller_server-49] [WARN] [1791303520.060213755] [local_costmap.local_costmap]: Can't update static costmap layer, no map received
[planner_server-51] [WARN] [1791303521.024636384] [global_costmap.global_costmap]: Sensor origin at (-0.70, 0.04) is out of map bounds (0.00, 0.00) to (4.95, 4.95). The costmap cannot raytrace for it.
[planner_server-51] [WARN] [1791303522.024623897] [global_costmap.global_costmap]: Sensor origin at (-0.70, 0.04) is out of map bounds (0.00, 0.00) to (4.95, 4.95). The costmap cannot raytrace for it.
[controller_server-49] [WARN] [1791303522.060203041] [local_costmap.local_costmap]: Can't update static costmap layer, no map received
[planner_server-51] [WARN] [1791303523.024614503] [nav2_costmap_2d]: Robot is out of bounds of the costmap
[planner_server-51] [WARN] [1791303523.024641591] [global_costmap.global_costmap]: Sensor origin at (-0.70, 0.04) is out of map bounds (0.00, 0.00) to (4.95, 4.95). The costmap cannot raytrace for it.
[motion_control-34] [INFO] [1791303523.339381998] [motion_control]: Undock Goal Exceeded Runtime
[motion_control-34] [INFO] [1791303523.339429249] [motion_control]: Undock Goal Succeeded
[bt_navigator-54] [INFO] [1791303523.344141886] [bt_navigator]: Begin navigating from current location (-0.67, 0.03) to (1.98, 7.15)
[planner_server-51] [WARN] [1791303524.024609097] [global_costmap.global_costmap]: Sensor origin at (-0.71, 0.04) is out of map bounds (0.00, 0.00) to (4.95, 4.95). The costmap cannot raytrace for it.
[controller_server-49] [WARN] [1791303524.060177153] [local_costmap.local_costmap]: Can't update static costmap layer, no map received
[planner_server-51] [WARN] [1791303525.024616316] [global_costmap.global_costmap]: Sensor origin at (-0.71, 0.04) is out of map bounds (0.00, 0.00) to (4.95, 4.95). The costmap cannot raytrace for it.
[planner_server-51] [WARN] [1791303526.024576467] [global_costmap.global_costmap]: Sensor origin at (-0.71, 0.04) is out of map bounds (0.00, 0.00) to (4.95, 4.95). The costmap cannot raytrace for it.
[controller_server-49] [WARN] [1791303526.060249776] [local_costmap.local_costmap]: Can't update static costmap layer, no map received
[planner_server-51] [WARN] [1791303527.024622721] [global_costmap.global_costmap]: Sensor origin at (-0.71, 0.04) is out of map bounds (0.00, 0.00) to (4.95, 4.95). The costmap cannot raytrace for it.
[planner_server-51] [WARN] [1791303528.024643201] [nav2_costmap_2d]: Robot is out of bounds of the costmap
[planner_server-51] [WARN] [1791303528.024677052] [global_costmap.global_costmap]: Sensor origin at (-0.71, 0.04) is out of map bounds (0.00, 0.00) to (4.95, 4.95). The costmap cannot raytrace for it.
[controller_server-49] [WARN] [1791303528.060160962] [local_costmap.local_costmap]: Can't update static costmap layer, no map received
[planner_server-51] [WARN] [1791303529.024623395] [global_costmap.global_costmap]: Sensor origin at (-0.71, 0.04) is out of map bounds (0.00, 0.00) to (4.95, 4.95). The costmap cannot raytrace for it.
[planner_server-51] [WARN] [1791303529.024660950] [global_costmap.global_costmap]: Can't update static costmap layer, no map received
[planner_server-51] [WARN] [1791303530.024586406] [global_costmap.global_costmap]: Sensor origin at (-0.71, 0.04) is out of map bounds (0.00, 0.00) to (4.95, 4.95). The costmap cannot raytrace for it.
[controller_server-49] [WARN] [1791303530.060211376] [local_costmap.local_costmap]: Can't update static costmap layer, no map received
[planner_server-51] [WARN] [1791303530.664857552] [planner_server]: GridBased plugin failed to plan from (0.00, 0.00) to (1.98, 7.15): "Costmap timed out waiting for update"
[planner_server-51] [WARN] [1791303530.664917693] [planner_server]: [compute_path_to_pose] [ActionServer] Aborting handle.
[planner_server-51] [INFO] [1791303530.684614060] [global_costmap.global_costmap]: Received request to clear entirely the global_costmap
[planner_server-51] [WARN] [1791303531.024604917] [global_costmap.global_costmap]: Sensor origin at (-0.71, 0.04) is out of map bounds (0.00, 0.00) to (4.95, 4.95). The costmap cannot raytrace for it.
[planner_server-51] [WARN] [1791303532.024630318] [global_costmap.global_costmap]: Sensor origin at (-0.71, 0.04) is out of map bounds (0.00, 0.00) to (4.95, 4.95). The costmap cannot raytrace for it.
[controller_server-49] [WARN] [1791303532.060276347] [local_costmap.local_costmap]: Can't update static costmap layer, no map received
[planner_server-51] [WARN] [1791303533.024579608] [global_costmap.global_costmap]: Sensor origin at (-0.71, 0.04) is out of map bounds (0.00, 0.00) to (4.95, 4.95). The costmap cannot raytrace for it.
[planner_server-51] [WARN] [1791303534.024639364] [nav2_costmap_2d]: Robot is out of bounds of the costmap
[planner_server-51] [WARN] [1791303534.024697336] [global_costmap.global_costmap]: Sensor origin at (-0.71, 0.04) is out of map bounds (0.00, 0.00) to (4.95, 4.95). The costmap cannot raytrace for it.
[controller_server-49] [WARN] [1791303534.060175346] [local_costmap.local_costmap]: Can't update static costmap layer, no map received
[planner_server-51] [WARN] [1791303535.024578629] [global_costmap.global_costmap]: Sensor origin at (-0.71, 0.04) is out of map bounds (0.00, 0.00) to (4.95, 4.95). The costmap cannot raytrace for it.
[planner_server-51] [WARN] [1791303536.024587382] [global_costmap.global_costmap]: Sensor origin at (-0.71, 0.04) is out of map bounds (0.00, 0.00) to (4.95, 4.95). The costmap cannot raytrace for it.
[controller_server-49] [WARN] [1791303536.060240431] [local_costmap.local_costmap]: Can't update static costmap layer, no map received
[planner_server-51] [WARN] [1791303537.024626145] [global_costmap.global_costmap]: Sensor origin at (-0.71, 0.04) is out of map bounds (0.00, 0.00) to (4.95, 4.95). The costmap cannot raytrace for it.
[planner_server-51] [WARN] [1791303538.024638722] [global_costmap.global_costmap]: Sensor origin at (-0.71, 0.04) is out of map bounds (0.00, 0.00) to (4.95, 4.95). The costmap cannot raytrace for it.
[planner_server-51] [WARN] [1791303538.045083264] [planner_server]: GridBased plugin failed to plan from (0.00, 0.00) to (1.98, 7.15): "Costmap timed out waiting for update"
[planner_server-51] [WARN] [1791303538.045131035] [planner_server]: [compute_path_to_pose] [ActionServer] Aborting handle.
[controller_server-49] [WARN] [1791303538.060222029] [local_costmap.local_costmap]: Can't update static costmap layer, no map received
[controller_server-49] [INFO] [1791303538.064637517] [local_costmap.local_costmap]: Received request to clear entirely the local_costmap
[planner_server-51] [INFO] [1791303538.064885725] [global_costmap.global_costmap]: Received request to clear entirely the global_costmap
[planner_server-51] [WARN] [1791303539.024598454] [global_costmap.global_costmap]: Sensor origin at (-0.71, 0.04) is out of map bounds (0.00, 0.00) to (4.95, 4.95). The costmap cannot raytrace for it.
[planner_server-51] [WARN] [1791303539.024644077] [global_costmap.global_costmap]: Can't update static costmap layer, no map received
[planner_server-51] [WARN] [1791303540.024621447] [nav2_costmap_2d]: Robot is out of bounds of the costmap
[planner_server-51] [WARN] [1791303540.024643804] [global_costmap.global_costmap]: Sensor origin at (-0.71, 0.04) is out of map bounds (0.00, 0.00) to (4.95, 4.95). The costmap cannot raytrace for it.
[controller_server-49] [WARN] [1791303540.060170612] [local_costmap.local_costmap]: Can't update static costmap layer, no map received
[planner_server-51] [WARN] [1791303541.024590321] [global_costmap.global_costmap]: Sensor origin at (-0.71, 0.04) is out of map bounds (0.00, 0.00) to (4.95, 4.95). The costmap cannot raytrace for it.
[planner_server-51] [WARN] [1791303542.024586809] [global_costmap.global_costmap]: Sensor origin at (-0.71, 0.04) is out of map bounds (0.00, 0.00) to (4.95, 4.95). The costmap cannot raytrace for it.
[controller_server-49] [WARN] [1791303542.060204735] [local_costmap.local_costmap]: Can't update static costmap layer, no map received
[planner_server-51] [WARN] [1791303543.024597264] [global_costmap.global_costmap]: Sensor origin at (-0.71, 0.04) is out of map bounds (0.00, 0.00) to (4.95, 4.95). The costmap cannot raytrace for it.
