[INFO] [launch]: All log files can be found below /home/y/u/yunqiao/.ros/log/2026-10-06-18-22-11-942106-white-05.eecs.kth.se-27177
[INFO] [launch]: Default logging verbosity is set to INFO
[INFO] [gazebo-1]: process started with pid [27207]
[INFO] [parameter_bridge-2]: process started with pid [27209]
[INFO] [robot_state_publisher-3]: process started with pid [27211]
[INFO] [robot_state_publisher-4]: process started with pid [27214]
[INFO] [static_transform_publisher-5]: process started with pid [27216]
[INFO] [create-6]: process started with pid [27218]
[INFO] [create-7]: process started with pid [27220]
[INFO] [parameter_bridge-8]: process started with pid [27222]
[INFO] [parameter_bridge-9]: process started with pid [27224]
[INFO] [parameter_bridge-10]: process started with pid [27226]
[INFO] [parameter_bridge-11]: process started with pid [27228]
[INFO] [parameter_bridge-12]: process started with pid [27230]
[INFO] [parameter_bridge-13]: process started with pid [27232]
[INFO] [parameter_bridge-14]: process started with pid [27234]
[INFO] [parameter_bridge-15]: process started with pid [27236]
[INFO] [parameter_bridge-16]: process started with pid [27238]
[INFO] [parameter_bridge-17]: process started with pid [27240]
[INFO] [parameter_bridge-18]: process started with pid [27242]
[INFO] [parameter_bridge-19]: process started with pid [27244]
[INFO] [parameter_bridge-20]: process started with pid [27246]
[INFO] [parameter_bridge-21]: process started with pid [27248]
[INFO] [parameter_bridge-22]: process started with pid [27250]
[INFO] [parameter_bridge-23]: process started with pid [27253]
[INFO] [parameter_bridge-24]: process started with pid [27255]
[INFO] [parameter_bridge-25]: process started with pid [27257]
[INFO] [parameter_bridge-26]: process started with pid [27259]
[INFO] [parameter_bridge-27]: process started with pid [27261]
[INFO] [parameter_bridge-28]: process started with pid [27263]
[INFO] [turtlebot4_node-29]: process started with pid [27265]
[INFO] [turtlebot4_gz_hmi_node-30]: process started with pid [27267]
[INFO] [spawner-31]: process started with pid [27269]
[INFO] [hazards_vector_publisher-32]: process started with pid [27271]
[INFO] [ir_intensity_vector_publisher-33]: process started with pid [27273]
[INFO] [motion_control-34]: process started with pid [27275]
[INFO] [wheel_status_publisher-35]: process started with pid [27277]
[INFO] [mock_publisher-36]: process started with pid [27279]
[INFO] [robot_state-37]: process started with pid [27281]
[INFO] [kidnap_estimator_publisher-38]: process started with pid [27283]
[INFO] [ui_mgr-39]: process started with pid [27285]
[INFO] [pose_republisher_node-40]: process started with pid [27287]
[INFO] [sensors_node-41]: process started with pid [27289]
[INFO] [interface_buttons_node-42]: process started with pid [27291]
[INFO] [static_transform_publisher-43]: process started with pid [27293]
[INFO] [static_transform_publisher-44]: process started with pid [27295]
[INFO] [parameter_bridge-45]: process started with pid [27297]
[INFO] [parameter_bridge-46]: process started with pid [27299]
[INFO] [wait_for_ready-47]: process started with pid [27301]
[INFO] [wait_for_ready-48]: process started with pid [27303]
[INFO] [controller_server-49]: process started with pid [27305]
[INFO] [smoother_server-50]: process started with pid [27307]
[INFO] [planner_server-51]: process started with pid [27309]
[INFO] [route_server-52]: process started with pid [27311]
[INFO] [behavior_server-53]: process started with pid [27313]
[INFO] [bt_navigator-54]: process started with pid [27315]
[INFO] [waypoint_follower-55]: process started with pid [27317]
[INFO] [velocity_smoother-56]: process started with pid [27319]
[INFO] [collision_monitor-57]: process started with pid [27321]
[INFO] [opennav_docking-58]: process started with pid [27323]
[INFO] [lifecycle_manager-59]: process started with pid [27325]
[INFO] [map_server-60]: process started with pid [27327]
[INFO] [lifecycle_manager-61]: process started with pid [27329]
[static_transform_publisher-5] [WARN] [1791303735.594061152] []: Old-style arguments are deprecated; see --help for new-style arguments
[robot_state_publisher-3] [WARN] [1791303736.126941522] [kdl_parser]: The root link base_link has an inertia specified in the URDF, but KDL does not support a root link with an inertia.  As a workaround, you can add an extra dummy link to your URDF.
[robot_state_publisher-3] [INFO] [1791303736.127655151] [robot_state_publisher]: Robot initialized
[static_transform_publisher-43] [WARN] [1791303736.443039697] []: Old-style arguments are deprecated; see --help for new-style arguments
[ir_intensity_vector_publisher-33] [INFO] [1791303736.516532134] [ir_intensity_vector_publisher]: Advertised topic: ir_intensity
[ir_intensity_vector_publisher-33] [INFO] [1791303736.518081877] [ir_intensity_vector_publisher]: Subscription to topic: _internal/ir_intensity_front_center_left
[ir_intensity_vector_publisher-33] [INFO] [1791303736.521478317] [ir_intensity_vector_publisher]: Subscription to topic: _internal/ir_intensity_front_center_right
[ir_intensity_vector_publisher-33] [INFO] [1791303736.522150689] [ir_intensity_vector_publisher]: Subscription to topic: _internal/ir_intensity_front_left
[ir_intensity_vector_publisher-33] [INFO] [1791303736.523522286] [ir_intensity_vector_publisher]: Subscription to topic: _internal/ir_intensity_front_right
[ir_intensity_vector_publisher-33] [INFO] [1791303736.525341063] [ir_intensity_vector_publisher]: Subscription to topic: _internal/ir_intensity_left
[ir_intensity_vector_publisher-33] [INFO] [1791303736.527388397] [ir_intensity_vector_publisher]: Subscription to topic: _internal/ir_intensity_right
[ir_intensity_vector_publisher-33] [INFO] [1791303736.528401251] [ir_intensity_vector_publisher]: Subscription to topic: _internal/ir_intensity_side_left
[turtlebot4_node-29] [INFO] [1791303736.536232029] [turtlebot4_node]: Init Turtlebot4 Node Main
[static_transform_publisher-44] [WARN] [1791303736.557140374] []: Old-style arguments are deprecated; see --help for new-style arguments
[robot_state-37] [INFO] [1791303736.570386647] [robot_state]: Advertised topic: battery_state
[static_transform_publisher-5] [INFO] [1791303736.570909686] [tf_odom_std_dock_link_publisher]: Spinning until stopped - publishing transform
[static_transform_publisher-5] translation: ('0.157000', '0.000000', '0.000000')
[static_transform_publisher-5] rotation: ('0.000000', '0.000000', '1.000000', '0.000000')
[static_transform_publisher-5] from 'odom' to 'std_dock_link'
[robot_state-37] [INFO] [1791303736.591824014] [robot_state]: Subscription to topic: dock_status
[robot_state-37] [INFO] [1791303736.592253000] [robot_state]: Advertised topic: stop_status
[kidnap_estimator_publisher-38] [INFO] [1791303736.600077278] [kidnap_estimator_publisher]: Advertised topic: kidnap_status
[kidnap_estimator_publisher-38] [INFO] [1791303736.601638284] [kidnap_estimator_publisher]: Subscription to topic: hazard_detection
[turtlebot4_node-29] [INFO] [1791303736.610237147] [turtlebot4_node]: Buttons Init
[robot_state-37] [INFO] [1791303736.615318711] [robot_state]: Subscription to topic: odom
[ui_mgr-39] [INFO] [1791303736.623978019] [ui_mgr]: Subscription to topic: cmd_lightring
[ui_mgr-39] [INFO] [1791303736.625514515] [ui_mgr]: Subscription to topic: cmd_audio
[static_transform_publisher-43] [INFO] [1791303736.627006862] [rplidar_stf]: Spinning until stopped - publishing transform
[static_transform_publisher-43] translation: ('0.000000', '0.000000', '0.000000')
[static_transform_publisher-43] rotation: ('0.000000', '0.000000', '0.000000', '1.000000')
[static_transform_publisher-43] from 'rplidar_link' to 'turtlebot4/rplidar_link/rplidar'
[turtlebot4_node-29] [INFO] [1791303736.649389108] [turtlebot4_node]: Init Display
[turtlebot4_node-29] [INFO] [1791303736.652662527] [turtlebot4_node]: Leds Init
[turtlebot4_node-29] [INFO] [1791303736.657376975] [turtlebot4_node]: Turtlebot4 standard running.
[hazards_vector_publisher-32] [INFO] [1791303736.661599916] [hazards_vector_publisher]: Advertised topic: hazard_detection
[hazards_vector_publisher-32] [INFO] [1791303736.662075545] [hazards_vector_publisher]: Subscription to topic: _internal/bumper/event
[hazards_vector_publisher-32] [INFO] [1791303736.664095447] [hazards_vector_publisher]: Subscription to topic: _internal/cliff_front_left/event
[hazards_vector_publisher-32] [INFO] [1791303736.664596948] [hazards_vector_publisher]: Subscription to topic: _internal/cliff_front_right/event
[hazards_vector_publisher-32] [INFO] [1791303736.667284004] [hazards_vector_publisher]: Subscription to topic: _internal/cliff_side_left/event
[mock_publisher-36] [INFO] [1791303736.670034740] [mock_publisher]: Advertised mocked topic: slip_status
[hazards_vector_publisher-32] [INFO] [1791303736.670461896] [hazards_vector_publisher]: Subscription to topic: _internal/cliff_side_right/event
[hazards_vector_publisher-32] [INFO] [1791303736.672774010] [hazards_vector_publisher]: Subscription to topic: _internal/wheel_drop/left_wheel/event
[hazards_vector_publisher-32] [INFO] [1791303736.674363226] [hazards_vector_publisher]: Subscription to topic: _internal/wheel_drop/right_wheel/event
[hazards_vector_publisher-32] [INFO] [1791303736.674935261] [hazards_vector_publisher]: Subscription to topic: _internal/backup_limit
[motion_control-34] [INFO] [1791303736.693683116] [motion_control]: Enabling REFLEX_BUMP
[motion_control-34] [INFO] [1791303736.693785875] [motion_control]: Enabling REFLEX_CLIFF
[motion_control-34] [INFO] [1791303736.693974874] [motion_control]: Enabling REFLEX_STUCK
[motion_control-34] [INFO] [1791303736.694040335] [motion_control]: Enabling REFLEX_WHEEL_DROP
[wheel_status_publisher-35] [INFO] [1791303736.723323840] [wheel_status_publisher]: Advertised topic: wheel_vels
[wheel_status_publisher-35] [INFO] [1791303736.723752418] [wheel_status_publisher]: Advertised topic: wheel_ticks
[velocity_smoother-56] [INFO] [1791303736.874392699] [velocity_smoother]: 
[velocity_smoother-56] 	velocity_smoother lifecycle node launched. 
[velocity_smoother-56] 	Waiting on external lifecycle transitions to activate
[velocity_smoother-56] 	See https://design.ros2.org/articles/node_lifecycle.html for more information.
[lifecycle_manager-61] [INFO] [1791303737.011272529] [lifecycle_manager_map]: Creating
[lifecycle_manager-61] [INFO] [1791303737.031537535] [lifecycle_manager_map]: [34m[1mCreating and initializing lifecycle service clients[0m[0m
[waypoint_follower-55] [INFO] [1791303737.055422840] [waypoint_follower]: 
[waypoint_follower-55] 	waypoint_follower lifecycle node launched. 
[waypoint_follower-55] 	Waiting on external lifecycle transitions to activate
[waypoint_follower-55] 	See https://design.ros2.org/articles/node_lifecycle.html for more information.
[robot_state_publisher-4] [WARN] [1791303737.061958700] [kdl_parser]: The root link std_dock_link has an inertia specified in the URDF, but KDL does not support a root link with an inertia.  As a workaround, you can add an extra dummy link to your URDF.
[robot_state_publisher-4] [INFO] [1791303737.062018911] [dock_state_publisher]: Robot initialized
[smoother_server-50] [INFO] [1791303737.185484274] [smoother_server]: 
[smoother_server-50] 	smoother_server lifecycle node launched. 
[smoother_server-50] 	Waiting on external lifecycle transitions to activate
[smoother_server-50] 	See https://design.ros2.org/articles/node_lifecycle.html for more information.
[controller_server-49] [INFO] [1791303737.224524607] [controller_server]: 
[controller_server-49] 	controller_server lifecycle node launched. 
[controller_server-49] 	Waiting on external lifecycle transitions to activate
[controller_server-49] 	See https://design.ros2.org/articles/node_lifecycle.html for more information.
[waypoint_follower-55] [INFO] [1791303737.254463824] [waypoint_follower]: Creating
[planner_server-51] [INFO] [1791303737.307536293] [planner_server]: 
[planner_server-51] 	planner_server lifecycle node launched. 
[planner_server-51] 	Waiting on external lifecycle transitions to activate
[planner_server-51] 	See https://design.ros2.org/articles/node_lifecycle.html for more information.
[opennav_docking-58] [INFO] [1791303737.326628412] [docking_server]: 
[opennav_docking-58] 	docking_server lifecycle node launched. 
[opennav_docking-58] 	Waiting on external lifecycle transitions to activate
[opennav_docking-58] 	See https://design.ros2.org/articles/node_lifecycle.html for more information.
[opennav_docking-58] [INFO] [1791303737.326678777] [docking_server]: Creating docking_server
[behavior_server-53] [INFO] [1791303737.329325560] [behavior_server]: 
[behavior_server-53] 	behavior_server lifecycle node launched. 
[behavior_server-53] 	Waiting on external lifecycle transitions to activate
[behavior_server-53] 	See https://design.ros2.org/articles/node_lifecycle.html for more information.
[collision_monitor-57] [INFO] [1791303737.343947301] [collision_monitor]: 
[collision_monitor-57] 	collision_monitor lifecycle node launched. 
[collision_monitor-57] 	Waiting on external lifecycle transitions to activate
[collision_monitor-57] 	See https://design.ros2.org/articles/node_lifecycle.html for more information.
[bt_navigator-54] [INFO] [1791303737.406732448] [bt_navigator]: 
[bt_navigator-54] 	bt_navigator lifecycle node launched. 
[bt_navigator-54] 	Waiting on external lifecycle transitions to activate
[bt_navigator-54] 	See https://design.ros2.org/articles/node_lifecycle.html for more information.
[lifecycle_manager-59] [INFO] [1791303737.413965854] [lifecycle_manager_navigation]: Creating
[static_transform_publisher-44] [INFO] [1791303737.422774121] [camera_stf]: Spinning until stopped - publishing transform
[static_transform_publisher-44] translation: ('0.000000', '0.000000', '0.000000')
[static_transform_publisher-44] rotation: ('0.499952', '-0.500000', '0.500000', '0.500048')
[static_transform_publisher-44] from 'oakd_rgb_camera_optical_frame' to 'turtlebot4/oakd_rgb_camera_frame/rgbd_camera'
[map_server-60] [INFO] [1791303737.425547318] [map_server]: 
[map_server-60] 	map_server lifecycle node launched. 
[map_server-60] 	Waiting on external lifecycle transitions to activate
[map_server-60] 	See https://design.ros2.org/articles/node_lifecycle.html for more information.
[map_server-60] [INFO] [1791303737.425607999] [map_server]: Creating
[lifecycle_manager-61] [INFO] [1791303737.425618785] [lifecycle_manager_map]: [34m[1mStarting managed nodes bringup...[0m[0m
[lifecycle_manager-61] [INFO] [1791303737.425655216] [lifecycle_manager_map]: [34m[1mConfiguring map_server[0m[0m
[route_server-52] [INFO] [1791303737.428657110] [route_server]: 
[route_server-52] 	route_server lifecycle node launched. 
[route_server-52] 	Waiting on external lifecycle transitions to activate
[route_server-52] 	See https://design.ros2.org/articles/node_lifecycle.html for more information.
[lifecycle_manager-59] [INFO] [1791303737.437696862] [lifecycle_manager_navigation]: [34m[1mCreating and initializing lifecycle service clients[0m[0m
[create-6] [INFO] [1791303737.559620915] [ros_gz_sim]: Requesting list of world names.
[map_server-60] [INFO] [1791303737.559876215] [map_server]: Configuring
[map_server-60] [INFO] [1791303737.559906002] [map_io]: Loading yaml file: /home/y/u/yunqiao/IROB_Mobile_Robot_Project/install/warehouse_inventory_robot/share/warehouse_inventory_robot/maps/warehouse.yaml
[map_server-60] [INFO] [1791303737.565339251] [map_io]: resolution: 0.03
[map_server-60] [INFO] [1791303737.565355477] [map_io]: origin[0]: -15.1
[map_server-60] [INFO] [1791303737.565359011] [map_io]: origin[1]: -25
[map_server-60] [INFO] [1791303737.565361843] [map_io]: origin[2]: 0
[map_server-60] [INFO] [1791303737.565364599] [map_io]: free_thresh: 0.1
[map_server-60] [INFO] [1791303737.565367153] [map_io]: occupied_thresh: 0.65
[map_server-60] [INFO] [1791303737.565369492] [map_io]: mode: trinary
[map_server-60] [INFO] [1791303737.565372066] [map_io]: negate: 0
[map_server-60] [INFO] [1791303737.569707980] [map_io]: Loading image_file: /home/y/u/yunqiao/IROB_Mobile_Robot_Project/install/warehouse_inventory_robot/share/warehouse_inventory_robot/maps/warehouse.pgm
[map_server-60] [INFO] [1791303737.591796777] [map_io]: Read map /home/y/u/yunqiao/IROB_Mobile_Robot_Project/install/warehouse_inventory_robot/share/warehouse_inventory_robot/maps/warehouse.pgm: 1006 X 1674 map @ 0.03 m/cell
[lifecycle_manager-61] [INFO] [1791303737.642650552] [lifecycle_manager_map]: [34m[1mActivating map_server[0m[0m
[map_server-60] [INFO] [1791303737.643418400] [map_server]: Activating
[map_server-60] [INFO] [1791303737.644760592] [map_server]: Creating bond (map_server) to lifecycle manager.
[create-7] [INFO] [1791303737.650364372] [ros_gz_sim]: Requesting list of world names.
[parameter_bridge-2] [INFO] [1791303737.735384555] [clock_bridge]: Creating GZ->ROS Bridge: [/clock (gz.msgs.Clock) -> /clock (rosgraph_msgs/msg/Clock)] (Lazy 0)
[lifecycle_manager-61] [INFO] [1791303737.764558772] [lifecycle_manager_map]: Server map_server connected with bond.
[lifecycle_manager-61] [INFO] [1791303737.764596650] [lifecycle_manager_map]: [34m[1mManaged nodes are active[0m[0m
[lifecycle_manager-61] [INFO] [1791303737.764604130] [lifecycle_manager_map]: [34m[1mCreating bond timer...[0m[0m
[parameter_bridge-8] [INFO] [1791303737.790491551] [cmd_vel_bridge]: Creating GZ->ROS Bridge: [/cmd_vel (gz.msgs.Twist) -> /cmd_vel (geometry_msgs/msg/TwistStamped)] (Lazy 0)
[parameter_bridge-8] [INFO] [1791303737.798394619] [cmd_vel_bridge]: Creating ROS->GZ Bridge: [/model/turtlebot4/cmd_vel (geometry_msgs/msg/TwistStamped) -> /model/turtlebot4/cmd_vel (gz.msgs.Twist)] (Lazy 0)
[lifecycle_manager-59] [INFO] [1791303737.863560863] [lifecycle_manager_navigation]: [34m[1mStarting managed nodes bringup...[0m[0m
[lifecycle_manager-59] [INFO] [1791303737.863600914] [lifecycle_manager_navigation]: [34m[1mConfiguring controller_server[0m[0m
[smoother_server-50] [INFO] [1791303737.892145292] [smoother_server]: Creating smoother server
[bt_navigator-54] [INFO] [1791303737.900910973] [bt_navigator]: Creating
[parameter_bridge-16] [INFO] [1791303737.916303192] [ir_intensity_front_center_left_bridge]: Creating GZ->ROS Bridge: [/world/warehouse/model/turtlebot4/link/ir_intensity_front_center_left/sensor/ir_intensity_front_center_left/scan (gz.msgs.LaserScan) -> /world/warehouse/model/turtlebot4/link/ir_intensity_front_center_left/sensor/ir_intensity_front_center_left/scan (sensor_msgs/msg/LaserScan)] (Lazy 0)
[planner_server-51] [INFO] [1791303737.920324472] [planner_server]: Creating
[parameter_bridge-24] [INFO] [1791303737.934178550] [hmi_display_msg_bridge]: Creating ROS->GZ Bridge: [/hmi/display/raw (std_msgs/msg/String) -> /hmi/display/raw (gz.msgs.StringMsg)] (Lazy 0)
[parameter_bridge-9] [INFO] [1791303737.942556228] [pose_bridge]: Creating GZ->ROS Bridge: [/model/turtlebot4/pose (gz.msgs.Pose_V) -> /model/turtlebot4/pose (tf2_msgs/msg/TFMessage)] (Lazy 0)
[parameter_bridge-24] [INFO] [1791303737.947209984] [hmi_display_msg_bridge]: Creating ROS->GZ Bridge: [/hmi/display/selected (std_msgs/msg/Int32) -> /hmi/display/selected (gz.msgs.Int32)] (Lazy 0)
[parameter_bridge-27] [INFO] [1791303737.976681281] [lidar_bridge]: Creating GZ->ROS Bridge: [/world/warehouse/model/turtlebot4/link/rplidar_link/sensor/rplidar/scan (gz.msgs.LaserScan) -> /world/warehouse/model/turtlebot4/link/rplidar_link/sensor/rplidar/scan (sensor_msgs/msg/LaserScan)] (Lazy 0)
[parameter_bridge-9] [INFO] [1791303737.998890750] [pose_bridge]: Creating GZ->ROS Bridge: [/model/standard_dock/pose (gz.msgs.Pose_V) -> /model/standard_dock/pose (tf2_msgs/msg/TFMessage)] (Lazy 0)
[controller_server-49] [INFO] [1791303738.015255104] [controller_server]: Creating controller server
[parameter_bridge-12] [INFO] [1791303738.066563032] [cliff_front_left_bridge]: Creating GZ->ROS Bridge: [/world/warehouse/model/turtlebot4/link/base_link/sensor/cliff_front_left/scan (gz.msgs.LaserScan) -> /world/warehouse/model/turtlebot4/link/base_link/sensor/cliff_front_left/scan (sensor_msgs/msg/LaserScan)] (Lazy 0)
[parameter_bridge-11] [INFO] [1791303738.079251383] [bumper_contact_bridge]: Creating GZ->ROS Bridge: [/bumper_contact (gz.msgs.Contacts) -> /bumper_contact (ros_gz_interfaces/msg/Contacts)] (Lazy 0)
[parameter_bridge-19] [INFO] [1791303738.083446925] [ir_intensity_front_right_bridge]: Creating GZ->ROS Bridge: [/world/warehouse/model/turtlebot4/link/ir_intensity_front_right/sensor/ir_intensity_front_right/scan (gz.msgs.LaserScan) -> /world/warehouse/model/turtlebot4/link/ir_intensity_front_right/sensor/ir_intensity_front_right/scan (sensor_msgs/msg/LaserScan)] (Lazy 0)
[controller_server-49] [INFO] [1791303738.131855526] [local_costmap.local_costmap]: 
[controller_server-49] 	local_costmap lifecycle node launched. 
[controller_server-49] 	Waiting on external lifecycle transitions to activate
[controller_server-49] 	See https://design.ros2.org/articles/node_lifecycle.html for more information.
[controller_server-49] [INFO] [1791303738.137338602] [local_costmap.local_costmap]: Creating Costmap
[controller_server-49] [INFO] [1791303738.143289431] [controller_server]: Configuring controller interface
[controller_server-49] [INFO] [1791303738.143329647] [controller_server]: getting progress checker plugins..
[controller_server-49] [INFO] [1791303738.143437095] [controller_server]: getting goal checker plugins..
[controller_server-49] [INFO] [1791303738.143494321] [controller_server]: Controller frequency set to 20.0000Hz
[controller_server-49] [INFO] [1791303738.143519550] [local_costmap.local_costmap]: Configuring
[controller_server-49] [INFO] [1791303738.162949787] [local_costmap.local_costmap]: Using plugin "static_layer"
[controller_server-49] [INFO] [1791303738.171793064] [local_costmap.local_costmap]: Subscribing to the map topic (/map) with transient local durability
[controller_server-49] [INFO] [1791303738.175085486] [local_costmap.local_costmap]: Initialized plugin "static_layer"
[controller_server-49] [INFO] [1791303738.175110545] [local_costmap.local_costmap]: Using plugin "voxel_layer"
[controller_server-49] [INFO] [1791303738.175717174] [local_costmap.local_costmap]: Subscribed to Topics: scan
[planner_server-51] [INFO] [1791303738.178879016] [global_costmap.global_costmap]: 
[planner_server-51] 	global_costmap lifecycle node launched. 
[planner_server-51] 	Waiting on external lifecycle transitions to activate
[planner_server-51] 	See https://design.ros2.org/articles/node_lifecycle.html for more information.
[planner_server-51] [INFO] [1791303738.180704783] [global_costmap.global_costmap]: Creating Costmap
[controller_server-49] [INFO] [1791303738.187424918] [local_costmap.local_costmap]: Initialized plugin "voxel_layer"
[controller_server-49] [INFO] [1791303738.187450716] [local_costmap.local_costmap]: Using plugin "inflation_layer"
[controller_server-49] [INFO] [1791303738.187925342] [local_costmap.local_costmap]: Initialized plugin "inflation_layer"
[gazebo-1] Warning: Ignoring XDG_SESSION_TYPE=wayland on Gnome. Use QT_QPA_PLATFORM=wayland to run on Wayland anyway.
[controller_server-49] [INFO] [1791303738.215760268] [controller_server]: Created progress_checker : progress_checker of type nav2_controller::SimpleProgressChecker
[controller_server-49] [INFO] [1791303738.216099096] [controller_server]: Controller Server has progress_checker  progress checkers available.
[controller_server-49] [INFO] [1791303738.217394563] [controller_server]: Created goal checker : general_goal_checker of type nav2_controller::SimpleGoalChecker
[controller_server-49] [INFO] [1791303738.218214070] [controller_server]: Controller Server has general_goal_checker  goal checkers available.
[controller_server-49] [INFO] [1791303738.220134087] [controller_server]: Created controller : FollowPath of type nav2_mppi_controller::MPPIController
[controller_server-49] [INFO] [1791303738.221343988] [controller_server]: Controller period is equal to model dt. Control sequence shifting is ON
[controller_server-49] [INFO] [1791303738.224009851] [controller_server]: ConstraintCritic instantiated with 1 power and 4.000000 weight.
[controller_server-49] [INFO] [1791303738.224040107] [controller_server]: Critic loaded : mppi::critics::ConstraintCritic
[controller_server-49] [INFO] [1791303738.224592856] [controller_server]: InflationCostCritic instantiated with 1 power and 300.000000 / 0.015000 weights. Critic will collision check based on footprint cost.
[controller_server-49] [INFO] [1791303738.224610981] [controller_server]: Critic loaded : mppi::critics::CostCritic
[controller_server-49] [INFO] [1791303738.224802812] [controller_server]: GoalCritic instantiated with 1 power and 5.000000 weight.
[controller_server-49] [INFO] [1791303738.224814467] [controller_server]: Critic loaded : mppi::critics::GoalCritic
[controller_server-49] [INFO] [1791303738.225043586] [controller_server]: GoalAngleCritic instantiated with 1 power, 3.000000 weight, 0.500000 angular threshold and symmetric_yaw_tolerance disabled
[controller_server-49] [INFO] [1791303738.225056995] [controller_server]: Critic loaded : mppi::critics::GoalAngleCritic
[controller_server-49] [INFO] [1791303738.225424819] [controller_server]: ReferenceTrajectoryCritic instantiated with 1 power and 14.000000 weight
[controller_server-49] [INFO] [1791303738.225437426] [controller_server]: Critic loaded : mppi::critics::PathAlignCritic
[controller_server-49] [INFO] [1791303738.225673712] [controller_server]: Critic loaded : mppi::critics::PathFollowCritic
[controller_server-49] [INFO] [1791303738.226743267] [controller_server]: PathAngleCritic instantiated with 1 power and 2.000000 weight. Mode set to: Forward Preference
[controller_server-49] [INFO] [1791303738.226760418] [controller_server]: Critic loaded : mppi::critics::PathAngleCritic
[controller_server-49] [INFO] [1791303738.227024850] [controller_server]: PreferForwardCritic instantiated with 1 power and 5.000000 weight.
[controller_server-49] [INFO] [1791303738.227036359] [controller_server]: Critic loaded : mppi::critics::PreferForwardCritic
[controller_server-49] [INFO] [1791303738.228653034] [controller_server]: Optimizer reset
[controller_server-49] [INFO] [1791303738.231952929] [MPPIController]: Configured MPPI Controller: FollowPath
[controller_server-49] [INFO] [1791303738.231973784] [controller_server]: Controller Server has FollowPath  controllers available.
[lifecycle_manager-59] [INFO] [1791303738.237980568] [lifecycle_manager_navigation]: [34m[1mConfiguring smoother_server[0m[0m
[smoother_server-50] [INFO] [1791303738.238164664] [smoother_server]: Configuring smoother server
[smoother_server-50] [INFO] [1791303738.252875126] [smoother_server]: Created smoother : simple_smoother of type nav2_smoother::SimpleSmoother
[smoother_server-50] [INFO] [1791303738.253140273] [smoother_server]: Smoother Server has simple_smoother  smoothers available.
[lifecycle_manager-59] [INFO] [1791303738.257607608] [lifecycle_manager_navigation]: [34m[1mConfiguring planner_server[0m[0m
[planner_server-51] [INFO] [1791303738.257863700] [planner_server]: Configuring
[planner_server-51] [INFO] [1791303738.257894109] [global_costmap.global_costmap]: Configuring
[planner_server-51] [INFO] [1791303738.270205500] [global_costmap.global_costmap]: Using plugin "static_layer"
[planner_server-51] [INFO] [1791303738.273518442] [global_costmap.global_costmap]: Subscribing to the map topic (/map) with transient local durability
[planner_server-51] [INFO] [1791303738.275355360] [global_costmap.global_costmap]: Initialized plugin "static_layer"
[planner_server-51] [INFO] [1791303738.275376083] [global_costmap.global_costmap]: Using plugin "obstacle_layer"
[planner_server-51] [INFO] [1791303738.275959509] [global_costmap.global_costmap]: Subscribed to Topics: scan
[planner_server-51] [INFO] [1791303738.279774877] [global_costmap.global_costmap]: Initialized plugin "obstacle_layer"
[planner_server-51] [INFO] [1791303738.279799527] [global_costmap.global_costmap]: Using plugin "inflation_layer"
[planner_server-51] [INFO] [1791303738.280364742] [global_costmap.global_costmap]: Initialized plugin "inflation_layer"
[planner_server-51] [INFO] [1791303738.308424293] [planner_server]: Created global planner plugin GridBased of type nav2_navfn_planner::NavfnPlanner
[planner_server-51] [INFO] [1791303738.308463492] [planner_server]: Configuring plugin GridBased of type NavfnPlanner
[planner_server-51] [INFO] [1791303738.308864115] [planner_server]: Planner Server has GridBased  planners available.
[parameter_bridge-22] [INFO] [1791303738.316550021] [ir_intensity_side_left_bridge]: Creating GZ->ROS Bridge: [/world/warehouse/model/turtlebot4/link/ir_intensity_side_left/sensor/ir_intensity_side_left/scan (gz.msgs.LaserScan) -> /world/warehouse/model/turtlebot4/link/ir_intensity_side_left/sensor/ir_intensity_side_left/scan (sensor_msgs/msg/LaserScan)] (Lazy 0)
[parameter_bridge-15] [INFO] [1791303738.324486366] [cliff_side_right_bridge]: Creating GZ->ROS Bridge: [/world/warehouse/model/turtlebot4/link/base_link/sensor/cliff_side_right/scan (gz.msgs.LaserScan) -> /world/warehouse/model/turtlebot4/link/base_link/sensor/cliff_side_right/scan (sensor_msgs/msg/LaserScan)] (Lazy 0)
[lifecycle_manager-59] [INFO] [1791303738.331601642] [lifecycle_manager_navigation]: [34m[1mConfiguring route_server[0m[0m
[parameter_bridge-25] [INFO] [1791303738.342854188] [hmi_buttons_msg_bridge]: Creating GZ->ROS Bridge: [/hmi/buttons (gz.msgs.Int32) -> /hmi/buttons (std_msgs/msg/Int32)] (Lazy 0)
[parameter_bridge-13] [INFO] [1791303738.346152204] [cliff_front_right_bridge]: Creating GZ->ROS Bridge: [/world/warehouse/model/turtlebot4/link/base_link/sensor/cliff_front_right/scan (gz.msgs.LaserScan) -> /world/warehouse/model/turtlebot4/link/base_link/sensor/cliff_front_right/scan (sensor_msgs/msg/LaserScan)] (Lazy 0)
[parameter_bridge-10] [INFO] [1791303738.348956609] [odom_base_tf_bridge]: Creating GZ->ROS Bridge: [/model/turtlebot4/tf (gz.msgs.Pose_V) -> /model/turtlebot4/tf (tf2_msgs/msg/TFMessage)] (Lazy 0)
[parameter_bridge-18] [INFO] [1791303738.363830010] [ir_intensity_front_left_bridge]: Creating GZ->ROS Bridge: [/world/warehouse/model/turtlebot4/link/ir_intensity_front_left/sensor/ir_intensity_front_left/scan (gz.msgs.LaserScan) -> /world/warehouse/model/turtlebot4/link/ir_intensity_front_left/sensor/ir_intensity_front_left/scan (sensor_msgs/msg/LaserScan)] (Lazy 0)
[parameter_bridge-17] [INFO] [1791303738.369753358] [ir_intensity_front_center_right_bridge]: Creating GZ->ROS Bridge: [/world/warehouse/model/turtlebot4/link/ir_intensity_front_center_right/sensor/ir_intensity_front_center_right/scan (gz.msgs.LaserScan) -> /world/warehouse/model/turtlebot4/link/ir_intensity_front_center_right/sensor/ir_intensity_front_center_right/scan (sensor_msgs/msg/LaserScan)] (Lazy 0)
[route_server-52] [INFO] [1791303738.414812448] [route_server]: Configuring
[route_server-52] [INFO] [1791303738.519591019] [route_server]: Created GraphFileLoader GeoJsonGraphFileLoader of type nav2_route::GeoJsonGraphFileLoader
[route_server-52] [INFO] [1791303738.519637185] [route_server]: Configuring geojson graph file loader
[route_server-52] [INFO] [1791303738.519644843] [route_server]: No graph file provided to load yet.
[route_server-52] [INFO] [1791303738.546427861] [route_server]: Created edge cost function plugin DistanceScorer of type nav2_route::DistanceScorer
[route_server-52] [INFO] [1791303738.546469575] [route_server]: Configuring distance scorer.
[parameter_bridge-45] [INFO] [1791303738.550711334] [ros_gz_bridge]: Creating ROS->GZ Bridge: [/vacuum_gripper/attach (std_msgs/msg/Empty) -> /vacuum_gripper/attach (gz.msgs.Empty)] (Lazy 0)
[route_server-52] [INFO] [1791303738.552920370] [route_server]: Created edge cost function plugin DynamicEdgesScorer of type nav2_route::DynamicEdgesScorer
[route_server-52] [INFO] [1791303738.553870656] [route_server]: Configuring adjust edges scorer.
[parameter_bridge-45] [INFO] [1791303738.563658941] [ros_gz_bridge]: Creating ROS->GZ Bridge: [/vacuum_gripper/detach (std_msgs/msg/Empty) -> /vacuum_gripper/detach (gz.msgs.Empty)] (Lazy 0)
[parameter_bridge-20] [INFO] [1791303738.567857476] [ir_intensity_left_bridge]: Creating GZ->ROS Bridge: [/world/warehouse/model/turtlebot4/link/ir_intensity_left/sensor/ir_intensity_left/scan (gz.msgs.LaserScan) -> /world/warehouse/model/turtlebot4/link/ir_intensity_left/sensor/ir_intensity_left/scan (sensor_msgs/msg/LaserScan)] (Lazy 0)
[parameter_bridge-28] [INFO] [1791303738.580848708] [camera_bridge]: Creating GZ->ROS Bridge: [/world/warehouse/model/turtlebot4/link/oakd_rgb_camera_frame/sensor/rgbd_camera/image (gz.msgs.Image) -> /world/warehouse/model/turtlebot4/link/oakd_rgb_camera_frame/sensor/rgbd_camera/image (sensor_msgs/msg/Image)] (Lazy 0)
[parameter_bridge-28] [INFO] [1791303738.589086337] [camera_bridge]: Creating GZ->ROS Bridge: [/world/warehouse/model/turtlebot4/link/oakd_rgb_camera_frame/sensor/rgbd_camera/depth_image (gz.msgs.Image) -> /world/warehouse/model/turtlebot4/link/oakd_rgb_camera_frame/sensor/rgbd_camera/depth_image (sensor_msgs/msg/Image)] (Lazy 0)
[parameter_bridge-28] [INFO] [1791303738.600398743] [camera_bridge]: Creating GZ->ROS Bridge: [/world/warehouse/model/turtlebot4/link/oakd_rgb_camera_frame/sensor/rgbd_camera/points (gz.msgs.PointCloudPacked) -> /world/warehouse/model/turtlebot4/link/oakd_rgb_camera_frame/sensor/rgbd_camera/points (sensor_msgs/msg/PointCloud2)] (Lazy 0)
[controller_server-49] [INFO] [1791303738.602996301] [local_costmap.local_costmap]: StaticLayer: Resizing static layer to 1006 X 1674 at 0.030000 m/pix
[parameter_bridge-28] [INFO] [1791303738.610463803] [camera_bridge]: Creating GZ->ROS Bridge: [/world/warehouse/model/turtlebot4/link/oakd_rgb_camera_frame/sensor/rgbd_camera/camera_info (gz.msgs.CameraInfo) -> /world/warehouse/model/turtlebot4/link/oakd_rgb_camera_frame/sensor/rgbd_camera/camera_info (sensor_msgs/msg/CameraInfo)] (Lazy 0)
[route_server-52] [INFO] [1791303738.639903536] [route_server]: Created route operation AdjustSpeedLimit of type nav2_route::AdjustSpeedLimit
[route_server-52] [INFO] [1791303738.639953037] [route_server]: Configuring Adjust speed limit operation.
[route_server-52] [INFO] [1791303738.643012409] [route_server]: Created route operation ReroutingService of type nav2_route::ReroutingService
[route_server-52] [INFO] [1791303738.643053344] [route_server]: Configuring Rerouting service operation.
[parameter_bridge-21] [INFO] [1791303738.733777840] [ir_intensity_right_bridge]: Creating GZ->ROS Bridge: [/world/warehouse/model/turtlebot4/link/ir_intensity_right/sensor/ir_intensity_right/scan (gz.msgs.LaserScan) -> /world/warehouse/model/turtlebot4/link/ir_intensity_right/sensor/ir_intensity_right/scan (sensor_msgs/msg/LaserScan)] (Lazy 0)
[wait_for_ready-47] [INFO] [1791303738.805689716] [wait_for_rviz]: [rviz] waiting for nodes=[] services=[] answering=[] topics=['/clock', '/scan'] (timeout 300s)
[wait_for_ready-48] [INFO] [1791303738.817046993] [wait_for_sim]: [sim] waiting for nodes=['controller_manager'] services=['/controller_manager/set_parameters'] answering=['/controller_manager/list_controllers'] topics=['/scan'] (timeout 300s)
[planner_server-51] [INFO] [1791303738.830044522] [global_costmap.global_costmap]: StaticLayer: Resizing costmap to 1006 X 1674 at 0.030000 m/pix
[parameter_bridge-26] [INFO] [1791303738.980555724] [hmi_led_msg_bridge]: Creating ROS->GZ Bridge: [/hmi/led/power (std_msgs/msg/Int32) -> /hmi/led/power (gz.msgs.Int32)] (Lazy 0)
[parameter_bridge-26] [INFO] [1791303738.984804224] [hmi_led_msg_bridge]: Creating ROS->GZ Bridge: [/hmi/led/motors (std_msgs/msg/Int32) -> /hmi/led/motors (gz.msgs.Int32)] (Lazy 0)
[parameter_bridge-26] [INFO] [1791303738.988931148] [hmi_led_msg_bridge]: Creating ROS->GZ Bridge: [/hmi/led/comms (std_msgs/msg/Int32) -> /hmi/led/comms (gz.msgs.Int32)] (Lazy 0)
[lifecycle_manager-59] [INFO] [1791303738.992146414] [lifecycle_manager_navigation]: [34m[1mConfiguring behavior_server[0m[0m
[behavior_server-53] [INFO] [1791303738.997028516] [behavior_server]: Configuring
[parameter_bridge-26] [INFO] [1791303739.000832166] [hmi_led_msg_bridge]: Creating ROS->GZ Bridge: [/hmi/led/wifi (std_msgs/msg/Int32) -> /hmi/led/wifi (gz.msgs.Int32)] (Lazy 0)
[parameter_bridge-24] [INFO] [1791303739.009256650] [hmi_display_msg_bridge]: Passing message from ROS std_msgs/msg/Int32 to Gazebo gz.msgs.Int32 (showing msg only once per type)
[parameter_bridge-24] [INFO] [1791303739.009314860] [hmi_display_msg_bridge]: Passing message from ROS std_msgs/msg/String to Gazebo gz.msgs.StringMsg (showing msg only once per type)
[parameter_bridge-26] [INFO] [1791303739.009918738] [hmi_led_msg_bridge]: Creating ROS->GZ Bridge: [/hmi/led/battery (std_msgs/msg/Int32) -> /hmi/led/battery (gz.msgs.Int32)] (Lazy 0)
[parameter_bridge-26] [INFO] [1791303739.015019071] [hmi_led_msg_bridge]: Creating ROS->GZ Bridge: [/hmi/led/user1 (std_msgs/msg/Int32) -> /hmi/led/user1 (gz.msgs.Int32)] (Lazy 0)
[parameter_bridge-14] [INFO] [1791303739.017467486] [cliff_side_left_bridge]: Creating GZ->ROS Bridge: [/world/warehouse/model/turtlebot4/link/base_link/sensor/cliff_side_left/scan (gz.msgs.LaserScan) -> /world/warehouse/model/turtlebot4/link/base_link/sensor/cliff_side_left/scan (sensor_msgs/msg/LaserScan)] (Lazy 0)
[parameter_bridge-26] [INFO] [1791303739.026249249] [hmi_led_msg_bridge]: Creating ROS->GZ Bridge: [/hmi/led/user2 (std_msgs/msg/Int32) -> /hmi/led/user2 (gz.msgs.Int32)] (Lazy 0)
[parameter_bridge-26] [INFO] [1791303739.028712224] [hmi_led_msg_bridge]: Passing message from ROS std_msgs/msg/Int32 to Gazebo gz.msgs.Int32 (showing msg only once per type)
[behavior_server-53] [INFO] [1791303739.031681202] [behavior_server]: Creating behavior plugin spin of type nav2_behaviors::Spin
[parameter_bridge-23] [INFO] [1791303739.033772558] [buttons_msg_bridge]: Creating GZ->ROS Bridge: [/create3_buttons (gz.msgs.Int32) -> /create3_buttons (std_msgs/msg/Int32)] (Lazy 0)
[behavior_server-53] [INFO] [1791303739.034076153] [behavior_server]: Creating behavior plugin backup of type nav2_behaviors::BackUp
[behavior_server-53] [INFO] [1791303739.036510319] [behavior_server]: Creating behavior plugin drive_on_heading of type nav2_behaviors::DriveOnHeading
[behavior_server-53] [INFO] [1791303739.038973887] [behavior_server]: Creating behavior plugin assisted_teleop of type nav2_behaviors::AssistedTeleop
[behavior_server-53] [INFO] [1791303739.041322900] [behavior_server]: Creating behavior plugin wait of type nav2_behaviors::Wait
[behavior_server-53] [INFO] [1791303739.051860902] [behavior_server]: Configuring spin
[behavior_server-53] [INFO] [1791303739.064172216] [behavior_server]: Configuring backup
[behavior_server-53] [INFO] [1791303739.085802847] [behavior_server]: Configuring drive_on_heading
[spawner-31] [INFO] [1791303739.117055074] [spawner_joint_state_broadcaster]: waiting for service /controller_manager/list_controllers to become available...
[behavior_server-53] [INFO] [1791303739.143600185] [behavior_server]: Configuring assisted_teleop
[behavior_server-53] [INFO] [1791303739.162669782] [behavior_server]: Configuring wait
[lifecycle_manager-59] [INFO] [1791303739.169512854] [lifecycle_manager_navigation]: [34m[1mConfiguring velocity_smoother[0m[0m
[velocity_smoother-56] [INFO] [1791303739.169736686] [velocity_smoother]: Configuring velocity smoother
[lifecycle_manager-59] [INFO] [1791303739.180492600] [lifecycle_manager_navigation]: [34m[1mConfiguring collision_monitor[0m[0m
[collision_monitor-57] [INFO] [1791303739.190962629] [collision_monitor]: Configuring
[collision_monitor-57] [INFO] [1791303739.219071466] [collision_monitor]: [scan]: Creating Scan
[collision_monitor-57] [INFO] [1791303739.225113254] [collision_monitor]: [FootprintApproach]: Creating Polygon
[collision_monitor-57] [INFO] [1791303739.225270282] [collision_monitor]: [FootprintApproach]: Polygon points are not defined. Using dynamic subscription instead.
[collision_monitor-57] [INFO] [1791303739.225843059] [collision_monitor]: [FootprintApproach]: Making footprint subscriber on local_costmap/published_footprint topic
[lifecycle_manager-59] [INFO] [1791303739.245404436] [lifecycle_manager_navigation]: [34m[1mConfiguring bt_navigator[0m[0m
[bt_navigator-54] [INFO] [1791303739.245632857] [bt_navigator]: Configuring
[bt_navigator-54] [INFO] [1791303739.257086825] [bt_navigator]: Creating navigator id navigate_to_pose of type nav2_bt_navigator::NavigateToPoseNavigator
[gazebo-1] [1;36m[Dbg] [gz.cc:166] [0m[1;36mSubscribing to [[0m[1;36m/gazebo/starting_world[0m[1;36m].[0m[1;36m[0m
[gazebo-1] [1;36m[Dbg] [gz.cc:168] [0m[1;36mWaiting for a world to be set from the GUI...[0m[1;36m[0m
[gazebo-1] [1;32m[Msg] [0m[1;32mReceived world [[0m[1;32mwarehouse.sdf[0m[1;32m] from the GUI.[0m[1;32m[0m
[gazebo-1] [1;36m[Dbg] [gz.cc:172] [0m[1;36mUnsubscribing from [[0m[1;36m/gazebo/starting_world[0m[1;36m].[0m[1;36m[0m
[gazebo-1] [1;32m[Msg] [0m[1;32mGazebo Sim Server v[0m[1;32m8.10.0[0m[1;32m[0m
[gazebo-1] [1;32m[Msg] [0m[1;32mLoading SDF world file[[0m[1;32m/home/y/u/yunqiao/IROB_Mobile_Robot_Project/install/turtlebot4_gz_bringup/share/turtlebot4_gz_bringup/worlds/warehouse.sdf[0m[1;32m].[0m
[gazebo-1] [1;32m[Msg] [0m[1;32mServing entity system service on [[0m[1;32m/[0m[1;32mentity/system/add[0m[1;32m][0m[1;32m[0m
[gazebo-1] [1;36m[Dbg] [Physics.cc:899] [0m[1;36mLoaded [[0m[1;36mgz::physics::dartsim::Plugin[0m[1;36m] from library [[0m[1;36m/afs/kth.se/misc/info/kurser/DD2410/ht26/pixi/IROB/.pixi/envs/default/lib/gz-physics-7/engine-plugins/libgz-physics-dartsim-plugin.so[0m[1;36m][0m[1;36m[0m
[gazebo-1] [1;36m[Dbg] [SystemManager.cc:80] [0m[1;36mLoaded system [[0m[1;36mgz::sim::systems::Physics[0m[1;36m] for entity [[0m[1;36m1[0m[1;36m][0m[1;36m[0m
[gazebo-1] [1;32m[Msg] [0m[1;32mCreate[0m[1;32m service on [[0m[1;32m/world/warehouse/create_multiple[0m[1;32m] (async)[0m[1;32m[0m
[gazebo-1] [1;32m[Msg] [0m[1;32mCreate[0m[1;32m service on [[0m[1;32m/world/warehouse/create_multiple/blocking[0m[1;32m] (blocking)[0m[1;32m[0m
[gazebo-1] [1;32m[Msg] [0m[1;32mRemove[0m[1;32m service on [[0m[1;32m/world/warehouse/remove[0m[1;32m] (async)[0m[1;32m[0m
[gazebo-1] [1;32m[Msg] [0m[1;32mRemove[0m[1;32m service on [[0m[1;32m/world/warehouse/remove/blocking[0m[1;32m] (blocking)[0m[1;32m[0m
[gazebo-1] [1;32m[Msg] [0m[1;32mPose[0m[1;32m service on [[0m[1;32m/world/warehouse/set_pose[0m[1;32m] (async)[0m[1;32m[0m
[gazebo-1] [1;32m[Msg] [0m[1;32mPose[0m[1;32m service on [[0m[1;32m/world/warehouse/set_pose/blocking[0m[1;32m] (blocking)[0m[1;32m[0m
[gazebo-1] [1;32m[Msg] [0m[1;32mPose[0m[1;32m service on [[0m[1;32m/world/warehouse/set_pose_vector[0m[1;32m] (async)[0m[1;32m[0m
[gazebo-1] [1;32m[Msg] [0m[1;32mPose[0m[1;32m service on [[0m[1;32m/world/warehouse/set_pose_vector/blocking[0m[1;32m] (blocking)[0m[1;32m[0m
[gazebo-1] [1;32m[Msg] [0m[1;32mLight configuration[0m[1;32m service on [[0m[1;32m/world/warehouse/light_config[0m[1;32m] (async)[0m[1;32m[0m
[gazebo-1] [1;32m[Msg] [0m[1;32mLight configuration[0m[1;32m service on [[0m[1;32m/world/warehouse/light_config/blocking[0m[1;32m] (blocking)[0m[1;32m[0m
[gazebo-1] [1;32m[Msg] [0m[1;32mPhysics[0m[1;32m service on [[0m[1;32m/world/warehouse/set_physics[0m[1;32m] (async)[0m[1;32m[0m
[gazebo-1] [1;32m[Msg] [0m[1;32mPhysics[0m[1;32m service on [[0m[1;32m/world/warehouse/set_physics/blocking[0m[1;32m] (blocking)[0m[1;32m[0m
[gazebo-1] [1;32m[Msg] [0m[1;32mSphericalCoordinates[0m[1;32m service on [[0m[1;32m/world/warehouse/set_spherical_coordinates[0m[1;32m] (async)[0m[1;32m[0m
[gazebo-1] [1;32m[Msg] [0m[1;32mSphericalCoordinates[0m[1;32m service on [[0m[1;32m/world/warehouse/set_spherical_coordinates/blocking[0m[1;32m] (blocking)[0m[1;32m[0m
[gazebo-1] [1;32m[Msg] [0m[1;32mEnable collision[0m[1;32m service on [[0m[1;32m/world/warehouse/enable_collision[0m[1;32m] (async)[0m[1;32m[0m
[gazebo-1] [1;32m[Msg] [0m[1;32mEnable collision[0m[1;32m service on [[0m[1;32m/world/warehouse/enable_collision/blocking[0m[1;32m] (blocking)[0m[1;32m[0m
[gazebo-1] [1;32m[Msg] [0m[1;32mDisable collision[0m[1;32m service on [[0m[1;32m/world/warehouse/disable_collision[0m[1;32m] (async)[0m[1;32m[0m
[gazebo-1] [1;32m[Msg] [0m[1;32mDisable collision[0m[1;32m service on [[0m[1;32m/world/warehouse/disable_collision/blocking[0m[1;32m] (blocking)[0m[1;32m[0m
[gazebo-1] [1;32m[Msg] [0m[1;32mMaterial[0m[1;32m service on [[0m[1;32m/world/warehouse/visual_config[0m[1;32m] (async)[0m[1;32m[0m
[wait_for_ready-47] [WARN] [1791303739.333922950] [wait_for_rviz]: New publisher discovered on topic '/clock', offering incompatible QoS. No messages will be received from it. Last incompatible policy: DURABILITY
[bt_navigator-54] [INFO] [1791303739.334514089] [bt_navigator]: Creating navigator id navigate_through_poses of type nav2_bt_navigator::NavigateThroughPosesNavigator
[wait_for_ready-47] [WARN] [1791303739.336462470] [wait_for_rviz]: New publisher discovered on topic '/scan', offering incompatible QoS. No messages will be received from it. Last incompatible policy: DURABILITY
[parameter_bridge-27] [WARN] [1791303739.340626684] [lidar_bridge]: New subscription discovered on topic '/scan', requesting incompatible QoS. No messages will be sent to it. Last incompatible policy: DURABILITY_QOS_POLICY
[wait_for_ready-48] [WARN] [1791303739.344842183] [wait_for_sim]: New publisher discovered on topic '/scan', offering incompatible QoS. No messages will be received from it. Last incompatible policy: DURABILITY
[lifecycle_manager-59] [INFO] [1791303739.370381131] [lifecycle_manager_navigation]: [34m[1mConfiguring waypoint_follower[0m[0m
[parameter_bridge-27] [WARN] [1791303739.438264348] [lidar_bridge]: New subscription discovered on topic '/scan', requesting incompatible QoS. No messages will be sent to it. Last incompatible policy: DURABILITY_QOS_POLICY
[create-7] [INFO] [1791303739.498531434] [ros_gz_sim]: Waiting messages on topic [standard_dock_description].
[create-6] [INFO] [1791303739.572595943] [ros_gz_sim]: Waiting messages on topic [robot_description].
[gazebo-1] [1;32m[Msg] [0m[1;32mMaterial[0m[1;32m service on [[0m[1;32m/world/warehouse/visual_config/blocking[1;32m[Msg] [0m[1;32mGazebo Sim GUI    v[0m[1;32m8.10.0[0m[1;32m[0m
[gazebo-1] [1;32m[Msg] [0m[1;32mDetected Wayland. Setting Qt to use the xcb plugin: [0m[1;32m'QT_QPA_PLATFORM=xcb'.[0m[1;32m[0m
[gazebo-1] [1;36m[Dbg] [Gui.cc:275] [0m[1;36mWaiting for subscribers to [[0m[1;36m/gazebo/starting_world[0m[1;36m]...[0m[1;36m[0m
[gazebo-1] [1;36m[Dbg] [Application.cc:96] [0m[1;36mInitializing application.[0m[1;36m[0m
[gazebo-1] [1;36m[Dbg] [Application.cc:170] [0m[1;36mQt using OpenGL graphics interface[0m[1;36m[0m
[gazebo-1] [1;36m[GUI] [Dbg] [Application.cc:657] [0m[1;36mCreate main window[0m[1;36m[0m
[gazebo-1] [1;36m[GUI] [Dbg] [PathManager.cc:68] [0m[1;36mRequesting resource paths through [[0m[1;36m/gazebo/resource_paths/get[0m[1;36m][0m[1;36m[0m
[gazebo-1] [1;36m[GUI] [Dbg] [Gui.cc:355] [0m[1;36mGUI requesting list of world names. The server may be busy [0m[1;36mdownloading resources. Please be patient.[0m[1;36m[0m
[gazebo-1] [1;36m[GUI] [Dbg] [GuiRunner.cc:149] [0m[1;36mRequesting initial state from [[0m[1;36m/world/warehouse/state[0m[1;36m]...[0m[1;36m[0m
[gazebo-1] [1;32m[GUI] [0m[1;32m[Msg] [0m[1;32mLoading config [[0m[1;32m/home/y/u/yunqiao/IROB_Mobile_Robot_Project/install/turtlebot4_gz_bringup/share/turtlebot4_gz_bringup/gui/standard/gui.config[0m[1;32m][0m[1;32m[0m
[gazebo-1] [1;36m[GUI] [Dbg] [Application.cc:528] [0m[1;36mLoading plugin [[0m[1;36mMinimalScene[0m[1;36m][0m[1;36m[0m
[gazebo-1] [1;36m[GUI] [Dbg] [MinimalScene.cc:802] [0m[1;36mCreating gz-rendering interface for OpenGL[0m[1;36m[0m
[gazebo-1] [1;36m[GUI] [Dbg] [MinimalScene.cc:802] [0m[1;36mCreating gz-rendering interface for OpenGL[0m[1;36m[0m
[gazebo-1] [1;36m[GUI] [Dbg] [MinimalScene.cc:986] [0m[1;36mCreating render thread interface for OpenGL[0m[1;36m[0m
[gazebo-1] [1;36m[GUI] [Dbg] [MinimalScene.cc:802] [0m[1;36mCreating gz-rendering interface for OpenGL[0m[1;36m[0m
[gazebo-1] [1;36m[GUI] [Dbg] [MinimalScene.cc:986] [0m[1;36mCreating render thread interface for OpenGL[0m[1;36m[0m
[gazebo-1] [1;32m[GUI] [0m[1;32m[Msg] [0m[1;32mAdded plugin [[0m[1;32m3D View[0m[1;32m] to main window[0m[1;32m[0m
[gazebo-1] [1;32m[GUI] [0m[1;32m[Msg] [0m[1;32mLoaded plugin [[0m[1;32mMinimalScene[0m[1;32m] from path [[0m[1;32m/afs/kth.se/misc/info/kurser/DD2410/ht26/pixi/IROB/.pixi/envs/default/lib/gz-gui-8/plugins/libMinimalScene.so[0m[1;32m][0m[1;32m[0m
[gazebo-1] [1;36m[GUI] [Dbg] [Application.cc:528] [0m[1;36mLoading plugin [[0m[1;36mGzSceneManager[0m[1;36m][0m[1;36m[0m
[gazebo-1] [1;32m[GUI] [0m[1;32m[Msg] [0m[1;32mAdded plugin [[0m[1;32mScene Manager[0m[1;32m] to main window[0m[1;32m[0m
[gazebo-1] [1;32m[GUI] [0m[1;32m[Msg] [0m[1;32mLoaded plugin [[0m[1;32mGzSceneManager[0m[1;32m] from path [[0m[1;32m/afs/kth.se/misc/info/kurser/DD2410/ht26/pixi/IROB/.pixi/envs/default/lib/gz-sim-8/plugins/gui/libGzSceneManager.so[0m[1;32m][0m[1;32m[0m
[gazebo-1] [1;36m[GUI] [Dbg] [Application.cc:528] [0m[1;36mLoading plugin [[0m[1;36mInteractiveViewControl[0m[1;36m][0m[1;36m[0m
[gazebo-1] [1;32m[GUI] [0m[1;32m[Msg] [0m[1;32mCamera view controller topic advertised on [[0m[1;32m/gui/camera/view_control[0m[1;32m][0m[1;32m[0m
[gazebo-1] [1;32m[GUI] [0m[1;32m[Msg] [0m[1;32mCamera reference visual topic advertised on [[0m[1;32m/gui/camera/view_control/reference_visual[0m[1;32m][0m[1;32m[0m
[gazebo-1] [1;32m[GUI] [0m[1;32m[Msg] [0m[1;32mCamera view control sensitivity advertised on [[0m[1;32m/gui/camera/view_control/sensitivity[0m[1;32m][0m[1;32m[0m
[gazebo-1] [1;32m[GUI] [0m[1;32m[Msg] [0m[1;32mAdded plugin [[0m[1;32mInteractive view control[0m[1;32m] to main window[0m[1;32m[0m
[gazebo-1] [1;32m[GUI] [0m[1;32m[Msg] [0m[1;32mLoaded plugin [[0m[1;32mInteractiveViewControl[0m[1;32m] from path [[0m[1;32m/afs/kth.se/misc/info/kurser/DD2410/ht26/pixi/IROB/.pixi/envs/default/lib/gz-gui-8/plugins/libInteractiveViewControl.so[0m[1;32m][0m[1;32m[0m
[gazebo-1] [1;36m[GUI] [Dbg] [Application.cc:528] [0m[1;36mLoading plugin [[0m[1;36mWorldControl[0m[1;36m][0m[1;36m[0m
[gazebo-1] [1;36m[GUI] [Dbg] [PathManager.cc:57] [0m[1;36mReceived resource paths.[0m[1;36m[0m
[parameter_bridge-46] [INFO] [1791303739.715346812] [odom_gt_bridge]: Creating GZ->ROS Bridge: [/model/turtlebot4/odometry (gz.msgs.Odometry) -> /odom_gt (nav_msgs/msg/Odometry)] (Lazy 0)
[parameter_bridge-2] [WARN] [1791303739.722759946] [clock_bridge]: New subscription discovered on topic '/clock', requesting incompatible QoS. No messages will be sent to it. Last incompatible policy: DURABILITY_QOS_POLICY
[parameter_bridge-46] [INFO] [1791303739.723476930] [odom_gt_bridge]: Creating GZ->ROS Bridge: [/model/turtlebot4/pose (gz.msgs.Pose_V) -> /tf (tf2_msgs/msg/TFMessage)] (Lazy 0)
[gazebo-1] [1;33m[GUI] [Wrn] [Application.cc:908] [0m[1;33m[QT] file::/Turtlebot4Hmi/Turtlebot4Hmi.qml:102:7: Unable to assign [undefined] to QString[0m[1;33m[0m
[waypoint_follower-55] [INFO] [1791303739.828273228] [waypoint_follower]: Configuring
[create-7] [INFO] [1791303739.849223469] [ros_gz_sim]: Entity creation successful.
[waypoint_follower-55] [INFO] [1791303739.925496426] [waypoint_follower]: Created waypoint_task_executor : wait_at_waypoint of type nav2_waypoint_follower::WaitAtWaypoint
[lifecycle_manager-59] [INFO] [1791303739.929952758] [lifecycle_manager_navigation]: [34m[1mConfiguring docking_server[0m[0m
[opennav_docking-58] [INFO] [1791303739.930849528] [docking_server]: Configuring docking_server
[opennav_docking-58] [INFO] [1791303739.930891179] [docking_server]: Controller frequency set to 50.0000Hz
[gazebo-1] [1;33m[GUI] [Wrn] [Application.cc:908] [0m[1;33m[QT] file::/WorldStats/WorldStats.qml:53:3: QML RowLayout: Binding loop detected for property "x"[0m[1;33m[0m
[INFO] [create-7]: process has finished cleanly [pid 27220]
[create-6] [INFO] [1791303740.077304214] [ros_gz_sim]: Entity creation successful.
[opennav_docking-58] [INFO] [1791303740.103383864] [docking_server]: Created charging dock plugin simple_charging_dock of type opennav_docking::SimpleChargingDock
[opennav_docking-58] [WARN] [1791303740.147572006] [docking_server]: Dock database filepath nor dock parameters set. Docking actions can only be executed specifying the dock pose via the action request. Or update the dock database via the reload_database service.
[opennav_docking-58] [INFO] [1791303740.148125602] [docking_server]: Docking Server has 1 dock types and 0 dock instances available.
[lifecycle_manager-59] [INFO] [1791303740.161678312] [lifecycle_manager_navigation]: [34m[1mActivating controller_server[0m[0m
[controller_server-49] [INFO] [1791303740.163018198] [controller_server]: Activating
[controller_server-49] [INFO] [1791303740.163063504] [local_costmap.local_costmap]: Activating
[controller_server-49] [INFO] [1791303740.163977718] [local_costmap.local_costmap]: Checking transform
[controller_server-49] [INFO] [1791303740.164006623] [local_costmap.local_costmap]: Timed out waiting for transform from base_link to odom to become available, tf error: Could not find a connection between 'odom' and 'base_link' because they are not part of the same tree.Tf has two or more unconnected trees.
[gazebo-1] [1;32m[GUI] [0m[1;32m[Msg] [0m[1;32mUsing world control service [[0m[1;32m/world/warehouse/control[0m[1;32m][0m[1;32m[0m
[gazebo-1] [1;32m[GUI] [0m[1;32m[Msg] [0m[1;32mListening to stats on [[0m[1;32m/world/warehouse/stats[0m[1;32m][0m[1;32m[0m
[gazebo-1] [1;36m[GUI] [Dbg] [WorldControl.cc:237] [0m[1;36mUsing an event to share WorldControl msgs with the server[0m
[gazebo-1] [1;32m[GUI] [0m[1;32m[Msg] [0m[1;32mAdded plugin [[0m[1;32mWorld control[0m[1;32m] to main window[0m[1;32m[0m
[gazebo-1] [1;32m[GUI] [0m[1;32m[Msg] [0m[1;32mLoaded plugin [[0m[1;32mWorldControl[0m[1;32m] from path [[0m[1;32m/afs/kth.se/misc/info/kurser/DD2410/ht26/pixi/IROB/.pixi/envs/default/lib/gz-gui-8/plugins/libWorldControl.so[0m[1;32m][0m[1;32m[0m
[gazebo-1] [1;36m[GUI] [Dbg] [Application.cc:528] [0m[1;36mLoading plugin [[0m[1;36mWorldStats[0m[1;36m][0m[1;36m[0m
[gazebo-1] [1;32m[GUI] [0m[1;32m[Msg] [0m[1;32mListening to stats on [[0m[1;32m/world/warehouse/stats[0m[1;32m][0m[1;32m[0m
[gazebo-1] [1;32m[GUI] [0m[1;32m[Msg] [0m[1;32mAdded plugin [[0m[1;32mWorld stats[0m[1;32m] to main window[0m[1;32m[0m
[gazebo-1] [1;32m[GUI] [0m[1;32m[Msg] [0m[1;32mLoaded plugin [[0m[1;32mWorldStats[0m[1;32m] from path [[0m[1;32m/afs/kth.se/misc/info/kurser/DD2410/ht26/pixi/IROB/.pixi/envs/default/lib/gz-gui-8/plugins/libWorldStats.so[0m[1;32m][0m[1;32m[0m
[gazebo-1] [1;36m[GUI] [Dbg] [Application.cc:528] [0m[1;36mLoading plugin [[0m[1;36mTransformControl[0m[1;36m][0m[1;36m[0m
[gazebo-1] [1;32m[GUI] [0m[1;32m[Msg] [0m[1;32mAdded plugin [[0m[1;32mTransform control[0m[1;32m] to main window[0m[1;32m[0m
[gazebo-1] [1;32m[GUI] [0m[1;32m[Msg] [0m[1;32mLoaded plugin [[0m[1;32mTransformControl[0m[1;32m] from path [[0m[1;32m/afs/kth.se/misc/info/kurser/DD2410/ht26/pixi/IROB/.pixi/envs/default/lib/gz-sim-8/plugins/gui/libTransformControl.so[0m[1;32m][0m[1;32m[0m
[gazebo-1] [1;36m[GUI] [Dbg] [Application.cc:528] [0m[1;36mLoading plugin [[0m[1;36mShapes[0m[1;36m][0m[1;36m[0m
[gazebo-1] [1;32m[GUI] [0m[1;32m[Msg] [0m[1;32mAdded plugin [[0m[1;32mShapes[0m[1;32m] to main window[0m[1;32m[0m
[gazebo-1] [1;32m[GUI] [0m[1;32m[Msg] [0m[1;32mLoaded plugin [[0m[1;32mShapes[0m[1;32m] from path [[0m[1;32m/afs/kth.se/misc/info/kurser/DD2410/ht26/pixi/IROB/.pixi/envs/default/lib/gz-sim-8/plugins/gui/libShapes.so[0m[1;32m][0m[1;32m[0m
[gazebo-1] [1;36m[GUI] [Dbg] [Application.cc:528] [0m[1;36mLoading plugin [[0m[1;36mTurtlebot4Hmi[0m[1;36m][0m[1;36m[0m
[gazebo-1] [1;32m[GUI] [0m[1;32m[Msg] [0m[1;32mAdded plugin [[0m[1;32mTurtlebot4 HMI[0m[1;32m] to main window[0m[1;32m[0m
[gazebo-1] [1;32m[GUI] [0m[1;32m[Msg] [0m[1;32mLoaded plugin [[0m[1;32mTurtlebot4Hmi[0m[1;32m] from path [[0m[1;32m/home/y/u/yunqiao/IROB_Mobile_Robot_Project/install/turtlebot4_gz_gui_plugins/share/turtlebot4_gz_gui_plugins/lib/libTurtlebot4Hmi.so[0m[1;32m][0m[1;32m[0m
[gazebo-1] [1;36m[GUI] [Dbg] [Application.cc:528] [0m[1;36mLoading plugin [[0m[1;36mTeleop[0m[1;36m][0m[1;36m[0m
[gazebo-1] [1;32m[GUI] [0m[1;32m[Msg] [0m[1;32mA new topic has been entered: '[0m[1;32m/cmd_vel[0m[1;32m ' [0m[1;32m[0m
[gazebo-1] [1;32m[GUI] [0m[1;32m[Msg] [0m[1;32mAdded plugin [[0m[1;32mTeleop[0m[1;32m] to main window[0m[1;32m[0m
[gazebo-1] [1;32m[GUI] [0m[1;32m[Msg] [0m[1;32mLoaded plugin [[0m[1;32mTeleop[0m[1;32m] from path [[0m[1;32m/afs/kth.se/misc/info/kurser/DD2410/ht26/pixi/IROB/.pixi/envs/default/lib/gz-gui-8/plugins/libTeleop.so[0m[1;32m][0m[1;32m[0m
[gazebo-1] [1;36m[GUI] [Dbg] [Application.cc:671] [0m[1;36mApplying config[0m[1;36m[0m
[gazebo-1] [1;36m[GUI] [Dbg] [MinimalScene.cc:802] [0m[1;36mCreating gz-rendering interface for OpenGL[0m[1;36m[0m
[gazebo-1] [1;36m[GUI] [Dbg] [MinimalScene.cc:986] [0m[1;36mCreating render thread interface for OpenGL[0m[1;36m[0m
[gazebo-1] [1;32m[GUI] [0m[1;32m[Msg] [0m[1;32mLoading plugin [[0m[1;32mgz-rendering-ogre2[0m[1;32m][0m[1;32m[0m
[gazebo-1] [1;36m[GUI] [Dbg] [MinimalScene.cc:749] [0m[1;36mCreate scene [[0m[1;36mscene[0m[1;36m][0m[1;36m[0m
[gazebo-1] [1;36m[GUI] [Dbg] [MinimalScene.cc:1037] [0m[1;36mCreating texture node render interface for OpenGL[0m[1;36m[0m
[INFO] [create-6]: process has finished cleanly [pid 27218]
[gazebo-1] [1;36m[GUI] [Dbg] [TransformControl.cc:453] [0m[1;36mTransformControl [0m[1;32m] (blocking)[0m[1;32m[0m
[gazebo-1] [1;32m[Msg] [0m[1;32mMaterial[0m[1;32m service on [[0m[1;32m/world/warehouse/wheel_slip[0m[1;32m] (async)[0m[1;32m[0m
[gazebo-1] [1;32m[Msg] [0m[1;32mMaterial[0m[1;32m service on [[0m[1;32m/world/warehouse/wheel_slip/blocking[0m[1;32m] (blocking)[0m[1;32m[0m
[gazebo-1] [1;36m[Dbg] [SystemManager.cc:80] [0m[1;36mLoaded system [[0m[1;36mgz::sim::systems::UserCommands[0m[1;36m] for entity [[0m[1;36m1[0m[1;36m][0m[1;36m[0m
[gazebo-1] [1;36m[Dbg] [SystemManager.cc:80] [0m[1;36mLoaded system [[0m[1;36mgz::sim::systems::SceneBroadcaster[0m[1;36m] for entity [[0m[1;36m1[0m[1;36m][0m[1;36m[0m
[gazebo-1] [1;36m[Dbg] [SystemManager.cc:80] [0m[1;36mLoaded system [[0m[1;36mgz::sim::systems::Contact[0m[1;36m] for entity [[0m[1;36m1[0m[1;36m][0m[1;36m[0m
[gazebo-1] [1;32m[Msg] [0m[1;32mLoaded level [[0m[1;32mdefault[0m[1;32m][0m[1;32m[0m
[gazebo-1] [1;32m[Msg] [0m[1;32mServing world controls on [[0m[1;32m/world/warehouse[0m[1;32m/control], [[0m[1;32m/world/warehouse[0m[1;32m/control/state] and [[0m[1;32m/world/warehouse[0m[1;32m/playback/control][0m[1;32m[0m
[gazebo-1] [1;32m[Msg] [0m[1;32mServing GUI information on [[0m[1;32m/world/warehouse[0m[1;32m/[0m[1;32mgui/info[0m[1;32m][0m[1;32m[0m
[gazebo-1] [1;32m[Msg] [0m[1;32mWorld [[0m[1;32mwarehouse[0m[1;32m] initialized with [[0m[1;32mdefault_physics[0m[1;32m] physics profile.[0m[1;32m[0m
[gazebo-1] [1;32m[Msg] [0m[1;32mServing world SDF generation service on [[0m[1;32m/world/warehouse[0m[1;32m/[0m[1;32mgenerate_world_sdf[0m[1;32m][0m[1;32m[0m
[gazebo-1] [1;32m[Msg] [0m[1;32mServing world names on [[0m[1;32m/gazebo/worlds[0m[1;32m][0m[1;32m[0m
[gazebo-1] [1;32m[Msg] [0m[1;32mResource path add service on [[0m[1;32m/gazebo/resource_paths/add[0m[1;32m].[0m[1;32m[0m
[gazebo-1] [1;32m[Msg] [0m[1;32mResource path get service on [[0m[1;32m/gazebo/resource_paths/get[0m[1;32m].[0m[1;32m[0m
[gazebo-1] [1;32m[Msg] [0m[1;32mResource path resolve service on [[0m[1;32m/gazebo/resource_paths/resolve[0m[1;32m].[0m[1;32m[0m
[gazebo-1] [1;32m[Msg] [0m[1;32mResource paths published on [[0m[1;32m/gazebo/resource_paths[0m[1;32m].[0m[1;32m[0m
[gazebo-1] [1;32m[Msg] [0m[1;32mServer control service on [[0m[1;32m/server_control[0m[1;32m].[0m[1;32m[0m
[gazebo-1] [1;32m[Msg] [0m[1;32mFound no publishers on /stats, adding root stats topic[0m[1;32m[0m
[gazebo-1] [1;32m[Msg] [0m[1;32mFound no publishers on /clock, adding root clock topic[0m[1;32m[0m
[gazebo-1] [1;36m[Dbg] [SimulationRunner.cc:533] [0m[1;36mCreating PostUpdate worker threads: [0m[1;36m3[0m[1;36m[0m
[gazebo-1] [1;36m[Dbg] [SimulationRunner.cc:544] [0m[1;36mCreating postupdate worker thread ([0m[1;36m0[0m[1;36m)[0m[1;36m[0m
[gazebo-1] [1;36m[Dbg] [SimulationRunner.cc:544] [0m[1;36mCreating postupdate worker thread ([0m[1;36m1[0m[1;36m)[0m[1;36m[0m
[gazebo-1] [1;36m[Dbg] [SystemManager.cc:80] [0m[1;36mLoaded system [[0m[1;36mgz::sim::systems::PosePublisher[0m[1;36m] for entity [[0m[1;36m148[0m[1;36m][0m[1;36m[0m
[gazebo-1] [1;36m[Dbg] [UserCommands.cc:1094] [0m[1;36mCreated entity [[0m[1;36m148[0m[1;36m] named [[0m[1;36mstandard_dock[0m[1;36m][0m[1;36m[0m
[gazebo-1] [1;33mWarning [Utils.cc:132][0m [/sdf/model[@name="tb4_lite6"]/joint[@name="wheel_drop_left_joint"]/physics/ode/provide_feedback:<urdf-string>:L0]: XML Element[provide_feedback], child of element[ode], not defined in SDF. Copying[provide_feedback] as children of [ode].
[gazebo-1] [1;33mWarning [Utils.cc:132][0m [/sdf/model[@name="tb4_lite6"]/joint[@name="wheel_drop_right_joint"]/physics/ode/provide_feedback:<urdf-string>:L0]: XML Element[provide_feedback], child of element[ode], not defined in SDF. Copying[provide_feedback] as children of [ode].
[gazebo-1] [1;33m[Wrn] [SdfEntityCreator.cc:933] [0m[1;33mGazebo does not support Ogre material scripts. See [0m[1;33mhttps://gazebosim.org/api/sim/8/migrationsdf.html#:~:text=Materials [0m[1;33mfor details.[0m[1;33m[0m
[gazebo-1] [1;33m[Wrn] [SdfEntityCreator.cc:949] [0m[1;33mUsing an internal gazebo.material to parse [0m[1;33mGazebo/DarkGrey[0m[1;33m[0m
[gazebo-1] [1;33m[Wrn] [SdfEntityCreator.cc:933] [0m[1;33mGazebo does not support Ogre material scripts. See [0m[1;33mhttps://gazebosim.org/api/sim/8/migrationsdf.html#:~:text=Materials [0m[1;33mfor details.[0m[1;33m[0m
[gazebo-1] [1;33m[Wrn] [SdfEntityCreator.cc:949] [0m[1;33mUsing an internal gazebo.material to parse [0m[1;33mGazebo/DarkGrey[0m[1;33m[0m
[gazebo-1] [1;33m[Wrn] [SdfEntityCreator.cc:933] [0m[1;33mGazebo does not support Ogre material scripts. See [0m[1;33mhttps://gazebosim.org/api/sim/8/migrationsdf.html#:~:text=Materials [0m[1;33mfor details.[0m[1;33m[0m
[gazebo-1] [1;33m[Wrn] [SdfEntityCreator.cc:949] [0m[1;33mUsing an internal gazebo.material to parse [0m[1;33mGazebo/DarkGrey[0m[1;33m[0m
[gazebo-1] [1;33m[Wrn] [SdfEntityCreator.cc:933] [0m[1;33mGazebo does not support Ogre material scripts. See [0m[1;33mhttps://gazebosim.org/api/sim/8/migrationsdf.html#:~:text=Materials [0m[1;33mfor details.[0m[1;33m[0m
[gazebo-1] [1;33m[Wrn] [SdfEntityCreator.cc:949] [0m[1;33mUsing an internal gazebo.material to parse [0m[1;33mGazebo/DarkGrey[0m[1;33m[0m
[gazebo-1] [INFO] [1791303740.537826081] [gz_ros_control]: [gz_ros2_control] Fixed joint ['bumper_joint'] (Entity='270') is skipped.
[gazebo-1] [INFO] [1791303740.537867254] [gz_ros_control]: [gz_ros2_control] Fixed joint ['front_caster_joint'] (Entity='271') is skipped.
[gazebo-1] [INFO] [1791303740.537871969] [gz_ros_control]: [gz_ros2_control] Fixed joint ['front_left_bottom_weight_block_joint'] (Entity='272') is skipped.
[gazebo-1] [INFO] [1791303740.537875095] [gz_ros_control]: [gz_ros2_control] Fixed joint ['front_left_top_weight_block_joint'] (Entity='273') is skipped.
[gazebo-1] [INFO] [1791303740.537878796] [gz_ros_control]: [gz_ros2_control] Fixed joint ['front_right_bottom_weight_block_joint'] (Entity='274') is skipped.
[gazebo-1] [INFO] [1791303740.537881484] [gz_ros_control]: [gz_ros2_control] Fixed joint ['front_right_top_weight_block_joint'] (Entity='275') is skipped.
[gazebo-1] [INFO] [1791303740.537884057] [gz_ros_control]: [gz_ros2_control] Fixed joint ['imu_joint'] (Entity='276') is skipped.
[gazebo-1] [INFO] [1791303740.537886195] [gz_ros_control]: [gz_ros2_control] Fixed joint ['ir_intensity_front_center_left_joint'] (Entity='277') is skipped.
[gazebo-1] [INFO] [1791303740.537888731] [gz_ros_control]: [gz_ros2_control] Fixed joint ['ir_intensity_front_center_right_joint'] (Entity='278') is skipped.
[gazebo-1] [INFO] [1791303740.537891393] [gz_ros_control]: [gz_ros2_control] Fixed joint ['ir_intensity_front_left_joint'] (Entity='279') is skipped.
[gazebo-1] [INFO] [1791303740.537894471] [gz_ros_control]: [gz_ros2_control] Fixed joint ['ir_intensity_front_right_joint'] (Entity='280') is skipped.
[gazebo-1] [INFO] [1791303740.537897737] [gz_ros_control]: [gz_ros2_control] Fixed joint ['ir_intensity_left_joint'] (Entity='281') is skipped.
[gazebo-1] [INFO] [1791303740.537900216] [gz_ros_control]: [gz_ros2_control] Fixed joint ['ir_intensity_right_joint'] (Entity='282') is skipped.
[gazebo-1] [INFO] [1791303740.537902576] [gz_ros_control]: [gz_ros2_control] Fixed joint ['ir_intensity_side_left_joint'] (Entity='283') is skipped.
[gazebo-1] [INFO] [1791303740.537905171] [gz_ros_control]: [gz_ros2_control] Fixed joint ['ir_omni_joint'] (Entity='284') is skipped.
[gazebo-1] [INFO] [1791303740.537907246] [gz_ros_control]: [gz_ros2_control] Fixed joint ['mouse_joint'] (Entity='285') is skipped.
[gazebo-1] [INFO] [1791303740.537912032] [gz_ros_control]: [gz_ros2_control] Fixed joint ['arm_vacuum_gripper_fix'] (Entity='292') is skipped.
[gazebo-1] [INFO] [1791303740.537914540] [gz_ros_control]: [gz_ros2_control] Fixed joint ['front_left_tower_standoff_joint'] (Entity='293') is skipped.
[gazebo-1] [INFO] [1791303740.537917862] [gz_ros_control]: [gz_ros2_control] Fixed joint ['front_right_tower_standoff_joint'] (Entity='294') is skipped.
[gazebo-1] [INFO] [1791303740.537920177] [gz_ros_control]: [gz_ros2_control] Fixed joint ['oakd_camera_bracket_joint'] (Entity='295') is skipped.
[gazebo-1] [INFO] [1791303740.537922636] [gz_ros_control]: [gz_ros2_control] Fixed joint ['oakd_joint'] (Entity='296') is skipped.
[gazebo-1] [INFO] [1791303740.537924807] [gz_ros_control]: [gz_ros2_control] Fixed joint ['oakd_imu_joint'] (Entity='297') is skipped.
[gazebo-1] [INFO] [1791303740.537927271] [gz_ros_control]: [gz_ros2_control] Fixed joint ['oakd_left_camera_joint'] (Entity='298') is skipped.
[gazebo-1] [INFO] [1791303740.537930396] [gz_ros_control]: [gz_ros2_control] Fixed joint ['oakd_left_camera_optical_joint'] (Entity='299') is skipped.
[gazebo-1] [INFO] [1791303740.537932777] [gz_ros_control]: [gz_ros2_control] Fixed joint ['oakd_rgb_camera_joint'] (Entity='300') is skipped.
[gazebo-1] [INFO] [1791303740.537935062] [gz_ros_control]: [gz_ros2_control] Fixed joint ['oakd_rgb_camera_optical_joint'] (Entity='301') is skipped.
[gazebo-1] [INFO] [1791303740.537937467] [gz_ros_control]: [gz_ros2_control] Fixed joint ['oakd_right_camera_joint'] (Entity='302') is skipped.
[gazebo-1] [INFO] [1791303740.537939686] [gz_ros_control]: [gz_ros2_control] Fixed joint ['oakd_right_camera_optical_joint'] (Entity='303') is skipped.
[gazebo-1] [INFO] [1791303740.537941981] [gz_ros_control]: [gz_ros2_control] Fixed joint ['rear_left_tower_standoff_joint'] (Entity='304') is skipped.
[gazebo-1] [INFO] [1791303740.537944264] [gz_ros_control]: [gz_ros2_control] Fixed joint ['rear_right_tower_standoff_joint'] (Entity='305') is skipped.
[gazebo-1] [INFO] [1791303740.537946606] [gz_ros_control]: [gz_ros2_control] Fixed joint ['rplidar_joint'] (Entity='306') is skipped.
[gazebo-1] [INFO] [1791303740.538001975] [gz_ros_control]: [gz_ros2_control] Fixed joint ['tower_sensor_plate_joint'] (Entity='307') is skipped.
[gazebo-1] [INFO] [1791303740.545509941] [gz_ros_control]: Loading controller_manager
[gazebo-1] [INFO] [1791303740.579876136] [controller_manager]: Using ROS clock for triggering controller manager cycles.
[gazebo-1] [INFO] [1791303740.584829179] [controller_manager]: Subscribing to '/robot_description' topic for robot description.
[gazebo-1] [WARN] [1791303740.587529415] [gz_ros_control]: Waiting RM to load and initialize hardware...
[controller_server-49] [INFO] [1791303740.665969471] [local_costmap.local_costmap]: Timed out waiting for transform from base_link to odom to become available, tf error: Could not find a connection between 'odom' and 'base_link' because they are not part of the same tree.Tf has two or more unconnected trees.
[wait_for_ready-48] [INFO] [1791303740.933462761] [wait_for_sim]: ready: node controller_manager
[wait_for_ready-48] [INFO] [1791303740.935023071] [wait_for_sim]: ready: service /controller_manager/set_parameters
[controller_server-49] [INFO] [1791303741.164087940] [local_costmap.local_costmap]: Timed out waiting for transform from base_link to odom to become available, tf error: Could not find a connection between 'odom' and 'base_link' because they are not part of the same tree.Tf has two or more unconnected trees.
[gazebo-1] [INFO] [1791303741.295885735] [controller_manager]: Received robot description from topic.
[gazebo-1] [INFO] [1791303741.295943178] [controller_manager]: Enforcing command limits is disabled. Command limits from URDF will be ignored.
[gazebo-1] [INFO] [1791303741.304165505] [gz_ros_control]: The position_proportional_gain has been set to: 0.1
[gazebo-1] [INFO] [1791303741.304210716] [gz_ros_control]: Loading joint: left_wheel_joint
[gazebo-1] [INFO] [1791303741.304215380] [gz_ros_control]: 	State:
[gazebo-1] [INFO] [1791303741.304218213] [gz_ros_control]: 		 velocity
[gazebo-1] [INFO] [1791303741.304221206] [gz_ros_control]: 		 position
[gazebo-1] [INFO] [1791303741.304224683] [gz_ros_control]: 	Command:
[gazebo-1] [INFO] [1791303741.304226784] [gz_ros_control]: 		 velocity
[gazebo-1] [INFO] [1791303741.304304064] [gz_ros_control]: Loading sensor: imu
[gazebo-1] [INFO] [1791303741.304310178] [gz_ros_control]: 	State:
[gazebo-1] [WARN] [1791303741.304312743] [gz_ros_control]: IMU sensor 'imu' not found in hardware_info, skipping.
[gazebo-1] [INFO] [1791303741.304377326] [controller_manager]: Initialize hardware 'left_wheel_controller' 
[gazebo-1] [WARN] [1791303741.304386639] [controller_manager.hardware_component.system.left_wheel_controller]: Executor is not available during hardware component initialization for 'left_wheel_controller'. Skipping node creation!
[gazebo-1] [INFO] [1791303741.304401108] [controller_manager]: Successful initialization of hardware 'left_wheel_controller'
[gazebo-1] [INFO] [1791303741.304448265] [gz_ros_control]: The position_proportional_gain has been set to: 0.1
[gazebo-1] [INFO] [1791303741.304457595] [gz_ros_control]: Loading joint: right_wheel_joint
[gazebo-1] [INFO] [1791303741.304460601] [gz_ros_control]: 	State:
[gazebo-1] [INFO] [1791303741.304462901] [gz_ros_control]: 		 velocity
[gazebo-1] [INFO] [1791303741.304465229] [gz_ros_control]: 		 position
[gazebo-1] [INFO] [1791303741.304467758] [gz_ros_control]: 	Command:
[gazebo-1] [INFO] [1791303741.304470322] [gz_ros_control]: 		 velocity
[gazebo-1] [INFO] [1791303741.304475404] [gz_ros_control]: Loading sensor: imu
[gazebo-1] [INFO] [1791303741.304477927] [gz_ros_control]: 	State:
[gazebo-1] [WARN] [1791303741.304480056] [gz_ros_control]: IMU sensor 'imu' not found in hardware_info, skipping.
[gazebo-1] [INFO] [1791303741.304496136] [controller_manager]: Initialize hardware 'right_wheel_controller' 
[gazebo-1] [WARN] [1791303741.304501378] [controller_manager.hardware_component.system.right_wheel_controller]: Executor is not available during hardware component initialization for 'right_wheel_controller'. Skipping node creation!
[gazebo-1] [INFO] [1791303741.304514200] [controller_manager]: Successful initialization of hardware 'right_wheel_controller'
[gazebo-1] [INFO] [1791303741.304547344] [gz_ros_control]: The position_proportional_gain has been set to: 0.1
[gazebo-1] [INFO] [1791303741.304556863] [gz_ros_control]: Loading joint: arm_joint1
[gazebo-1] [INFO] [1791303741.304559899] [gz_ros_control]: 	State:
[gazebo-1] [INFO] [1791303741.304562102] [gz_ros_control]: 		 position
[gazebo-1] [INFO] [1791303741.304564601] [gz_ros_control]: 		 velocity
[gazebo-1] [INFO] [1791303741.304566921] [gz_ros_control]: 	Command:
[gazebo-1] [INFO] [1791303741.304568892] [gz_ros_control]: 		 position
[gazebo-1] [INFO] [1791303741.304572947] [gz_ros_control]: 		 velocity
[gazebo-1] [INFO] [1791303741.304579163] [gz_ros_control]: Loading joint: arm_joint2
[gazebo-1] [INFO] [1791303741.304581457] [gz_ros_control]: 	State:
[gazebo-1] [INFO] [1791303741.304584188] [gz_ros_control]: 		 position
[gazebo-1] [INFO] [1791303741.304586440] [gz_ros_control]: 		 velocity
[gazebo-1] [INFO] [1791303741.304588426] [gz_ros_control]: 	Command:
[gazebo-1] [INFO] [1791303741.304590216] [gz_ros_control]: 		 position
[gazebo-1] [INFO] [1791303741.304593379] [gz_ros_control]: 		 velocity
[gazebo-1] [INFO] [1791303741.304600611] [gz_ros_control]: Loading joint: arm_joint3
[gazebo-1] [INFO] [1791303741.304626100] [gz_ros_control]: 	State:
[gazebo-1] [INFO] [1791303741.304629714] [gz_ros_control]: 		 position
[gazebo-1] [INFO] [1791303741.304632551] [gz_ros_control]: 		 velocity
[gazebo-1] [INFO] [1791303741.304634635] [gz_ros_control]: 	Command:
[gazebo-1] [INFO] [1791303741.304636527] [gz_ros_control]: 		 position
[gazebo-1] [INFO] [1791303741.304641926] [gz_ros_control]: 		 velocity
[gazebo-1] [INFO] [1791303741.304648803] [gz_ros_control]: Loading joint: arm_joint4
[gazebo-1] [INFO] [1791303741.304651450] [gz_ros_control]: 	State:
[gazebo-1] [INFO] [1791303741.304654067] [gz_ros_control]: 		 position
[gazebo-1] [INFO] [1791303741.304656094] [gz_ros_control]: 		 velocity
[gazebo-1] [INFO] [1791303741.304658044] [gz_ros_control]: 	Command:
[gazebo-1] [INFO] [1791303741.304660031] [gz_ros_control]: 		 position
[gazebo-1] [INFO] [1791303741.304663264] [gz_ros_control]: 		 velocity
[gazebo-1] [INFO] [1791303741.304667999] [gz_ros_control]: Loading joint: arm_joint5
[gazebo-1] [INFO] [1791303741.304670217] [gz_ros_control]: 	State:
[gazebo-1] [INFO] [1791303741.304672205] [gz_ros_control]: 		 position
[gazebo-1] [INFO] [1791303741.304677270] [gz_ros_control]: 		 velocity
[gazebo-1] [INFO] [1791303741.304679374] [gz_ros_control]: 	Command:
[gazebo-1] [INFO] [1791303741.304681368] [gz_ros_control]: 		 position
[gazebo-1] [INFO] [1791303741.304685370] [gz_ros_control]: 		 velocity
[gazebo-1] [INFO] [1791303741.304690401] [gz_ros_control]: Loading joint: arm_joint6
[gazebo-1] [INFO] [1791303741.304692703] [gz_ros_control]: 	State:
[gazebo-1] [INFO] [1791303741.304694638] [gz_ros_control]: 		 position
[gazebo-1] [INFO] [1791303741.304696986] [gz_ros_control]: 		 velocity
[gazebo-1] [INFO] [1791303741.304698861] [gz_ros_control]: 	Command:
[gazebo-1] [INFO] [1791303741.304700690] [gz_ros_control]: 		 position
[gazebo-1] [INFO] [1791303741.304703741] [gz_ros_control]: 		 velocity
[gazebo-1] [INFO] [1791303741.304707015] [gz_ros_control]: Loading sensor: imu
[gazebo-1] [INFO] [1791303741.304709258] [gz_ros_control]: 	State:
[gazebo-1] [WARN] [1791303741.304711291] [gz_ros_control]: IMU sensor 'imu' not found in hardware_info, skipping.
[gazebo-1] [INFO] [1791303741.304731141] [controller_manager]: Initialize hardware 'arm_gz_ros2_control/GazeboSimSystem' 
[gazebo-1] [WARN] [1791303741.304739389] [controller_manager.hardware_component.system.arm_gz_ros2_control/GazeboSimSystem]: Executor is not available during hardware component initialization for 'arm_gz_ros2_control/GazeboSimSystem'. Skipping node creation!
[gazebo-1] [INFO] [1791303741.304764088] [controller_manager]: Successful initialization of hardware 'arm_gz_ros2_control/GazeboSimSystem'
[gazebo-1] [INFO] [1791303741.304830444] [controller_manager]: Activating component 'arm_gz_ros2_control/GazeboSimSystem'.
[gazebo-1] [INFO] [1791303741.304835711] [resource_manager]: 'configure' hardware 'arm_gz_ros2_control/GazeboSimSystem' 
[gazebo-1] [INFO] [1791303741.304837715] [gz_ros_control]: System Successfully configured!
[gazebo-1] [INFO] [1791303741.304842754] [resource_manager]: Successful 'configure' of hardware 'arm_gz_ros2_control/GazeboSimSystem'
[gazebo-1] [INFO] [1791303741.304846950] [resource_manager]: 'activate' hardware 'arm_gz_ros2_control/GazeboSimSystem' 
[gazebo-1] [INFO] [1791303741.304850320] [resource_manager]: Successful 'activate' of hardware 'arm_gz_ros2_control/GazeboSimSystem'
[gazebo-1] [INFO] [1791303741.304865302] [controller_manager]: Activating component 'right_wheel_controller'.
[gazebo-1] [INFO] [1791303741.304867846] [resource_manager]: 'configure' hardware 'right_wheel_controller' 
[gazebo-1] [INFO] [1791303741.304869116] [gz_ros_control]: System Successfully configured!
[gazebo-1] [INFO] [1791303741.304873065] [resource_manager]: Successful 'configure' of hardware 'right_wheel_controller'
[gazebo-1] [INFO] [1791303741.304874597] [resource_manager]: 'activate' hardware 'right_wheel_controller' 
[gazebo-1] [INFO] [1791303741.304876256] [resource_manager]: Successful 'activate' of hardware 'right_wheel_controller'
[gazebo-1] [INFO] [1791303741.304884946] [controller_manager]: Activating component 'left_wheel_controller'.
[gazebo-1] [INFO] [1791303741.304887345] [resource_manager]: 'configure' hardware 'left_wheel_controller' 
[gazebo-1] [INFO] [1791303741.304888581] [gz_ros_control]: System Successfully configured!
[gazebo-1] [INFO] [1791303741.304890599] [resource_manager]: Successful 'configure' of hardware 'left_wheel_controller'
[gazebo-1] [INFO] [1791303741.304892036] [resource_manager]: 'activate' hardware 'left_wheel_controller' 
[gazebo-1] [INFO] [1791303741.304904458] [resource_manager]: Successful 'activate' of hardware 'left_wheel_controller'
[gazebo-1] [WARN] [1791303741.304913317] [controller_manager]: Component 'arm_gz_ros2_control/GazeboSimSystem' does not have read or write statistics initialized, skipping registration.
[gazebo-1] [WARN] [1791303741.304916374] [controller_manager]: Component 'right_wheel_controller' does not have read or write statistics initialized, skipping registration.
[gazebo-1] [WARN] [1791303741.304918502] [controller_manager]: Component 'left_wheel_controller' does not have read or write statistics initialized, skipping registration.
[gazebo-1] [INFO] [1791303741.304923664] [controller_manager]: Resource Manager has been successfully initialized. Starting Controller Manager services...
[controller_server-49] [INFO] [1791303741.664066450] [local_costmap.local_costmap]: Timed out waiting for transform from base_link to odom to become available, tf error: Could not find a connection between 'odom' and 'base_link' because they are not part of the same tree.Tf has two or more unconnected trees.
[controller_server-49] [INFO] [1791303742.164088622] [local_costmap.local_costmap]: Timed out waiting for transform from base_link to odom to become available, tf error: Could not find a connection between 'odom' and 'base_link' because they are not part of the same tree.Tf has two or more unconnected trees.
[gazebo-1] [INFO] [1791303742.229373097] [controller_manager]: Loading controller : 'joint_state_broadcaster' of type 'joint_state_broadcaster/JointStateBroadcaster'
[gazebo-1] [INFO] [1791303742.229411114] [controller_manager]: Loading controller 'joint_state_broadcaster'
[gazebo-1] [WARN] [1791303742.239215011] [controller_manager]: The use of remapping arguments to the controller_manager node is deprecated. Please use the '--controller-ros-args' argument of the spawner to pass remapping arguments to the controller node.
[gazebo-1] [INFO] [1791303742.239255415] [controller_manager]: Controller 'joint_state_broadcaster' node arguments: --ros-args --params-file /home/y/u/yunqiao/IROB_Mobile_Robot_Project/install/irobot_create_control/share/irobot_create_control/config/control.yaml --params-file /home/y/u/yunqiao/IROB_Mobile_Robot_Project/install/warehouse_inventory_robot/share/warehouse_inventory_robot/config/arm_controller_types.yaml --ros-args --remap ~/odom:=odom --remap /tf:=tf --remap /tf_static:=tf_static --remap /diagnostics:=diagnostics -p use_sim_time:=true --param use_sim_time:=true 
[spawner-31] [INFO] [1791303742.274461269] [spawner_joint_state_broadcaster]: Loaded joint_state_broadcaster
[gazebo-1] [INFO] [1791303742.278110120] [controller_manager]: Configuring controller: 'joint_state_broadcaster'
[gazebo-1] [INFO] [1791303742.278194985] [joint_state_broadcaster]: 'joints' or 'interfaces' parameter is empty. All available state interfaces will be published
[gazebo-1] [INFO] [1791303742.298949946] [controller_manager]: Activating controllers: [ joint_state_broadcaster ]
[gazebo-1] [1;36m[Dbg] [SystemManager.cc:80] [0m[1;36mLoaded system [[0m[1;36mgz_ros2_control::GazeboSimROS2ControlPlugin[0m[1;36m] for entity [[0m[1;36m164[0m[1;36m][0m[1;36m[0m
[gazebo-1] [1;36m[Dbg] [SystemManager.cc:80] [0m[1;36mLoaded system [[0m[1;36mgz::sim::systems::PosePublisher[0m[1;36m] for entity [[0m[1;36m164[0m[1;36m][0m[1;36m[0m
[gazebo-1] [1;36m[Dbg] [SystemManager.cc:80] [0m[1;36mLoaded system [[0m[1;36mgz::sim::systems::Contact[0m[1;36m] for entity [[0m[1;36m164[0m[1;36m][0m[1;36m[0m
[gazebo-1] [1;36m[Dbg] [Sensors.cc:697] [0m[1;36mConfiguring Sensors system[0m[1;36m[0m
[gazebo-1] [1;36m[Dbg] [Sensors.cc:557] [0m[1;36mSensorsPrivate::Run[0m[1;36m[0m
[gazebo-1] [1;36m[Dbg] [SystemManager.cc:80] [0m[1;36mLoaded system [[0m[1;36mgz::sim::systems::Sensors[0m[1;36m] for entity [[0m[1;36m164[0m[1;36m][0m[1;36m[Dbg] [Sensors.cc:532] [0m
[gazebo-1] [1;36m[Dbg] [Sensors.cc:532] [0m
[gazebo-1] [1;36mSensorsPrivate::RenderThread started[0m[1;36m[0m
[gazebo-1] [1;36m[Dbg] [Sensors.cc:337] [0m[1;36mWaiting for init[0m[1;36m[0m
[gazebo-1] [1;36m[Dbg] [DetachableJoint.cc:137] [0m[1;36mDetach topic is: [0m[1;36m/vacuum_gripper/detach[0m[1;36m[0m
[gazebo-1] [1;36m[Dbg] [DetachableJoint.cc:143] [0m[1;36mDetachableJoint subscribing to messages on [0m[1;36m[[0m[1;36m/vacuum_gripper/detach[0m[1;36m][0m[1;36m[0m
[gazebo-1] [1;36m[Dbg] [DetachableJoint.cc:160] [0m[1;36mAttach topic is: [0m[1;36m/vacuum_gripper/attach[0m[1;36m[0m
[gazebo-1] [1;36m[Dbg] [DetachableJoint.cc:195] [0m[1;36mOutput topic is: [0m[1;36m/vacuum_gripper/state[0m[1;36m[0m
[gazebo-1] [1;36m[Dbg] [SystemManager.cc:80] [0m[1;36mLoaded system [[0m[1;36mgz::sim::systems::DetachableJoint[0m[1;36m] for entity [[0m[1;36m164[0m[1;36m][0m[1;36m[0m
[gazebo-1] [1;32m[Msg] [0m[1;32mOdometryPublisher publishing odometry on [[0m[1;32m/model/turtlebot4/odometry[0m[1;32m][0m[1;32m[0m
[gazebo-1] [1;32m[Msg] [0m[1;32mOdometryPublisher publishing odometry with covariance on [[0m[1;32m/model/turtlebot4/odometry_with_covariance[0m[1;32m][0m[1;32m[0m
[gazebo-1] [1;32m[Msg] [0m[1;32mOdometryPublisher publishing Pose_V (TF) on [[0m[1;32m/model/turtlebot4/pose[0m[1;32m][0m[1;32m[0m
[gazebo-1] [1;36m[Dbg] [SystemManager.cc:80] [0m[1;36mLoaded system [[0m[1;36mgz::sim::systems::OdometryPublisher[0m[1;36m] for entity [[0m[1;36m164[0m[1;36m][0m[1;36m[0m
[gazebo-1] [1;36m[Dbg] [UserCommands.cc:1094] [0m[1;36mCreated entity [[0m[1;36m164[0m[1;36m] named [[0m[1;36mturtlebot4[0m[1;36m][0m[1;36m[0m
[gazebo-1] [1;32m[Msg] [0m[1;32mContact system publishing on [0m[1;32m/bumper_contact[0m[1;32m[0m
[gazebo-1] [1;36m[Dbg] [SDFFeatures.cc:332] [0m[1;36mMesh construction from an SDF has not been implemented yet for [0m[1;36mdartsim. Use AttachMeshShapeFeature to use mesh shapes.[0m
[gazebo-1] [1;36m[Dbg] [SDFFeatures.cc:864] [0m[1;36mThe geometry element of collision [[0m[1;36mwarehouse_collision[0m[1;36m] [0m[1;36mcouldn't be created[0m
[gazebo-1] [1;36m[Dbg] [SDFFeatures.cc:332] [0m[1;36mMesh construction from an SDF has not been implemented yet for [0m[1;36mdartsim. Use AttachMeshShapeFeature to use mesh shapes.[0m
[gazebo-1] [1;36m[Dbg] [SDFFeatures.cc:864] [0m[1;36mThe geometry element of collision [[0m[1;36mcollision[0m[1;36m] [0m[1;36mcouldn't be created[0m
[gazebo-1] [1;36m[Dbg] [SDFFeatures.cc:332] [0m[1;36mMesh construction from an SDF has not been implemented yet for [0m[1;36mdartsim. Use AttachMeshShapeFeature to use mesh shapes.[0m
[gazebo-1] [1;36m[Dbg] [SDFFeatures.cc:864] [0m[1;36mThe geometry element of collision [[0m[1;36mcollision[0m[1;36m] [0m[1;36mcouldn't be created[0m
[gazebo-1] [1;36m[Dbg] [SDFFeatures.cc:332] [0m[1;36mMesh construction from an SDF has not been implemented yet for [0m[1;36mdartsim. Use AttachMeshShapeFeature to use mesh shapes.[0m
[gazebo-1] [1;36m[Dbg] [SDFFeatures.cc:864] [0m[1;36mThe geometry element of collision [[0m[1;36mcollision[0m[1;36m] [0m[1;36mcouldn't be created[0m
[gazebo-1] [1;36m[Dbg] [SDFFeatures.cc:332] [0m[1;36mMesh construction from an SDF has not been implemented yet for [0m[1;36mdartsim. Use AttachMeshShapeFeature to use mesh shapes.[0m
[gazebo-1] [1;33m[Wrn] [OBJLoader.cc:91] [0m[1;33mBoth `d` and `Tr` parameters defined for "Chair". Use the value of `d` for dissolve (line 8 in .mtl.)[0m
[gazebo-1] [1;33m[0m
[gazebo-1] [1;33m[Wrn] [OBJLoader.cc:91] [0m[1;33mBoth `d` and `Tr` parameters defined for "CoffeeTable". Use the value of `d` for dissolve (line 8 in .mtl.)[0m
[gazebo-1] [1;33m[0m
[controller_server-49] [INFO] [1791303742.664064795] [local_costmap.local_costmap]: Timed out waiting for transform from base_link to odom to become available, tf error: Could not find a connection between 'odom' and 'base_link' because they are not part of the same tree.Tf has two or more unconnected trees.
[gazebo-1] [1;36m[Dbg] [SDFFeatures.cc:864] [0m[1;36mThe geometry element of collision [[0m[1;36mcollision[0m[1;36m] [0m[1;36mcouldn't be created[0m
[gazebo-1] [1;36m[Dbg] [SDFFeatures.cc:332] [0m[1;36mMesh construction from an SDF has not been implemented yet for [0m[1;36mdartsim. Use AttachMeshShapeFeature to use mesh shapes.[0m
[gazebo-1] [1;36m[Dbg] [SDFFeatures.cc:864] [0m[1;36mThe geometry element of collision [[0m[1;36mcollision[0m[1;36m] [0m[1;36mcouldn't be created[0m
[gazebo-1] [1;36m[Dbg] [SDFFeatures.cc:332] [0m[1;36mMesh construction from an SDF has not been implemented yet for [0m[1;36mdartsim. Use AttachMeshShapeFeature to use mesh shapes.[0m
[gazebo-1] [1;36m[Dbg] [SDFFeatures.cc:864] [0m[1;36mThe geometry element of collision [[0m[1;36mbase_link_fixed_joint_lump__shell_collision_collision_1[0m[1;36m] [0m[1;36mcouldn't be created[0m
[gazebo-1] [1;36m[Dbg] [SDFFeatures.cc:332] [0m[1;36mMesh construction from an SDF has not been implemented yet for [0m[1;36mdartsim. Use AttachMeshShapeFeature to use mesh shapes.[0m
[gazebo-1] [1;36m[Dbg] [SDFFeatures.cc:864] [0m[1;36mThe geometry element of collision [[0m[1;36mbase_link_fixed_joint_lump__arm_link_base_collision_2[0m[1;36m] [0m[1;36mcouldn't be created[0m
[gazebo-1] [1;36m[Dbg] [SDFFeatures.cc:332] [0m[1;36mMesh construction from an SDF has not been implemented yet for [0m[1;36mdartsim. Use AttachMeshShapeFeature to use mesh shapes.[0m
[gazebo-1] [1;36m[Dbg] [SDFFeatures.cc:864] [0m[1;36mThe geometry element of collision [[0m[1;36mbumper_collision[0m[1;36m] [0m[1;36mcouldn't be created[0m
[gazebo-1] [1;36m[Dbg] [SDFFeatures.cc:332] [0m[1;36mMesh construction from an SDF has not been implemented yet for [0m[1;36mdartsim. Use AttachMeshShapeFeature to use mesh shapes.[0m
[gazebo-1] [1;36m[Dbg] [SDFFeatures.cc:864] [0m[1;36mThe geometry element of collision [[0m[1;36marm_link1_collision[0m[1;36m] [0m[1;36mcouldn't be created[0m
[gazebo-1] [1;36m[Dbg] [SDFFeatures.cc:332] [0m[1;36mMesh construction from an SDF has not been implemented yet for [0m[1;36mdartsim. Use AttachMeshShapeFeature to use mesh shapes.[0m
[gazebo-1] [1;36m[Dbg] [SDFFeatures.cc:864] [0m[1;36mThe geometry element of collision [[0m[1;36marm_link2_collision[0m[1;36m] [0m[1;36mcouldn't be created[0m
[gazebo-1] [1;36m[Dbg] [SDFFeatures.cc:332] [0m[1;36mMesh construction from an SDF has not been implemented yet for [0m[1;36mdartsim. Use AttachMeshShapeFeature to use mesh shapes.[0m
[gazebo-1] [1;36m[Dbg] [SDFFeatures.cc:864] [0m[1;36mThe geometry element of collision [[0m[1;36marm_link3_collision[0m[1;36m] [0m[1;36mcouldn't be created[0m
[gazebo-1] [1;36m[Dbg] [SDFFeatures.cc:332] [0m[1;36mMesh construction from an SDF has not been implemented yet for [0m[1;36mdartsim. Use AttachMeshShapeFeature to use mesh shapes.[0m
[gazebo-1] [1;36m[Dbg] [SDFFeatures.cc:864] [0m[1;36mThe geometry element of collision [[0m[1;36marm_link4_collision[0m[1;36m] [0m[1;36mcouldn't be created[0m
[gazebo-1] [1;36m[Dbg] [SDFFeatures.cc:332] [0m[1;36mMesh construction from an SDF has not been implemented yet for [0m[1;36mdartsim. Use AttachMeshShapeFeature to use mesh shapes.[0m
[gazebo-1] [1;36m[Dbg] [SDFFeatures.cc:864] [0m[1;36mThe geometry element of collision [[0m[1;36marm_link5_collision[0m[1;36m] [0m[1;36mcouldn't be created[0m
[gazebo-1] [1;36m[Dbg] [SDFFeatures.cc:332] [0m[1;36mMesh construction from an SDF has not been implemented yet for [0m[1;36mdartsim. Use AttachMeshShapeFeature to use mesh shapes.[0m
[gazebo-1] [1;36m[Dbg] [SDFFeatures.cc:864] [0m[1;36mThe geometry element of collision [[0m[1;36marm_link6_collision[0m[1;36m] [0m[1;36mcouldn't be created[0m
[gazebo-1] [1;36m[Dbg] [SDFFeatures.cc:332] [0m[1;36mMesh construction from an SDF has not been implemented yet for [0m[1;36mdartsim. Use AttachMeshShapeFeature to use mesh shapes.[0m
[gazebo-1] [1;36m[Dbg] [SDFFeatures.cc:864] [0m[1;36mThe geometry element of collision [[0m[1;36marm_uflite_vacuum_gripper_link_collision[0m[1;36m] [0m[1;36mcouldn't be created[0m
[gazebo-1] [1;36m[Dbg] [SimulationFeatures.cc:90] [0m[1;36mSimulation timestep set to: [0m[1;36m0.003[0m[1;36m[0m
[gazebo-1] [1;33m[Wrn] [Component.hh:127] [0m[1;33mTrying to serialize component with data type [[0m[1;33mSt10shared_ptrIN3sdf3v147ElementEE[0m[1;33m], which doesn't have [0m[1;33m`operator<<`. Component will not be serialized.[0m[1;33m[0m
[gazebo-1] [ERROR] [1791303742.809886935] [gz_ros_control]: Desired controller update period (0.001 s) is faster than the gazebo simulation period (0.003 s).
[wait_for_ready-47] [INFO] [1791303742.811274039] [wait_for_rviz]: ready: topic /clock (message received)
[gazebo-1] [INFO] [1791303742.811442674] [controller_manager]: Successfully switched controllers!
[spawner-31] [INFO] [1791303742.815378239] [spawner_joint_state_broadcaster]: Configured and activated joint_state_broadcaster
[wait_for_ready-48] [INFO] [1791303742.817434254] [wait_for_sim]: ready: service /controller_manager/list_controllers (answered a call)
[INFO] [spawner-31]: process has finished cleanly [pid 27269]
[INFO] [spawner-62]: process started with pid [28703]
[gazebo-1] [1;33m[GUI] [Wrn] [Component.hh:172] [0m[1;33mTrying to deserialize component with data type [[0m[1;33mSt10shared_ptrIN3sdf3v147ElementEE[0m[1;33m], which doesn't have [0m[1;33m`operator>>`. Component will not be deserialized.[0m[1;33m[0m
[controller_server-49] [INFO] [1791303743.164076659] [local_costmap.local_costmap]: Timed out waiting for transform from base_link to odom to become available, tf error: Could not find a connection between 'odom' and 'base_link' because they are not part of the same tree.Tf has two or more unconnected trees.
[spawner-62] [INFO] [1791303743.296169518] [spawner_diffdrive_controller]: waiting for service /controller_manager/list_controllers to become available...
[gazebo-1] [1;32m[Msg] [0m[1;32mServing scene information on [[0m[1;32m/world/warehouse[0m[1;32m/[0m[1;3plugin is using camera [[0m[1;36mscene::Camera(65527)[0m[1;36m][0m[1;36m[0m
[gazebo-1] [1;36m[GUI] [Dbg] [InteractiveViewControl.cc:176] [0m[1;36mInteractiveViewControl plugin is moving camera [[0m[1;36mscene::Camera(65527)[0m[1;36m][0m[1;36m[0m
[gazebo-1] [1;33mWarning [Utils.cc:132][0m [/sdf/model[@name="tb4_lite6"]/joint[@name="wheel_drop_left_joint"]/physics/ode/provide_feedback:<data-string>:L2544]: XML Element[provide_feedback], child of element[ode], not defined in SDF. Copying[provide_feedback] as children of [ode].
[gazebo-1] [1;33mWarning [Utils.cc:132][0m [/sdf/model[@name="tb4_lite6"]/joint[@name="wheel_drop_right_joint"]/physics/ode/provide_feedback:<data-string>:L2665]: XML Element[provide_feedback], child of element[ode], not defined in SDF. Copying[provide_feedback] as children of [ode].
[spawner-62] [INFO] [1791303743.557825660] [spawner_diffdrive_controller]: Setting controller param "params_file" to "['/home/y/u/yunqiao/IROB_Mobile_Robot_Project/install/irobot_create_control/share/irobot_create_control/config/control.yaml']" for diffdrive_controller
[gazebo-1] [INFO] [1791303743.564601575] [controller_manager]: Loading controller : 'diffdrive_controller' of type 'diff_drive_controller/DiffDriveController'
[gazebo-1] [INFO] [1791303743.564645448] [controller_manager]: Loading controller 'diffdrive_controller'
[gazebo-1] [WARN] [1791303743.569878452] [controller_manager]: The use of remapping arguments to the controller_manager node is deprecated. Please use the '--controller-ros-args' argument of the spawner to pass remapping arguments to the controller node.
[gazebo-1] [INFO] [1791303743.569913672] [controller_manager]: Controller 'diffdrive_controller' node arguments: --ros-args --params-file /home/y/u/yunqiao/IROB_Mobile_Robot_Project/install/irobot_create_control/share/irobot_create_control/config/control.yaml --params-file /home/y/u/yunqiao/IROB_Mobile_Robot_Project/install/warehouse_inventory_robot/share/warehouse_inventory_robot/config/arm_controller_types.yaml --ros-args --remap ~/odom:=odom --remap /tf:=tf --remap /tf_static:=tf_static --remap /diagnostics:=diagnostics -p use_sim_time:=true --params-file /home/y/u/yunqiao/IROB_Mobile_Robot_Project/install/irobot_create_control/share/irobot_create_control/config/control.yaml --param use_sim_time:=true 
[controller_server-49] [INFO] [1791303743.664073200] [local_costmap.local_costmap]: Timed out waiting for transform from base_link to odom to become available, tf error: Could not find a connection between 'odom' and 'base_link' because they are not part of the same tree.Tf has two or more unconnected trees.
[gazebo-1] [1;33m[Wrn] [ColladaLoader.cc:2395] [0m[1;33mTriangle input semantic: '[0m[1;33mCOLOR[0m[1;33m' is currently[0m[1;33m not supported[0m[1;33m[0m
[gazebo-1] [1;33m[Wrn] [ColladaLoader.cc:2395] [0m[1;33mTriangle input semantic: '[0m[1;33mCOLOR[0m[1;33m' is currently[0m[1;33m not supported[0m[1;33m[0m
[gazebo-1] [1;33m[GUI] [Wrn] [OBJLoader.cc:91] [0m[1;33mBoth `d` and `Tr` parameters defined for "Chair". Use the value of `d` for dissolve (line 8 in .mtl.)[0m
[gazebo-1] [1;33m[0m
[controller_server-49] [INFO] [1791303744.164072628] [local_costmap.local_costmap]: Timed out waiting for transform from base_link to odom to become available, tf error: Could not find a connection between 'odom' and 'base_link' because they are not part of the same tree.Tf has two or more unconnected trees.
[gazebo-1] [1;33m[GUI] [Wrn] [OBJLoader.cc:91] [0m[1;33mBoth `d` and `Tr` parameters defined for "CoffeeTable". Use the value of `d` for dissolve (line 8 in .mtl.)[0m
[gazebo-1] [1;33m[0m
[controller_server-49] [INFO] [1791303744.664068122] [local_costmap.local_costmap]: Timed out waiting for transform from base_link to odom to become available, tf error: Could not find a connection between 'odom' and 'base_link' because they are not part of the same tree.Tf has two or more unconnected trees.
[gazebo-1] [1;33m[GUI] [Wrn] [ColladaLoader.cc:2395] [0m[1;33mTriangle input semantic: '[0m[1;33mCOLOR[0m[1;33m' is currently[0m[1;33m not supported[0m[1;33m[0m
[gazebo-1] [1;33m[GUI] [Wrn] [ColladaLoader.cc:2395] [0m[1;33mTriangle input semantic: '[0m[1;33mCOLOR[0m[1;33m' is currently[0m[1;33m not supported[0m[1;33m[0m
[gazebo-1] 2mscene/info[0m[1;32m][0m[1;32m[0m
[gazebo-1] [1;32m[Msg] [0m[1;32mServing graph information on [[0m[1;32m/world/warehouse[0m[1;32m/[0m[1;32mscene/graph[0m[1;32m][0m[1;32m[0m
[gazebo-1] [1;32m[Msg] [0m[1;32mServing full state on [[0m[1;32m/world/warehouse[0m[1;32m/[0m[1;32mstate[0m[1;32m][0m[1;32m[0m
[gazebo-1] [1;32m[Msg] [0m[1;32mServing full state (async) on [[0m[1;32m/world/warehouse[0m[1;32m/[0m[1;32mstate_async[0m[1;32m][0m[1;32m[0m
[gazebo-1] [1;32m[Msg] [0m[1;32mPublishing scene information on [[0m[1;32m/world/warehouse/scene/info[0m[1;32m][0m[1;32m[0m
[gazebo-1] [1;32m[Msg] [0m[1;32mPublishing entity deletions on [[0m[1;32m/world/warehouse/scene/deletion[0m[1;32m][0m[1;32m[0m
[gazebo-1] [1;32m[Msg] [0m[1;32mPublishing state changes on [[0m[1;32m/world/warehouse/state[0m[1;32m][0m[1;32m[0m
[gazebo-1] [1;32m[Msg] [0m[1;32mPublishing pose messages on [[0m[1;32m/world/warehouse[0m[1;32m/[0m[1;32mpose/info[0m[1;32m][0m[1;32m[0m
[gazebo-1] [1;32m[Msg] [0m[1;32mPublishing dynamic pose messages on [[0m[1;32m/world/warehouse[0m[1;32m/[0m[1;32mdynamic_pose/info[0m[1;32m][0m[1;32m[0m
[gazebo-1] [1;36m[Dbg] [EntityComponentManager.cc:1656] [0m[1;36mUpdated state thread iterators: [0m[1;36m16[0m[1;36m threads processing around [0m[1;36m20[0m[1;36m entities each.[0m[1;36m[0m
[gazebo-1] [1;36m[Dbg] [SimulationRunner.cc:560] [0m[1;36mExiting postupdate worker thread ([0m[1;36m0[0m[1;36m)[0m[1;36m[0m
[gazebo-1] [1;36m[Dbg] [SimulationRunner.cc:560] [0m[1;36mExiting postupdate worker thread ([0m[1;36m1[0m[1;36m)[0m[1;36m[0m
[gazebo-1] [1;36m[Dbg] [SimulationRunner.cc:533] [0m[1;36mCreating PostUpdate worker threads: [0m[1;36m9[0m[1;36m[0m
[gazebo-1] [1;36m[Dbg] [SimulationRunner.cc:544] [0m[1;36mCreating postupdate worker thread ([0m[1;36m0[0m[1;36m)[0m[1;36m[0m
[gazebo-1] [1;36m[Dbg] [SimulationRunner.cc:544] [0m[1;36mCreating postupdate worker thread ([0m[1;36m1[0m[1;36m)[0m[1;36m[0m
[gazebo-1] [1;36m[Dbg] [SimulationRunner.cc:544] [0m[1;36mCreating postupdate worker thread ([0m[1;36m2[0m[1;36m)[0m[1;36m[0m
[gazebo-1] [1;36m[Dbg] [SimulationRunner.cc:544] [0m[1;36mCreating postupdate worker thread ([0m[1;36m3[0m[1;36m)[0m[1;36m[0m
[gazebo-1] [1;36m[Dbg] [SimulationRunner.cc:544] [0m[1;36mCreating postupdate worker thread ([0m[1;36m4[0m[1;36m)[0m[1;36m[0m
[gazebo-1] [1;36m[Dbg] [SimulationRunner.cc:544] [0m[1;36mCreating postupdate worker thread ([0m[1;36m5[0m[1;36m)[0m[1;36m[0m
[gazebo-1] [1;36m[Dbg] [SimulationRunner.cc:544] [0m[1;36mCreating postupdate worker thread ([0m[1;36m6[0m[1;36m)[0m[1;36m[0m
[gazebo-1] [1;36m[Dbg] [SimulationRunner.cc:544] [0m[1;36mCreating postupdate worker thread ([0m[1;36m7[0m[1;36m)[0m[1;36m[0m
[gazebo-1] [1;36m[Dbg] [DetachableJoint.cc:343] [0m[1;36mAttaching entity: [0m[1;36m312[0m[1;36m[0m
[gazebo-1] [1;36m[Dbg] [Physics.cc:1939] [0m[1;36mCreating detachable joint [[0m[1;36m312[0m[1;36m][0m[1;36m[0m
[gazebo-1] [1;36m[Dbg] [Sensors.cc:953] [0m[1;36mInitialization needed[0m[1;36m[0m
[gazebo-1] [1;36m[Dbg] [Sensors.cc:349] [0m[1;36mInitializing render context[0m[1;36m[0m
[gazebo-1] [1;32m[Msg] [0m[1;32mLoading plugin [[0m[1;32mgz-rendering-ogre2[0m[1;32m][0m[1;32m[0m
[gazebo-1] [1;36m[Dbg] [RenderUtil.cc:2646] [0m[1;36mCreate scene [[0m[1;36mscene[0m[1;36m][0m[1;36m[0m
[gazebo-1] [1;36m[Dbg] [Sensors.cc:953] [0m[1;36mInitialization needed[0m[1;36m[0m
[gazebo-1] [1;36m[Dbg] [Sensors.cc:391] [0m[1;36mRendering Thread initialized[0m[1;36m[0m
[gazebo-1] [1;36m[Dbg] [RgbdCameraSensor.cc:210] [0m[1;36mRGB images for [[0m[1;36mturtlebot4::oakd_rgb_camera_frame::rgbd_camera[0m[1;36m] advertised on [[0m[1;36mworld/warehouse/model/turtlebot4/link/oakd_rgb_camera_frame/sensor/rgbd_camera[0m[1;36m/image][0m[1;36m[0m
[gazebo-1] [1;36m[Dbg] [RgbdCameraSensor.cc:224] [0m[1;36mDepth images for [[0m[1;36mturtlebot4::oakd_rgb_camera_frame::rgbd_camera[0m[1;36m] advertised on [[0m[1;36mworld/warehouse/model/turtlebot4/link/oakd_rgb_camera_frame/sensor/rgbd_camera[0m[1;36m/depth_image][0m[1;36m[0m
[gazebo-1] [1;36m[Dbg] [RgbdCameraSensor.cc:238] [0m[1;36mPoints for [[0m[1;36mturtlebot4::oakd_rgb_camera_frame::rgbd_camera[0m[1;36m] advertised on [[0m[1;36mworld/warehouse/model/turtlebot4/link/oakd_rgb_camera_frame/sensor/rgbd_camera[0m[1;36m/points][0m[1;36m[0m
[gazebo-1] [1;36m[Dbg] [CameraSensor.cc:695] [0m[1;36mCamera info for [[0m[1;36mturtlebot4::oakd_rgb_camera_frame::rgbd_camera[0m[1;36m] advertised on [[0m[1;36mworld/warehouse/model/turtlebot4/link/oakd_rgb_camera_frame/sensor/rgbd_camera/camera_info[0m[1;36m][0m[1;36m[0m
[gazebo-1] [1;36m[Dbg] [Lidar.cc:139] [0m[1;36mLaser scans for [[0m[1;36mstandard_dock::green_buoy_link::green_buoy[0m[1;36m] advertised on [[0m[1;36mworld/warehouse/model/standard_dock/link/green_buoy_link/sensor/green_buoy/scan[0m[1;36m][0m[1;36m[0m
[gazebo-1] [1;36m[Dbg] [GpuLidarSensor.cc:164] [0m[1;36mLidar points for [[0m[1;36mstandard_dock::green_buoy_link::green_buoy[0m[1;36m] advertised on [[0m[1;36mworld/warehouse/model/standard_dock/link/green_buoy_link/sensor/green_buoy/scan/points[0m[1;36m][0m[1;36m[0m
[gazebo-1] [1;36m[Dbg] [Lidar.cc:139] [0m[1;36mLaser scans for [[0m[1;36mstandard_dock::halo_link::halo[0m[1;36m] advertised on [[0m[1;36mworld/warehouse/model/standard_dock/link/halo_link/sensor/halo/scan[0m[1;36m][0m[1;36m[0m
[gazebo-1] [1;36m[Dbg] [GpuLidarSensor.cc:164] [0m[1;36mLidar points for [[0m[1;36mstandard_dock::halo_link::halo[0m[1;36m] advertised on [[0m[1;36mworld/warehouse/model/standard_dock/link/halo_link/sensor/halo/scan/points[0m[1;36m][0m[1;36m[0m
[gazebo-1] [1;36m[Dbg] [Lidar.cc:139] [0m[1;36mLaser scans for [[0m[1;36mstandard_dock::red_buoy_link::red_buoy[0m[1;36m] advertised on [[0m[1;36mworld/warehouse/model/standard_dock/link/red_buoy_link/sensor/red_buoy/scan[0m[1;36m][0m[1;36m[0m
[gazebo-1] [1;36m[Dbg] [GpuLidarSensor.cc:164] [0m[1;36mLidar points for [[0m[1;36mstandard_dock::red_buoy_link::red_buoy[0m[1;36m] advertised on [[0m[1;36mworld/warehouse/model/standard_dock/link/red_buoy_link/sensor/red_buoy/scan/points[0m[1;36m][0m[1;36m[0m
[gazebo-1] [1;36m[Dbg] [Lidar.cc:139] [0m[1;36mLaser scans for [[0m[1;36mstandard_dock::yellow_buoy_link::yellow_buoy[0m[1;36m] advertised on [[0m[1;36mworld/warehouse/model/standard_dock/link/yellow_buoy_link/sensor/yellow_buoy/scan[0m[1;36m][0m[1;36m[0m
[gazebo-1] [1;36m[Dbg] [GpuLidarSensor.cc:164] [0m[1;36mLidar points for [[0m[1;36mstandard_dock::yellow_buoy_link::yellow_buoy[0m[1;36m] advertised on [[0m[1;36mworld/warehouse/model/standard_dock/link/yellow_buoy_link/sensor/yellow_buoy/scan/points[0m[1;36m][0m[1;36m[0m
[gazebo-1] [1;36m[Dbg] [Lidar.cc:139] [0m[1;36mLaser scans for [[0m[1;36mturtlebot4::base_link::cliff_front_left[0m[1;36m] advertised on [[0m[1;36mworld/warehouse/model/turtlebot4/link/base_link/sensor/cliff_front_left/scan[0m[1;36m][0m[1;36m[0m
[gazebo-1] [1;36m[Dbg] [GpuLidarSensor.cc:164] [0m[1;36mLidar points for [[0m[1;36mturtlebot4::base_link::cliff_front_left[0m[1;36m] advertised on [[0m[1;36mworld/warehouse/model/turtlebot4/link/base_link/sensor/cliff_front_left/scan/points[0m[1;36m][0m[1;36m[0m
[gazebo-1] [1;36m[Dbg] [Lidar.cc:139] [0m[1;36mLaser scans for [[0m[1;36mturtlebot4::base_link::cliff_front_right[0m[1;36m] advertised on [[0m[1;36mworld/warehouse/model/turtlebot4/link/base_link/sensor/cliff_front_right/scan[0m[1;36m][0m[1;36m[0m
[gazebo-1] [1;36m[Dbg] [GpuLidarSensor.cc:164] [0m[1;36mLidar points for [[0m[1;36mturtlebot4::base_link::cliff_front_right[0m[1;36m] advertised on [[0m[1;36mworld/warehouse/model/turtlebot4/link/base_link/sensor/cliff_front_right/scan/points[0m[1;36m][0m[1;36m[0m
[gazebo-1] [1;36m[Dbg] [Lidar.cc:139] [0m[1;36mLaser scans for [[0m[1;36mturtlebot4::base_link::cliff_side_left[0m[1;36m] advertised on [[0m[1;36mworld/warehouse/model/turtlebot4/link/base_link/sensor/cliff_side_left/scan[0m[1;36m][0m[1;36m[0m
[gazebo-1] [1;36m[Dbg] [GpuLidarSensor.cc:164] [0m[1;36mLidar points for [[0m[1;36mturtlebot4::base_link::cliff_side_left[0m[1;36m] advertised on [[0m[1;36mworld/warehouse/model/turtlebot4/link/base_link/sensor/cliff_side_left/scan/points[0m[1;36m][0m[1;36m[0m
[gazebo-1] [1;36m[Dbg] [Lidar.cc:139] [0m[1;36mLaser scans for [[0m[1;36mturtlebot4::base_link::cliff_side_right[0m[1;36m] advertised on [[0m[1;36mworld/warehouse/model/turtlebot4/link/base_link/sensor/cliff_side_right/scan[0m[1;36m][0m[1;36m[0m
[gazebo-1] [1;36m[Dbg] [GpuLidarSensor.cc:164] [0m[1;36mLidar points for [[0m[1;36mturtlebot4::base_link::cliff_side_right[0m[1;36m] advertised on [[0m[1;36mworld/warehouse/model/turtlebot4/link/base_link/sensor/cliff_side_right/scan/points[0m[1;36m][0m[1;36m[0m
[gazebo-1] [1;36m[Dbg] [Lidar.cc:139] [0m[1;36mLaser scans for [[0m[1;36mturtlebot4::ir_intensity_front_center_left::ir_intensity_front_center_left[0m[1;36m] advertised on [[0m[1;36mworld/warehouse/model/turtlebot4/link/ir_intensity_front_center_left/sensor/ir_intensity_front_center_left/scan[0m[1;36m][0m[1;36m[0m
[gazebo-1] [1;36m[Dbg] [GpuLidarSensor.cc:164] [0m[1;36mLidar points for [[0m[1;36mturtlebot4::ir_intensity_front_center_left::ir_intensity_front_center_left[0m[1;36m] advertised on [[0m[1;36mworld/warehouse/model/turtlebot4/link/ir_intensity_front_center_left/sensor/ir_intensity_front_center_left/scan/points[0m[1;36m][0m[1;36m[0m
[gazebo-1] [1;36m[Dbg] [Lidar.cc:139] [0m[1;36mLaser scans for [[0m[1;36mturtlebot4::ir_intensity_front_center_right::ir_intensity_front_center_right[0m[1;36m] advertised on [[0m[1;36mworld/warehouse/model/turtlebot4/link/ir_intensity_front_center_right/sensor/ir_intensity_front_center_right/scan[0m[1;36m][0m[1;36m[0m
[gazebo-1] [1;36m[Dbg] [GpuLidarSensor.cc:164] [0m[1;36mLidar points for [[0m[1;36mturtlebot4::ir_intensity_front_center_right::ir_intensity_front_center_right[0m[1;36m] advertised on [[0m[1;36mworld/warehouse/model/turtlebot4/link/ir_intensity_front_center_right/sensor/ir_intensity_front_center_right/scan/points[0m[1;36m][0m[1;36m[0m
[gazebo-1] [1;36m[Dbg] [Lidar.cc:139] [0m[1;36mLaser scans for [[0m[1;36mturtlebot4::ir_intensity_front_left::ir_intensity_front_left[0m[1;36m] advertised on [[0m[1;36mworld/warehouse/model/turtlebot4/link/ir_intensity_front_left/sensor/ir_intensity_front_left/scan[0m[1;36m][0m[1;36m[0m
[gazebo-1] [1;36m[Dbg] [GpuLidarSensor.cc:164] [0m[1;36mLidar points for [[0m[1;36mturtlebot4::ir_intensity_front_left::ir_intensity_front_left[0m[1;36m] advertised on [[0m[1;36mworld/warehouse/model/turtlebot4/link/ir_intensity_front_left/sensor/ir_intensity_front_left/scan/points[0m[1;36m][0m[1;36m[0m
[gazebo-1] [1;36m[Dbg] [Lidar.cc:139] [0m[1;36mLaser scans for [[0m[1;36mturtlebot4::ir_intensity_front_right::ir_intensity_front_right[0m[1;36m] advertised on [[0m[1;36mworld/warehouse/model/turtlebot4/link/ir_intensity_front_right/sensor/ir_intensity_front_right/scan[0m[1;36m][0m[1;36m[0m
[gazebo-1] [1;36m[Dbg] [GpuLidarSensor.cc:164] [0m[1;36mLidar points for [[0m[1;36mturtlebot4::ir_intensity_front_right::ir_intensity_front_right[0m[1;36m] advertised on [[0m[1;36mworld/warehouse/model/turtlebot4/link/ir_intensity_front_right/sensor/ir_intensity_front_right/scan/points[0m[1;36m][0m[1;36m[0m
[gazebo-1] [1;36m[Dbg] [Lidar.cc:139] [0m[1;36mLaser scans for [[0m[1;36mturtlebot4::ir_intensity_left::ir_intensity_left[0m[1;36m] advertised on [[0m[1;36mworld/warehouse/model/turtlebot4/link/ir_intensity_left/sensor/ir_intensity_left/scan[0m[1;36m][0m[1;36m[0m
[gazebo-1] [1;36m[Dbg] [GpuLidarSensor.cc:164] [0m[1;36mLidar points for [[0m[1;36mturtlebot4::ir_intensity_left::ir_intensity_left[0m[1;36m] advertised on [[0m[1;36mworld/warehouse/model/turtlebot4/link/ir_intensity_left/sensor/ir_intensity_left/scan/points[0m[1;36m][0m[1;36m[0m
[gazebo-1] [1;36m[Dbg] [Lidar.cc:139] [0m[1;36mLaser scans for [[0m[1;36mturtlebot4::ir_intensity_right::ir_intensity_right[0m[1;36m] advertised on [[0m[1;36mworld/warehouse/model/turtlebot4/link/ir_intensity_right/sensor/ir_intensity_right/scan[0m[1;36m][0m[1;36m[0m
[gazebo-1] [1;36m[Dbg] [GpuLidarSensor.cc:164] [0m[1;36mLidar points for [[0m[1;36mturtlebot4::ir_intensity_right::ir_intensity_right[0m[1;36m] advertised on [[0m[1;36mworld/warehouse/model/turtlebot4/link/ir_intensity_right/sensor/ir_intensity_right/scan/points[0m[1;36m][0m[1;36m[0m
[wait_for_ready-48] [INFO] [1791303745.119057339] [wait_for_sim]: ready: topic /scan (message received)
[wait_for_ready-47] [INFO] [1791303745.119415612] [wait_for_rviz]: ready: topic /scan (message received)
[spawner-62] [INFO] [1791303745.120435470] [spawner_diffdrive_controller]: Loaded diffdrive_controller
[gazebo-1] [INFO] [1791303745.124504962] [controller_manager]: Configuring controller: 'diffdrive_controller'
[gazebo-1] [WARN] [1791303745.124610484] [diffdrive_controller]: [deprecated] has_jerk_limits parameter is deprecated, instead set the respective limits to NAN
[gazebo-1] [WARN] [1791303745.124634061] [diffdrive_controller]: [deprecated] has_jerk_limits parameter is deprecated, instead set the respective limits to NAN
[motion_control-34] [INFO] [1791303745.133599431] [motion_control]: Robot max speed is now 0.460000 m/s
[parameter_bridge-8] [INFO] [1791303745.133794911] [cmd_vel_bridge]: Passing message from ROS geometry_msgs/msg/TwistStamped to Gazebo gz.msgs.Twist (showing msg only once per type)
[gazebo-1] [WARN] [1791303745.137251104] [diffdrive_controller]: Can't accept new commands. subscriber is inactive
[controller_server-49] [INFO] [1791303745.164095706] [local_costmap.local_costmap]: Timed out waiting for transform from base_link to odom to become available, tf error: Could not find a connection between 'odom' and 'base_link' because they are not part of the same tree.Tf has two or more unconnected trees.
[wait_for_ready-48] [sim] ready after 6.3s
[gazebo-1] [INFO] [1791303745.180678937] [controller_manager]: Activating controllers: [ diffdrive_controller ]
[wait_for_ready-47] [rviz] ready after 6.4s
[gazebo-1] [INFO] [1791303745.182377642] [controller_manager]: Successfully switched controllers!
[gazebo-1] [WARN] [1791303745.187376241] [diffdrive_controller]: Received TwistStamped with zero timestamp, setting it to current time, this message will only be shown once
[turtlebot4_node-29] [INFO] [1791303745.187451442] [turtlebot4_node]: OAKD stopped
[turtlebot4_node-29] [INFO] [1791303745.187479832] [turtlebot4_node]: RPLIDAR stopped
[spawner-62] [INFO] [1791303745.188281119] [spawner_diffdrive_controller]: Configured and activated diffdrive_controller
[INFO] [wait_for_ready-48]: process has finished cleanly [pid 27303]
[INFO] [wait_for_ready-47]: process has finished cleanly [pid 27301]
[INFO] [spawner-63]: process started with pid [28792]
[INFO] [static_transform_publisher-64]: process started with pid [28794]
[INFO] [rviz2-65]: process started with pid [28796]
[static_transform_publisher-64] [WARN] [1791303745.382523415] []: Old-style arguments are deprecated; see --help for new-style arguments
[rviz2-65] Warning: Ignoring XDG_SESSION_TYPE=wayland on Gnome. Use QT_QPA_PLATFORM=wayland to run on Wayland anyway.
[INFO] [spawner-62]: process has finished cleanly [pid 28703]
[static_transform_publisher-64] [INFO] [1791303745.404034360] [map_to_odom_static_tf]: Spinning until stopped - publishing transform
[static_transform_publisher-64] translation: ('0.000000', '0.000000', '0.000000')
[static_transform_publisher-64] rotation: ('0.000000', '0.000000', '0.000000', '1.000000')
[static_transform_publisher-64] from 'map' to 'odom'
[gazebo-1] [1;36m[Dbg] [Lidar.cc:139] [0m[1;36mLaser scans for [[0m[1;36mturtlebot4::ir_intensity_side_left::ir_intensity_side_left[0m[1;36m] advertised on [[0m[1;36mworld/warehouse/model/turtlebot4/link/ir_intensity_side_left/sensor/ir_intensity_side_left/scan[0m[1;36m][0m[1;36m[0m
[gazebo-1] [1;36m[Dbg] [GpuLidarSensor.cc:164] [0m[1;36mLidar points for [[0m[1;36mturtlebot4::ir_intensity_side_left::ir_intensity_side_left[0m[1;36m] advertised on [[0m[1;36mworld/warehouse/model/turtlebot4/link/ir_intensity_side_left/sensor/ir_intensity_side_left/scan/points[0m[1;36m][0m[1;36m[0m
[gazebo-1] [1;36m[Dbg] [Lidar.cc:139] [0m[1;36mLaser scans for [[0m[1;36mturtlebot4::rplidar_link::rplidar[0m[1;36m] advertised on [[0m[1;36mworld/warehouse/model/turtlebot4/link/rplidar_link/sensor/rplidar/scan[0m[1;36m][0m[1;36m[0m
[gazebo-1] [1;36m[Dbg] [GpuLidarSensor.cc:164] [0m[1;36mLidar points for [[0m[1;36mturtlebot4::rplidar_link::rplidar[0m[1;36m] advertised on [[0m[1;36mworld/warehouse/model/turtlebot4/link/rplidar_link/sensor/rplidar/scan/points[0m[1;36m][0m[1;36m[0m
[controller_server-49] [INFO] [1791303745.664145794] [local_costmap.local_costmap]: start
[rviz2-65] [INFO] [1791303745.733934621] [rviz2]: Stereo is NOT SUPPORTED
[rviz2-65] [INFO] [1791303745.734024972] [rviz2]: OpenGl version: 4.6 (GLSL 4.6)
[rviz2-65] [INFO] [1791303745.771705110] [rviz2]: Stereo is NOT SUPPORTED
[spawner-63] [INFO] [1791303746.205804669] [spawner_lite6_traj_controller]: waiting for service /controller_manager/list_controllers to become available...
[rviz2-65] [INFO] [1791303746.432100338] [rviz2]: Stereo is NOT SUPPORTED
[spawner-63] [INFO] [1791303746.777105776] [spawner_lite6_traj_controller]: Setting controller param "params_file" to "['/home/y/u/yunqiao/IROB_Mobile_Robot_Project/install/warehouse_inventory_robot/share/warehouse_inventory_robot/config/arm_controllers.yaml']" for lite6_traj_controller
[gazebo-1] [INFO] [1791303746.783765165] [controller_manager]: Loading controller : 'lite6_traj_controller' of type 'joint_trajectory_controller/JointTrajectoryController'
[gazebo-1] [INFO] [1791303746.783803216] [controller_manager]: Loading controller 'lite6_traj_controller'
[gazebo-1] [WARN] [1791303746.790073379] [controller_manager]: The use of remapping arguments to the controller_manager node is deprecated. Please use the '--controller-ros-args' argument of the spawner to pass remapping arguments to the controller node.
[gazebo-1] [INFO] [1791303746.790111686] [controller_manager]: Controller 'lite6_traj_controller' node arguments: --ros-args --params-file /home/y/u/yunqiao/IROB_Mobile_Robot_Project/install/irobot_create_control/share/irobot_create_control/config/control.yaml --params-file /home/y/u/yunqiao/IROB_Mobile_Robot_Project/install/warehouse_inventory_robot/share/warehouse_inventory_robot/config/arm_controller_types.yaml --ros-args --remap ~/odom:=odom --remap /tf:=tf --remap /tf_static:=tf_static --remap /diagnostics:=diagnostics -p use_sim_time:=true --params-file /home/y/u/yunqiao/IROB_Mobile_Robot_Project/install/warehouse_inventory_robot/share/warehouse_inventory_robot/config/arm_controllers.yaml --param use_sim_time:=true 
[controller_server-49] [WARN] [1791303746.866346703] [controller_server]: Parameter controller_server.verbose not found
[controller_server-49] [INFO] [1791303746.867584343] [controller_server]: Optimizer reset
[controller_server-49] [INFO] [1791303746.867991615] [MPPIController]: Activated MPPI Controller: FollowPath
[controller_server-49] [INFO] [1791303746.868005619] [controller_server]: Creating bond (controller_server) to lifecycle manager.
[spawner-63] [INFO] [1791303746.879673370] [spawner_lite6_traj_controller]: Loaded lite6_traj_controller
[gazebo-1] [INFO] [1791303746.885021386] [controller_manager]: Configuring controller: 'lite6_traj_controller'
[gazebo-1] [INFO] [1791303746.885445988] [lite6_traj_controller]: No specific joint names are used for command interfaces. Using 'joints' parameter.
[gazebo-1] [INFO] [1791303746.885482553] [lite6_traj_controller]: Command interfaces are [position velocity] and state interfaces are [position velocity].
[gazebo-1] [INFO] [1791303746.885504563] [lite6_traj_controller]: Using 'splines' interpolation method.
[gazebo-1] [INFO] [1791303746.894469089] [lite6_traj_controller]: Action status changes will be monitored at 10.00 Hz.
[gazebo-1] [INFO] [1791303746.914300419] [lite6_traj_controller]: No scaling interface set. This controller will not read speed scaling from the hardware.
[lifecycle_manager-59] [INFO] [1791303746.976559269] [lifecycle_manager_navigation]: Server controller_server connected with bond.
[lifecycle_manager-59] [INFO] [1791303746.976603729] [lifecycle_manager_navigation]: [34m[1mActivating smoother_server[0m[0m
[smoother_server-50] [INFO] [1791303746.977235750] [smoother_server]: Activating
[smoother_server-50] [INFO] [1791303746.977262688] [smoother_server]: Creating bond (smoother_server) to lifecycle manager.
[gazebo-1] [INFO] [1791303747.037477752] [controller_manager]: Activating controllers: [ lite6_traj_controller ]
[gazebo-1] [INFO] [1791303747.039125427] [controller_manager]: Successfully switched controllers!
[lifecycle_manager-59] [INFO] [1791303747.086198539] [lifecycle_manager_navigation]: Server smoother_server connected with bond.
[lifecycle_manager-59] [INFO] [1791303747.086238262] [lifecycle_manager_navigation]: [34m[1mActivating planner_server[0m[0m
[planner_server-51] [INFO] [1791303747.086685297] [planner_server]: Activating
[planner_server-51] [INFO] [1791303747.086707209] [global_costmap.global_costmap]: Activating
[planner_server-51] [INFO] [1791303747.086712286] [global_costmap.global_costmap]: Checking transform
[planner_server-51] [INFO] [1791303747.086774583] [global_costmap.global_costmap]: start
[spawner-63] [INFO] [1791303747.135199564] [spawner_lite6_traj_controller]: Configured and activated lite6_traj_controller
[INFO] [spawner-63]: process has finished cleanly [pid 28792]
[rviz2-65] [INFO] [1791303747.327231850] [rviz2]: Trying to create a map of size 50 x 50 using 1 swatches
[rviz2-65] [ERROR] [1791303747.330905009] [rviz2]: rviz/glsl120/indexed_8bit_image.vert
[rviz2-65] rviz/glsl120/indexed_8bit_image.frag
[rviz2-65]  GLSL link result : 
[rviz2-65] active samplers with a different type refer to the same texture image unit
[rviz2-65] [INFO] [1791303747.644276176] [rviz2]: Trying to create a map of size 1006 x 1674 using 1 swatches
[planner_server-51] [INFO] [1791303748.138332570] [planner_server]: Activating plugin GridBased of type NavfnPlanner
[planner_server-51] [INFO] [1791303748.142040478] [planner_server]: Creating bond (planner_server) to lifecycle manager.
[lifecycle_manager-59] [INFO] [1791303748.251000340] [lifecycle_manager_navigation]: Server planner_server connected with bond.
[lifecycle_manager-59] [INFO] [1791303748.251040936] [lifecycle_manager_navigation]: [34m[1mActivating route_server[0m[0m
[route_server-52] [INFO] [1791303748.251486731] [route_server]: Activating
[route_server-52] [INFO] [1791303748.251519137] [route_server]: Creating bond (route_server) to lifecycle manager.
[lifecycle_manager-59] [INFO] [1791303748.358284552] [lifecycle_manager_navigation]: Server route_server connected with bond.
[lifecycle_manager-59] [INFO] [1791303748.358314412] [lifecycle_manager_navigation]: [34m[1mActivating behavior_server[0m[0m
[behavior_server-53] [INFO] [1791303748.358788594] [behavior_server]: Activating
[behavior_server-53] [INFO] [1791303748.358805839] [behavior_server]: Activating spin
[behavior_server-53] [INFO] [1791303748.358811839] [behavior_server]: Activating backup
[behavior_server-53] [INFO] [1791303748.358815413] [behavior_server]: Activating drive_on_heading
[behavior_server-53] [INFO] [1791303748.358818702] [behavior_server]: Activating assisted_teleop
[behavior_server-53] [INFO] [1791303748.358822264] [behavior_server]: Activating wait
[behavior_server-53] [INFO] [1791303748.358826240] [behavior_server]: Creating bond (behavior_server) to lifecycle manager.
[lifecycle_manager-59] [INFO] [1791303748.466086147] [lifecycle_manager_navigation]: Server behavior_server connected with bond.
[lifecycle_manager-59] [INFO] [1791303748.466121156] [lifecycle_manager_navigation]: [34m[1mActivating velocity_smoother[0m[0m
[velocity_smoother-56] [INFO] [1791303748.466584885] [velocity_smoother]: Activating
[velocity_smoother-56] [INFO] [1791303748.466609545] [velocity_smoother]: Creating bond (velocity_smoother) to lifecycle manager.
[lifecycle_manager-59] [INFO] [1791303748.574525506] [lifecycle_manager_navigation]: Server velocity_smoother connected with bond.
[lifecycle_manager-59] [INFO] [1791303748.574569484] [lifecycle_manager_navigation]: [34m[1mActivating collision_monitor[0m[0m
[collision_monitor-57] [INFO] [1791303748.575093653] [collision_monitor]: Activating
[collision_monitor-57] [INFO] [1791303748.575117289] [collision_monitor]: Creating bond (collision_monitor) to lifecycle manager.
[lifecycle_manager-59] [INFO] [1791303748.684508059] [lifecycle_manager_navigation]: Server collision_monitor connected with bond.
[lifecycle_manager-59] [INFO] [1791303748.684548030] [lifecycle_manager_navigation]: [34m[1mActivating bt_navigator[0m[0m
[bt_navigator-54] [INFO] [1791303748.684991276] [bt_navigator]: Activating
[bt_navigator-54] [INFO] [1791303748.843336552] [bt_navigator]: Creating bond (bt_navigator) to lifecycle manager.
[lifecycle_manager-59] [INFO] [1791303748.952903436] [lifecycle_manager_navigation]: Server bt_navigator connected with bond.
[lifecycle_manager-59] [INFO] [1791303748.952944118] [lifecycle_manager_navigation]: [34m[1mActivating waypoint_follower[0m[0m
[waypoint_follower-55] [INFO] [1791303748.953486334] [waypoint_follower]: Activating
[waypoint_follower-55] [INFO] [1791303748.953507920] [waypoint_follower]: Creating bond (waypoint_follower) to lifecycle manager.
[lifecycle_manager-59] [INFO] [1791303749.063992895] [lifecycle_manager_navigation]: Server waypoint_follower connected with bond.
[lifecycle_manager-59] [INFO] [1791303749.064033945] [lifecycle_manager_navigation]: [34m[1mActivating docking_server[0m[0m
[opennav_docking-58] [INFO] [1791303749.064661498] [docking_server]: Activating docking_server
[opennav_docking-58] [INFO] [1791303749.085827921] [docking_server]: Creating bond (docking_server) to lifecycle manager.
[lifecycle_manager-59] [INFO] [1791303749.195357880] [lifecycle_manager_navigation]: Server docking_server connected with bond.
[lifecycle_manager-59] [INFO] [1791303749.195383940] [lifecycle_manager_navigation]: [34m[1mManaged nodes are active[0m[0m
[lifecycle_manager-59] [INFO] [1791303749.195387307] [lifecycle_manager_navigation]: [34m[1mCreating bond timer...[0m[0m
[rviz2-65] [INFO] [1791303752.950127017] [rviz2]: Trying to create a map of size 1006 x 1674 using 1 swatches
[turtlebot4_node-29] [ERROR] [1791303775.197713470] [turtlebot4_node]: Service stop_motor unavailable.
[turtlebot4_node-29] [ERROR] [1791303775.208022874] [turtlebot4_node]: Service oakd/stop_camera unavailable.
[turtlebot4_node-29] [INFO] [1791303944.077503800] [turtlebot4_node]: Docking
[turtlebot4_node-29] [INFO] [1791303944.077530691] [turtlebot4_node]: Waiting for dock action server
[turtlebot4_node-29] [INFO] [1791303945.077877029] [turtlebot4_node]: dock action server available, sending goal
[motion_control-34] [INFO] [1791303945.078077266] [motion_control]: Received new dock servo goal
[motion_control-34] [WARN] [1791303945.078100049] [motion_control]: Robot already docked, reject
[turtlebot4_node-29] [ERROR] [1791303945.078223030] [turtlebot4_node]: dock goal was rejected by server
[turtlebot4_node-29] [INFO] [1791303948.597564252] [turtlebot4_node]: Docking
[turtlebot4_node-29] [INFO] [1791303948.597608088] [turtlebot4_node]: Waiting for dock action server
[turtlebot4_node-29] [INFO] [1791303949.598006706] [turtlebot4_node]: dock action server available, sending goal
[motion_control-34] [INFO] [1791303949.598187229] [motion_control]: Received new dock servo goal
[motion_control-34] [WARN] [1791303949.598209121] [motion_control]: Robot already docked, reject
[turtlebot4_node-29] [ERROR] [1791303949.598321026] [turtlebot4_node]: dock goal was rejected by server
[turtlebot4_node-29] [INFO] [1791303955.727529127] [turtlebot4_node]: Undocking
[turtlebot4_node-29] [INFO] [1791303955.727557618] [turtlebot4_node]: Waiting for undock action server
[turtlebot4_node-29] [INFO] [1791303956.727952006] [turtlebot4_node]: undock action server available, sending goal
[motion_control-34] [INFO] [1791303956.728097724] [motion_control]: Received new undock goal
[turtlebot4_node-29] [INFO] [1791303956.728229575] [turtlebot4_node]: undock goal accepted by server, waiting for result
[turtlebot4_node-29] [INFO] [1791303958.351984713] [turtlebot4_node]: OAKD started
[turtlebot4_node-29] [INFO] [1791303958.352027350] [turtlebot4_node]: RPLIDAR started
[turtlebot4_node-29] [ERROR] [1791303988.362410869] [turtlebot4_node]: Service oakd/start_camera unavailable.
[turtlebot4_node-29] [ERROR] [1791303988.372719248] [turtlebot4_node]: Service start_motor unavailable.
