[INFO] [launch]: All log files can be found below /home/y/u/yunqiao/.ros/log/2026-10-07-17-17-10-505560-white-01.eecs.kth.se-6998
[INFO] [launch]: Default logging verbosity is set to INFO
[INFO] [gazebo-1]: process started with pid [7049]
[INFO] [parameter_bridge-2]: process started with pid [7051]
[INFO] [robot_state_publisher-3]: process started with pid [7053]
[INFO] [robot_state_publisher-4]: process started with pid [7056]
[INFO] [static_transform_publisher-5]: process started with pid [7058]
[INFO] [create-6]: process started with pid [7060]
[INFO] [create-7]: process started with pid [7062]
[INFO] [parameter_bridge-8]: process started with pid [7064]
[INFO] [parameter_bridge-9]: process started with pid [7066]
[INFO] [parameter_bridge-10]: process started with pid [7068]
[INFO] [parameter_bridge-11]: process started with pid [7070]
[INFO] [parameter_bridge-12]: process started with pid [7072]
[INFO] [parameter_bridge-13]: process started with pid [7074]
[INFO] [parameter_bridge-14]: process started with pid [7076]
[INFO] [parameter_bridge-15]: process started with pid [7078]
[INFO] [parameter_bridge-16]: process started with pid [7080]
[INFO] [parameter_bridge-17]: process started with pid [7082]
[INFO] [parameter_bridge-18]: process started with pid [7084]
[INFO] [parameter_bridge-19]: process started with pid [7086]
[INFO] [parameter_bridge-20]: process started with pid [7088]
[INFO] [parameter_bridge-21]: process started with pid [7090]
[INFO] [parameter_bridge-22]: process started with pid [7092]
[INFO] [parameter_bridge-23]: process started with pid [7094]
[INFO] [parameter_bridge-24]: process started with pid [7096]
[INFO] [parameter_bridge-25]: process started with pid [7098]
[INFO] [parameter_bridge-26]: process started with pid [7100]
[INFO] [parameter_bridge-27]: process started with pid [7102]
[INFO] [parameter_bridge-28]: process started with pid [7104]
[INFO] [turtlebot4_node-29]: process started with pid [7106]
[INFO] [turtlebot4_gz_hmi_node-30]: process started with pid [7109]
[INFO] [spawner-31]: process started with pid [7111]
[INFO] [hazards_vector_publisher-32]: process started with pid [7113]
[INFO] [ir_intensity_vector_publisher-33]: process started with pid [7115]
[INFO] [motion_control-34]: process started with pid [7117]
[INFO] [wheel_status_publisher-35]: process started with pid [7119]
[INFO] [mock_publisher-36]: process started with pid [7121]
[INFO] [robot_state-37]: process started with pid [7123]
[INFO] [kidnap_estimator_publisher-38]: process started with pid [7125]
[INFO] [ui_mgr-39]: process started with pid [7127]
[INFO] [pose_republisher_node-40]: process started with pid [7129]
[INFO] [sensors_node-41]: process started with pid [7131]
[INFO] [interface_buttons_node-42]: process started with pid [7133]
[INFO] [static_transform_publisher-43]: process started with pid [7135]
[INFO] [static_transform_publisher-44]: process started with pid [7137]
[INFO] [parameter_bridge-45]: process started with pid [7139]
[INFO] [parameter_bridge-46]: process started with pid [7141]
[INFO] [wait_for_ready-47]: process started with pid [7143]
[INFO] [wait_for_ready-48]: process started with pid [7145]
[static_transform_publisher-5] [WARN] [1791386233.566792126] []: Old-style arguments are deprecated; see --help for new-style arguments
[static_transform_publisher-5] [INFO] [1791386233.714504469] [tf_odom_std_dock_link_publisher]: Spinning until stopped - publishing transform
[static_transform_publisher-5] translation: ('0.157000', '0.000000', '0.000000')
[static_transform_publisher-5] rotation: ('0.000000', '0.000000', '1.000000', '0.000000')
[static_transform_publisher-5] from 'odom' to 'std_dock_link'
[hazards_vector_publisher-32] [INFO] [1791386233.927528511] [hazards_vector_publisher]: Advertised topic: hazard_detection
[hazards_vector_publisher-32] [INFO] [1791386233.927861133] [hazards_vector_publisher]: Subscription to topic: _internal/bumper/event
[hazards_vector_publisher-32] [INFO] [1791386233.928081567] [hazards_vector_publisher]: Subscription to topic: _internal/cliff_front_left/event
[hazards_vector_publisher-32] [INFO] [1791386233.928276899] [hazards_vector_publisher]: Subscription to topic: _internal/cliff_front_right/event
[hazards_vector_publisher-32] [INFO] [1791386233.928451763] [hazards_vector_publisher]: Subscription to topic: _internal/cliff_side_left/event
[hazards_vector_publisher-32] [INFO] [1791386233.928646182] [hazards_vector_publisher]: Subscription to topic: _internal/cliff_side_right/event
[hazards_vector_publisher-32] [INFO] [1791386233.928827328] [hazards_vector_publisher]: Subscription to topic: _internal/wheel_drop/left_wheel/event
[hazards_vector_publisher-32] [INFO] [1791386233.929021515] [hazards_vector_publisher]: Subscription to topic: _internal/wheel_drop/right_wheel/event
[hazards_vector_publisher-32] [INFO] [1791386233.929203000] [hazards_vector_publisher]: Subscription to topic: _internal/backup_limit
[ir_intensity_vector_publisher-33] [INFO] [1791386233.950837331] [ir_intensity_vector_publisher]: Advertised topic: ir_intensity
[ir_intensity_vector_publisher-33] [INFO] [1791386233.951520105] [ir_intensity_vector_publisher]: Subscription to topic: _internal/ir_intensity_front_center_left
[ir_intensity_vector_publisher-33] [INFO] [1791386233.951889294] [ir_intensity_vector_publisher]: Subscription to topic: _internal/ir_intensity_front_center_right
[ir_intensity_vector_publisher-33] [INFO] [1791386233.952376492] [ir_intensity_vector_publisher]: Subscription to topic: _internal/ir_intensity_front_left
[ir_intensity_vector_publisher-33] [INFO] [1791386233.952596993] [ir_intensity_vector_publisher]: Subscription to topic: _internal/ir_intensity_front_right
[ir_intensity_vector_publisher-33] [INFO] [1791386233.952802817] [ir_intensity_vector_publisher]: Subscription to topic: _internal/ir_intensity_left
[ir_intensity_vector_publisher-33] [INFO] [1791386233.953004719] [ir_intensity_vector_publisher]: Subscription to topic: _internal/ir_intensity_right
[ir_intensity_vector_publisher-33] [INFO] [1791386233.953197652] [ir_intensity_vector_publisher]: Subscription to topic: _internal/ir_intensity_side_left
[mock_publisher-36] [INFO] [1791386234.048479392] [mock_publisher]: Advertised mocked topic: slip_status
[wheel_status_publisher-35] [INFO] [1791386234.072584904] [wheel_status_publisher]: Advertised topic: wheel_vels
[wheel_status_publisher-35] [INFO] [1791386234.073121916] [wheel_status_publisher]: Advertised topic: wheel_ticks
[kidnap_estimator_publisher-38] [INFO] [1791386234.108880935] [kidnap_estimator_publisher]: Advertised topic: kidnap_status
[kidnap_estimator_publisher-38] [INFO] [1791386234.109376785] [kidnap_estimator_publisher]: Subscription to topic: hazard_detection
[motion_control-34] [INFO] [1791386234.171143555] [motion_control]: Enabling REFLEX_BUMP
[motion_control-34] [INFO] [1791386234.171224457] [motion_control]: Enabling REFLEX_CLIFF
[motion_control-34] [INFO] [1791386234.171352520] [motion_control]: Enabling REFLEX_STUCK
[motion_control-34] [INFO] [1791386234.171406871] [motion_control]: Enabling REFLEX_WHEEL_DROP
[robot_state-37] [INFO] [1791386234.188144620] [robot_state]: Advertised topic: battery_state
[robot_state-37] [INFO] [1791386234.194859293] [robot_state]: Subscription to topic: dock_status
[robot_state-37] [INFO] [1791386234.195387820] [robot_state]: Advertised topic: stop_status
[robot_state-37] [INFO] [1791386234.204548415] [robot_state]: Subscription to topic: odom
[robot_state_publisher-4] [WARN] [1791386234.206748437] [kdl_parser]: The root link std_dock_link has an inertia specified in the URDF, but KDL does not support a root link with an inertia.  As a workaround, you can add an extra dummy link to your URDF.
[robot_state_publisher-4] [INFO] [1791386234.206819035] [dock_state_publisher]: Robot initialized
[robot_state_publisher-3] [WARN] [1791386234.255425739] [kdl_parser]: The root link base_link has an inertia specified in the URDF, but KDL does not support a root link with an inertia.  As a workaround, you can add an extra dummy link to your URDF.
[robot_state_publisher-3] [INFO] [1791386234.255656696] [robot_state_publisher]: Robot initialized
[static_transform_publisher-43] [WARN] [1791386234.279234929] []: Old-style arguments are deprecated; see --help for new-style arguments
[ui_mgr-39] [INFO] [1791386234.307094358] [ui_mgr]: Subscription to topic: cmd_lightring
[ui_mgr-39] [INFO] [1791386234.307497880] [ui_mgr]: Subscription to topic: cmd_audio
[turtlebot4_node-29] [INFO] [1791386234.315526074] [turtlebot4_node]: Init Turtlebot4 Node Main
[turtlebot4_node-29] [INFO] [1791386234.381130824] [turtlebot4_node]: Buttons Init
[static_transform_publisher-43] [INFO] [1791386234.401103748] [rplidar_stf]: Spinning until stopped - publishing transform
[static_transform_publisher-43] translation: ('0.000000', '0.000000', '0.000000')
[static_transform_publisher-43] rotation: ('0.000000', '0.000000', '0.000000', '1.000000')
[static_transform_publisher-43] from 'rplidar_link' to 'turtlebot4/rplidar_link/rplidar'
[turtlebot4_node-29] [INFO] [1791386234.402341696] [turtlebot4_node]: Init Display
[turtlebot4_node-29] [INFO] [1791386234.403511985] [turtlebot4_node]: Leds Init
[turtlebot4_node-29] [INFO] [1791386234.405954561] [turtlebot4_node]: Turtlebot4 standard running.
[static_transform_publisher-44] [WARN] [1791386234.433715650] []: Old-style arguments are deprecated; see --help for new-style arguments
[static_transform_publisher-44] [INFO] [1791386234.482459165] [camera_stf]: Spinning until stopped - publishing transform
[static_transform_publisher-44] translation: ('0.000000', '0.000000', '0.000000')
[static_transform_publisher-44] rotation: ('0.499952', '-0.500000', '0.500000', '0.500048')
[static_transform_publisher-44] from 'oakd_rgb_camera_optical_frame' to 'turtlebot4/oakd_rgb_camera_frame/rgbd_camera'
[create-7] [INFO] [1791386234.823608082] [ros_gz_sim]: Requesting list of world names.
[create-6] [INFO] [1791386234.907594729] [ros_gz_sim]: Requesting list of world names.
[parameter_bridge-17] [INFO] [1791386234.970473122] [ir_intensity_front_center_right_bridge]: Creating GZ->ROS Bridge: [/world/warehouse/model/turtlebot4/link/ir_intensity_front_center_right/sensor/ir_intensity_front_center_right/scan (gz.msgs.LaserScan) -> /world/warehouse/model/turtlebot4/link/ir_intensity_front_center_right/sensor/ir_intensity_front_center_right/scan (sensor_msgs/msg/LaserScan)] (Lazy 0)
[parameter_bridge-27] [INFO] [1791386235.037336644] [lidar_bridge]: Creating GZ->ROS Bridge: [/world/warehouse/model/turtlebot4/link/rplidar_link/sensor/rplidar/scan (gz.msgs.LaserScan) -> /world/warehouse/model/turtlebot4/link/rplidar_link/sensor/rplidar/scan (sensor_msgs/msg/LaserScan)] (Lazy 0)
[parameter_bridge-28] [INFO] [1791386235.048127668] [camera_bridge]: Creating GZ->ROS Bridge: [/world/warehouse/model/turtlebot4/link/oakd_rgb_camera_frame/sensor/rgbd_camera/image (gz.msgs.Image) -> /world/warehouse/model/turtlebot4/link/oakd_rgb_camera_frame/sensor/rgbd_camera/image (sensor_msgs/msg/Image)] (Lazy 0)
[parameter_bridge-14] [INFO] [1791386235.051740032] [cliff_side_left_bridge]: Creating GZ->ROS Bridge: [/world/warehouse/model/turtlebot4/link/base_link/sensor/cliff_side_left/scan (gz.msgs.LaserScan) -> /world/warehouse/model/turtlebot4/link/base_link/sensor/cliff_side_left/scan (sensor_msgs/msg/LaserScan)] (Lazy 0)
[parameter_bridge-28] [INFO] [1791386235.052296073] [camera_bridge]: Creating GZ->ROS Bridge: [/world/warehouse/model/turtlebot4/link/oakd_rgb_camera_frame/sensor/rgbd_camera/depth_image (gz.msgs.Image) -> /world/warehouse/model/turtlebot4/link/oakd_rgb_camera_frame/sensor/rgbd_camera/depth_image (sensor_msgs/msg/Image)] (Lazy 0)
[parameter_bridge-28] [INFO] [1791386235.053083524] [camera_bridge]: Creating GZ->ROS Bridge: [/world/warehouse/model/turtlebot4/link/oakd_rgb_camera_frame/sensor/rgbd_camera/points (gz.msgs.PointCloudPacked) -> /world/warehouse/model/turtlebot4/link/oakd_rgb_camera_frame/sensor/rgbd_camera/points (sensor_msgs/msg/PointCloud2)] (Lazy 0)
[parameter_bridge-28] [INFO] [1791386235.053959274] [camera_bridge]: Creating GZ->ROS Bridge: [/world/warehouse/model/turtlebot4/link/oakd_rgb_camera_frame/sensor/rgbd_camera/camera_info (gz.msgs.CameraInfo) -> /world/warehouse/model/turtlebot4/link/oakd_rgb_camera_frame/sensor/rgbd_camera/camera_info (sensor_msgs/msg/CameraInfo)] (Lazy 0)
[gazebo-1] Warning: Ignoring XDG_SESSION_TYPE=wayland on Gnome. Use QT_QPA_PLATFORM=wayland to run on Wayland anyway.
[parameter_bridge-10] [INFO] [1791386235.683673720] [odom_base_tf_bridge]: Creating GZ->ROS Bridge: [/model/turtlebot4/tf (gz.msgs.Pose_V) -> /model/turtlebot4/tf (tf2_msgs/msg/TFMessage)] (Lazy 0)
[parameter_bridge-25] [INFO] [1791386235.684754175] [hmi_buttons_msg_bridge]: Creating GZ->ROS Bridge: [/hmi/buttons (gz.msgs.Int32) -> /hmi/buttons (std_msgs/msg/Int32)] (Lazy 0)
[parameter_bridge-20] [INFO] [1791386235.686736200] [ir_intensity_left_bridge]: Creating GZ->ROS Bridge: [/world/warehouse/model/turtlebot4/link/ir_intensity_left/sensor/ir_intensity_left/scan (gz.msgs.LaserScan) -> /world/warehouse/model/turtlebot4/link/ir_intensity_left/sensor/ir_intensity_left/scan (sensor_msgs/msg/LaserScan)] (Lazy 0)
[parameter_bridge-2] [INFO] [1791386235.690016225] [clock_bridge]: Creating GZ->ROS Bridge: [/clock (gz.msgs.Clock) -> /clock (rosgraph_msgs/msg/Clock)] (Lazy 0)
[parameter_bridge-22] [INFO] [1791386235.692111371] [ir_intensity_side_left_bridge]: Creating GZ->ROS Bridge: [/world/warehouse/model/turtlebot4/link/ir_intensity_side_left/sensor/ir_intensity_side_left/scan (gz.msgs.LaserScan) -> /world/warehouse/model/turtlebot4/link/ir_intensity_side_left/sensor/ir_intensity_side_left/scan (sensor_msgs/msg/LaserScan)] (Lazy 0)
[parameter_bridge-12] [INFO] [1791386235.692235521] [cliff_front_left_bridge]: Creating GZ->ROS Bridge: [/world/warehouse/model/turtlebot4/link/base_link/sensor/cliff_front_left/scan (gz.msgs.LaserScan) -> /world/warehouse/model/turtlebot4/link/base_link/sensor/cliff_front_left/scan (sensor_msgs/msg/LaserScan)] (Lazy 0)
[parameter_bridge-19] [INFO] [1791386235.717745340] [ir_intensity_front_right_bridge]: Creating GZ->ROS Bridge: [/world/warehouse/model/turtlebot4/link/ir_intensity_front_right/sensor/ir_intensity_front_right/scan (gz.msgs.LaserScan) -> /world/warehouse/model/turtlebot4/link/ir_intensity_front_right/sensor/ir_intensity_front_right/scan (sensor_msgs/msg/LaserScan)] (Lazy 0)
[parameter_bridge-18] [INFO] [1791386235.735605671] [ir_intensity_front_left_bridge]: Creating GZ->ROS Bridge: [/world/warehouse/model/turtlebot4/link/ir_intensity_front_left/sensor/ir_intensity_front_left/scan (gz.msgs.LaserScan) -> /world/warehouse/model/turtlebot4/link/ir_intensity_front_left/sensor/ir_intensity_front_left/scan (sensor_msgs/msg/LaserScan)] (Lazy 0)
[parameter_bridge-8] [INFO] [1791386235.738084295] [cmd_vel_bridge]: Creating GZ->ROS Bridge: [/cmd_vel (gz.msgs.Twist) -> /cmd_vel (geometry_msgs/msg/TwistStamped)] (Lazy 0)
[parameter_bridge-24] [INFO] [1791386235.738700316] [hmi_display_msg_bridge]: Creating ROS->GZ Bridge: [/hmi/display/raw (std_msgs/msg/String) -> /hmi/display/raw (gz.msgs.StringMsg)] (Lazy 0)
[parameter_bridge-24] [INFO] [1791386235.741153868] [hmi_display_msg_bridge]: Creating ROS->GZ Bridge: [/hmi/display/selected (std_msgs/msg/Int32) -> /hmi/display/selected (gz.msgs.Int32)] (Lazy 0)
[parameter_bridge-8] [INFO] [1791386235.741815343] [cmd_vel_bridge]: Creating ROS->GZ Bridge: [/model/turtlebot4/cmd_vel (geometry_msgs/msg/TwistStamped) -> /model/turtlebot4/cmd_vel (gz.msgs.Twist)] (Lazy 0)
[parameter_bridge-26] [INFO] [1791386236.380152768] [hmi_led_msg_bridge]: Creating ROS->GZ Bridge: [/hmi/led/power (std_msgs/msg/Int32) -> /hmi/led/power (gz.msgs.Int32)] (Lazy 0)
[parameter_bridge-15] [INFO] [1791386236.383905089] [cliff_side_right_bridge]: Creating GZ->ROS Bridge: [/world/warehouse/model/turtlebot4/link/base_link/sensor/cliff_side_right/scan (gz.msgs.LaserScan) -> /world/warehouse/model/turtlebot4/link/base_link/sensor/cliff_side_right/scan (sensor_msgs/msg/LaserScan)] (Lazy 0)
[parameter_bridge-9] [INFO] [1791386236.384028439] [pose_bridge]: Creating GZ->ROS Bridge: [/model/turtlebot4/pose (gz.msgs.Pose_V) -> /model/turtlebot4/pose (tf2_msgs/msg/TFMessage)] (Lazy 0)
[parameter_bridge-16] [INFO] [1791386236.384118286] [ir_intensity_front_center_left_bridge]: Creating GZ->ROS Bridge: [/world/warehouse/model/turtlebot4/link/ir_intensity_front_center_left/sensor/ir_intensity_front_center_left/scan (gz.msgs.LaserScan) -> /world/warehouse/model/turtlebot4/link/ir_intensity_front_center_left/sensor/ir_intensity_front_center_left/scan (sensor_msgs/msg/LaserScan)] (Lazy 0)
[parameter_bridge-21] [INFO] [1791386236.386249590] [ir_intensity_right_bridge]: Creating GZ->ROS Bridge: [/world/warehouse/model/turtlebot4/link/ir_intensity_right/sensor/ir_intensity_right/scan (gz.msgs.LaserScan) -> /world/warehouse/model/turtlebot4/link/ir_intensity_right/sensor/ir_intensity_right/scan (sensor_msgs/msg/LaserScan)] (Lazy 0)
[parameter_bridge-26] [INFO] [1791386236.386300015] [hmi_led_msg_bridge]: Creating ROS->GZ Bridge: [/hmi/led/motors (std_msgs/msg/Int32) -> /hmi/led/motors (gz.msgs.Int32)] (Lazy 0)
[parameter_bridge-9] [INFO] [1791386236.388939461] [pose_bridge]: Creating GZ->ROS Bridge: [/model/standard_dock/pose (gz.msgs.Pose_V) -> /model/standard_dock/pose (tf2_msgs/msg/TFMessage)] (Lazy 0)
[parameter_bridge-26] [INFO] [1791386236.390336827] [hmi_led_msg_bridge]: Creating ROS->GZ Bridge: [/hmi/led/comms (std_msgs/msg/Int32) -> /hmi/led/comms (gz.msgs.Int32)] (Lazy 0)
[parameter_bridge-26] [INFO] [1791386236.391726414] [hmi_led_msg_bridge]: Creating ROS->GZ Bridge: [/hmi/led/wifi (std_msgs/msg/Int32) -> /hmi/led/wifi (gz.msgs.Int32)] (Lazy 0)
[parameter_bridge-26] [INFO] [1791386236.393121557] [hmi_led_msg_bridge]: Creating ROS->GZ Bridge: [/hmi/led/battery (std_msgs/msg/Int32) -> /hmi/led/battery (gz.msgs.Int32)] (Lazy 0)
[parameter_bridge-13] [INFO] [1791386236.393814187] [cliff_front_right_bridge]: Creating GZ->ROS Bridge: [/world/warehouse/model/turtlebot4/link/base_link/sensor/cliff_front_right/scan (gz.msgs.LaserScan) -> /world/warehouse/model/turtlebot4/link/base_link/sensor/cliff_front_right/scan (sensor_msgs/msg/LaserScan)] (Lazy 0)
[parameter_bridge-26] [INFO] [1791386236.394459003] [hmi_led_msg_bridge]: Creating ROS->GZ Bridge: [/hmi/led/user1 (std_msgs/msg/Int32) -> /hmi/led/user1 (gz.msgs.Int32)] (Lazy 0)
[parameter_bridge-26] [INFO] [1791386236.395718824] [hmi_led_msg_bridge]: Creating ROS->GZ Bridge: [/hmi/led/user2 (std_msgs/msg/Int32) -> /hmi/led/user2 (gz.msgs.Int32)] (Lazy 0)
[gazebo-1] [1;36m[Dbg] [gz.cc:166] [0m[1;36mSubscribing to [[0m[1;36m/gazebo/starting_world[0m[1;36m].[0m[1;36m[0m
[gazebo-1] [1;36m[Dbg] [gz.cc:168] [0m[1;36mWaiting for a world to be set from the GUI...[0m[1;36m[0m
[gazebo-1] [1;32m[Msg] [0m[1;32mReceived world [[0m[1;32mwarehouse.sdf[0m[1;32m] from the GUI.[0m[1;32m[0m
[gazebo-1] [1;36m[Dbg] [gz.cc:172] [0m[1;36mUnsubscribing from [[0m[1;36m/gazebo/starting_world[0m[1;36m].[0m[1;36m[0m
[gazebo-1] [1;32m[Msg] [0m[1;32mGazebo Sim Server v[0m[1;32m8.10.0[0m[1;32m[0m
[gazebo-1] [1;32m[Msg] [0m[1;32mLoading SDF world file[[0m[1;32m/home/y/u/yunqiao/IROB_Mobile_Robot_Project/install/turtlebot4_gz_bringup/share/turtlebot4_gz_bringup/worlds/warehouse.sdf[0m[1;32m].[0m
[gazebo-1] [1;32m[Msg] [0m[1;32mServing entity system service on [[0m[1;32m/[0m[1;32mentity/system/add[0m[1;32m][0m[1;32m[0m
[gazebo-1] [1;36m[Dbg] [Physics.cc:899] [0m[1;36mLoaded [[0m[1;36mgz::physics::dartsim::Plugin[0m[1;36m] from library [[0m[1;36m/afs/kth.se/misc/info/kurser/DD2410/ht26/pixi/IROB/.pixi/envs/default/lib/gz-physics-7/engine-plugins/libgz-physics-dartsim-plugin.so[0m[1;36m][0m[1;36m[0m
[gazebo-1] [1;36m[Dbg] [SystemManager.cc:80] [0m[1;36mLoaded system [[0m[1;36mgz::sim::systems::Physics[0m[1;36m] for entity [[0m[1;36m1[0m[1;36m][0m[1;36m[0m
[gazebo-1] [1;32m[Msg] [0m[1;32mCreate[0m[1;32m service on [[0m[1;32m/world/warehouse/create_multiple[0m[1;32m] (async)[0m[1;32m[0m
[gazebo-1] [1;32m[Msg] [0m[1;32mCreate[0m[1;32m service on [[0m[1;32m/world/warehouse/create_multiple/blocking[0m[1;32m] (blocking)[0m[1;32m[0m
[gazebo-1] [1;32m[Msg] [0m[1;32mRemove[0m[1;32m service on [[0m[1;32m/world/warehouse/remove[0m[1;32m] (async)[0m[1;32m[0m
[gazebo-1] [1;32m[Msg] [0m[1;32mRemove[0m[1;32m service on [[0m[1;32m/world/warehouse/remove/blocking[0m[1;32m] (blocking)[0m[1;32m[0m
[gazebo-1] [1;32m[Msg] [0m[1;32mPose[0m[1;32m service on [[0m[1;32m/world/warehouse/set_pose[0m[1;32m] (async)[0m[1;32m[0m
[gazebo-1] [1;32m[Msg] [0m[1;32mPose[0m[1;32m service on [[0m[1;32m/world/warehouse/set_pose/blocking[0m[1;32m] (blocking)[0m[1;32m[0m
[gazebo-1] [1;32m[Msg] [0m[1;32mPose[0m[1;32m service on [[0m[1;32m/world/warehouse/set_pose_vector[0m[1;32m] (async)[0m[1;32m[0m
[gazebo-1] [1;32m[Msg] [0m[1;32mPose[0m[1;32m service on [[0m[1;32m/world/warehouse/set_pose_vector/blocking[0m[1;32m] (blocking)[0m[1;32m[0m
[gazebo-1] [1;32m[Msg] [0m[1;32mLight configuration[0m[1;32m service on [[0m[1;32m/world/warehouse/light_config[0m[1;32m] (async)[0m[1;32m[0m
[gazebo-1] [1;32m[Msg] [0m[1;32mLight configuration[0m[1;32m service on [[0m[1;32m/world/warehouse/light_config/blocking[0m[1;32m] (blocking)[0m[1;32m[0m
[gazebo-1] [1;32m[Msg] [0m[1;32mPhysics[0m[1;32m service on [[0m[1;32m/world/warehouse/set_physics[0m[1;32m] (async)[0m[1;32m[0m
[gazebo-1] [1;32m[Msg] [0m[1;32mPhysics[0m[1;32m service on [[0m[1;32m/world/warehouse/set_physics/blocking[0m[1;32m] (blocking)[0m[1;32m[0m
[gazebo-1] [1;32m[Msg] [0m[1;32mSphericalCoordinates[0m[1;32m service on [[0m[1;32m/world/warehouse/set_spherical_coordinates[0m[1;32m] (async)[0m[1;32m[0m
[gazebo-1] [1;32m[Msg] [0m[1;32mSphericalCoordinates[0m[1;32m service on [[0m[1;32m/world/warehouse/set_spherical_coordinates/blocking[0m[1;32m] (blocking)[0m[1;32m[0m
[gazebo-1] [1;32m[Msg] [0m[1;32mEnable collision[0m[1;32m service on [[0m[1;32m/world/warehouse/enable_collision[0m[1;32m] (async)[0m[1;32m[0m
[gazebo-1] [1;32m[Msg] [0m[1;32mEnable collision[0m[1;32m service on [[0m[1;32m/world/warehouse/enable_collision/blocking[0m[1;32m] (blocking)[0m[1;32m[0m
[gazebo-1] [1;32m[Msg] [0m[1;32mDisable collision[0m[1;32m service on [[0m[1;32m/world/warehouse/disable_collision[0m[1;32m] (async)[0m[1;32m[0m
[gazebo-1] [1;32m[Msg] [0m[1;32mDisable collision[0m[1;32m service on [[0m[1;32m/world/warehouse/disable_collision/blocking[0m[1;32m] (blocking)[0m[1;32m[0m
[gazebo-1] [1;32m[Msg] [0m[1;32mMaterial[0m[1;32m service on [[0m[1;32m/world/warehouse/visual_config[0m[1;32m] (async)[0m[1;32m[0m
[parameter_bridge-23] [INFO] [1791386236.697469972] [buttons_msg_bridge]: Creating GZ->ROS Bridge: [/create3_buttons (gz.msgs.Int32) -> /create3_buttons (std_msgs/msg/Int32)] (Lazy 0)
[parameter_bridge-11] [INFO] [1791386236.713562697] [bumper_contact_bridge]: Creating GZ->ROS Bridge: [/bumper_contact (gz.msgs.Contacts) -> /bumper_contact (ros_gz_interfaces/msg/Contacts)] (Lazy 0)
[parameter_bridge-45] [INFO] [1791386236.717952207] [ros_gz_bridge]: Creating ROS->GZ Bridge: [/vacuum_gripper/attach (std_msgs/msg/Empty) -> /vacuum_gripper/attach (gz.msgs.Empty)] (Lazy 0)
[parameter_bridge-45] [INFO] [1791386236.720852712] [ros_gz_bridge]: Creating ROS->GZ Bridge: [/vacuum_gripper/detach (std_msgs/msg/Empty) -> /vacuum_gripper/detach (gz.msgs.Empty)] (Lazy 0)
[parameter_bridge-46] [INFO] [1791386236.783168561] [odom_gt_bridge]: Creating GZ->ROS Bridge: [/model/turtlebot4/odometry (gz.msgs.Odometry) -> /odom_gt (nav_msgs/msg/Odometry)] (Lazy 0)
[parameter_bridge-46] [INFO] [1791386236.795951222] [odom_gt_bridge]: Creating GZ->ROS Bridge: [/model/turtlebot4/pose (gz.msgs.Pose_V) -> /tf (tf2_msgs/msg/TFMessage)] (Lazy 0)
[create-7] [INFO] [1791386236.809693398] [ros_gz_sim]: Waiting messages on topic [standard_dock_description].
[wait_for_ready-47] [INFO] [1791386236.857272617] [wait_for_rviz]: [rviz] waiting for nodes=[] services=[] answering=[] topics=['/clock', '/scan'] (timeout 300s)
[wait_for_ready-48] [INFO] [1791386236.860351211] [wait_for_sim]: [sim] waiting for nodes=['controller_manager'] services=['/controller_manager/set_parameters'] answering=['/controller_manager/list_controllers'] topics=['/scan'] (timeout 300s)
[spawner-31] [INFO] [1791386236.879202952] [spawner_joint_state_broadcaster]: waiting for service /controller_manager/list_controllers to become available...
[create-6] [INFO] [1791386236.919738909] [ros_gz_sim]: Waiting messages on topic [robot_description].
[parameter_bridge-26] [INFO] [1791386236.966464974] [hmi_led_msg_bridge]: Passing message from ROS std_msgs/msg/Int32 to Gazebo gz.msgs.Int32 (showing msg only once per type)
[create-7] [INFO] [1791386237.206849860] [ros_gz_sim]: Entity creation successful.
[INFO] [create-7]: process has finished cleanly [pid 7062]
[create-6] [INFO] [1791386237.350758605] [ros_gz_sim]: Entity creation successful.
[parameter_bridge-2] [WARN] [1791386237.365845670] [clock_bridge]: New subscription discovered on topic '/clock', requesting incompatible QoS. No messages will be sent to it. Last incompatible policy: DURABILITY_QOS_POLICY
[parameter_bridge-24] [INFO] [1791386237.406411340] [hmi_display_msg_bridge]: Passing message from ROS std_msgs/msg/Int32 to Gazebo gz.msgs.Int32 (showing msg only once per type)
[parameter_bridge-24] [INFO] [1791386237.406446991] [hmi_display_msg_bridge]: Passing message from ROS std_msgs/msg/String to Gazebo gz.msgs.StringMsg (showing msg only once per type)
[gazebo-1] [1;32m[Msg] [0m[1;32mMaterial[0m[1;32m service on [[0m[1;32m/world/warehouse/visual_config/blocking[0m[1;32m] (blocking)[0m[1;32m[0m
[gazebo-1] [1;32m[Msg] [0m[1;32mMaterial[0m[1;32m service on [[0m[1;32m/world/warehouse/wheel_slip[0m[1;32m] (async)[0m[1;32m[0m
[gazebo-1] [1;32m[Msg] [0m[1;32mMaterial[0m[1;32m service on [[0m[1;32m/world/warehouse/wheel_slip/blocking[0m[1;32m] (blocking)[0m[1;32m[0m
[gazebo-1] [1;36m[Dbg] [SystemManager.cc:80] [0m[1;36mLoaded system [[0m[1;36mgz::sim::systems::UserCommands[0m[1;36m] for entity [[0m[1;36m1[0m[1;36m][0m[1;36m[0m
[gazebo-1] [1;36m[Dbg] [SystemManager.cc:80] [0m[1;36mLoaded system [[0m[1;36mgz::sim::systems::SceneBroadcaster[0m[1;36m] for entity [[0m[1;36m1[0m[1;36m][0m[1;36m[0m
[gazebo-1] [1;36m[Dbg] [SystemManager.cc:80] [0m[1;36mLoaded system [[0m[1;36mgz::sim::systems::Contact[0m[1;36m] for entity [[0m[1;36m1[0m[1;36m][0m[1;36m[0m
[gazebo-1] [1;32m[Msg] [0m[1;32mLoaded level [[0m[1;32mdefault[0m[1;32m][0m[1;32m[0m
[gazebo-1] [1;32m[Msg] [0m[1;32mServing world controls on [[0m[1;32m/world/warehouse[0m[1;32m/control], [[0m[1;32m/world/warehouse[0m[1;32m/control/state] and [[0m[1;32m/world/warehouse[0m[1;32m/playback/control][0m[1;32m[0m
[gazebo-1] [1;32m[Msg] [0m[1;32mServing GUI information on [[0m[1;32m/world/warehouse[0m[1;32m/[0m[1;32mgui/info[0m[1;32m][0m[1;32m[0m
[gazebo-1] [1;32m[Msg] [0m[1;32mWorld [[0m[1;32mwarehouse[0m[1;32m] initialized with [[0m[1;32mdefault_physics[0m[1;32m] physics profile.[0m[1;32m[0m
[gazebo-1] [1;32m[Msg] [0m[1;32mServing world SDF generation service on [[0m[1;32m/world/warehouse[0m[1;32m/[0m[1;32mgenerate_world_sdf[0m[1;32m][0m[1;32m[0m
[gazebo-1] [1;32m[Msg] [0m[1;32mServing world names on [[0m[1;32m/gazebo/worlds[0m[1;32m][0m[1;32m[0m
[gazebo-1] [1;32m[Msg] [0m[1;32mResource path add service on [[0m[1;32m/gazebo/resource_paths/add[0m[1;32m].[0m[1;32m[0m
[gazebo-1] [1;32m[Msg] [0m[1;32mResource path get service on [[0m[1;32m/gazebo/resource_paths/get[0m[1;32m].[0m[1;32m[0m
[gazebo-1] [1;32m[Msg] [0m[1;32mResource path resolve service on [[0m[1;32m/gazebo/resource_paths/resolve[0m[1;32m].[0m[1;32m[0m
[gazebo-1] [1;32m[Msg] [0m[1;32mResource paths published on [[0m[1;32m/gazebo/resource_paths[0m[1;32m].[0m[1;32m[0m
[gazebo-1] [1;32m[Msg] [0m[1;32mServer control service on [[0m[1;32m/server_control[0m[1;32m].[0m[1;32m[0m
[gazebo-1] [1;32m[Msg] [0m[1;32mFound no publishers on /stats, adding root stats topic[0m[1;32m[0m
[gazebo-1] [1;32m[Msg] [0m[1;32mFound no publishers on /clock, adding root clock topic[0m[1;32m[0m
[gazebo-1] [1;36m[Dbg] [SimulationRunner.cc:533] [0m[1;36mCreating PostUpdate worker threads: [0m[1;36m3[0m[1;36m[0m
[gazebo-1] [1;36m[Dbg] [SimulationRunner.cc:544] [0m[1;36mCreating postupdate worker thread ([0m[1;36m0[0m[1;36m)[0m[1;36m[0m
[gazebo-1] [1;36m[Dbg] [SimulationRunner.cc:544] [0m[1;36mCreating postupdate worker thread ([0m[1;36m1[0m[1;36m)[0m[1;36m[0m
[gazebo-1] [1;36m[Dbg] [SystemManager.cc:80] [0m[1;36mLoaded system [[0m[1;36mgz::sim::systems::PosePublisher[0m[1;36m] for entity [[0m[1;36m148[0m[1;36m][0m[1;36m[0m
[gazebo-1] [1;36m[Dbg] [UserCommands.cc:1094] [0m[1;36mCreated entity [[0m[1;36m148[0m[1;36m] named [[0m[1;36mstandard_dock[0m[1;36m][0m[1;36m[0m
[gazebo-1] [1;36m[Dbg] [SDFFeatures.cc:332] [0m[1;36mMesh construction from an SDF has not been implemented yet for [0m[1;36mdartsim. Use AttachMeshShapeFeature to use mesh shapes.[0m
[gazebo-1] [1;36m[Dbg] [SDFFeatures.cc:864] [0m[1;36mThe geometry element of collision [[0m[1;36mwarehouse_collision[0m[1;36m] [0m[1;36mcouldn't be created[0m
[gazebo-1] [1;36m[Dbg] [SDFFeatures.cc:332] [0m[1;36mMesh construction from an SDF has not been implemented yet for [0m[1;36mdartsim. Use AttachMeshShapeFeature to use mesh shapes.[0m
[gazebo-1] [1;36m[Dbg] [SDFFeatures.cc:864] [0m[1;36mThe geometry element of collision [[0m[1;36mcollision[0m[1;36m] [0m[1;36mcouldn't be created[0m
[gazebo-1] [1;36m[Dbg] [SDFFeatures.cc:332] [0m[1;36mMesh construction from an SDF has not been implemented yet for [0m[1;36mdartsim. Use AttachMeshShapeFeature to use mesh shapes.[0m
[parameter_bridge-27] [WARN] [1791386237.468929861] [lidar_bridge]: New subscription discovered on topic '/scan', requesting incompatible QoS. No messages will be sent to it. Last incompatible policy: DURABILITY_QOS_POLICY
[gazebo-1] [1;33m[Wrn] [OBJLoader.cc:91] [0m[1;33mBoth `d` and `Tr` parameters defined for "Chair". Use the value of `d` for dissolve (line 8 in .mtl.)[0m
[gazebo-1] [1;33m[0m
[wait_for_ready-47] [WARN] [1791386237.472773268] [wait_for_rviz]: New publisher discovered on topic '/clock', offering incompatible QoS. No messages will be received from it. Last incompatible policy: DURABILITY
[INFO] [create-6]: process has finished cleanly [pid 7060]
[wait_for_ready-47] [WARN] [1791386237.474470182] [wait_for_rviz]: New publisher discovered on topic '/scan', offering incompatible QoS. No messages will be received from it. Last incompatible policy: DURABILITY
[gazebo-1] [1;33m[Wrn] [OBJLoader.cc:91] [0m[1;33mBoth `d` and `Tr` parameters defined for "CoffeeTable". Use the value of `d` for dissolve (line 8 in .mtl.)[0m
[gazebo-1] [1;33m[0m
[wait_for_ready-48] [WARN] [1791386237.485797649] [wait_for_sim]: New publisher discovered on topic '/scan', offering incompatible QoS. No messages will be received from it. Last incompatible policy: DURABILITY
[wait_for_ready-47] [INFO] [1791386237.496945832] [wait_for_rviz]: ready: topic /clock (message received)
[gazebo-1] [1;36m[Dbg] [SDFFeatures.cc:864] [0m[1;36mThe geometry element of collision [[0m[1;36mcollision[0m[1;36m] [0m[1;36mcouldn't be created[0m
[gazebo-1] [1;36m[Dbg] [SDFFeatures.cc:332] [0m[1;36mMesh construction from an SDF has not been implemented yet for [0m[1;36mdartsim. Use AttachMeshShapeFeature to use mesh shapes.[0m
[gazebo-1] [1;36m[Dbg] [SDFFeatures.cc:864] [0m[1;36mThe geometry element of collision [[0m[1;36mcollision[0m[1;36m] [0m[1;36mcouldn't be created[0m
[gazebo-1] [1;36m[Dbg] [SDFFeatures.cc:332] [0m[1;36mMesh construction from an SDF has not been implemented yet for [0m[1;36mdartsim. Use AttachMeshShapeFeature to use mesh shapes.[0m
[gazebo-1] [1;36m[Dbg] [SDFFeatures.cc:864] [0m[1;36mThe geometry element of collision [[0m[1;36mcollision[0m[1;36m] [0m[1;36mcouldn't be created[0m
[gazebo-1] [1;36m[Dbg] [SDFFeatures.cc:332] [0m[1;36mMesh construction from an SDF has not been implemented yet for [0m[1;36mdartsim. Use AttachMeshShapeFeature to use mesh shapes.[0m
[gazebo-1] [1;36m[Dbg] [SDFFeatures.cc:864] [0m[1;36mThe geometry element of collision [[0m[1;36mcollision[0m[1;36m] [0m[1;36mcouldn't be created[0m
[gazebo-1] [1;36m[Dbg] [SimulationFeatures.cc:90] [0m[1;36mSimulation timestep set to: [0m[1;36m0.003[0m[1;36m[0m
[gazebo-1] [1;32m[Msg] [0m[1;32mServing scene information on [[0m[1;32m/world/warehouse[0m[1;32m/[0m[1;32mscene/info[0m[1;32m][0m[1;32m[0m
[gazebo-1] [1;32m[Msg] [0m[1;32mServing graph information on [[0m[1;32m/world/warehouse[0m[1;32m/[0m[1;32mscene/graph[0m[1;32m][0m[1;32m[0m
[gazebo-1] [1;32m[Msg] [0m[1;32mServing full state on [[0m[1;32m/world/warehouse[0m[1;32m/[0m[1;32mstate[0m[1;32m][0m[1;32m[0m
[gazebo-1] [1;32m[Msg] [0m[1;32mServing full state (async) on [[0m[1;32m/world/warehouse[0m[1;32m/[0m[1;32mstate_async[0m[1;32m][0m[1;32m[0m
[gazebo-1] [1;32m[Msg] [0m[1;32mPublishing scene information on [[0m[1;32m/world/warehouse/scene/info[0m[1;32m][0m[1;32m[0m
[gazebo-1] [1;32m[Msg] [0m[1;32mPublishing entity deletions on [[0m[1;32m/world/warehouse/scene/deletion[0m[1;32m][0m[1;32m[0m
[gazebo-1] [1;32m[Msg] [0m[1;32mPublishing state changes on [[0m[1;32m/world/warehouse/state[0m[1;32m][0m[1;32m[0m
[gazebo-1] [1;32m[Msg] [0m[1;32mPublishing pose messages on [[0m[1;32m/world/warehouse[0m[1;32m/[0m[1;32mpose/info[0m[1;32m][0m[1;32m[0m
[gazebo-1] [1;32m[Msg] [0m[1;32mPublishing dynamic pose messages on [[0m[1;32m/world/warehouse[0m[1;32m/[0m[1;32mdynamic_pose/info[0m[1;32m][0m[1;32m[0m
[gazebo-1] [1;36m[Dbg] [SimulationRunner.cc:560] [0m[1;36mExiting postupdate worker thread ([0m[1;36m0[0m[1;36m)[0m[1;36m[0m
[gazebo-1] [1;36m[Dbg] [SimulationRunner.cc:560] [0m[1;36mExiting postupdate worker thread ([0m[1;36m1[0m[1;36m)[0m[1;36m[0m
[gazebo-1] [1;36m[Dbg] [SimulationRunner.cc:533] [0m[1;36mCreating PostUpdate worker threads: [0m[1;36m4[0m[1;36m[0m
[gazebo-1] [1;36m[Dbg] [SimulationRunner.cc:544] [0m[1;36mCreating postupdate worker thread ([0m[1;36m0[0m[1;36m)[0m[1;36m[0m
[gazebo-1] [1;36m[Dbg] [SimulationRunner.cc:544] [0m[1;36mCreating postupdate worker thread ([0m[1;36m1[0m[1;36m)[0m[1;36m[0m
[gazebo-1] [1;36m[Dbg] [SimulationRunner.cc:544] [0m[1;36mCreating postupdate worker thread ([0m[1;36m2[0m[1;36m)[0m[1;36m[0m
[gazebo-1] [1;33mWarning [Utils.cc:132][0m [/sdf/model[@name="tb4_lite6"]/joint[@name="wheel_drop_left_joint"]/physics/ode/provide_feedback:<urdf-string>:L0]: XML Element[provide_feedback], child of element[ode], not defined in SDF. Copying[provide_feedback] as children of [ode].
[gazebo-1] [1;33mWarning [Utils.cc:132][0m [/sdf/model[@name="tb4_lite6"]/joint[@name="wheel_drop_right_joint"]/physics/ode/provide_feedback:<urdf-string>:L0]: XML Element[provide_feedback], child of element[ode], not defined in SDF. Copying[provide_feedback] as children of [ode].
[gazebo-1] [1;33m[Wrn] [SdfEntityCreator.cc:933] [0m[1;33mGazebo does not support Ogre material scripts. See [0m[1;33mhttps://gazebosim.org/api/sim/8/migrationsdf.html#:~:text=Materials [0m[1;33mfor details.[0m[1;33m[0m
[gazebo-1] [1;33m[Wrn] [SdfEntityCreator.cc:949] [0m[1;33mUsing an internal gazebo.material to parse [0m[1;33mGazebo/DarkGrey[0m[1;33m[0m
[gazebo-1] [1;33m[Wrn] [SdfEntityCreator.cc:933] [0m[1;33mGazebo does not support Ogre material scripts. See [0m[1;33mhttps://gazebosim.org/api/sim/8/migrationsdf.html#:~:text=Materials [0m[1;33mfor details.[0m[1;33m[0m
[gazebo-1] [1;33m[Wrn] [SdfEntityCreator.cc:949] [0m[1;33mUsing an internal gazebo.material to parse [0m[1;33mGazebo/DarkGrey[0m[1;33m[0m
[gazebo-1] [1;33m[Wrn] [SdfEntityCreator.cc:933] [0m[1;33mGazebo does not support Ogre material scripts. See [0m[1;33mhttps://gazebosim.org/api/sim/8/migrationsdf.html#:~:text=Materials [0m[1;33mfor details.[0m[1;33m[0m
[gazebo-1] [1;33m[Wrn] [SdfEntityCreator.cc:949] [0m[1;33mUsing an internal gazebo.material to parse [0m[1;33mGazebo/DarkGrey[0m[1;33m[0m
[gazebo-1] [1;33m[Wrn] [SdfEntityCreator.cc:933] [0m[1;33mGazebo does not support Ogre material scripts. See [0m[1;33mhttps://gazebosim.org/api/sim/8/migrationsdf.html#:~:text=Materials [0m[1;33mfor details.[0m[1;33m[0m
[gazebo-1] [1;33m[Wrn] [SdfEntityCreator.cc:949] [0m[1;33mUsing an internal gazebo.material to parse [0m[1;33mGazebo/DarkGrey[0m[1;33m[0m
[parameter_bridge-27] [WARN] [1791386237.918864166] [lidar_bridge]: New subscription discovered on topic '/scan', requesting incompatible QoS. No messages will be sent to it. Last incompatible policy: DURABILITY_QOS_POLICY
[gazebo-1] [INFO] [1791386237.991106239] [gz_ros_control]: [gz_ros2_control] Fixed joint ['bumper_joint'] (Entity='270') is skipped.
[gazebo-1] [INFO] [1791386237.991140030] [gz_ros_control]: [gz_ros2_control] Fixed joint ['front_caster_joint'] (Entity='271') is skipped.
[gazebo-1] [INFO] [1791386237.991143691] [gz_ros_control]: [gz_ros2_control] Fixed joint ['front_left_bottom_weight_block_joint'] (Entity='272') is skipped.
[gazebo-1] [INFO] [1791386237.991146547] [gz_ros_control]: [gz_ros2_control] Fixed joint ['front_left_top_weight_block_joint'] (Entity='273') is skipped.
[gazebo-1] [INFO] [1791386237.991148903] [gz_ros_control]: [gz_ros2_control] Fixed joint ['front_right_bottom_weight_block_joint'] (Entity='274') is skipped.
[gazebo-1] [INFO] [1791386237.991151681] [gz_ros_control]: [gz_ros2_control] Fixed joint ['front_right_top_weight_block_joint'] (Entity='275') is skipped.
[gazebo-1] [INFO] [1791386237.991154053] [gz_ros_control]: [gz_ros2_control] Fixed joint ['imu_joint'] (Entity='276') is skipped.
[gazebo-1] [INFO] [1791386237.991159094] [gz_ros_control]: [gz_ros2_control] Fixed joint ['ir_intensity_front_center_left_joint'] (Entity='277') is skipped.
[gazebo-1] [INFO] [1791386237.991161745] [gz_ros_control]: [gz_ros2_control] Fixed joint ['ir_intensity_front_center_right_joint'] (Entity='278') is skipped.
[gazebo-1] [INFO] [1791386237.991164102] [gz_ros_control]: [gz_ros2_control] Fixed joint ['ir_intensity_front_left_joint'] (Entity='279') is skipped.
[gazebo-1] [INFO] [1791386237.991166472] [gz_ros_control]: [gz_ros2_control] Fixed joint ['ir_intensity_front_right_joint'] (Entity='280') is skipped.
[gazebo-1] [INFO] [1791386237.991168899] [gz_ros_control]: [gz_ros2_control] Fixed joint ['ir_intensity_left_joint'] (Entity='281') is skipped.
[gazebo-1] [INFO] [1791386237.991171329] [gz_ros_control]: [gz_ros2_control] Fixed joint ['ir_intensity_right_joint'] (Entity='282') is skipped.
[gazebo-1] [INFO] [1791386237.991173780] [gz_ros_control]: [gz_ros2_control] Fixed joint ['ir_intensity_side_left_joint'] (Entity='283') is skipped.
[gazebo-1] [INFO] [1791386237.991176129] [gz_ros_control]: [gz_ros2_control] Fixed joint ['ir_omni_joint'] (Entity='284') is skipped.
[gazebo-1] [INFO] [1791386237.991178166] [gz_ros_control]: [gz_ros2_control] Fixed joint ['mouse_joint'] (Entity='285') is skipped.
[gazebo-1] [INFO] [1791386237.991183264] [gz_ros_control]: [gz_ros2_control] Fixed joint ['arm_vacuum_gripper_fix'] (Entity='292') is skipped.
[gazebo-1] [INFO] [1791386237.991187424] [gz_ros_control]: [gz_ros2_control] Fixed joint ['front_left_tower_standoff_joint'] (Entity='293') is skipped.
[gazebo-1] [INFO] [1791386237.991190831] [gz_ros_control]: [gz_ros2_control] Fixed joint ['front_right_tower_standoff_joint'] (Entity='294') is skipped.
[gazebo-1] [INFO] [1791386237.991195086] [gz_ros_control]: [gz_ros2_control] Fixed joint ['oakd_camera_bracket_joint'] (Entity='295') is skipped.
[gazebo-1] [INFO] [1791386237.991198480] [gz_ros_control]: [gz_ros2_control] Fixed joint ['oakd_joint'] (Entity='296') is skipped.
[gazebo-1] [INFO] [1791386237.991201166] [gz_ros_control]: [gz_ros2_control] Fixed joint ['oakd_imu_joint'] (Entity='297') is skipped.
[gazebo-1] [INFO] [1791386237.991204444] [gz_ros_control]: [gz_ros2_control] Fixed joint ['oakd_left_camera_joint'] (Entity='298') is skipped.
[gazebo-1] [INFO] [1791386237.991208025] [gz_ros_control]: [gz_ros2_control] Fixed joint ['oakd_left_camera_optical_joint'] (Entity='299') is skipped.
[gazebo-1] [INFO] [1791386237.991211808] [gz_ros_control]: [gz_ros2_control] Fixed joint ['oakd_rgb_camera_joint'] (Entity='300') is skipped.
[gazebo-1] [INFO] [1791386237.991215614] [gz_ros_control]: [gz_ros2_control] Fixed joint ['oakd_rgb_camera_optical_joint'] (Entity='301') is skipped.
[gazebo-1] [INFO] [1791386237.991219453] [gz_ros_control]: [gz_ros2_control] Fixed joint ['oakd_right_camera_joint'] (Entity='302') is skipped.
[gazebo-1] [INFO] [1791386237.991223794] [gz_ros_control]: [gz_ros2_control] Fixed joint ['oakd_right_camera_optical_joint'] (Entity='303') is skipped.
[gazebo-1] [INFO] [1791386237.991227946] [gz_ros_control]: [gz_ros2_control] Fixed joint ['rear_left_tower_standoff_joint'] (Entity='304') is skipped.
[gazebo-1] [INFO] [1791386237.991231802] [gz_ros_control]: [gz_ros2_control] Fixed joint ['rear_right_tower_standoff_joint'] (Entity='305') is skipped.
[gazebo-1] [INFO] [1791386237.991235374] [gz_ros_control]: [gz_ros2_control] Fixed joint ['rplidar_joint'] (Entity='306') is skipped.
[gazebo-1] [INFO] [1791386237.991290174] [gz_ros_control]: [gz_ros2_control] Fixed joint ['tower_sensor_plate_joint'] (Entity='307') is skipped.
[gazebo-1] [INFO] [1791386238.008962321] [gz_ros_control]: Loading controller_manager
[gazebo-1] [INFO] [1791386238.074957038] [controller_manager]: Using ROS clock for triggering controller manager cycles.
[gazebo-1] [INFO] [1791386238.098741136] [controller_manager]: Subscribing to '/robot_description' topic for robot description.
[gazebo-1] [WARN] [1791386238.104890441] [gz_ros_control]: Waiting RM to load and initialize hardware...
[gazebo-1] [1;32m[Msg] [0m[1;32mGazebo Sim GUI    v[0m[1;32m8.10.0[0m[1;32m[0m
[gazebo-1] [1;32m[Msg] [0m[1;32mDetected Wayland. Setting Qt to use the xcb plugin: [0m[1;32m'QT_QPA_PLATFORM=xcb'.[0m[1;32m[0m
[gazebo-1] [1;36m[Dbg] [Gui.cc:275] [0m[1;36mWaiting for subscribers to [[0m[1;36m/gazebo/starting_world[0m[1;36m]...[0m[1;36m[0m
[gazebo-1] [1;36m[Dbg] [Application.cc:96] [0m[1;36mInitializing application.[0m[1;36m[0m
[gazebo-1] [1;36m[Dbg] [Application.cc:170] [0m[1;36mQt using OpenGL graphics interface[0m[1;36m[0m
[gazebo-1] [1;36m[GUI] [Dbg] [Application.cc:657] [0m[1;36mCreate main window[0m[1;36m[0m
[gazebo-1] [1;36m[GUI] [Dbg] [PathManager.cc:68] [0m[1;36mRequesting resource paths through [[0m[1;36m/gazebo/resource_paths/get[0m[1;36m][0m[1;36m[0m
[gazebo-1] [1;36m[GUI] [Dbg] [Gui.cc:355] [0m[1;36mGUI requesting list of world names. The server may be busy [0m[1;36mdownloading resources. Please be patient.[0m[1;36m[0m
[gazebo-1] [1;36m[GUI] [Dbg] [PathManager.cc:57] [0m[1;36mReceived resource paths.[0m[1;36m[0m
[gazebo-1] [1;36m[GUI] [Dbg] [GuiRunner.cc:149] [0m[1;36mRequesting initial state from [[0m[1;36m/world/warehouse/state[0m[1;36m]...[0m[1;36m[0m
[gazebo-1] [1;32m[GUI] [0m[1;32m[Msg] [0m[1;32mLoading config [[0m[1;32m/home/y/u/yunqiao/IROB_Mobile_Robot_Project/install/turtlebot4_gz_bringup/share/turtlebot4_gz_bringup/gui/standard/gui.config[0m[1;32m][0m[1;32m[0m
[gazebo-1] [1;36m[GUI] [Dbg] [Application.cc:528] [0m[1;36mLoading plugin [[0m[1;36mMinimalScene[0m[1;36m][0m[1;36m[0m
[gazebo-1] [1;36m[GUI] [Dbg] [MinimalScene.cc:802] [0m[1;36mCreating gz-rendering interface for OpenGL[0m[1;36m[0m
[gazebo-1] [1;36m[GUI] [Dbg] [MinimalScene.cc:802] [0m[1;36mCreating gz-rendering interface for OpenGL[0m[1;36m[0m
[gazebo-1] [1;36m[GUI] [Dbg] [MinimalScene.cc:986] [0m[1;36mCreating render thread interface for OpenGL[0m[1;36m[0m
[gazebo-1] [1;36m[GUI] [Dbg] [MinimalScene.cc:802] [0m[1;36mCreating gz-rendering interface for OpenGL[0m[1;36m[0m
[gazebo-1] [1;36m[GUI] [Dbg] [MinimalScene.cc:986] [0m[1;36mCreating render thread interface for OpenGL[0m[1;36m[0m
[gazebo-1] [1;32m[GUI] [0m[1;32m[Msg] [0m[1;32mAdded plugin [[0m[1;32m3D View[0m[1;32m] to main window[0m[1;32m[0m
[gazebo-1] [1;32m[GUI] [0m[1;32m[Msg] [0m[1;32mLoaded plugin [[0m[1;32mMinimalScene[0m[1;32m] from path [[0m[1;32m/afs/kth.se/misc/info/kurser/DD2410/ht26/pixi/IROB/.pixi/envs/default/lib/gz-gui-8/plugins/libMinimalScene.so[0m[1;32m][0m[1;32m[0m
[gazebo-1] [1;36m[GUI] [Dbg] [Application.cc:528] [0m[1;36mLoading plugin [[0m[1;36mGzSceneManager[0m[1;36m][0m[1;36m[0m
[gazebo-1] [1;32m[GUI] [0m[1;32m[Msg] [0m[1;32mAdded plugin [[0m[1;32mScene Manager[0m[1;32m] to main window[0m[1;32m[0m
[gazebo-1] [1;32m[GUI] [0m[1;32m[Msg] [0m[1;32mLoaded plugin [[0m[1;32mGzSceneManager[0m[1;32m] from path [[0m[1;32m/afs/kth.se/misc/info/kurser/DD2410/ht26/pixi/IROB/.pixi/envs/default/lib/gz-sim-8/plugins/gui/libGzSceneManager.so[0m[1;32m][0m[1;32m[0m
[gazebo-1] [1;36m[GUI] [Dbg] [Application.cc:528] [0m[1;36mLoading plugin [[0m[1;36mInteractiveViewControl[0m[1;36m][0m[1;36m[0m
[gazebo-1] [1;32m[GUI] [0m[1;32m[Msg] [0m[1;32mCamera view controller topic advertised on [[0m[1;32m/gui/camera/view_control[0m[1;32m][0m[1;32m[0m
[gazebo-1] [1;32m[GUI] [0m[1;32m[Msg] [0m[1;32mCamera reference visual topic advertised on [[0m[1;32m/gui/camera/view_control/reference_visual[0m[1;32m][0m[1;32m[0m
[gazebo-1] [1;32m[GUI] [0m[1;32m[Msg] [0m[1;32mCamera view control sensitivity advertised on [[0m[1;32m/gui/camera/view_control/sensitivity[0m[1;32m][0m[1;32m[0m
[gazebo-1] [1;32m[GUI] [0m[1;32m[Msg] [0m[1;32mAdded plugin [[0m[1;32mInteractive view control[0m[1;32m] to main window[0m[1;32m[0m
[gazebo-1] [1;32m[GUI] [0m[1;32m[Msg] [0m[1;32mLoaded plugin [[0m[1;32mInteractiveViewControl[0m[1;32m] from path [[0m[1;32m/afs/kth.se/misc/info/kurser/DD2410/ht26/pixi/IROB/.pixi/envs/default/lib/gz-gui-8/plugins/libInteractiveViewControl.so[0m[1;32m][0m[1;32m[0m
[gazebo-1] [1;36m[GUI] [Dbg] [Application.cc:528] [0m[1;36mLoading plugin [[0m[1;36mWorldControl[0m[1;36m][0m[1;36m[0m
[gazebo-1] [1;33m[GUI] [Wrn] [Application.cc:908] [0m[1;33m[QT] file::/Turtlebot4Hmi/Turtlebot4Hmi.qml:102:7: Unable to assign [undefined] to QString[0m[1;33m[0m
[gazebo-1] [WARN] [1791386239.098276331] [controller_manager]: Waiting for data on 'robot_description' topic to finish initialization
[gazebo-1] [1;33m[GUI] [Wrn] [Application.cc:908] [0m[1;33m[QT] file::/WorldStats/WorldStats.qml:53:3: QML RowLayout: Binding loop detected for property "x"[0m[1;33m[0m
[gazebo-1] [1;32m[GUI] [0m[1;32m[Msg] [0m[1;32mUsing world control service [[0m[1;32m/world/warehouse/control[0m[1;32m][0m[1;32m[0m
[gazebo-1] [1;32m[GUI] [0m[1;32m[Msg] [0m[1;32mListening to stats on [[0m[1;32m/world/warehouse/stats[0m[1;32m][0m[1;32m[0m
[gazebo-1] [1;36m[GUI] [Dbg] [WorldControl.cc:237] [0m[1;36mUsing an event to share WorldControl msgs with the server[0m
[gazebo-1] [1;32m[GUI] [0m[1;32m[Msg] [0m[1;32mAdded plugin [[0m[1;32mWorld control[0m[1;32m] to main window[0m[1;32m[0m
[gazebo-1] [1;32m[GUI] [0m[1;32m[Msg] [0m[1;32mLoaded plugin [[0m[1;32mWorldControl[0m[1;32m] from path [[0m[1;32m/afs/kth.se/misc/info/kurser/DD2410/ht26/pixi/IROB/.pixi/envs/default/lib/gz-gui-8/plugins/libWorldControl.so[0m[1;32m][0m[1;32m[0m
[gazebo-1] [1;36m[GUI] [Dbg] [Application.cc:528] [0m[1;36mLoading plugin [[0m[1;36mWorldStats[0m[1;36m][0m[1;36m[0m
[gazebo-1] [1;32m[GUI] [0m[1;32m[Msg] [0m[1;32mListening to stats on [[0m[1;32m/world/warehouse/stats[0m[1;32m][0m[1;32m[0m
[gazebo-1] [1;32m[GUI] [0m[1;32m[Msg] [0m[1;32mAdded plugin [[0m[1;32mWorld stats[0m[1;32m] to main window[0m[1;32m[0m
[gazebo-1] [1;32m[GUI] [0m[1;32m[Msg] [0m[1;32mLoaded plugin [[0m[1;32mWorldStats[0m[1;32m] from path [[0m[1;32m/afs/kth.se/misc/info/kurser/DD2410/ht26/pixi/IROB/.pixi/envs/default/lib/gz-gui-8/plugins/libWorldStats.so[0m[1;32m][0m[1;32m[0m
[gazebo-1] [1;36m[GUI] [Dbg] [Application.cc:528] [0m[1;36mLoading plugin [[0m[1;36mTransformControl[0m[1;36m][0m[1;36m[0m
[gazebo-1] [1;32m[GUI] [0m[1;32m[Msg] [0m[1;32mAdded plugin [[0m[1;32mTransform control[0m[1;32m] to main window[0m[1;32m[0m
[gazebo-1] [1;32m[GUI] [0m[1;32m[Msg] [0m[1;32mLoaded plugin [[0m[1;32mTransformControl[0m[1;32m] from path [[0m[1;32m/afs/kth.se/misc/info/kurser/DD2410/ht26/pixi/IROB/.pixi/envs/default/lib/gz-sim-8/plugins/gui/libTransformControl.so[0m[1;32m][0m[1;32m[0m
[gazebo-1] [1;36m[GUI] [Dbg] [Application.cc:528] [0m[1;36mLoading plugin [[0m[1;36mShapes[0m[1;36m][0m[1;36m[0m
[gazebo-1] [1;32m[GUI] [0m[1;32m[Msg] [0m[1;32mAdded plugin [[0m[1;32mShapes[0m[1;32m] to main window[0m[1;32m[0m
[gazebo-1] [1;32m[GUI] [0m[1;32m[Msg] [0m[1;32mLoaded plugin [[0m[1;32mShapes[0m[1;32m] from path [[0m[1;32m/afs/kth.se/misc/info/kurser/DD2410/ht26/pixi/IROB/.pixi/envs/default/lib/gz-sim-8/plugins/gui/libShapes.so[0m[1;32m][0m[1;32m[0m
[gazebo-1] [1;36m[GUI] [Dbg] [Application.cc:528] [0m[1;36mLoading plugin [[0m[1;36mTurtlebot4Hmi[0m[1;36m][0m[1;36m[0m
[gazebo-1] [1;32m[GUI] [0m[1;32m[Msg] [0m[1;32mAdded plugin [[0m[1;32mTurtlebot4 HMI[0m[1;32m] to main window[0m[1;32m[0m
[gazebo-1] [1;32m[GUI] [0m[1;32m[Msg] [0m[1;32mLoaded plugin [[0m[1;32mTurtlebot4Hmi[0m[1;32m] from path [[0m[1;32m/home/y/u/yunqiao/IROB_Mobile_Robot_Project/install/turtlebot4_gz_gui_plugins/share/turtlebot4_gz_gui_plugins/lib/libTurtlebot4Hmi.so[0m[1;32m][0m[1;32m[0m
[gazebo-1] [1;36m[GUI] [Dbg] [Application.cc:528] [0m[1;36mLoading plugin [[0m[1;36mTeleop[0m[1;36m][0m[1;36m[0m
[gazebo-1] [1;32m[GUI] [0m[1;32m[Msg] [0m[1;32mA new topic has been entered: '[0m[1;32m/cmd_vel[0m[1;32m ' [0m[1;32m[0m
[gazebo-1] [1;32m[GUI] [0m[1;32m[Msg] [0m[1;32mAdded plugin [[0m[1;32mTeleop[0m[1;32m] to main window[0m[1;32m[0m
[gazebo-1] [1;32m[GUI] [0m[1;32m[Msg] [0m[1;32mLoaded plugin [[0m[1;32mTeleop[0m[1;32m] from path [[0m[1;32m/afs/kth.se/misc/info/kurser/DD2410/ht26/pixi/IROB/.pixi/envs/default/lib/gz-gui-8/plugins/libTeleop.so[0m[1;32m][0m[1;32m[0m
[gazebo-1] [1;36m[GUI] [Dbg] [Application.cc:671] [0m[1;36mApplying config[0m[1;36m[0m
[gazebo-1] [1;36m[GUI] [Dbg] [MinimalScene.cc:802] [0m[1;36mCreating gz-rendering interface for OpenGL[0m[1;36m[0m
[gazebo-1] [1;36m[GUI] [Dbg] [MinimalScene.cc:986] [0m[1;36mCreating render thread interface for OpenGL[0m[1;36m[0m
[gazebo-1] [1;32m[GUI] [0m[1;32m[Msg] [0m[1;32mLoading plugin [[0m[1;32mgz-rendering-ogre2[0m[1;32m][0m[1;32m[0m
[gazebo-1] [1;36m[GUI] [Dbg] [MinimalScene.cc:749] [0m[1;36mCreate scene [[0m[1;36mscene[0m[1;36m][0m[1;36m[0m
[gazebo-1] [1;36m[GUI] [Dbg] [MinimalScene.cc:1037] [0m[1;36mCreating texture node render interface for OpenGL[0m[1;36m[0m
[gazebo-1] [WARN] [1791386240.098273224] [controller_manager]: Waiting for data on 'robot_description' topic to finish initialization
[gazebo-1] [WARN] [1791386240.104974463] [gz_ros_control]: Waiting RM to load and initialize hardware...
[gazebo-1] [INFO] [1791386240.380537421] [controller_manager]: Received robot description from topic.
[gazebo-1] [INFO] [1791386240.381079096] [controller_manager]: Enforcing command limits is disabled. Command limits from URDF will be ignored.
[gazebo-1] [INFO] [1791386240.398603475] [gz_ros_control]: The position_proportional_gain has been set to: 0.1
[gazebo-1] [INFO] [1791386240.398666145] [gz_ros_control]: Loading joint: left_wheel_joint
[gazebo-1] [INFO] [1791386240.398670590] [gz_ros_control]: 	State:
[gazebo-1] [INFO] [1791386240.398673303] [gz_ros_control]: 		 velocity
[gazebo-1] [INFO] [1791386240.398675939] [gz_ros_control]: 		 position
[gazebo-1] [INFO] [1791386240.398678954] [gz_ros_control]: 	Command:
[gazebo-1] [INFO] [1791386240.398681053] [gz_ros_control]: 		 velocity
[gazebo-1] [INFO] [1791386240.398765136] [gz_ros_control]: Loading sensor: imu
[gazebo-1] [INFO] [1791386240.398770776] [gz_ros_control]: 	State:
[gazebo-1] [WARN] [1791386240.398773986] [gz_ros_control]: IMU sensor 'imu' not found in hardware_info, skipping.
[gazebo-1] [INFO] [1791386240.398869101] [controller_manager]: Initialize hardware 'left_wheel_controller' 
[gazebo-1] [WARN] [1791386240.398879154] [controller_manager.hardware_component.system.left_wheel_controller]: Executor is not available during hardware component initialization for 'left_wheel_controller'. Skipping node creation!
[gazebo-1] [INFO] [1791386240.398894767] [controller_manager]: Successful initialization of hardware 'left_wheel_controller'
[gazebo-1] [INFO] [1791386240.398954957] [gz_ros_control]: The position_proportional_gain has been set to: 0.1
[gazebo-1] [INFO] [1791386240.398974905] [gz_ros_control]: Loading joint: right_wheel_joint
[gazebo-1] [INFO] [1791386240.398977986] [gz_ros_control]: 	State:
[gazebo-1] [INFO] [1791386240.398980492] [gz_ros_control]: 		 velocity
[gazebo-1] [INFO] [1791386240.398983003] [gz_ros_control]: 		 position
[gazebo-1] [INFO] [1791386240.398985517] [gz_ros_control]: 	Command:
[gazebo-1] [INFO] [1791386240.398987525] [gz_ros_control]: 		 velocity
[gazebo-1] [INFO] [1791386240.398996739] [gz_ros_control]: Loading sensor: imu
[gazebo-1] [INFO] [1791386240.398999417] [gz_ros_control]: 	State:
[gazebo-1] [WARN] [1791386240.399001602] [gz_ros_control]: IMU sensor 'imu' not found in hardware_info, skipping.
[gazebo-1] [INFO] [1791386240.399022279] [controller_manager]: Initialize hardware 'right_wheel_controller' 
[gazebo-1] [WARN] [1791386240.399028671] [controller_manager.hardware_component.system.right_wheel_controller]: Executor is not available during hardware component initialization for 'right_wheel_controller'. Skipping node creation!
[gazebo-1] [INFO] [1791386240.399040808] [controller_manager]: Successful initialization of hardware 'right_wheel_controller'
[gazebo-1] [INFO] [1791386240.399074066] [gz_ros_control]: The position_proportional_gain has been set to: 0.1
[gazebo-1] [INFO] [1791386240.399088779] [gz_ros_control]: Loading joint: arm_joint1
[gazebo-1] [INFO] [1791386240.399091751] [gz_ros_control]: 	State:
[gazebo-1] [INFO] [1791386240.399093920] [gz_ros_control]: 		 position
[gazebo-1] [INFO] [1791386240.399096243] [gz_ros_control]: 		 velocity
[gazebo-1] [INFO] [1791386240.399098756] [gz_ros_control]: 	Command:
[gazebo-1] [INFO] [1791386240.399100787] [gz_ros_control]: 		 position
[gazebo-1] [INFO] [1791386240.399107259] [gz_ros_control]: 		 velocity
[gazebo-1] [INFO] [1791386240.399116450] [gz_ros_control]: Loading joint: arm_joint2
[gazebo-1] [INFO] [1791386240.399119290] [gz_ros_control]: 	State:
[gazebo-1] [INFO] [1791386240.399142237] [gz_ros_control]: 		 position
[gazebo-1] [INFO] [1791386240.399145897] [gz_ros_control]: 		 velocity
[gazebo-1] [INFO] [1791386240.399150287] [gz_ros_control]: 	Command:
[gazebo-1] [INFO] [1791386240.399152583] [gz_ros_control]: 		 position
[gazebo-1] [INFO] [1791386240.399158966] [gz_ros_control]: 		 velocity
[gazebo-1] [INFO] [1791386240.399166959] [gz_ros_control]: Loading joint: arm_joint3
[gazebo-1] [INFO] [1791386240.399169294] [gz_ros_control]: 	State:
[gazebo-1] [INFO] [1791386240.399171394] [gz_ros_control]: 		 position
[gazebo-1] [INFO] [1791386240.399174019] [gz_ros_control]: 		 velocity
[gazebo-1] [INFO] [1791386240.399176493] [gz_ros_control]: 	Command:
[gazebo-1] [INFO] [1791386240.399178560] [gz_ros_control]: 		 position
[gazebo-1] [INFO] [1791386240.399184138] [gz_ros_control]: 		 velocity
[gazebo-1] [INFO] [1791386240.399191569] [gz_ros_control]: Loading joint: arm_joint4
[gazebo-1] [INFO] [1791386240.399193908] [gz_ros_control]: 	State:
[gazebo-1] [INFO] [1791386240.399196066] [gz_ros_control]: 		 position
[gazebo-1] [INFO] [1791386240.399198297] [gz_ros_control]: 		 velocity
[gazebo-1] [INFO] [1791386240.399200426] [gz_ros_control]: 	Command:
[gazebo-1] [INFO] [1791386240.399202408] [gz_ros_control]: 		 position
[gazebo-1] [INFO] [1791386240.399207221] [gz_ros_control]: 		 velocity
[gazebo-1] [INFO] [1791386240.399215905] [gz_ros_control]: Loading joint: arm_joint5
[gazebo-1] [INFO] [1791386240.399218290] [gz_ros_control]: 	State:
[gazebo-1] [INFO] [1791386240.399220302] [gz_ros_control]: 		 position
[gazebo-1] [INFO] [1791386240.399223090] [gz_ros_control]: 		 velocity
[gazebo-1] [INFO] [1791386240.399225142] [gz_ros_control]: 	Command:
[gazebo-1] [INFO] [1791386240.399227157] [gz_ros_control]: 		 position
[gazebo-1] [INFO] [1791386240.399233188] [gz_ros_control]: 		 velocity
[gazebo-1] [INFO] [1791386240.399240596] [gz_ros_control]: Loading joint: arm_joint6
[gazebo-1] [INFO] [1791386240.399242992] [gz_ros_control]: 	State:
[gazebo-1] [INFO] [1791386240.399245166] [gz_ros_control]: 		 position
[gazebo-1] [INFO] [1791386240.399247212] [gz_ros_control]: 		 velocity
[gazebo-1] [INFO] [1791386240.399249361] [gz_ros_control]: 	Command:
[gazebo-1] [INFO] [1791386240.399251350] [gz_ros_control]: 		 position
[gazebo-1] [INFO] [1791386240.399256291] [gz_ros_control]: 		 velocity
[gazebo-1] [INFO] [1791386240.399259523] [gz_ros_control]: Loading sensor: imu
[gazebo-1] [INFO] [1791386240.399262444] [gz_ros_control]: 	State:
[gazebo-1] [WARN] [1791386240.399264597] [gz_ros_control]: IMU sensor 'imu' not found in hardware_info, skipping.
[gazebo-1] [INFO] [1791386240.399287141] [controller_manager]: Initialize hardware 'arm_gz_ros2_control/GazeboSimSystem' 
[gazebo-1] [WARN] [1791386240.399296255] [controller_manager.hardware_component.system.arm_gz_ros2_control/GazeboSimSystem]: Executor is not available during hardware component initialization for 'arm_gz_ros2_control/GazeboSimSystem'. Skipping node creation!
[gazebo-1] [INFO] [1791386240.399324027] [controller_manager]: Successful initialization of hardware 'arm_gz_ros2_control/GazeboSimSystem'
[gazebo-1] [INFO] [1791386240.399395411] [controller_manager]: Activating component 'arm_gz_ros2_control/GazeboSimSystem'.
[gazebo-1] [INFO] [1791386240.399419785] [resource_manager]: 'configure' hardware 'arm_gz_ros2_control/GazeboSimSystem' 
[gazebo-1] [INFO] [1791386240.399424606] [gz_ros_control]: System Successfully configured!
[gazebo-1] [INFO] [1791386240.399431364] [resource_manager]: Successful 'configure' of hardware 'arm_gz_ros2_control/GazeboSimSystem'
[gazebo-1] [INFO] [1791386240.399434875] [resource_manager]: 'activate' hardware 'arm_gz_ros2_control/GazeboSimSystem' 
[gazebo-1] [INFO] [1791386240.399437688] [resource_manager]: Successful 'activate' of hardware 'arm_gz_ros2_control/GazeboSimSystem'
[gazebo-1] [INFO] [1791386240.399450810] [controller_manager]: Activating component 'right_wheel_controller'.
[gazebo-1] [INFO] [1791386240.399453758] [resource_manager]: 'configure' hardware 'right_wheel_controller' 
[gazebo-1] [INFO] [1791386240.399455023] [gz_ros_control]: System Successfully configured!
[gazebo-1] [INFO] [1791386240.399457255] [resource_manager]: Successful 'configure' of hardware 'right_wheel_controller'
[gazebo-1] [INFO] [1791386240.399458794] [resource_manager]: 'activate' hardware 'right_wheel_controller' 
[gazebo-1] [INFO] [1791386240.399460335] [resource_manager]: Successful 'activate' of hardware 'right_wheel_controller'
[gazebo-1] [INFO] [1791386240.399468840] [controller_manager]: Activating component 'left_wheel_controller'.
[gazebo-1] [INFO] [1791386240.399471185] [resource_manager]: 'configure' hardware 'left_wheel_controller' 
[gazebo-1] [INFO] [1791386240.399485814] [gz_ros_control]: System Successfully configured!
[gazebo-1] [INFO] [1791386240.399489985] [resource_manager]: Successful 'configure' of hardware 'left_wheel_controller'
[gazebo-1] [INFO] [1791386240.399492492] [resource_manager]: 'activate' hardware 'left_wheel_controller' 
[gazebo-1] [INFO] [1791386240.399495370] [resource_manager]: Successful 'activate' of hardware 'left_wheel_controller'
[gazebo-1] [WARN] [1791386240.399504594] [controller_manager]: Component 'arm_gz_ros2_control/GazeboSimSystem' does not have read or write statistics initialized, skipping registration.
[gazebo-1] [WARN] [1791386240.399508194] [controller_manager]: Component 'right_wheel_controller' does not have read or write statistics initialized, skipping registration.
[gazebo-1] [WARN] [1791386240.399510421] [controller_manager]: Component 'left_wheel_controller' does not have read or write statistics initialized, skipping registration.
[gazebo-1] [INFO] [1791386240.399515569] [controller_manager]: Resource Manager has been successfully initialized. Starting Controller Manager services...
[wait_for_ready-48] [INFO] [1791386240.515687039] [wait_for_sim]: ready: node controller_manager
[wait_for_ready-48] [INFO] [1791386240.517023152] [wait_for_sim]: ready: service /controller_manager/set_parameters
[wait_for_ready-48] [INFO] [1791386240.522730501] [wait_for_sim]: ready: service /controller_manager/list_controllers (answered a call)
[gazebo-1] [INFO] [1791386240.634308542] [controller_manager]: Loading controller : 'joint_state_broadcaster' of type 'joint_state_broadcaster/JointStateBroadcaster'
[gazebo-1] [INFO] [1791386240.634351668] [controller_manager]: Loading controller 'joint_state_broadcaster'
[gazebo-1] [WARN] [1791386240.652127125] [controller_manager]: The use of remapping arguments to the controller_manager node is deprecated. Please use the '--controller-ros-args' argument of the spawner to pass remapping arguments to the controller node.
[gazebo-1] [INFO] [1791386240.652163748] [controller_manager]: Controller 'joint_state_broadcaster' node arguments: --ros-args --params-file /home/y/u/yunqiao/IROB_Mobile_Robot_Project/install/irobot_create_control/share/irobot_create_control/config/control.yaml --params-file /home/y/u/yunqiao/IROB_Mobile_Robot_Project/install/warehouse_inventory_robot/share/warehouse_inventory_robot/config/arm_controller_types.yaml --ros-args --remap ~/odom:=odom --remap /tf:=tf --remap /tf_static:=tf_static --remap /diagnostics:=diagnostics -p use_sim_time:=true --param use_sim_time:=true 
[spawner-31] [INFO] [1791386240.678541471] [spawner_joint_state_broadcaster]: Loaded joint_state_broadcaster
[gazebo-1] [INFO] [1791386240.680628882] [controller_manager]: Configuring controller: 'joint_state_broadcaster'
[gazebo-1] [INFO] [1791386240.680704963] [joint_state_broadcaster]: 'joints' or 'interfaces' parameter is empty. All available state interfaces will be published
[gazebo-1] [INFO] [1791386240.780374956] [controller_manager]: Activating controllers: [ joint_state_broadcaster ]
[gazebo-1] [1;36m[GUI] [Dbg] [TransformControl.cc:453] [0m[1;36mTransformControl [1;36m[Dbg] [SystemManager.cc:80] [0m[1;36mLoaded system [[0m[1;36mgz_ros2_control::GazeboSimROS2ControlPlugin[0m[1;36m] for entity [[0m[1;36m164[0m[1;36m][0m[1;36m[0m
[gazebo-1] [1;36m[Dbg] [SystemManager.cc:80] [0m[1;36mLoaded system [[0m[1;36mgz::sim::systems::PosePublisher[0m[1;36m] for entity [[0m[1;36m164[0m[1;36m][0m[1;36m[0m
[gazebo-1] [1;36m[Dbg] [SystemManager.cc:80] [0m[1;36mLoaded system [[0m[1;36mgz::sim::systems::Contact[0m[1;36m] for entity [[0m[1;36m164[0m[1;36m][0m[1;36m[0m
[gazebo-1] [1;36m[Dbg] [Sensors.cc:697] [0m[1;36mConfiguring Sensors system[0m[1;36m[0m
[gazebo-1] [1;36m[Dbg] [Sensors.cc:557] [0m[1;36mSensorsPrivate::Run[0m[1;36m[0m
[gazebo-1] [1;36m[Dbg] [SystemManager.cc:80] [0m[1;36mLoaded system [[0m[1;36mgz::sim::systems::Sensors[0m[1;36m] for entity [[0m[1;36m164[0m[1;36m][0m[1;36m[0m
[gazebo-1] [1;36m[Dbg] [Sensors.cc:532] [0m[1;36mSensorsPrivate::RenderThread started[0m[1;36m[0m
[gazebo-1] [1;36m[Dbg] [Sensors.cc:337] [0m[1;36mWaiting for init[0m[1;36m[0m
[gazebo-1] [1;36m[Dbg] [DetachableJoint.cc:137] [0m[1;36mDetach topic is: [0m[1;36m/vacuum_gripper/detach[0m[1;36m[0m
[gazebo-1] [1;36m[Dbg] [DetachableJoint.cc:143] [0m[1;36mDetachableJoint subscribing to messages on [0m[1;36m[[0m[1;36m/vacuum_gripper/detach[0m[1;36m][0m[1;36m[0m
[gazebo-1] [1;36m[Dbg] [DetachableJoint.cc:160] [0m[1;36mAttach topic is: [0m[1;36m/vacuum_gripper/attach[0m[1;36m[0m
[gazebo-1] [1;36m[Dbg] [DetachableJoint.cc:195] [0m[1;36mOutput topic is: [0m[1;36m/vacuum_gripper/state[0m[1;36m[0m
[gazebo-1] [1;36m[Dbg] [SystemManager.cc:80] [0m[1;36mLoaded system [[0m[1;36mgz::sim::systems::DetachableJoint[0m[1;36m] for entity [[0m[1;36m164[0m[1;36m][0m[1;36m[0m
[gazebo-1] [1;32m[Msg] [0m[1;32mOdometryPublisher publishing odometry on [[0m[1;32m/model/turtlebot4/odometry[0m[1;32m][0m[1;32m[0m
[gazebo-1] [1;32m[Msg] [0m[1;32mOdometryPublisher publishing odometry with covariance on [[0m[1;32m/model/turtlebot4/odometry_with_covariance[0m[1;32m][0m[1;32m[0m
[gazebo-1] [1;32m[Msg] [0m[1;32mOdometryPublisher publishing Pose_V (TF) on [[0m[1;32m/model/turtlebot4/pose[0m[1;32m][0m[1;32m[0m
[gazebo-1] [1;36m[Dbg] [SystemManager.cc:80] [0m[1;36mLoaded system [[0m[1;36mgz::sim::systems::OdometryPublisher[0m[1;36m] for entity [[0m[1;36m164[0m[1;36m][0m[1;36m[0m
[gazebo-1] [1;36m[Dbg] [UserCommands.cc:1094] [0m[1;36mCreated entity [[0m[1;36m164[0m[1;36m] named [[0m[1;36mturtlebot4[0m[1;36m][0m[1;36m[0m
[gazebo-1] [1;32m[Msg] [0m[1;32mContact system publishing on [0m[1;32m/bumper_contact[0m[1;32m[0m
[gazebo-1] [1;36m[Dbg] [SDFFeatures.cc:332] [0m[1;36mMesh construction from an SDF has not been implemented yet for [0m[1;36mdartsim. Use AttachMeshShapeFeature to use mesh shapes.[0m
[gazebo-1] [1;36m[Dbg] [SDFFeatures.cc:864] [0m[1;36mThe geometry element of collision [[0m[1;36mbase_link_fixed_joint_lump__shell_collision_collision_1[0m[1;36m] [0m[1;36mcouldn't be created[0m
[gazebo-1] [1;36m[Dbg] [SDFFeatures.cc:332] [0m[1;36mMesh construction from an SDF has not been implemented yet for [0m[1;36mdartsim. Use AttachMeshShapeFeature to use mesh shapes.[0m
[gazebo-1] [1;36m[Dbg] [SDFFeatures.cc:864] [0m[1;36mThe geometry element of collision [[0m[1;36mbase_link_fixed_joint_lump__arm_link_base_collision_2[0m[1;36m] [0m[1;36mcouldn't be created[0m
[gazebo-1] [1;36m[Dbg] [SDFFeatures.cc:332] [0m[1;36mMesh construction from an SDF has not been implemented yet for [0m[1;36mdartsim. Use AttachMeshShapeFeature to use mesh shapes.[0m
[gazebo-1] [1;36m[Dbg] [SDFFeatures.cc:864] [0m[1;36mThe geometry element of collision [[0m[1;36mbumper_collision[0m[1;36m] [0m[1;36mcouldn't be created[0m
[gazebo-1] [1;36m[Dbg] [SDFFeatures.cc:332] [0m[1;36mMesh construction from an SDF has not been implemented yet for [0m[1;36mdartsim. Use AttachMeshShapeFeature to use mesh shapes.[0m
[gazebo-1] [1;36m[Dbg] [SDFFeatures.cc:864] [0m[1;36mThe geometry element of collision [[0m[1;36marm_link1_collision[0m[1;36m] [0m[1;36mcouldn't be created[0m
[gazebo-1] [1;33m[Wrn] [Component.hh:127] [0m[1;33mTrying to serialize component with data type [[0m[1;33mSt10shared_ptrIN3sdf3v147ElementEE[0m[1;33m], which doesn't have [0m[1;33m`operator<<`. Component will not be serialized.[0m[1;33m[0m
[gazebo-1] [ERROR] [1791386242.473455810] [gz_ros_control]: Desired controller update period (0.001 s) is faster than the gazebo simulation period (0.003 s).
[gazebo-1] [INFO] [1791386242.475194090] [controller_manager]: Successfully switched controllers!
[spawner-31] [INFO] [1791386242.478938371] [spawner_joint_state_broadcaster]: Configured and activated joint_state_broadcaster
[gazebo-1] [1;33m[GUI] [Wrn] [Component.hh:172] [0m[1;33mTrying to deserialize component with data type [[0m[1;33mSt10shared_ptrIN3sdf3v147ElementEE[0m[1;33m], which doesn't have [0m[1;33m`operator>>`. Component will not be deserialized.[0m[1;33m[0m
[INFO] [spawner-31]: process has finished cleanly [pid 7111]
[INFO] [spawner-49]: process started with pid [8263]
[gazebo-1] [1;36m[Dbg] [SDFFeatures.cc:332] [0m[1;36mMesh construction from an SDF has not been implemented yet for [0m[1;36mdartsim. Use AttachMeshShapeFeature to use mesh shapes.[0m
[gazebo-1] [1;36m[Dbg] [SDFFeatures.cc:864] [0m[1;36mThe geometry element of collision [[0m[1;36marm_link2_collision[0m[1;36m] [0m[1;36mcouldn't be created[0m
[gazebo-1] [1;36m[Dbg] [SDFFeatures.cc:332] [0m[1;36mMesh construction from an SDF has not been implemented yet for [0m[1;36mdartsim. Use AttachMeshShapeFeature to use mesh shapes.[0m
[gazebo-1] [1;36m[Dbg] [SDFFeatures.cc:864] [0m[1;36mThe geometry element of collision [[0m[1;36marm_link3_collision[0m[1;36m] [0m[1;36mcouldn't be created[0m
[gazebo-1] [1;36m[Dbg] [SDFFeatures.cc:332] [0m[1;36mMesh construction from an SDF has not been implemented yet for [0m[1;36mdartsim. Use AttachMeshShapeFeature to use mesh shapes.[0m
[gazebo-1] [1;36m[Dbg] [SDFFeatures.cc:864] [0m[1;36mThe geometry element of collision [[0m[1;36marm_link4_collision[0m[1;36m] [0m[1;36mcouldn't be created[0m
[gazebo-1] [1;36m[Dbg] [SDFFeatures.cc:332] [0m[1;36mMesh construction from an SDF has not been implemented yet for [0m[1;36mdartsim. Use AttachMeshShapeFeature to use mesh shapes.[0m
[gazebo-1] [1;36m[Dbg] [SDFFeatures.cc:864] [0m[1;36mThe geometry element of collision [[0m[1;36marm_link5_collision[0m[1;36m] [0m[1;36mcouldn't be created[0m
[gazebo-1] [1;36m[Dbg] [SDFFeatures.cc:332] [0m[1;36mMesh construction from an SDF has not been implemented yet for [0m[1;36mdartsim. Use AttachMeshShapeFeature to use mesh shapes.[0m
[gazebo-1] [1;36m[Dbg] [SDFFeatures.cc:864] [0m[1;36mThe geometry element of collision [[0m[1;36marm_link6_collision[0m[1;36m] [0m[1;36mcouldn't be created[0m
[gazebo-1] [1;36m[Dbg] [SDFFeatures.cc:332] [0m[1;36mMesh construction from an SDF has not been implemented yet for [0m[1;36mdartsim. Use AttachMeshShapeFeature to use mesh shapes.[0m
[gazebo-1] [1;36m[Dbg] [SDFFeatures.cc:864] [0m[1;36mThe geometry element of collision [[0m[1;36marm_uflite_vacuum_gripper_link_collision[0m[1;36m] [0m[1;36mcouldn't be created[0m
[gazebo-1] [1;36m[Dbg] [EntityComponentManager.cc:1656] [0m[1;36mUpdated state thread iterators: [0m[1;36m16[0m[1;36m threads processing around [0m[1;36m20[0m[1;36m entities each.[0m[1;36m[0m
[gazebo-1] [1;36m[Dbg] [SimulationRunner.cc:560] [Dbg] [SimulationRunner.cc:560] [0m[1;36mExiting postupdate worker thread ([0m[1;36m1[0m[1;36m)[0m[1;36m[0m
[gazebo-1] [1;36m[Dbg] [SimulationRunner.cc:560] [0m[1;36mExiting postupdate worker thread ([0m[1;36m0[0m[1;36m)[0m[1;36m[0m
[gazebo-1] [1;36m[Dbg] [SimulationRunner.cc:560] [0m[1;36mExiting postupdate worker thread ([0m[1;36m2[0m[1;36m)[0m[1;36m[0m
[gazebo-1] [1;36m[Dbg] [SimulationRunner.cc:533] [0m[1;36mCreating PostUpdate worker threads: [0m[1;36m9[0m[1;36m[0m
[gazebo-1] [1;36m[Dbg] [SimulationRunner.cc:544] [0m[1;36mCreating postupdate worker thread ([0m[1;36m0[0m[1;36m)[0m[1;36m[0m
[gazebo-1] [1;36m[Dbg] [SimulationRunner.cc:544] [0m[1;36mCreating postupdate worker thread ([0m[1;36m1[0m[1;36m)[0m[1;36m[0m
[gazebo-1] [1;36m[Dbg] [SimulationRunner.cc:544] [0m[1;36mCreating postupdate worker thread ([0m[1;36m2[0m[1;36m)[0m[1;36m[0m
[gazebo-1] [1;36m[Dbg] [SimulationRunner.cc:544] [0m[1;36mCreating postupdate worker thread ([0m[1;36m3[0m[1;36m)[0m[1;36m[0m
[gazebo-1] [1;36m[Dbg] [SimulationRunner.cc:544] [0m[1;36mCreating postupdate worker thread ([0m[1;36m4[0m[1;36m)[0m[1;36m[0m
[gazebo-1] [1;36m[Dbg] [SimulationRunner.cc:544] [0m[1;36mCreating postupdate worker thread ([0m[1;36m5[0m[1;36m)[0m[1;36m[0m
[gazebo-1] [1;36m[Dbg] [SimulationRunner.cc:544] [0m[1;36mCreating postupdate worker thread ([0m[1;36m6[0m[1;36m)[0m[1;36m[0m
[gazebo-1] [1;36m[Dbg] [SimulationRunner.cc:544] [0m[1;36mCreating postupdate worker thread ([0m[1;36m7[0m[1;36m)[0m[1;36m[0m
[gazebo-1] [1;36m[Dbg] [DetachableJoint.cc:343] [0m[1;36mAttaching entity: [0m[1;36m312[0m[1;36m[0m
[gazebo-1] [1;36m[Dbg] [Physics.cc:1939] [0m[1;36mCreating detachable joint [[0m[1;36m312[0m[1;36m][0m[1;36m[0m
[gazebo-1] [1;36m[Dbg] [Sensors.cc:953] [0m[1;36mInitialization needed[0m[1;36m[0m
[gazebo-1] [1;36m[Dbg] [Sensors.cc:349] [0m[1;36mInitializing render context[0m[1;36m[0m
[gazebo-1] [1;32m[Msg] [0m[1;32mLoading plugin [[0m[1;32mgz-rendering-ogre2[0m[1;32m][0m[1;32m[0m
[spawner-49] [INFO] [1791386242.924701097] [spawner_diffdrive_controller]: waiting for service /controller_manager/list_controllers to become available...
[gazebo-1] [1;36m[Dbg] [RenderUtil.cc:2646] [0m[1;36mCreate scene [[0m[1;36mscene[0m[1;36m][0m[1;36m[0m
[gazebo-1] [1;36m[Dbg] [Sensors.cc:953] [0m[1;36m[Dbg] [Sensors.cc:391] Initialization needed[0m[1;36mRendering Thread initialized[0m[1;36m[0m
[gazebo-1] [1;36m[Dbg] [Sensors.cc:391] Initialization needed[0m[1;36m[0m
[gazebo-1] plugin is using camera [[0m[1;36mscene::Camera(65527)[0m[1;36m][0m[1;36m[0m
[gazebo-1] [1;36m[GUI] [Dbg] [InteractiveViewControl.cc:176] [0m[1;36mInteractiveViewControl plugin is moving camera [[0m[1;36mscene::Camera(65527)[0m[1;36m][0m[1;36m[0m
[gazebo-1] [1;33mWarning [Utils.cc:132][0m [/sdf/model[@name="tb4_lite6"]/joint[@name="wheel_drop_left_joint"]/physics/ode/provide_feedback:<data-string>:L2544]: XML Element[provide_feedback], child of element[ode], not defined in SDF. Copying[provide_feedback] as children of [ode].
[gazebo-1] [1;33mWarning [Utils.cc:132][0m [/sdf/model[@name="tb4_lite6"]/joint[@name="wheel_drop_right_joint"]/physics/ode/provide_feedback:<data-string>:L2665]: XML Element[provide_feedback], child of element[ode], not defined in SDF. Copying[provide_feedback] as children of [ode].
[gazebo-1] [1;33m[GUI] [Wrn] [OBJLoader.cc:91] [0m[1;33mBoth `d` and `Tr` parameters defined for "Chair". Use the value of `d` for dissolve (line 8 in .mtl.)[0m
[gazebo-1] [1;33m[0m
[gazebo-1] [1;33m[GUI] [Wrn] [OBJLoader.cc:91] [0m[1;33mBoth `d` and `Tr` parameters defined for "CoffeeTable". Use the value of `d` for dissolve (line 8 in .mtl.)[0m
[gazebo-1] [1;33m[0m
[gazebo-1] [1;33m[GUI] [Wrn] [ColladaLoader.cc:2395] [0m[1;33mTriangle input semantic: '[0m[1;33mCOLOR[0m[1;33m' is currently[0m[1;33m not supported[0m[1;33m[0m
[gazebo-1] [1;33m[Wrn] [ColladaLoader.cc:2395] [0m[1;33mTriangle input semantic: '[0m[1;33mCOLOR[0m[1;33m' is currently[0m[1;33m not supported[0m[1;33m[0m
[gazebo-1] [1;33m[GUI] [Wrn] [ColladaLoader.cc:2395] [0m[1;33mTriangle input semantic: '[0m[1;33mCOLOR[0m[1;33m' is currently[0m[1;33m not supported[0m[1;33m[0m
[gazebo-1] [1;33m[Wrn] [ColladaLoader.cc:2395] [0m[1;33mTriangle input semantic: '[0m[1;33mCOLOR[0m[1;33m' is currently[0m[1;33m not supported[0m[1;33m[0m
[spawner-49] [INFO] [1791386244.936841159] [spawner_diffdrive_controller]: Setting controller param "params_file" to "['/home/y/u/yunqiao/IROB_Mobile_Robot_Project/install/irobot_create_control/share/irobot_create_control/config/control.yaml']" for diffdrive_controller
[gazebo-1] [INFO] [1791386244.943117623] [controller_manager]: Loading controller : 'diffdrive_controller' of type 'diff_drive_controller/DiffDriveController'
[gazebo-1] [INFO] [1791386244.943155639] [controller_manager]: Loading controller 'diffdrive_controller'
[gazebo-1] [WARN] [1791386244.971239382] [controller_manager]: The use of remapping arguments to the controller_manager node is deprecated. Please use the '--controller-ros-args' argument of the spawner to pass remapping arguments to the controller node.
[gazebo-1] [INFO] [1791386244.971285458] [controller_manager]: Controller 'diffdrive_controller' node arguments: --ros-args --params-file /home/y/u/yunqiao/IROB_Mobile_Robot_Project/install/irobot_create_control/share/irobot_create_control/config/control.yaml --params-file /home/y/u/yunqiao/IROB_Mobile_Robot_Project/install/warehouse_inventory_robot/share/warehouse_inventory_robot/config/arm_controller_types.yaml --ros-args --remap ~/odom:=odom --remap /tf:=tf --remap /tf_static:=tf_static --remap /diagnostics:=diagnostics -p use_sim_time:=true --params-file /home/y/u/yunqiao/IROB_Mobile_Robot_Project/install/irobot_create_control/share/irobot_create_control/config/control.yaml --param use_sim_time:=true 
[gazebo-1] [1;36m[Dbg] [RgbdCameraSensor.cc:210] [0m[1;36mRGB images for [[0m[1;36mturtlebot4::oakd_rgb_camera_frame::rgbd_camera[0m[1;36m] advertised on [[0m[1;36mworld/warehouse/model/turtlebot4/link/oakd_rgb_camera_frame/sensor/rgbd_camera[0m[1;36m/image][0m[1;36m[0m
[gazebo-1] [1;36m[Dbg] [RgbdCameraSensor.cc:224] [0m[1;36mDepth images for [[0m[1;36mturtlebot4::oakd_rgb_camera_frame::rgbd_camera[0m[1;36m] advertised on [[0m[1;36mworld/warehouse/model/turtlebot4/link/oakd_rgb_camera_frame/sensor/rgbd_camera[0m[1;36m/depth_image][0m[1;36m[0m
[gazebo-1] [1;36m[Dbg] [RgbdCameraSensor.cc:238] [0m[1;36mPoints for [[0m[1;36mturtlebot4::oakd_rgb_camera_frame::rgbd_camera[0m[1;36m] advertised on [[0m[1;36mworld/warehouse/model/turtlebot4/link/oakd_rgb_camera_frame/sensor/rgbd_camera[0m[1;36m/points][0m[1;36m[0m
[gazebo-1] [1;36m[Dbg] [CameraSensor.cc:695] [0m[1;36mCamera info for [[0m[1;36mturtlebot4::oakd_rgb_camera_frame::rgbd_camera[0m[1;36m] advertised on [[0m[1;36mworld/warehouse/model/turtlebot4/link/oakd_rgb_camera_frame/sensor/rgbd_camera/camera_info[0m[1;36m][0m[1;36m[0m
[gazebo-1] [1;36m[Dbg] [Lidar.cc:139] [0m[1;36mLaser scans for [[0m[1;36mstandard_dock::green_buoy_link::green_buoy[0m[1;36m] advertised on [[0m[1;36mworld/warehouse/model/standard_dock/link/green_buoy_link/sensor/green_buoy/scan[0m[1;36m][0m[1;36m[0m
[gazebo-1] [1;36m[Dbg] [GpuLidarSensor.cc:164] [0m[1;36mLidar points for [[0m[1;36mstandard_dock::green_buoy_link::green_buoy[0m[1;36m] advertised on [[0m[1;36mworld/warehouse/model/standard_dock/link/green_buoy_link/sensor/green_buoy/scan/points[0m[1;36m][0m[1;36m[0m
[gazebo-1] [1;36m[Dbg] [Lidar.cc:139] [0m[1;36mLaser scans for [[0m[1;36mstandard_dock::halo_link::halo[0m[1;36m] advertised on [[0m[1;36mworld/warehouse/model/standard_dock/link/halo_link/sensor/halo/scan[0m[1;36m][0m[1;36m[0m
[gazebo-1] [1;36m[Dbg] [GpuLidarSensor.cc:164] [0m[1;36mLidar points for [[0m[1;36mstandard_dock::halo_link::halo[0m[1;36m] advertised on [[0m[1;36mworld/warehouse/model/standard_dock/link/halo_link/sensor/halo/scan/points[0m[1;36m][0m[1;36m[0m
[gazebo-1] [1;36m[Dbg] [Lidar.cc:139] [0m[1;36mLaser scans for [[0m[1;36mstandard_dock::red_buoy_link::red_buoy[0m[1;36m] advertised on [[0m[1;36mworld/warehouse/model/standard_dock/link/red_buoy_link/sensor/red_buoy/scan[0m[1;36m][0m[1;36m[0m
[gazebo-1] [1;36m[Dbg] [GpuLidarSensor.cc:164] [0m[1;36mLidar points for [[0m[1;36mstandard_dock::red_buoy_link::red_buoy[0m[1;36m] advertised on [[0m[1;36mworld/warehouse/model/standard_dock/link/red_buoy_link/sensor/red_buoy/scan/points[0m[1;36m][0m[1;36m[0m
[gazebo-1] [1;36m[Dbg] [Lidar.cc:139] [0m[1;36mLaser scans for [[0m[1;36mstandard_dock::yellow_buoy_link::yellow_buoy[0m[1;36m] advertised on [[0m[1;36mworld/warehouse/model/standard_dock/link/yellow_buoy_link/sensor/yellow_buoy/scan[0m[1;36m][0m[1;36m[0m
[gazebo-1] [1;36m[Dbg] [GpuLidarSensor.cc:164] [0m[1;36mLidar points for [[0m[1;36mstandard_dock::yellow_buoy_link::yellow_buoy[0m[1;36m] advertised on [[0m[1;36mworld/warehouse/model/standard_dock/link/yellow_buoy_link/sensor/yellow_buoy/scan/points[0m[1;36m][0m[1;36m[0m
[gazebo-1] [1;36m[Dbg] [Lidar.cc:139] [0m[1;36mLaser scans for [[0m[1;36mturtlebot4::base_link::cliff_front_left[0m[1;36m] advertised on [[0m[1;36mworld/warehouse/model/turtlebot4/link/base_link/sensor/cliff_front_left/scan[0m[1;36m][0m[1;36m[0m
[gazebo-1] [1;36m[Dbg] [GpuLidarSensor.cc:164] [0m[1;36mLidar points for [[0m[1;36mturtlebot4::base_link::cliff_front_left[0m[1;36m] advertised on [[0m[1;36mworld/warehouse/model/turtlebot4/link/base_link/sensor/cliff_front_left/scan/points[0m[1;36m][0m[1;36m[0m
[gazebo-1] [1;36m[Dbg] [Lidar.cc:139] [0m[1;36mLaser scans for [[0m[1;36mturtlebot4::base_link::cliff_front_right[0m[1;36m] advertised on [[0m[1;36mworld/warehouse/model/turtlebot4/link/base_link/sensor/cliff_front_right/scan[0m[1;36m][0m[1;36m[0m
[gazebo-1] [1;36m[Dbg] [GpuLidarSensor.cc:164] [0m[1;36mLidar points for [[0m[1;36mturtlebot4::base_link::cliff_front_right[0m[1;36m] advertised on [[0m[1;36mworld/warehouse/model/turtlebot4/link/base_link/sensor/cliff_front_right/scan/points[0m[1;36m][0m[1;36m[0m
[gazebo-1] [1;36m[Dbg] [Lidar.cc:139] [0m[1;36mLaser scans for [[0m[1;36mturtlebot4::base_link::cliff_side_left[0m[1;36m] advertised on [[0m[1;36mworld/warehouse/model/turtlebot4/link/base_link/sensor/cliff_side_left/scan[0m[1;36m][0m[1;36m[0m
[gazebo-1] [1;36m[Dbg] [GpuLidarSensor.cc:164] [0m[1;36mLidar points for [[0m[1;36mturtlebot4::base_link::cliff_side_left[0m[1;36m] advertised on [[0m[1;36mworld/warehouse/model/turtlebot4/link/base_link/sensor/cliff_side_left/scan/points[0m[1;36m][0m[1;36m[0m
[gazebo-1] [1;36m[Dbg] [Lidar.cc:139] [0m[1;36mLaser scans for [[0m[1;36mturtlebot4::base_link::cliff_side_right[0m[1;36m] advertised on [[0m[1;36mworld/warehouse/model/turtlebot4/link/base_link/sensor/cliff_side_right/scan[0m[1;36m][0m[1;36m[0m
[gazebo-1] [1;36m[Dbg] [GpuLidarSensor.cc:164] [0m[1;36mLidar points for [[0m[1;36mturtlebot4::base_link::cliff_side_right[0m[1;36m] advertised on [[0m[1;36mworld/warehouse/model/turtlebot4/link/base_link/sensor/cliff_side_right/scan/points[0m[1;36m][0m[1;36m[0m
[gazebo-1] [1;36m[Dbg] [Lidar.cc:139] [0m[1;36mLaser scans for [[0m[1;36mturtlebot4::ir_intensity_front_center_left::ir_intensity_front_center_left[0m[1;36m] advertised on [[0m[1;36mworld/warehouse/model/turtlebot4/link/ir_intensity_front_center_left/sensor/ir_intensity_front_center_left/scan[0m[1;36m][0m[1;36m[0m
[gazebo-1] [1;36m[Dbg] [GpuLidarSensor.cc:164] [0m[1;36mLidar points for [[0m[1;36mturtlebot4::ir_intensity_front_center_left::ir_intensity_front_center_left[0m[1;36m] advertised on [[0m[1;36mworld/warehouse/model/turtlebot4/link/ir_intensity_front_center_left/sensor/ir_intensity_front_center_left/scan/points[0m[1;36m][0m[1;36m[0m
[gazebo-1] [1;36m[Dbg] [Lidar.cc:139] [0m[1;36mLaser scans for [[0m[1;36mturtlebot4::ir_intensity_front_center_right::ir_intensity_front_center_right[0m[1;36m] advertised on [[0m[1;36mworld/warehouse/model/turtlebot4/link/ir_intensity_front_center_right/sensor/ir_intensity_front_center_right/scan[0m[1;36m][0m[1;36m[0m
[gazebo-1] [1;36m[Dbg] [GpuLidarSensor.cc:164] [0m[1;36mLidar points for [[0m[1;36mturtlebot4::ir_intensity_front_center_right::ir_intensity_front_center_right[0m[1;36m] advertised on [[0m[1;36mworld/warehouse/model/turtlebot4/link/ir_intensity_front_center_right/sensor/ir_intensity_front_center_right/scan/points[0m[1;36m][0m[1;36m[0m
[gazebo-1] [1;36m[Dbg] [Lidar.cc:139] [0m[1;36mLaser scans for [[0m[1;36mturtlebot4::ir_intensity_front_left::ir_intensity_front_left[0m[1;36m] advertised on [[0m[1;36mworld/warehouse/model/turtlebot4/link/ir_intensity_front_left/sensor/ir_intensity_front_left/scan[0m[1;36m][0m[1;36m[0m
[gazebo-1] [1;36m[Dbg] [GpuLidarSensor.cc:164] [0m[1;36mLidar points for [[0m[1;36mturtlebot4::ir_intensity_front_left::ir_intensity_front_left[0m[1;36m] advertised on [[0m[1;36mworld/warehouse/model/turtlebot4/link/ir_intensity_front_left/sensor/ir_intensity_front_left/scan/points[0m[1;36m][0m[1;36m[0m
[gazebo-1] [1;36m[Dbg] [Lidar.cc:139] [0m[1;36mLaser scans for [[0m[1;36mturtlebot4::ir_intensity_front_right::ir_intensity_front_right[0m[1;36m] advertised on [[0m[1;36mworld/warehouse/model/turtlebot4/link/ir_intensity_front_right/sensor/ir_intensity_front_right/scan[0m[1;36m][0m[1;36m[0m
[gazebo-1] [1;36m[Dbg] [GpuLidarSensor.cc:164] [0m[1;36mLidar points for [[0m[1;36mturtlebot4::ir_intensity_front_right::ir_intensity_front_right[0m[1;36m] advertised on [[0m[1;36mworld/warehouse/model/turtlebot4/link/ir_intensity_front_right/sensor/ir_intensity_front_right/scan/points[0m[1;36m][0m[1;36m[0m
[gazebo-1] [1;36m[Dbg] [Lidar.cc:139] [0m[1;36mLaser scans for [[0m[1;36mturtlebot4::ir_intensity_left::ir_intensity_left[0m[1;36m] advertised on [[0m[1;36mworld/warehouse/model/turtlebot4/link/ir_intensity_left/sensor/ir_intensity_left/scan[0m[1;36m][0m[1;36m[0m
[wait_for_ready-47] [INFO] [1791386246.301852098] [wait_for_rviz]: ready: topic /scan (message received)
[wait_for_ready-48] [INFO] [1791386246.302036806] [wait_for_sim]: ready: topic /scan (message received)
[spawner-49] [INFO] [1791386246.304968329] [spawner_diffdrive_controller]: Loaded diffdrive_controller
[gazebo-1] [INFO] [1791386246.310810945] [controller_manager]: Configuring controller: 'diffdrive_controller'
[gazebo-1] [WARN] [1791386246.310968645] [diffdrive_controller]: [deprecated] has_jerk_limits parameter is deprecated, instead set the respective limits to NAN
[gazebo-1] [WARN] [1791386246.311006566] [diffdrive_controller]: [deprecated] has_jerk_limits parameter is deprecated, instead set the respective limits to NAN
[motion_control-34] [INFO] [1791386246.321798763] [motion_control]: Robot max speed is now 0.460000 m/s
[gazebo-1] [WARN] [1791386246.322301752] [diffdrive_controller]: Can't accept new commands. subscriber is inactive
[parameter_bridge-8] [INFO] [1791386246.331206663] [cmd_vel_bridge]: Passing message from ROS geometry_msgs/msg/TwistStamped to Gazebo gz.msgs.Twist (showing msg only once per type)
[wait_for_ready-47] [rviz] ready after 9.5s
[wait_for_ready-48] [sim] ready after 9.5s
[gazebo-1] [INFO] [1791386246.450763465] [controller_manager]: Activating controllers: [ diffdrive_controller ]
[gazebo-1] [INFO] [1791386246.451106549] [controller_manager]: Successfully switched controllers!
[spawner-49] [INFO] [1791386246.454559159] [spawner_diffdrive_controller]: Configured and activated diffdrive_controller
[gazebo-1] [WARN] [1791386246.462056787] [diffdrive_controller]: Received TwistStamped with zero timestamp, setting it to current time, this message will only be shown once
[turtlebot4_node-29] [INFO] [1791386246.462387861] [turtlebot4_node]: OAKD stopped
[turtlebot4_node-29] [INFO] [1791386246.462441549] [turtlebot4_node]: RPLIDAR stopped
[INFO] [wait_for_ready-48]: process has finished cleanly [pid 7145]
[INFO] [wait_for_ready-47]: process has finished cleanly [pid 7143]
[INFO] [spawner-49]: process has finished cleanly [pid 8263]
[INFO] [spawner-50]: process started with pid [8362]
[INFO] [static_transform_publisher-51]: process started with pid [8364]
[INFO] [map_server-52]: process started with pid [8366]
[INFO] [lifecycle_manager-53]: process started with pid [8368]
[INFO] [controller_server-54]: process started with pid [8370]
[INFO] [smoother_server-55]: process started with pid [8372]
[INFO] [planner_server-56]: process started with pid [8374]
[INFO] [route_server-57]: process started with pid [8378]
[INFO] [behavior_server-58]: process started with pid [8382]
[INFO] [bt_navigator-59]: process started with pid [8395]
[INFO] [waypoint_follower-60]: process started with pid [8397]
[INFO] [velocity_smoother-61]: process started with pid [8399]
[INFO] [collision_monitor-62]: process started with pid [8405]
[INFO] [opennav_docking-63]: process started with pid [8411]
[INFO] [lifecycle_manager-64]: process started with pid [8415]
[INFO] [rviz2-65]: process started with pid [8424]
[static_transform_publisher-51] [WARN] [1791386246.648287489] []: Old-style arguments are deprecated; see --help for new-style arguments
[static_transform_publisher-51] [INFO] [1791386246.666538436] [map_to_odom_static_tf]: Spinning until stopped - publishing transform
[static_transform_publisher-51] translation: ('0.000000', '0.000000', '0.000000')
[static_transform_publisher-51] rotation: ('0.000000', '0.000000', '0.000000', '1.000000')
[static_transform_publisher-51] from 'map' to 'odom'
[rviz2-65] Warning: Ignoring XDG_SESSION_TYPE=wayland on Gnome. Use QT_QPA_PLATFORM=wayland to run on Wayland anyway.
[lifecycle_manager-64] [INFO] [1791386247.418945860] [lifecycle_manager_navigation]: Creating
[lifecycle_manager-53] [INFO] [1791386247.438463616] [lifecycle_manager_map]: Creating
[controller_server-54] [INFO] [1791386247.451041625] [controller_server]: 
[controller_server-54] 	controller_server lifecycle node launched. 
[controller_server-54] 	Waiting on external lifecycle transitions to activate
[controller_server-54] 	See https://design.ros2.org/articles/node_lifecycle.html for more information.
[lifecycle_manager-53] [INFO] [1791386247.472161866] [lifecycle_manager_map]: [34m[1mCreating and initializing lifecycle service clients[0m[0m
[lifecycle_manager-64] [INFO] [1791386247.486510410] [lifecycle_manager_navigation]: [34m[1mCreating and initializing lifecycle service clients[0m[0m
[controller_server-54] [INFO] [1791386247.501768892] [controller_server]: Creating controller server
[waypoint_follower-60] [INFO] [1791386247.780050095] [waypoint_follower]: 
[waypoint_follower-60] 	waypoint_follower lifecycle node launched. 
[waypoint_follower-60] 	Waiting on external lifecycle transitions to activate
[waypoint_follower-60] 	See https://design.ros2.org/articles/node_lifecycle.html for more information.
[waypoint_follower-60] [INFO] [1791386247.788043293] [waypoint_follower]: Creating
[smoother_server-55] [INFO] [1791386247.833698777] [smoother_server]: 
[smoother_server-55] 	smoother_server lifecycle node launched. 
[smoother_server-55] 	Waiting on external lifecycle transitions to activate
[smoother_server-55] 	See https://design.ros2.org/articles/node_lifecycle.html for more information.
[lifecycle_manager-53] [INFO] [1791386247.843578582] [lifecycle_manager_map]: [34m[1mStarting managed nodes bringup...[0m[0m
[lifecycle_manager-53] [INFO] [1791386247.843623822] [lifecycle_manager_map]: [34m[1mConfiguring map_server[0m[0m
[behavior_server-58] [INFO] [1791386247.845102277] [behavior_server]: 
[behavior_server-58] 	behavior_server lifecycle node launched. 
[behavior_server-58] 	Waiting on external lifecycle transitions to activate
[behavior_server-58] 	See https://design.ros2.org/articles/node_lifecycle.html for more information.
[bt_navigator-59] [INFO] [1791386247.847741580] [bt_navigator]: 
[bt_navigator-59] 	bt_navigator lifecycle node launched. 
[bt_navigator-59] 	Waiting on external lifecycle transitions to activate
[bt_navigator-59] 	See https://design.ros2.org/articles/node_lifecycle.html for more information.
[map_server-52] [INFO] [1791386247.850962522] [map_server]: 
[map_server-52] 	map_server lifecycle node launched. 
[map_server-52] 	Waiting on external lifecycle transitions to activate
[map_server-52] 	See https://design.ros2.org/articles/node_lifecycle.html for more information.
[map_server-52] [INFO] [1791386247.851021535] [map_server]: Creating
[map_server-52] [INFO] [1791386247.851213757] [map_server]: Configuring
[map_server-52] [INFO] [1791386247.851238299] [map_io]: Loading yaml file: /home/y/u/yunqiao/IROB_Mobile_Robot_Project/install/warehouse_inventory_robot/share/warehouse_inventory_robot/maps/warehouse.yaml
[controller_server-54] [INFO] [1791386247.853945382] [local_costmap.local_costmap]: 
[controller_server-54] 	local_costmap lifecycle node launched. 
[controller_server-54] 	Waiting on external lifecycle transitions to activate
[controller_server-54] 	See https://design.ros2.org/articles/node_lifecycle.html for more information.
[map_server-52] [INFO] [1791386247.855102762] [map_io]: resolution: 0.03
[map_server-52] [INFO] [1791386247.855123219] [map_io]: origin[0]: -15.1
[map_server-52] [INFO] [1791386247.855126481] [map_io]: origin[1]: -25
[map_server-52] [INFO] [1791386247.855129758] [map_io]: origin[2]: 0
[map_server-52] [INFO] [1791386247.855132464] [map_io]: free_thresh: 0.1
[map_server-52] [INFO] [1791386247.855134984] [map_io]: occupied_thresh: 0.65
[map_server-52] [INFO] [1791386247.855137507] [map_io]: mode: trinary
[map_server-52] [INFO] [1791386247.855139859] [map_io]: negate: 0
[map_server-52] [INFO] [1791386247.859161377] [map_io]: Loading image_file: /home/y/u/yunqiao/IROB_Mobile_Robot_Project/install/warehouse_inventory_robot/share/warehouse_inventory_robot/maps/warehouse.pgm
[controller_server-54] [INFO] [1791386247.866772705] [local_costmap.local_costmap]: Creating Costmap
[smoother_server-55] [INFO] [1791386247.876499634] [smoother_server]: Creating smoother server
[bt_navigator-59] [INFO] [1791386247.888007082] [bt_navigator]: Creating
[map_server-52] [INFO] [1791386247.918998410] [map_io]: Read map /home/y/u/yunqiao/IROB_Mobile_Robot_Project/install/warehouse_inventory_robot/share/warehouse_inventory_robot/maps/warehouse.pgm: 1006 X 1674 map @ 0.03 m/cell
[gazebo-1] [1;36m[Dbg] [GpuLidarSensor.cc:164] [0m[1;36mLidar points for [[0m[1;36mturtlebot4::ir_intensity_left::ir_intensity_left[0m[1;36m] advertised on [[0m[1;36mworld/warehouse/model/turtlebot4/link/ir_intensity_left/sensor/ir_intensity_left/scan/points[0m[1;36m][0m[1;36m[0m
[gazebo-1] [1;36m[Dbg] [Lidar.cc:139] [0m[1;36mLaser scans for [[0m[1;36mturtlebot4::ir_intensity_right::ir_intensity_right[0m[1;36m] advertised on [[0m[1;36mworld/warehouse/model/turtlebot4/link/ir_intensity_right/sensor/ir_intensity_right/scan[0m[1;36m][0m[1;36m[0m
[gazebo-1] [1;36m[Dbg] [GpuLidarSensor.cc:164] [0m[1;36mLidar points for [[0m[1;36mturtlebot4::ir_intensity_right::ir_intensity_right[0m[1;36m] advertised on [[0m[1;36mworld/warehouse/model/turtlebot4/link/ir_intensity_right/sensor/ir_intensity_right/scan/points[0m[1;36m][0m[1;36m[0m
[gazebo-1] [1;36m[Dbg] [Lidar.cc:139] [0m[1;36mLaser scans for [[0m[1;36mturtlebot4::ir_intensity_side_left::ir_intensity_side_left[0m[1;36m] advertised on [[0m[1;36mworld/warehouse/model/turtlebot4/link/ir_intensity_side_left/sensor/ir_intensity_side_left/scan[0m[1;36m][0m[1;36m[0m
[gazebo-1] [1;36m[Dbg] [GpuLidarSensor.cc:164] [0m[1;36mLidar points for [[0m[1;36mturtlebot4::ir_intensity_side_left::ir_intensity_side_left[0m[1;36m] advertised on [[0m[1;36mworld/warehouse/model/turtlebot4/link/ir_intensity_side_left/sensor/ir_intensity_side_left/scan/points[0m[1;36m][0m[1;36m[0m
[gazebo-1] [1;36m[Dbg] [Lidar.cc:139] [0m[1;36mLaser scans for [[0m[1;36mturtlebot4::rplidar_link::rplidar[0m[1;36m] advertised on [[0m[1;36mworld/warehouse/model/turtlebot4/link/rplidar_link/sensor/rplidar/scan[0m[1;36m][0m[1;36m[0m
[gazebo-1] [1;36m[Dbg] [GpuLidarSensor.cc:164] [0m[1;36mLidar points for [[0m[1;36mturtlebot4::rplidar_link::rplidar[0m[1;36m] advertised on [[0m[1;36mworld/warehouse/model/turtlebot4/link/rplidar_link/sensor/rplidar/scan/points[0m[1;36m][0m[1;36m[0m
[spawner-50] [INFO] [1791386247.983241399] [spawner_lite6_traj_controller]: waiting for service /controller_manager/list_controllers to become available...
[velocity_smoother-61] [INFO] [1791386248.078468497] [velocity_smoother]: 
[velocity_smoother-61] 	velocity_smoother lifecycle node launched. 
[velocity_smoother-61] 	Waiting on external lifecycle transitions to activate
[velocity_smoother-61] 	See https://design.ros2.org/articles/node_lifecycle.html for more information.
[route_server-57] [INFO] [1791386248.085564990] [route_server]: 
[route_server-57] 	route_server lifecycle node launched. 
[route_server-57] 	Waiting on external lifecycle transitions to activate
[route_server-57] 	See https://design.ros2.org/articles/node_lifecycle.html for more information.
[opennav_docking-63] [INFO] [1791386248.328052782] [docking_server]: 
[opennav_docking-63] 	docking_server lifecycle node launched. 
[opennav_docking-63] 	Waiting on external lifecycle transitions to activate
[opennav_docking-63] 	See https://design.ros2.org/articles/node_lifecycle.html for more information.
[opennav_docking-63] [INFO] [1791386248.328121695] [docking_server]: Creating docking_server
[planner_server-56] [INFO] [1791386248.328816628] [planner_server]: 
[planner_server-56] 	planner_server lifecycle node launched. 
[planner_server-56] 	Waiting on external lifecycle transitions to activate
[planner_server-56] 	See https://design.ros2.org/articles/node_lifecycle.html for more information.
[planner_server-56] [INFO] [1791386248.339668654] [planner_server]: Creating
[collision_monitor-62] [INFO] [1791386248.363252699] [collision_monitor]: 
[collision_monitor-62] 	collision_monitor lifecycle node launched. 
[collision_monitor-62] 	Waiting on external lifecycle transitions to activate
[collision_monitor-62] 	See https://design.ros2.org/articles/node_lifecycle.html for more information.
[planner_server-56] [INFO] [1791386248.375161136] [global_costmap.global_costmap]: 
[planner_server-56] 	global_costmap lifecycle node launched. 
[planner_server-56] 	Waiting on external lifecycle transitions to activate
[planner_server-56] 	See https://design.ros2.org/articles/node_lifecycle.html for more information.
[planner_server-56] [INFO] [1791386248.376823560] [global_costmap.global_costmap]: Creating Costmap
[map_server-52] [WARN] [1791386248.401409982] [map_server.rclcpp]: failed to send response to /map_server/change_state (timeout): client will not receive response, at /home/runner/conda-bld/bld/rattler-build_ros-jazzy-rmw-fastrtps-shared-cpp_1782301755/work/ros-jazzy-rmw-fastrtps-shared-cpp/src/work/src/rmw_response.cpp:153, at /home/runner/conda-bld/bld/rattler-build_ros-jazzy-rcl_1782302707/work/ros-jazzy-rcl/src/work/src/rcl/service.c:400
[rviz2-65] [INFO] [1791386248.420160150] [rviz2]: Stereo is NOT SUPPORTED
[rviz2-65] [INFO] [1791386248.420236461] [rviz2]: OpenGl version: 4.6 (GLSL 4.6)
[rviz2-65] [INFO] [1791386248.522732974] [rviz2]: Stereo is NOT SUPPORTED
[spawner-50] [INFO] [1791386248.759672297] [spawner_lite6_traj_controller]: Setting controller param "params_file" to "['/home/y/u/yunqiao/IROB_Mobile_Robot_Project/install/warehouse_inventory_robot/share/warehouse_inventory_robot/config/arm_controllers.yaml']" for lite6_traj_controller
[gazebo-1] [INFO] [1791386248.788233292] [controller_manager]: Loading controller : 'lite6_traj_controller' of type 'joint_trajectory_controller/JointTrajectoryController'
[gazebo-1] [INFO] [1791386248.788286665] [controller_manager]: Loading controller 'lite6_traj_controller'
[gazebo-1] [WARN] [1791386248.831354088] [controller_manager]: The use of remapping arguments to the controller_manager node is deprecated. Please use the '--controller-ros-args' argument of the spawner to pass remapping arguments to the controller node.
[gazebo-1] [INFO] [1791386248.831401089] [controller_manager]: Controller 'lite6_traj_controller' node arguments: --ros-args --params-file /home/y/u/yunqiao/IROB_Mobile_Robot_Project/install/irobot_create_control/share/irobot_create_control/config/control.yaml --params-file /home/y/u/yunqiao/IROB_Mobile_Robot_Project/install/warehouse_inventory_robot/share/warehouse_inventory_robot/config/arm_controller_types.yaml --ros-args --remap ~/odom:=odom --remap /tf:=tf --remap /tf_static:=tf_static --remap /diagnostics:=diagnostics -p use_sim_time:=true --params-file /home/y/u/yunqiao/IROB_Mobile_Robot_Project/install/warehouse_inventory_robot/share/warehouse_inventory_robot/config/arm_controllers.yaml --param use_sim_time:=true 
[spawner-50] [INFO] [1791386249.065276803] [spawner_lite6_traj_controller]: Loaded lite6_traj_controller
[gazebo-1] [INFO] [1791386249.068636645] [controller_manager]: Configuring controller: 'lite6_traj_controller'
[gazebo-1] [INFO] [1791386249.068885266] [lite6_traj_controller]: No specific joint names are used for command interfaces. Using 'joints' parameter.
[gazebo-1] [INFO] [1791386249.068919221] [lite6_traj_controller]: Command interfaces are [position velocity] and state interfaces are [position velocity].
[gazebo-1] [INFO] [1791386249.068947549] [lite6_traj_controller]: Using 'splines' interpolation method.
[gazebo-1] [INFO] [1791386249.073582387] [lite6_traj_controller]: Action status changes will be monitored at 10.00 Hz.
[gazebo-1] [INFO] [1791386249.103015605] [lite6_traj_controller]: No scaling interface set. This controller will not read speed scaling from the hardware.
[gazebo-1] [INFO] [1791386249.187674020] [controller_manager]: Activating controllers: [ lite6_traj_controller ]
[gazebo-1] [INFO] [1791386249.190307412] [controller_manager]: Successfully switched controllers!
[spawner-50] [INFO] [1791386249.194803352] [spawner_lite6_traj_controller]: Configured and activated lite6_traj_controller
[INFO] [spawner-50]: process has finished cleanly [pid 8362]
[lifecycle_manager-64] [INFO] [1791386249.395191481] [lifecycle_manager_navigation]: [34m[1mStarting managed nodes bringup...[0m[0m
[lifecycle_manager-64] [INFO] [1791386249.395224376] [lifecycle_manager_navigation]: [34m[1mConfiguring controller_server[0m[0m
[controller_server-54] [INFO] [1791386249.395442542] [controller_server]: Configuring controller interface
[controller_server-54] [INFO] [1791386249.395461427] [controller_server]: getting progress checker plugins..
[controller_server-54] [INFO] [1791386249.395792357] [controller_server]: getting goal checker plugins..
[controller_server-54] [INFO] [1791386249.396476379] [controller_server]: Controller frequency set to 20.0000Hz
[controller_server-54] [INFO] [1791386249.396522296] [local_costmap.local_costmap]: Configuring
[controller_server-54] [INFO] [1791386249.408427943] [local_costmap.local_costmap]: Using plugin "static_layer"
[controller_server-54] [INFO] [1791386249.440941236] [local_costmap.local_costmap]: Subscribing to the map topic (/map) with transient local durability
[controller_server-54] [INFO] [1791386249.443744556] [local_costmap.local_costmap]: Initialized plugin "static_layer"
[controller_server-54] [INFO] [1791386249.443771742] [local_costmap.local_costmap]: Using plugin "voxel_layer"
[controller_server-54] [INFO] [1791386249.444678110] [local_costmap.local_costmap]: Subscribed to Topics: scan
[controller_server-54] [INFO] [1791386249.488448677] [local_costmap.local_costmap]: Initialized plugin "voxel_layer"
[controller_server-54] [INFO] [1791386249.488484022] [local_costmap.local_costmap]: Using plugin "inflation_layer"
[controller_server-54] [INFO] [1791386249.489171605] [local_costmap.local_costmap]: Initialized plugin "inflation_layer"
[controller_server-54] [INFO] [1791386249.548554159] [controller_server]: Created progress_checker : progress_checker of type nav2_controller::SimpleProgressChecker
[controller_server-54] [INFO] [1791386249.549041587] [controller_server]: Controller Server has progress_checker  progress checkers available.
[controller_server-54] [INFO] [1791386249.553366510] [controller_server]: Created goal checker : general_goal_checker of type nav2_controller::SimpleGoalChecker
[controller_server-54] [INFO] [1791386249.554198069] [controller_server]: Controller Server has general_goal_checker  goal checkers available.
[controller_server-54] [INFO] [1791386249.562936036] [controller_server]: Created controller : FollowPath of type nav2_regulated_pure_pursuit_controller::RegulatedPurePursuitController
[controller_server-54] [INFO] [1791386249.574593770] [controller_server]: Controller Server has FollowPath  controllers available.
[lifecycle_manager-64] [INFO] [1791386249.587811043] [lifecycle_manager_navigation]: [34m[1mConfiguring smoother_server[0m[0m
[smoother_server-55] [INFO] [1791386249.588007513] [smoother_server]: Configuring smoother server
[smoother_server-55] [INFO] [1791386249.613969002] [smoother_server]: Created smoother : simple_smoother of type nav2_smoother::SimpleSmoother
[smoother_server-55] [INFO] [1791386249.615390938] [smoother_server]: Smoother Server has simple_smoother  smoothers available.
[lifecycle_manager-64] [INFO] [1791386249.630318094] [lifecycle_manager_navigation]: [34m[1mConfiguring planner_server[0m[0m
[planner_server-56] [INFO] [1791386249.630646678] [planner_server]: Configuring
[planner_server-56] [INFO] [1791386249.630674323] [global_costmap.global_costmap]: Configuring
[planner_server-56] [INFO] [1791386249.648779455] [global_costmap.global_costmap]: Using plugin "static_layer"
[planner_server-56] [INFO] [1791386249.652595151] [global_costmap.global_costmap]: Subscribing to the map topic (/map) with transient local durability
[planner_server-56] [INFO] [1791386249.655547916] [global_costmap.global_costmap]: Initialized plugin "static_layer"
[planner_server-56] [INFO] [1791386249.655588756] [global_costmap.global_costmap]: Using plugin "obstacle_layer"
[planner_server-56] [INFO] [1791386249.656948331] [global_costmap.global_costmap]: Subscribed to Topics: scan
[planner_server-56] [INFO] [1791386249.665802844] [global_costmap.global_costmap]: Initialized plugin "obstacle_layer"
[planner_server-56] [INFO] [1791386249.665852617] [global_costmap.global_costmap]: Using plugin "inflation_layer"
[planner_server-56] [INFO] [1791386249.667156435] [global_costmap.global_costmap]: Initialized plugin "inflation_layer"
[planner_server-56] [INFO] [1791386249.723706771] [planner_server]: Created global planner plugin GridBased of type nav2_navfn_planner::NavfnPlanner
[planner_server-56] [INFO] [1791386249.723747601] [planner_server]: Configuring plugin GridBased of type NavfnPlanner
[planner_server-56] [INFO] [1791386249.724466175] [planner_server]: Planner Server has GridBased  planners available.
[lifecycle_manager-64] [INFO] [1791386249.752419627] [lifecycle_manager_navigation]: [34m[1mConfiguring route_server[0m[0m
[route_server-57] [INFO] [1791386249.752688991] [route_server]: Configuring
[route_server-57] [INFO] [1791386249.851402553] [route_server]: Created GraphFileLoader GeoJsonGraphFileLoader of type nav2_route::GeoJsonGraphFileLoader
[route_server-57] [INFO] [1791386249.851445850] [route_server]: Configuring geojson graph file loader
[route_server-57] [INFO] [1791386249.851453212] [route_server]: No graph file provided to load yet.
[route_server-57] [INFO] [1791386249.871624212] [route_server]: Created edge cost function plugin DistanceScorer of type nav2_route::DistanceScorer
[route_server-57] [INFO] [1791386249.871655821] [route_server]: Configuring distance scorer.
[route_server-57] [INFO] [1791386249.872332472] [route_server]: Created edge cost function plugin DynamicEdgesScorer of type nav2_route::DynamicEdgesScorer
[route_server-57] [INFO] [1791386249.872361424] [route_server]: Configuring adjust edges scorer.
[route_server-57] [INFO] [1791386249.891342784] [route_server]: Created route operation AdjustSpeedLimit of type nav2_route::AdjustSpeedLimit
[route_server-57] [INFO] [1791386249.891379904] [route_server]: Configuring Adjust speed limit operation.
[route_server-57] [INFO] [1791386249.894195444] [route_server]: Created route operation ReroutingService of type nav2_route::ReroutingService
[route_server-57] [INFO] [1791386249.894235254] [route_server]: Configuring Rerouting service operation.
[lifecycle_manager-64] [INFO] [1791386249.902380918] [lifecycle_manager_navigation]: [34m[1mConfiguring behavior_server[0m[0m
[behavior_server-58] [INFO] [1791386249.902620342] [behavior_server]: Configuring
[behavior_server-58] [INFO] [1791386249.918369904] [behavior_server]: Creating behavior plugin spin of type nav2_behaviors::Spin
[behavior_server-58] [INFO] [1791386249.928767969] [behavior_server]: Creating behavior plugin backup of type nav2_behaviors::BackUp
[behavior_server-58] [INFO] [1791386249.939085183] [behavior_server]: Creating behavior plugin drive_on_heading of type nav2_behaviors::DriveOnHeading
[behavior_server-58] [INFO] [1791386249.952702630] [behavior_server]: Creating behavior plugin assisted_teleop of type nav2_behaviors::AssistedTeleop
[behavior_server-58] [INFO] [1791386249.982906600] [behavior_server]: Creating behavior plugin wait of type nav2_behaviors::Wait
[behavior_server-58] [INFO] [1791386250.007241167] [behavior_server]: Configuring spin
[behavior_server-58] [INFO] [1791386250.030855518] [behavior_server]: Configuring backup
[behavior_server-58] [INFO] [1791386250.042816722] [behavior_server]: Configuring drive_on_heading
[behavior_server-58] [INFO] [1791386250.062121832] [behavior_server]: Configuring assisted_teleop
[behavior_server-58] [INFO] [1791386250.088517311] [behavior_server]: Configuring wait
[lifecycle_manager-64] [INFO] [1791386250.101873095] [lifecycle_manager_navigation]: [34m[1mConfiguring velocity_smoother[0m[0m
[velocity_smoother-61] [INFO] [1791386250.102129682] [velocity_smoother]: Configuring velocity smoother
[lifecycle_manager-64] [INFO] [1791386250.111633130] [lifecycle_manager_navigation]: [34m[1mConfiguring collision_monitor[0m[0m
[collision_monitor-62] [INFO] [1791386250.111975635] [collision_monitor]: Configuring
[collision_monitor-62] [INFO] [1791386250.122170235] [collision_monitor]: [scan]: Creating Scan
[collision_monitor-62] [INFO] [1791386250.125810278] [collision_monitor]: [FootprintApproach]: Creating Polygon
[collision_monitor-62] [INFO] [1791386250.126203095] [collision_monitor]: [FootprintApproach]: Polygon points are not defined. Using dynamic subscription instead.
[collision_monitor-62] [INFO] [1791386250.128036470] [collision_monitor]: [FootprintApproach]: Making footprint subscriber on local_costmap/published_footprint topic
[lifecycle_manager-64] [INFO] [1791386250.153880928] [lifecycle_manager_navigation]: [34m[1mConfiguring bt_navigator[0m[0m
[bt_navigator-59] [INFO] [1791386250.154157599] [bt_navigator]: Configuring
[bt_navigator-59] [INFO] [1791386250.165282410] [bt_navigator]: Creating navigator id navigate_to_pose of type nav2_bt_navigator::NavigateToPoseNavigator
[rviz2-65] [INFO] [1791386250.288792510] [rviz2]: Stereo is NOT SUPPORTED
[bt_navigator-59] [INFO] [1791386250.605702580] [bt_navigator]: Creating navigator id navigate_through_poses of type nav2_bt_navigator::NavigateThroughPosesNavigator
[lifecycle_manager-64] [INFO] [1791386250.666715709] [lifecycle_manager_navigation]: [34m[1mConfiguring waypoint_follower[0m[0m
[waypoint_follower-60] [INFO] [1791386250.666991382] [waypoint_follower]: Configuring
[waypoint_follower-60] [INFO] [1791386250.712034157] [waypoint_follower]: Created waypoint_task_executor : wait_at_waypoint of type nav2_waypoint_follower::WaitAtWaypoint
[lifecycle_manager-64] [INFO] [1791386250.714109888] [lifecycle_manager_navigation]: [34m[1mConfiguring docking_server[0m[0m
[opennav_docking-63] [INFO] [1791386250.714344570] [docking_server]: Configuring docking_server
[opennav_docking-63] [INFO] [1791386250.714370446] [docking_server]: Controller frequency set to 50.0000Hz
[opennav_docking-63] [INFO] [1791386250.788537403] [docking_server]: Created charging dock plugin simple_charging_dock of type opennav_docking::SimpleChargingDock
[opennav_docking-63] [WARN] [1791386250.798300216] [docking_server]: Dock database filepath nor dock parameters set. Docking actions can only be executed specifying the dock pose via the action request. Or update the dock database via the reload_database service.
[opennav_docking-63] [INFO] [1791386250.798341463] [docking_server]: Docking Server has 1 dock types and 0 dock instances available.
[lifecycle_manager-64] [INFO] [1791386250.801413460] [lifecycle_manager_navigation]: [34m[1mActivating controller_server[0m[0m
[controller_server-54] [INFO] [1791386250.801893323] [controller_server]: Activating
[controller_server-54] [INFO] [1791386250.801917480] [local_costmap.local_costmap]: Activating
[controller_server-54] [INFO] [1791386250.801923451] [local_costmap.local_costmap]: Checking transform
[controller_server-54] [INFO] [1791386250.801976831] [local_costmap.local_costmap]: start
[controller_server-54] [INFO] [1791386251.003697245] [controller_server]: Activating controller: FollowPath of type regulated_pure_pursuit_controller::RegulatedPurePursuitController
[controller_server-54] [INFO] [1791386251.003723075] [controller_server]: Creating bond (controller_server) to lifecycle manager.
[rviz2-65] [INFO] [1791386251.043258847] [rviz2]: Trying to create a map of size 50 x 50 using 1 swatches
[rviz2-65] [ERROR] [1791386251.068131445] [rviz2]: rviz/glsl120/indexed_8bit_image.vert
[rviz2-65] rviz/glsl120/indexed_8bit_image.frag
[rviz2-65]  GLSL link result : 
[rviz2-65] active samplers with a different type refer to the same texture image unit
[lifecycle_manager-64] [INFO] [1791386251.116435751] [lifecycle_manager_navigation]: Server controller_server connected with bond.
[lifecycle_manager-64] [INFO] [1791386251.116466420] [lifecycle_manager_navigation]: [34m[1mActivating smoother_server[0m[0m
[smoother_server-55] [INFO] [1791386251.116864510] [smoother_server]: Activating
[smoother_server-55] [INFO] [1791386251.116882287] [smoother_server]: Creating bond (smoother_server) to lifecycle manager.
[lifecycle_manager-64] [INFO] [1791386251.223449958] [lifecycle_manager_navigation]: Server smoother_server connected with bond.
[lifecycle_manager-64] [INFO] [1791386251.223489734] [lifecycle_manager_navigation]: [34m[1mActivating planner_server[0m[0m
[planner_server-56] [INFO] [1791386251.223884378] [planner_server]: Activating
[planner_server-56] [INFO] [1791386251.223907241] [global_costmap.global_costmap]: Activating
[planner_server-56] [INFO] [1791386251.223912427] [global_costmap.global_costmap]: Checking transform
[planner_server-56] [INFO] [1791386251.223969411] [global_costmap.global_costmap]: start
[planner_server-56] [WARN] [1791386252.224127000] [nav2_costmap_2d]: Robot is out of bounds of the costmap
[planner_server-56] [WARN] [1791386252.224150543] [global_costmap.global_costmap]: Sensor origin at (-0.04, 0.00) is out of map bounds (0.00, 0.00) to (4.95, 4.95). The costmap cannot raytrace for it.
[planner_server-56] [INFO] [1791386252.225591376] [planner_server]: Activating plugin GridBased of type NavfnPlanner
[planner_server-56] [INFO] [1791386252.227769587] [planner_server]: Creating bond (planner_server) to lifecycle manager.
[lifecycle_manager-64] [INFO] [1791386252.334241322] [lifecycle_manager_navigation]: Server planner_server connected with bond.
[lifecycle_manager-64] [INFO] [1791386252.334272908] [lifecycle_manager_navigation]: [34m[1mActivating route_server[0m[0m
[route_server-57] [INFO] [1791386252.334750695] [route_server]: Activating
[route_server-57] [INFO] [1791386252.334787515] [route_server]: Creating bond (route_server) to lifecycle manager.
[lifecycle_manager-64] [INFO] [1791386252.443144632] [lifecycle_manager_navigation]: Server route_server connected with bond.
[lifecycle_manager-64] [INFO] [1791386252.443186415] [lifecycle_manager_navigation]: [34m[1mActivating behavior_server[0m[0m
[behavior_server-58] [INFO] [1791386252.443652635] [behavior_server]: Activating
[behavior_server-58] [INFO] [1791386252.443669325] [behavior_server]: Activating spin
[behavior_server-58] [INFO] [1791386252.443674372] [behavior_server]: Activating backup
[behavior_server-58] [INFO] [1791386252.443677593] [behavior_server]: Activating drive_on_heading
[behavior_server-58] [INFO] [1791386252.443681654] [behavior_server]: Activating assisted_teleop
[behavior_server-58] [INFO] [1791386252.443685119] [behavior_server]: Activating wait
[behavior_server-58] [INFO] [1791386252.443689260] [behavior_server]: Creating bond (behavior_server) to lifecycle manager.
[lifecycle_manager-64] [INFO] [1791386252.552666611] [lifecycle_manager_navigation]: Server behavior_server connected with bond.
[lifecycle_manager-64] [INFO] [1791386252.552711279] [lifecycle_manager_navigation]: [34m[1mActivating velocity_smoother[0m[0m
[velocity_smoother-61] [INFO] [1791386252.553271737] [velocity_smoother]: Activating
[velocity_smoother-61] [INFO] [1791386252.553358269] [velocity_smoother]: Creating bond (velocity_smoother) to lifecycle manager.
[lifecycle_manager-64] [INFO] [1791386252.660778549] [lifecycle_manager_navigation]: Server velocity_smoother connected with bond.
[lifecycle_manager-64] [INFO] [1791386252.660808370] [lifecycle_manager_navigation]: [34m[1mActivating collision_monitor[0m[0m
[collision_monitor-62] [INFO] [1791386252.661250512] [collision_monitor]: Activating
[collision_monitor-62] [INFO] [1791386252.661268808] [collision_monitor]: Creating bond (collision_monitor) to lifecycle manager.
[lifecycle_manager-64] [INFO] [1791386252.768416894] [lifecycle_manager_navigation]: Server collision_monitor connected with bond.
[lifecycle_manager-64] [INFO] [1791386252.768460114] [lifecycle_manager_navigation]: [34m[1mActivating bt_navigator[0m[0m
[bt_navigator-59] [INFO] [1791386252.769133340] [bt_navigator]: Activating
[controller_server-54] [WARN] [1791386252.802423719] [local_costmap.local_costmap]: Can't update static costmap layer, no map received
[bt_navigator-59] [INFO] [1791386252.907193107] [bt_navigator]: Creating bond (bt_navigator) to lifecycle manager.
[lifecycle_manager-64] [INFO] [1791386253.017315490] [lifecycle_manager_navigation]: Server bt_navigator connected with bond.
[lifecycle_manager-64] [INFO] [1791386253.017349283] [lifecycle_manager_navigation]: [34m[1mActivating waypoint_follower[0m[0m
[waypoint_follower-60] [INFO] [1791386253.017904826] [waypoint_follower]: Activating
[waypoint_follower-60] [INFO] [1791386253.017930326] [waypoint_follower]: Creating bond (waypoint_follower) to lifecycle manager.
[lifecycle_manager-64] [INFO] [1791386253.125766054] [lifecycle_manager_navigation]: Server waypoint_follower connected with bond.
[lifecycle_manager-64] [INFO] [1791386253.125791077] [lifecycle_manager_navigation]: [34m[1mActivating docking_server[0m[0m
[opennav_docking-63] [INFO] [1791386253.126308127] [docking_server]: Activating docking_server
[opennav_docking-63] [INFO] [1791386253.141660827] [docking_server]: Creating bond (docking_server) to lifecycle manager.
[planner_server-56] [WARN] [1791386253.224164206] [global_costmap.global_costmap]: Sensor origin at (-0.04, 0.00) is out of map bounds (0.00, 0.00) to (4.95, 4.95). The costmap cannot raytrace for it.
[lifecycle_manager-64] [INFO] [1791386253.250918938] [lifecycle_manager_navigation]: Server docking_server connected with bond.
[lifecycle_manager-64] [INFO] [1791386253.250964241] [lifecycle_manager_navigation]: [34m[1mManaged nodes are active[0m[0m
[lifecycle_manager-64] [INFO] [1791386253.250968291] [lifecycle_manager_navigation]: [34m[1mCreating bond timer...[0m[0m
[planner_server-56] [WARN] [1791386254.224123325] [global_costmap.global_costmap]: Sensor origin at (-0.04, 0.00) is out of map bounds (0.00, 0.00) to (4.95, 4.95). The costmap cannot raytrace for it.
[controller_server-54] [WARN] [1791386254.802282035] [local_costmap.local_costmap]: Can't update static costmap layer, no map received
[planner_server-56] [WARN] [1791386255.224113414] [global_costmap.global_costmap]: Sensor origin at (-0.04, 0.00) is out of map bounds (0.00, 0.00) to (4.95, 4.95). The costmap cannot raytrace for it.
[rviz2-65] [INFO] [1791386255.912266449] [rviz2]: Trying to create a map of size 83 x 83 using 1 swatches
[planner_server-56] [WARN] [1791386256.224118355] [global_costmap.global_costmap]: Sensor origin at (-0.04, 0.00) is out of map bounds (0.00, 0.00) to (4.95, 4.95). The costmap cannot raytrace for it.
[controller_server-54] [WARN] [1791386256.802309887] [local_costmap.local_costmap]: Can't update static costmap layer, no map received
[planner_server-56] [WARN] [1791386257.224092979] [global_costmap.global_costmap]: Sensor origin at (-0.04, 0.00) is out of map bounds (0.00, 0.00) to (4.95, 4.95). The costmap cannot raytrace for it.
[planner_server-56] [WARN] [1791386258.224091578] [nav2_costmap_2d]: Robot is out of bounds of the costmap
[planner_server-56] [WARN] [1791386258.224114824] [global_costmap.global_costmap]: Sensor origin at (-0.04, 0.00) is out of map bounds (0.00, 0.00) to (4.95, 4.95). The costmap cannot raytrace for it.
[controller_server-54] [WARN] [1791386258.802283065] [local_costmap.local_costmap]: Can't update static costmap layer, no map received
[planner_server-56] [WARN] [1791386259.224126720] [global_costmap.global_costmap]: Sensor origin at (-0.04, 0.00) is out of map bounds (0.00, 0.00) to (4.95, 4.95). The costmap cannot raytrace for it.
[planner_server-56] [WARN] [1791386260.224120828] [global_costmap.global_costmap]: Sensor origin at (-0.04, 0.00) is out of map bounds (0.00, 0.00) to (4.95, 4.95). The costmap cannot raytrace for it.
[controller_server-54] [WARN] [1791386260.802309450] [local_costmap.local_costmap]: Can't update static costmap layer, no map received
[planner_server-56] [WARN] [1791386261.224119589] [global_costmap.global_costmap]: Sensor origin at (-0.04, 0.00) is out of map bounds (0.00, 0.00) to (4.95, 4.95). The costmap cannot raytrace for it.
[planner_server-56] [WARN] [1791386261.224150436] [global_costmap.global_costmap]: Can't update static costmap layer, no map received
[planner_server-56] [WARN] [1791386262.224121286] [global_costmap.global_costmap]: Sensor origin at (-0.04, 0.00) is out of map bounds (0.00, 0.00) to (4.95, 4.95). The costmap cannot raytrace for it.
[controller_server-54] [WARN] [1791386262.802312876] [local_costmap.local_costmap]: Can't update static costmap layer, no map received
[planner_server-56] [WARN] [1791386263.224098112] [global_costmap.global_costmap]: Sensor origin at (-0.04, 0.00) is out of map bounds (0.00, 0.00) to (4.95, 4.95). The costmap cannot raytrace for it.
[planner_server-56] [WARN] [1791386264.224085408] [nav2_costmap_2d]: Robot is out of bounds of the costmap
[planner_server-56] [WARN] [1791386264.224104875] [global_costmap.global_costmap]: Sensor origin at (-0.04, 0.00) is out of map bounds (0.00, 0.00) to (4.95, 4.95). The costmap cannot raytrace for it.
[controller_server-54] [WARN] [1791386264.802315136] [local_costmap.local_costmap]: Can't update static costmap layer, no map received
[planner_server-56] [WARN] [1791386265.224072301] [global_costmap.global_costmap]: Sensor origin at (-0.04, 0.00) is out of map bounds (0.00, 0.00) to (4.95, 4.95). The costmap cannot raytrace for it.
[planner_server-56] [WARN] [1791386266.224118291] [global_costmap.global_costmap]: Sensor origin at (-0.04, 0.00) is out of map bounds (0.00, 0.00) to (4.95, 4.95). The costmap cannot raytrace for it.
[controller_server-54] [WARN] [1791386266.802319915] [local_costmap.local_costmap]: Can't update static costmap layer, no map received
[planner_server-56] [WARN] [1791386267.224117329] [global_costmap.global_costmap]: Sensor origin at (-0.04, 0.00) is out of map bounds (0.00, 0.00) to (4.95, 4.95). The costmap cannot raytrace for it.
[planner_server-56] [WARN] [1791386268.224171795] [global_costmap.global_costmap]: Sensor origin at (-0.04, 0.00) is out of map bounds (0.00, 0.00) to (4.95, 4.95). The costmap cannot raytrace for it.
[controller_server-54] [WARN] [1791386268.802294646] [local_costmap.local_costmap]: Can't update static costmap layer, no map received
[planner_server-56] [WARN] [1791386269.224122096] [nav2_costmap_2d]: Robot is out of bounds of the costmap
[planner_server-56] [WARN] [1791386269.224142866] [global_costmap.global_costmap]: Sensor origin at (-0.04, 0.00) is out of map bounds (0.00, 0.00) to (4.95, 4.95). The costmap cannot raytrace for it.
[planner_server-56] [WARN] [1791386270.224129062] [global_costmap.global_costmap]: Sensor origin at (-0.04, 0.00) is out of map bounds (0.00, 0.00) to (4.95, 4.95). The costmap cannot raytrace for it.
[controller_server-54] [WARN] [1791386270.802286295] [local_costmap.local_costmap]: Can't update static costmap layer, no map received
[planner_server-56] [WARN] [1791386271.224111447] [global_costmap.global_costmap]: Sensor origin at (-0.04, 0.00) is out of map bounds (0.00, 0.00) to (4.95, 4.95). The costmap cannot raytrace for it.
[planner_server-56] [WARN] [1791386271.224141151] [global_costmap.global_costmap]: Can't update static costmap layer, no map received
[planner_server-56] [WARN] [1791386272.224090629] [global_costmap.global_costmap]: Sensor origin at (-0.04, 0.00) is out of map bounds (0.00, 0.00) to (4.95, 4.95). The costmap cannot raytrace for it.
[controller_server-54] [WARN] [1791386272.802298620] [local_costmap.local_costmap]: Can't update static costmap layer, no map received
[planner_server-56] [WARN] [1791386273.224115049] [global_costmap.global_costmap]: Sensor origin at (-0.04, 0.00) is out of map bounds (0.00, 0.00) to (4.95, 4.95). The costmap cannot raytrace for it.
[planner_server-56] [WARN] [1791386274.224069339] [global_costmap.global_costmap]: Sensor origin at (-0.04, 0.00) is out of map bounds (0.00, 0.00) to (4.95, 4.95). The costmap cannot raytrace for it.
[controller_server-54] [WARN] [1791386274.802338903] [local_costmap.local_costmap]: Can't update static costmap layer, no map received
[planner_server-56] [WARN] [1791386275.224084870] [nav2_costmap_2d]: Robot is out of bounds of the costmap
[planner_server-56] [WARN] [1791386275.224105583] [global_costmap.global_costmap]: Sensor origin at (-0.04, 0.00) is out of map bounds (0.00, 0.00) to (4.95, 4.95). The costmap cannot raytrace for it.
[planner_server-56] [WARN] [1791386276.224111847] [global_costmap.global_costmap]: Sensor origin at (-0.04, 0.00) is out of map bounds (0.00, 0.00) to (4.95, 4.95). The costmap cannot raytrace for it.
[turtlebot4_node-29] [ERROR] [1791386276.472740311] [turtlebot4_node]: Service oakd/stop_camera unavailable.
[turtlebot4_node-29] [ERROR] [1791386276.483019637] [turtlebot4_node]: Service stop_motor unavailable.
[controller_server-54] [WARN] [1791386276.802299095] [local_costmap.local_costmap]: Can't update static costmap layer, no map received
[planner_server-56] [WARN] [1791386277.224117826] [global_costmap.global_costmap]: Sensor origin at (-0.04, 0.00) is out of map bounds (0.00, 0.00) to (4.95, 4.95). The costmap cannot raytrace for it.
[planner_server-56] [WARN] [1791386278.224088976] [global_costmap.global_costmap]: Sensor origin at (-0.04, 0.00) is out of map bounds (0.00, 0.00) to (4.95, 4.95). The costmap cannot raytrace for it.
[controller_server-54] [WARN] [1791386278.802338535] [local_costmap.local_costmap]: Can't update static costmap layer, no map received
[planner_server-56] [WARN] [1791386279.224110603] [global_costmap.global_costmap]: Sensor origin at (-0.04, 0.00) is out of map bounds (0.00, 0.00) to (4.95, 4.95). The costmap cannot raytrace for it.
[planner_server-56] [WARN] [1791386280.224093744] [nav2_costmap_2d]: Robot is out of bounds of the costmap
[planner_server-56] [WARN] [1791386280.224118263] [global_costmap.global_costmap]: Sensor origin at (-0.04, 0.00) is out of map bounds (0.00, 0.00) to (4.95, 4.95). The costmap cannot raytrace for it.
[controller_server-54] [WARN] [1791386280.802292176] [local_costmap.local_costmap]: Can't update static costmap layer, no map received
[planner_server-56] [WARN] [1791386281.224091835] [global_costmap.global_costmap]: Sensor origin at (-0.04, 0.00) is out of map bounds (0.00, 0.00) to (4.95, 4.95). The costmap cannot raytrace for it.
[planner_server-56] [WARN] [1791386281.224124275] [global_costmap.global_costmap]: Can't update static costmap layer, no map received
[planner_server-56] [WARN] [1791386282.224096965] [global_costmap.global_costmap]: Sensor origin at (-0.04, 0.00) is out of map bounds (0.00, 0.00) to (4.95, 4.95). The costmap cannot raytrace for it.
[controller_server-54] [WARN] [1791386282.802290609] [local_costmap.local_costmap]: Can't update static costmap layer, no map received
[planner_server-56] [WARN] [1791386283.224115441] [global_costmap.global_costmap]: Sensor origin at (-0.04, 0.00) is out of map bounds (0.00, 0.00) to (4.95, 4.95). The costmap cannot raytrace for it.
[planner_server-56] [WARN] [1791386284.224089248] [global_costmap.global_costmap]: Sensor origin at (-0.04, 0.00) is out of map bounds (0.00, 0.00) to (4.95, 4.95). The costmap cannot raytrace for it.
[controller_server-54] [WARN] [1791386284.802314833] [local_costmap.local_costmap]: Can't update static costmap layer, no map received
[planner_server-56] [WARN] [1791386285.224098641] [nav2_costmap_2d]: Robot is out of bounds of the costmap
[planner_server-56] [WARN] [1791386285.224133531] [global_costmap.global_costmap]: Sensor origin at (-0.04, 0.00) is out of map bounds (0.00, 0.00) to (4.95, 4.95). The costmap cannot raytrace for it.
[planner_server-56] [WARN] [1791386286.224158195] [global_costmap.global_costmap]: Sensor origin at (-0.04, 0.00) is out of map bounds (0.00, 0.00) to (4.95, 4.95). The costmap cannot raytrace for it.
[controller_server-54] [WARN] [1791386286.802299982] [local_costmap.local_costmap]: Can't update static costmap layer, no map received
[planner_server-56] [WARN] [1791386287.224133668] [global_costmap.global_costmap]: Sensor origin at (-0.04, 0.00) is out of map bounds (0.00, 0.00) to (4.95, 4.95). The costmap cannot raytrace for it.
[planner_server-56] [WARN] [1791386288.224120647] [global_costmap.global_costmap]: Sensor origin at (-0.04, 0.00) is out of map bounds (0.00, 0.00) to (4.95, 4.95). The costmap cannot raytrace for it.
[controller_server-54] [WARN] [1791386288.802302262] [local_costmap.local_costmap]: Can't update static costmap layer, no map received
[planner_server-56] [WARN] [1791386289.224084985] [global_costmap.global_costmap]: Sensor origin at (-0.04, 0.00) is out of map bounds (0.00, 0.00) to (4.95, 4.95). The costmap cannot raytrace for it.
[planner_server-56] [WARN] [1791386290.224096872] [global_costmap.global_costmap]: Sensor origin at (-0.04, 0.00) is out of map bounds (0.00, 0.00) to (4.95, 4.95). The costmap cannot raytrace for it.
[controller_server-54] [WARN] [1791386290.802325250] [local_costmap.local_costmap]: Can't update static costmap layer, no map received
[planner_server-56] [WARN] [1791386291.224157855] [nav2_costmap_2d]: Robot is out of bounds of the costmap
[planner_server-56] [WARN] [1791386291.224211035] [global_costmap.global_costmap]: Sensor origin at (-0.04, 0.00) is out of map bounds (0.00, 0.00) to (4.95, 4.95). The costmap cannot raytrace for it.
[planner_server-56] [WARN] [1791386291.224228636] [global_costmap.global_costmap]: Can't update static costmap layer, no map received
[planner_server-56] [WARN] [1791386292.224172841] [global_costmap.global_costmap]: Sensor origin at (-0.04, 0.00) is out of map bounds (0.00, 0.00) to (4.95, 4.95). The costmap cannot raytrace for it.
[controller_server-54] [WARN] [1791386292.802358250] [local_costmap.local_costmap]: Can't update static costmap layer, no map received
[planner_server-56] [WARN] [1791386293.224117356] [global_costmap.global_costmap]: Sensor origin at (-0.04, 0.00) is out of map bounds (0.00, 0.00) to (4.95, 4.95). The costmap cannot raytrace for it.
[planner_server-56] [WARN] [1791386294.224097417] [global_costmap.global_costmap]: Sensor origin at (-0.04, 0.00) is out of map bounds (0.00, 0.00) to (4.95, 4.95). The costmap cannot raytrace for it.
[controller_server-54] [WARN] [1791386294.802348792] [local_costmap.local_costmap]: Can't update static costmap layer, no map received
[planner_server-56] [WARN] [1791386295.224172794] [global_costmap.global_costmap]: Sensor origin at (-0.04, 0.00) is out of map bounds (0.00, 0.00) to (4.95, 4.95). The costmap cannot raytrace for it.
[planner_server-56] [WARN] [1791386296.224102266] [global_costmap.global_costmap]: Sensor origin at (-0.04, 0.00) is out of map bounds (0.00, 0.00) to (4.95, 4.95). The costmap cannot raytrace for it.
[controller_server-54] [WARN] [1791386296.802315645] [local_costmap.local_costmap]: Can't update static costmap layer, no map received
[planner_server-56] [WARN] [1791386297.224111758] [nav2_costmap_2d]: Robot is out of bounds of the costmap
[planner_server-56] [WARN] [1791386297.224139520] [global_costmap.global_costmap]: Sensor origin at (-0.04, 0.00) is out of map bounds (0.00, 0.00) to (4.95, 4.95). The costmap cannot raytrace for it.
[planner_server-56] [WARN] [1791386298.224055778] [global_costmap.global_costmap]: Sensor origin at (-0.04, 0.00) is out of map bounds (0.00, 0.00) to (4.95, 4.95). The costmap cannot raytrace for it.
[controller_server-54] [WARN] [1791386298.802342282] [local_costmap.local_costmap]: Can't update static costmap layer, no map received
[planner_server-56] [WARN] [1791386299.224116290] [global_costmap.global_costmap]: Sensor origin at (-0.04, 0.00) is out of map bounds (0.00, 0.00) to (4.95, 4.95). The costmap cannot raytrace for it.
[planner_server-56] [WARN] [1791386300.224115449] [global_costmap.global_costmap]: Sensor origin at (-0.04, 0.00) is out of map bounds (0.00, 0.00) to (4.95, 4.95). The costmap cannot raytrace for it.
[controller_server-54] [WARN] [1791386300.802315296] [local_costmap.local_costmap]: Can't update static costmap layer, no map received
[planner_server-56] [WARN] [1791386301.224102238] [global_costmap.global_costmap]: Sensor origin at (-0.04, 0.00) is out of map bounds (0.00, 0.00) to (4.95, 4.95). The costmap cannot raytrace for it.
[planner_server-56] [WARN] [1791386301.224144369] [global_costmap.global_costmap]: Can't update static costmap layer, no map received
[planner_server-56] [WARN] [1791386302.224115631] [global_costmap.global_costmap]: Sensor origin at (-0.04, 0.00) is out of map bounds (0.00, 0.00) to (4.95, 4.95). The costmap cannot raytrace for it.
[controller_server-54] [WARN] [1791386302.802290312] [local_costmap.local_costmap]: Can't update static costmap layer, no map received
[planner_server-56] [WARN] [1791386303.224098330] [nav2_costmap_2d]: Robot is out of bounds of the costmap
[planner_server-56] [WARN] [1791386303.224151998] [global_costmap.global_costmap]: Sensor origin at (-0.04, 0.00) is out of map bounds (0.00, 0.00) to (4.95, 4.95). The costmap cannot raytrace for it.
[planner_server-56] [WARN] [1791386304.224113681] [global_costmap.global_costmap]: Sensor origin at (-0.04, 0.00) is out of map bounds (0.00, 0.00) to (4.95, 4.95). The costmap cannot raytrace for it.
[controller_server-54] [WARN] [1791386304.802317434] [local_costmap.local_costmap]: Can't update static costmap layer, no map received
[planner_server-56] [WARN] [1791386305.224184171] [global_costmap.global_costmap]: Sensor origin at (-0.04, 0.00) is out of map bounds (0.00, 0.00) to (4.95, 4.95). The costmap cannot raytrace for it.
[planner_server-56] [WARN] [1791386306.224097602] [global_costmap.global_costmap]: Sensor origin at (-0.04, 0.00) is out of map bounds (0.00, 0.00) to (4.95, 4.95). The costmap cannot raytrace for it.
[controller_server-54] [WARN] [1791386306.802303025] [local_costmap.local_costmap]: Can't update static costmap layer, no map received
[planner_server-56] [WARN] [1791386307.224122453] [global_costmap.global_costmap]: Sensor origin at (-0.04, 0.00) is out of map bounds (0.00, 0.00) to (4.95, 4.95). The costmap cannot raytrace for it.
[planner_server-56] [WARN] [1791386308.224127079] [nav2_costmap_2d]: Robot is out of bounds of the costmap
[planner_server-56] [WARN] [1791386308.224147479] [global_costmap.global_costmap]: Sensor origin at (-0.04, 0.00) is out of map bounds (0.00, 0.00) to (4.95, 4.95). The costmap cannot raytrace for it.
[controller_server-54] [WARN] [1791386308.802291830] [local_costmap.local_costmap]: Can't update static costmap layer, no map received
[planner_server-56] [WARN] [1791386309.224117790] [global_costmap.global_costmap]: Sensor origin at (-0.04, 0.00) is out of map bounds (0.00, 0.00) to (4.95, 4.95). The costmap cannot raytrace for it.
[planner_server-56] [WARN] [1791386310.224114287] [global_costmap.global_costmap]: Sensor origin at (-0.04, 0.00) is out of map bounds (0.00, 0.00) to (4.95, 4.95). The costmap cannot raytrace for it.
[controller_server-54] [WARN] [1791386310.802316191] [local_costmap.local_costmap]: Can't update static costmap layer, no map received
[planner_server-56] [WARN] [1791386311.224116486] [global_costmap.global_costmap]: Sensor origin at (-0.04, 0.00) is out of map bounds (0.00, 0.00) to (4.95, 4.95). The costmap cannot raytrace for it.
[planner_server-56] [WARN] [1791386311.224148659] [global_costmap.global_costmap]: Can't update static costmap layer, no map received
[planner_server-56] [WARN] [1791386312.224113078] [global_costmap.global_costmap]: Sensor origin at (-0.04, 0.00) is out of map bounds (0.00, 0.00) to (4.95, 4.95). The costmap cannot raytrace for it.
[controller_server-54] [WARN] [1791386312.802290485] [local_costmap.local_costmap]: Can't update static costmap layer, no map received
[planner_server-56] [WARN] [1791386313.224068699] [global_costmap.global_costmap]: Sensor origin at (-0.04, 0.00) is out of map bounds (0.00, 0.00) to (4.95, 4.95). The costmap cannot raytrace for it.
[planner_server-56] [WARN] [1791386314.224124293] [nav2_costmap_2d]: Robot is out of bounds of the costmap
[planner_server-56] [WARN] [1791386314.224161221] [global_costmap.global_costmap]: Sensor origin at (-0.04, 0.00) is out of map bounds (0.00, 0.00) to (4.95, 4.95). The costmap cannot raytrace for it.
[controller_server-54] [WARN] [1791386314.802310157] [local_costmap.local_costmap]: Can't update static costmap layer, no map received
[planner_server-56] [WARN] [1791386315.224117897] [global_costmap.global_costmap]: Sensor origin at (-0.04, 0.00) is out of map bounds (0.00, 0.00) to (4.95, 4.95). The costmap cannot raytrace for it.
[planner_server-56] [WARN] [1791386316.224111047] [global_costmap.global_costmap]: Sensor origin at (-0.04, 0.00) is out of map bounds (0.00, 0.00) to (4.95, 4.95). The costmap cannot raytrace for it.
[controller_server-54] [WARN] [1791386316.802316534] [local_costmap.local_costmap]: Can't update static costmap layer, no map received
[planner_server-56] [WARN] [1791386317.224473936] [global_costmap.global_costmap]: Sensor origin at (-0.04, 0.00) is out of map bounds (0.00, 0.00) to (4.95, 4.95). The costmap cannot raytrace for it.
[planner_server-56] [WARN] [1791386318.224140353] [global_costmap.global_costmap]: Sensor origin at (-0.04, 0.00) is out of map bounds (0.00, 0.00) to (4.95, 4.95). The costmap cannot raytrace for it.
[controller_server-54] [WARN] [1791386318.802325661] [local_costmap.local_costmap]: Can't update static costmap layer, no map received
[planner_server-56] [WARN] [1791386319.224090777] [global_costmap.global_costmap]: Sensor origin at (-0.04, 0.00) is out of map bounds (0.00, 0.00) to (4.95, 4.95). The costmap cannot raytrace for it.
[planner_server-56] [WARN] [1791386320.224084543] [nav2_costmap_2d]: Robot is out of bounds of the costmap
[planner_server-56] [WARN] [1791386320.224105604] [global_costmap.global_costmap]: Sensor origin at (-0.04, 0.00) is out of map bounds (0.00, 0.00) to (4.95, 4.95). The costmap cannot raytrace for it.
[controller_server-54] [WARN] [1791386320.802339730] [local_costmap.local_costmap]: Can't update static costmap layer, no map received
[planner_server-56] [WARN] [1791386321.224092111] [global_costmap.global_costmap]: Sensor origin at (-0.04, 0.00) is out of map bounds (0.00, 0.00) to (4.95, 4.95). The costmap cannot raytrace for it.
[planner_server-56] [WARN] [1791386321.224122867] [global_costmap.global_costmap]: Can't update static costmap layer, no map received
[planner_server-56] [WARN] [1791386322.224125288] [global_costmap.global_costmap]: Sensor origin at (-0.04, 0.00) is out of map bounds (0.00, 0.00) to (4.95, 4.95). The costmap cannot raytrace for it.
[controller_server-54] [WARN] [1791386322.802317053] [local_costmap.local_costmap]: Can't update static costmap layer, no map received
[planner_server-56] [WARN] [1791386323.224100513] [global_costmap.global_costmap]: Sensor origin at (-0.04, 0.00) is out of map bounds (0.00, 0.00) to (4.95, 4.95). The costmap cannot raytrace for it.
[planner_server-56] [WARN] [1791386324.224116403] [global_costmap.global_costmap]: Sensor origin at (-0.04, 0.00) is out of map bounds (0.00, 0.00) to (4.95, 4.95). The costmap cannot raytrace for it.
[controller_server-54] [WARN] [1791386324.802349512] [local_costmap.local_costmap]: Can't update static costmap layer, no map received
[planner_server-56] [WARN] [1791386325.224149869] [nav2_costmap_2d]: Robot is out of bounds of the costmap
[planner_server-56] [WARN] [1791386325.224170565] [global_costmap.global_costmap]: Sensor origin at (-0.04, 0.00) is out of map bounds (0.00, 0.00) to (4.95, 4.95). The costmap cannot raytrace for it.
[planner_server-56] [WARN] [1791386326.224119588] [global_costmap.global_costmap]: Sensor origin at (-0.04, 0.00) is out of map bounds (0.00, 0.00) to (4.95, 4.95). The costmap cannot raytrace for it.
[controller_server-54] [WARN] [1791386326.802309325] [local_costmap.local_costmap]: Can't update static costmap layer, no map received
[planner_server-56] [WARN] [1791386327.224114314] [global_costmap.global_costmap]: Sensor origin at (-0.04, 0.00) is out of map bounds (0.00, 0.00) to (4.95, 4.95). The costmap cannot raytrace for it.
[parameter_bridge-45] [INFO] [1791386327.485454362] [ros_gz_bridge]: Passing message from ROS std_msgs/msg/Empty to Gazebo gz.msgs.Empty (showing msg only once per type)
[motion_control-34] [INFO] [1791386327.485554065] [motion_control]: Received new undock goal
[gazebo-1] [1;36m[Dbg] [DetachableJoint.cc:360] [0m[1;36mRemoving entity: [0m[1;36m312[0m[1;36m[0m
[gazebo-1] [1;36m[Dbg] [Physics.cc:2094] [0m[1;36mDetaching joint [[0m[1;36m312[0m[1;36m][0m[1;36m[0m
[planner_server-56] [WARN] [1791386328.224111045] [global_costmap.global_costmap]: Sensor origin at (-0.04, 0.00) is out of map bounds (0.00, 0.00) to (4.95, 4.95). The costmap cannot raytrace for it.
[controller_server-54] [WARN] [1791386328.802333297] [local_costmap.local_costmap]: Can't update static costmap layer, no map received
[turtlebot4_node-29] [INFO] [1791386328.885321119] [turtlebot4_node]: OAKD started
[turtlebot4_node-29] [INFO] [1791386328.885363006] [turtlebot4_node]: RPLIDAR started
[planner_server-56] [WARN] [1791386329.224117053] [global_costmap.global_costmap]: Sensor origin at (-0.04, 0.00) is out of map bounds (0.00, 0.00) to (4.95, 4.95). The costmap cannot raytrace for it.
[planner_server-56] [WARN] [1791386330.224109695] [global_costmap.global_costmap]: Sensor origin at (-0.07, 0.00) is out of map bounds (0.00, 0.00) to (4.95, 4.95). The costmap cannot raytrace for it.
[controller_server-54] [WARN] [1791386330.802242443] [local_costmap.local_costmap]: Can't update static costmap layer, no map received
[planner_server-56] [WARN] [1791386331.224145118] [nav2_costmap_2d]: Robot is out of bounds of the costmap
[planner_server-56] [WARN] [1791386331.224172457] [global_costmap.global_costmap]: Sensor origin at (-0.09, 0.00) is out of map bounds (0.00, 0.00) to (4.95, 4.95). The costmap cannot raytrace for it.
[planner_server-56] [WARN] [1791386331.224196553] [global_costmap.global_costmap]: Can't update static costmap layer, no map received
[planner_server-56] [WARN] [1791386332.224174058] [global_costmap.global_costmap]: Sensor origin at (-0.11, 0.00) is out of map bounds (0.00, 0.00) to (4.95, 4.95). The costmap cannot raytrace for it.
[controller_server-54] [WARN] [1791386332.802354851] [local_costmap.local_costmap]: Can't update static costmap layer, no map received
[planner_server-56] [WARN] [1791386333.224115036] [global_costmap.global_costmap]: Sensor origin at (-0.14, 0.00) is out of map bounds (0.00, 0.00) to (4.95, 4.95). The costmap cannot raytrace for it.
[planner_server-56] [WARN] [1791386334.224118403] [global_costmap.global_costmap]: Sensor origin at (-0.16, 0.00) is out of map bounds (0.00, 0.00) to (4.95, 4.95). The costmap cannot raytrace for it.
[controller_server-54] [WARN] [1791386334.802319307] [local_costmap.local_costmap]: Can't update static costmap layer, no map received
[planner_server-56] [WARN] [1791386335.224114253] [global_costmap.global_costmap]: Sensor origin at (-0.19, 0.00) is out of map bounds (0.00, 0.00) to (4.95, 4.95). The costmap cannot raytrace for it.
[planner_server-56] [WARN] [1791386336.224127872] [global_costmap.global_costmap]: Sensor origin at (-0.21, 0.00) is out of map bounds (0.00, 0.00) to (4.95, 4.95). The costmap cannot raytrace for it.
[controller_server-54] [WARN] [1791386336.802285414] [local_costmap.local_costmap]: Can't update static costmap layer, no map received
[planner_server-56] [WARN] [1791386337.224084818] [nav2_costmap_2d]: Robot is out of bounds of the costmap
[planner_server-56] [WARN] [1791386337.224123064] [global_costmap.global_costmap]: Sensor origin at (-0.23, 0.00) is out of map bounds (0.00, 0.00) to (4.95, 4.95). The costmap cannot raytrace for it.
[planner_server-56] [WARN] [1791386338.224151419] [global_costmap.global_costmap]: Sensor origin at (-0.25, 0.00) is out of map bounds (0.00, 0.00) to (4.95, 4.95). The costmap cannot raytrace for it.
[controller_server-54] [WARN] [1791386338.802348139] [local_costmap.local_costmap]: Can't update static costmap layer, no map received
[planner_server-56] [WARN] [1791386339.224142986] [global_costmap.global_costmap]: Sensor origin at (-0.27, 0.00) is out of map bounds (0.00, 0.00) to (4.95, 4.95). The costmap cannot raytrace for it.
[planner_server-56] [WARN] [1791386340.224153561] [global_costmap.global_costmap]: Sensor origin at (-0.29, 0.00) is out of map bounds (0.00, 0.00) to (4.95, 4.95). The costmap cannot raytrace for it.
[controller_server-54] [WARN] [1791386340.802347177] [local_costmap.local_costmap]: Can't update static costmap layer, no map received
[planner_server-56] [WARN] [1791386341.224091484] [global_costmap.global_costmap]: Sensor origin at (-0.32, 0.00) is out of map bounds (0.00, 0.00) to (4.95, 4.95). The costmap cannot raytrace for it.
[planner_server-56] [WARN] [1791386341.224126359] [global_costmap.global_costmap]: Can't update static costmap layer, no map received
[planner_server-56] [WARN] [1791386342.224129576] [nav2_costmap_2d]: Robot is out of bounds of the costmap
[planner_server-56] [WARN] [1791386342.224150052] [global_costmap.global_costmap]: Sensor origin at (-0.33, 0.00) is out of map bounds (0.00, 0.00) to (4.95, 4.95). The costmap cannot raytrace for it.
[controller_server-54] [WARN] [1791386342.802330720] [local_costmap.local_costmap]: Can't update static costmap layer, no map received
[planner_server-56] [WARN] [1791386343.224148164] [global_costmap.global_costmap]: Sensor origin at (-0.35, 0.00) is out of map bounds (0.00, 0.00) to (4.95, 4.95). The costmap cannot raytrace for it.
[planner_server-56] [WARN] [1791386344.224118094] [global_costmap.global_costmap]: Sensor origin at (-0.36, 0.00) is out of map bounds (0.00, 0.00) to (4.95, 4.95). The costmap cannot raytrace for it.
[controller_server-54] [WARN] [1791386344.802433842] [local_costmap.local_costmap]: Can't update static costmap layer, no map received
[planner_server-56] [WARN] [1791386345.224111952] [global_costmap.global_costmap]: Sensor origin at (-0.37, 0.00) is out of map bounds (0.00, 0.00) to (4.95, 4.95). The costmap cannot raytrace for it.
[planner_server-56] [WARN] [1791386346.224157740] [global_costmap.global_costmap]: Sensor origin at (-0.38, 0.00) is out of map bounds (0.00, 0.00) to (4.95, 4.95). The costmap cannot raytrace for it.
[controller_server-54] [WARN] [1791386346.802386036] [local_costmap.local_costmap]: Can't update static costmap layer, no map received
[planner_server-56] [WARN] [1791386347.224115795] [global_costmap.global_costmap]: Sensor origin at (-0.39, 0.00) is out of map bounds (0.00, 0.00) to (4.95, 4.95). The costmap cannot raytrace for it.
[planner_server-56] [WARN] [1791386348.224105876] [nav2_costmap_2d]: Robot is out of bounds of the costmap
[planner_server-56] [WARN] [1791386348.224127091] [global_costmap.global_costmap]: Sensor origin at (-0.39, 0.00) is out of map bounds (0.00, 0.00) to (4.95, 4.95). The costmap cannot raytrace for it.
[controller_server-54] [WARN] [1791386348.802299695] [local_costmap.local_costmap]: Can't update static costmap layer, no map received
[planner_server-56] [WARN] [1791386349.224114714] [global_costmap.global_costmap]: Sensor origin at (-0.39, 0.00) is out of map bounds (0.00, 0.00) to (4.95, 4.95). The costmap cannot raytrace for it.
[planner_server-56] [WARN] [1791386350.224115027] [global_costmap.global_costmap]: Sensor origin at (-0.39, 0.01) is out of map bounds (0.00, 0.00) to (4.95, 4.95). The costmap cannot raytrace for it.
[controller_server-54] [WARN] [1791386350.802306568] [local_costmap.local_costmap]: Can't update static costmap layer, no map received
[planner_server-56] [WARN] [1791386351.224179057] [global_costmap.global_costmap]: Sensor origin at (-0.39, 0.01) is out of map bounds (0.00, 0.00) to (4.95, 4.95). The costmap cannot raytrace for it.
[planner_server-56] [WARN] [1791386351.224221888] [global_costmap.global_costmap]: Can't update static costmap layer, no map received
[planner_server-56] [WARN] [1791386352.224163631] [global_costmap.global_costmap]: Sensor origin at (-0.39, 0.02) is out of map bounds (0.00, 0.00) to (4.95, 4.95). The costmap cannot raytrace for it.
[controller_server-54] [WARN] [1791386352.802343361] [local_costmap.local_costmap]: Can't update static costmap layer, no map received
[planner_server-56] [WARN] [1791386353.224133158] [nav2_costmap_2d]: Robot is out of bounds of the costmap
[planner_server-56] [WARN] [1791386353.224154800] [global_costmap.global_costmap]: Sensor origin at (-0.39, 0.02) is out of map bounds (0.00, 0.00) to (4.95, 4.95). The costmap cannot raytrace for it.
[planner_server-56] [WARN] [1791386354.224138891] [global_costmap.global_costmap]: Sensor origin at (-0.39, 0.02) is out of map bounds (0.00, 0.00) to (4.95, 4.95). The costmap cannot raytrace for it.
[controller_server-54] [WARN] [1791386354.802313149] [local_costmap.local_costmap]: Can't update static costmap layer, no map received
[planner_server-56] [WARN] [1791386355.224139097] [global_costmap.global_costmap]: Sensor origin at (-0.39, 0.02) is out of map bounds (0.00, 0.00) to (4.95, 4.95). The costmap cannot raytrace for it.
[planner_server-56] [WARN] [1791386356.224107585] [global_costmap.global_costmap]: Sensor origin at (-0.38, 0.03) is out of map bounds (0.00, 0.00) to (4.95, 4.95). The costmap cannot raytrace for it.
[controller_server-54] [WARN] [1791386356.802348587] [local_costmap.local_costmap]: Can't update static costmap layer, no map received
[planner_server-56] [WARN] [1791386357.224107894] [global_costmap.global_costmap]: Sensor origin at (-0.38, 0.03) is out of map bounds (0.00, 0.00) to (4.95, 4.95). The costmap cannot raytrace for it.
[planner_server-56] [WARN] [1791386358.224134286] [global_costmap.global_costmap]: Sensor origin at (-0.38, 0.03) is out of map bounds (0.00, 0.00) to (4.95, 4.95). The costmap cannot raytrace for it.
[controller_server-54] [WARN] [1791386358.802301089] [local_costmap.local_costmap]: Can't update static costmap layer, no map received
[turtlebot4_node-29] [ERROR] [1791386358.895589649] [turtlebot4_node]: Service start_motor unavailable.
[turtlebot4_node-29] [ERROR] [1791386358.905877507] [turtlebot4_node]: Service oakd/start_camera unavailable.
[planner_server-56] [WARN] [1791386359.224097219] [nav2_costmap_2d]: Robot is out of bounds of the costmap
[planner_server-56] [WARN] [1791386359.224121360] [global_costmap.global_costmap]: Sensor origin at (-0.38, 0.03) is out of map bounds (0.00, 0.00) to (4.95, 4.95). The costmap cannot raytrace for it.
[planner_server-56] [WARN] [1791386360.224147780] [global_costmap.global_costmap]: Sensor origin at (-0.37, 0.04) is out of map bounds (0.00, 0.00) to (4.95, 4.95). The costmap cannot raytrace for it.
[controller_server-54] [WARN] [1791386360.802306048] [local_costmap.local_costmap]: Can't update static costmap layer, no map received
[planner_server-56] [WARN] [1791386361.224122332] [global_costmap.global_costmap]: Sensor origin at (-0.37, 0.04) is out of map bounds (0.00, 0.00) to (4.95, 4.95). The costmap cannot raytrace for it.
[planner_server-56] [WARN] [1791386361.224152368] [global_costmap.global_costmap]: Can't update static costmap layer, no map received
[planner_server-56] [WARN] [1791386362.224145868] [global_costmap.global_costmap]: Sensor origin at (-0.36, 0.04) is out of map bounds (0.00, 0.00) to (4.95, 4.95). The costmap cannot raytrace for it.
[controller_server-54] [WARN] [1791386362.802336241] [local_costmap.local_costmap]: Can't update static costmap layer, no map received
[planner_server-56] [WARN] [1791386363.224152951] [global_costmap.global_costmap]: Sensor origin at (-0.36, 0.04) is out of map bounds (0.00, 0.00) to (4.95, 4.95). The costmap cannot raytrace for it.
[planner_server-56] [WARN] [1791386364.224106174] [nav2_costmap_2d]: Robot is out of bounds of the costmap
[planner_server-56] [WARN] [1791386364.224126468] [global_costmap.global_costmap]: Sensor origin at (-0.35, 0.04) is out of map bounds (0.00, 0.00) to (4.95, 4.95). The costmap cannot raytrace for it.
[controller_server-54] [WARN] [1791386364.802362862] [local_costmap.local_costmap]: Can't update static costmap layer, no map received
[planner_server-56] [WARN] [1791386365.224116216] [global_costmap.global_costmap]: Sensor origin at (-0.35, 0.04) is out of map bounds (0.00, 0.00) to (4.95, 4.95). The costmap cannot raytrace for it.
[planner_server-56] [WARN] [1791386366.224121728] [global_costmap.global_costmap]: Sensor origin at (-0.35, 0.04) is out of map bounds (0.00, 0.00) to (4.95, 4.95). The costmap cannot raytrace for it.
[controller_server-54] [WARN] [1791386366.802339533] [local_costmap.local_costmap]: Can't update static costmap layer, no map received
[planner_server-56] [WARN] [1791386367.224120524] [global_costmap.global_costmap]: Sensor origin at (-0.34, 0.04) is out of map bounds (0.00, 0.00) to (4.95, 4.95). The costmap cannot raytrace for it.
[planner_server-56] [WARN] [1791386368.224117532] [global_costmap.global_costmap]: Sensor origin at (-0.34, 0.04) is out of map bounds (0.00, 0.00) to (4.95, 4.95). The costmap cannot raytrace for it.
[controller_server-54] [WARN] [1791386368.802421333] [local_costmap.local_costmap]: Can't update static costmap layer, no map received
[planner_server-56] [WARN] [1791386369.224112163] [global_costmap.global_costmap]: Sensor origin at (-0.34, 0.04) is out of map bounds (0.00, 0.00) to (4.95, 4.95). The costmap cannot raytrace for it.
[planner_server-56] [WARN] [1791386370.224106502] [nav2_costmap_2d]: Robot is out of bounds of the costmap
[planner_server-56] [WARN] [1791386370.224125229] [global_costmap.global_costmap]: Sensor origin at (-0.33, 0.04) is out of map bounds (0.00, 0.00) to (4.95, 4.95). The costmap cannot raytrace for it.
[controller_server-54] [WARN] [1791386370.802293338] [local_costmap.local_costmap]: Can't update static costmap layer, no map received
[planner_server-56] [WARN] [1791386371.224116740] [global_costmap.global_costmap]: Sensor origin at (-0.33, 0.03) is out of map bounds (0.00, 0.00) to (4.95, 4.95). The costmap cannot raytrace for it.
[planner_server-56] [WARN] [1791386371.224149739] [global_costmap.global_costmap]: Can't update static costmap layer, no map received
[planner_server-56] [WARN] [1791386372.224114229] [global_costmap.global_costmap]: Sensor origin at (-0.33, 0.03) is out of map bounds (0.00, 0.00) to (4.95, 4.95). The costmap cannot raytrace for it.
[controller_server-54] [WARN] [1791386372.802452666] [local_costmap.local_costmap]: Can't update static costmap layer, no map received
[planner_server-56] [WARN] [1791386373.224116237] [global_costmap.global_costmap]: Sensor origin at (-0.32, 0.03) is out of map bounds (0.00, 0.00) to (4.95, 4.95). The costmap cannot raytrace for it.
[planner_server-56] [WARN] [1791386374.224150236] [global_costmap.global_costmap]: Sensor origin at (-0.32, 0.03) is out of map bounds (0.00, 0.00) to (4.95, 4.95). The costmap cannot raytrace for it.
[controller_server-54] [WARN] [1791386374.802359761] [local_costmap.local_costmap]: Can't update static costmap layer, no map received
[planner_server-56] [WARN] [1791386375.224124034] [nav2_costmap_2d]: Robot is out of bounds of the costmap
[planner_server-56] [WARN] [1791386375.224144692] [global_costmap.global_costmap]: Sensor origin at (-0.32, 0.03) is out of map bounds (0.00, 0.00) to (4.95, 4.95). The costmap cannot raytrace for it.
[planner_server-56] [WARN] [1791386376.224156451] [global_costmap.global_costmap]: Sensor origin at (-0.32, 0.02) is out of map bounds (0.00, 0.00) to (4.95, 4.95). The costmap cannot raytrace for it.
[controller_server-54] [WARN] [1791386376.802330044] [local_costmap.local_costmap]: Can't update static costmap layer, no map received
[planner_server-56] [WARN] [1791386377.224124542] [global_costmap.global_costmap]: Sensor origin at (-0.32, 0.02) is out of map bounds (0.00, 0.00) to (4.95, 4.95). The costmap cannot raytrace for it.
[planner_server-56] [WARN] [1791386378.224114320] [global_costmap.global_costmap]: Sensor origin at (-0.32, 0.02) is out of map bounds (0.00, 0.00) to (4.95, 4.95). The costmap cannot raytrace for it.
[controller_server-54] [WARN] [1791386378.802311748] [local_costmap.local_costmap]: Can't update static costmap layer, no map received
[planner_server-56] [WARN] [1791386379.224110907] [global_costmap.global_costmap]: Sensor origin at (-0.31, 0.02) is out of map bounds (0.00, 0.00) to (4.95, 4.95). The costmap cannot raytrace for it.
[planner_server-56] [WARN] [1791386380.224119983] [global_costmap.global_costmap]: Sensor origin at (-0.31, 0.01) is out of map bounds (0.00, 0.00) to (4.95, 4.95). The costmap cannot raytrace for it.
[controller_server-54] [WARN] [1791386380.802345639] [local_costmap.local_costmap]: Can't update static costmap layer, no map received
[planner_server-56] [WARN] [1791386381.224112258] [nav2_costmap_2d]: Robot is out of bounds of the costmap
[planner_server-56] [WARN] [1791386381.224136310] [global_costmap.global_costmap]: Sensor origin at (-0.31, 0.01) is out of map bounds (0.00, 0.00) to (4.95, 4.95). The costmap cannot raytrace for it.
[planner_server-56] [WARN] [1791386381.224156491] [global_costmap.global_costmap]: Can't update static costmap layer, no map received
[planner_server-56] [WARN] [1791386382.224087262] [global_costmap.global_costmap]: Sensor origin at (-0.31, 0.01) is out of map bounds (0.00, 0.00) to (4.95, 4.95). The costmap cannot raytrace for it.
[controller_server-54] [WARN] [1791386382.802310944] [local_costmap.local_costmap]: Can't update static costmap layer, no map received
[planner_server-56] [WARN] [1791386383.224125794] [global_costmap.global_costmap]: Sensor origin at (-0.31, 0.01) is out of map bounds (0.00, 0.00) to (4.95, 4.95). The costmap cannot raytrace for it.
[planner_server-56] [WARN] [1791386384.224110855] [global_costmap.global_costmap]: Sensor origin at (-0.31, 0.01) is out of map bounds (0.00, 0.00) to (4.95, 4.95). The costmap cannot raytrace for it.
[controller_server-54] [WARN] [1791386384.802308931] [local_costmap.local_costmap]: Can't update static costmap layer, no map received
[planner_server-56] [WARN] [1791386385.224116692] [global_costmap.global_costmap]: Sensor origin at (-0.31, 0.01) is out of map bounds (0.00, 0.00) to (4.95, 4.95). The costmap cannot raytrace for it.
[planner_server-56] [WARN] [1791386386.224115278] [global_costmap.global_costmap]: Sensor origin at (-0.31, 0.01) is out of map bounds (0.00, 0.00) to (4.95, 4.95). The costmap cannot raytrace for it.
[controller_server-54] [WARN] [1791386386.802295971] [local_costmap.local_costmap]: Can't update static costmap layer, no map received
[planner_server-56] [WARN] [1791386387.224112398] [nav2_costmap_2d]: Robot is out of bounds of the costmap
[planner_server-56] [WARN] [1791386387.224133086] [global_costmap.global_costmap]: Sensor origin at (-0.31, 0.01) is out of map bounds (0.00, 0.00) to (4.95, 4.95). The costmap cannot raytrace for it.
[planner_server-56] [WARN] [1791386388.224176720] [global_costmap.global_costmap]: Sensor origin at (-0.31, 0.00) is out of map bounds (0.00, 0.00) to (4.95, 4.95). The costmap cannot raytrace for it.
[controller_server-54] [WARN] [1791386388.802298402] [local_costmap.local_costmap]: Can't update static costmap layer, no map received
[planner_server-56] [WARN] [1791386389.224129398] [global_costmap.global_costmap]: Sensor origin at (-0.31, 0.00) is out of map bounds (0.00, 0.00) to (4.95, 4.95). The costmap cannot raytrace for it.
[planner_server-56] [WARN] [1791386390.224089962] [global_costmap.global_costmap]: Sensor origin at (-0.31, 0.00) is out of map bounds (0.00, 0.00) to (4.95, 4.95). The costmap cannot raytrace for it.
[controller_server-54] [WARN] [1791386390.802357900] [local_costmap.local_costmap]: Can't update static costmap layer, no map received
[planner_server-56] [WARN] [1791386391.224088555] [global_costmap.global_costmap]: Sensor origin at (-0.31, 0.00) is out of map bounds (0.00, 0.00) to (4.95, 4.95). The costmap cannot raytrace for it.
[planner_server-56] [WARN] [1791386391.224123414] [global_costmap.global_costmap]: Can't update static costmap layer, no map received
[planner_server-56] [WARN] [1791386392.224107934] [global_costmap.global_costmap]: Sensor origin at (-0.31, 0.00) is out of map bounds (0.00, 0.00) to (4.95, 4.95). The costmap cannot raytrace for it.
[controller_server-54] [WARN] [1791386392.802348244] [local_costmap.local_costmap]: Can't update static costmap layer, no map received
[planner_server-56] [WARN] [1791386393.224113171] [nav2_costmap_2d]: Robot is out of bounds of the costmap
[planner_server-56] [WARN] [1791386393.224133728] [global_costmap.global_costmap]: Sensor origin at (-0.31, 0.00) is out of map bounds (0.00, 0.00) to (4.95, 4.95). The costmap cannot raytrace for it.
[planner_server-56] [WARN] [1791386394.224155511] [global_costmap.global_costmap]: Sensor origin at (-0.31, 0.00) is out of map bounds (0.00, 0.00) to (4.95, 4.95). The costmap cannot raytrace for it.
[controller_server-54] [WARN] [1791386394.802386578] [local_costmap.local_costmap]: Can't update static costmap layer, no map received
[motion_control-34] [INFO] [1791386395.198721403] [motion_control]: Undock Goal Succeeded
[controller_server-54] [INFO] [1791386395.201863564] [local_costmap.local_costmap]: Received request to clear entirely the local_costmap
[planner_server-56] [INFO] [1791386395.202102615] [global_costmap.global_costmap]: Received request to clear entirely the global_costmap
[controller_server-54] [INFO] [1791386395.203097381] [local_costmap.local_costmap]: Received request to clear entirely the local_costmap
[planner_server-56] [INFO] [1791386395.203208532] [global_costmap.global_costmap]: Received request to clear entirely the global_costmap
[bt_navigator-59] [INFO] [1791386395.204396627] [bt_navigator]: Begin navigating from current location (-0.35, 0.00) to (1.98, 7.15)
[planner_server-56] [WARN] [1791386395.224163189] [global_costmap.global_costmap]: Sensor origin at (-0.31, 0.00) is out of map bounds (0.00, 0.00) to (4.95, 4.95). The costmap cannot raytrace for it.
[planner_server-56] [WARN] [1791386396.224147201] [global_costmap.global_costmap]: Sensor origin at (-0.31, 0.00) is out of map bounds (0.00, 0.00) to (4.95, 4.95). The costmap cannot raytrace for it.
[controller_server-54] [WARN] [1791386396.802292713] [local_costmap.local_costmap]: Can't update static costmap layer, no map received
[planner_server-56] [WARN] [1791386397.224115774] [global_costmap.global_costmap]: Sensor origin at (-0.31, 0.00) is out of map bounds (0.00, 0.00) to (4.95, 4.95). The costmap cannot raytrace for it.
[planner_server-56] [WARN] [1791386398.224115174] [nav2_costmap_2d]: Robot is out of bounds of the costmap
[planner_server-56] [WARN] [1791386398.224139836] [global_costmap.global_costmap]: Sensor origin at (-0.31, 0.00) is out of map bounds (0.00, 0.00) to (4.95, 4.95). The costmap cannot raytrace for it.
[controller_server-54] [WARN] [1791386398.802333475] [local_costmap.local_costmap]: Can't update static costmap layer, no map received
[planner_server-56] [WARN] [1791386399.224118767] [global_costmap.global_costmap]: Sensor origin at (-0.31, 0.00) is out of map bounds (0.00, 0.00) to (4.95, 4.95). The costmap cannot raytrace for it.
[planner_server-56] [WARN] [1791386400.224082511] [global_costmap.global_costmap]: Sensor origin at (-0.31, 0.00) is out of map bounds (0.00, 0.00) to (4.95, 4.95). The costmap cannot raytrace for it.
[controller_server-54] [WARN] [1791386400.802446932] [local_costmap.local_costmap]: Can't update static costmap layer, no map received
[planner_server-56] [WARN] [1791386401.224111547] [global_costmap.global_costmap]: Sensor origin at (-0.31, 0.00) is out of map bounds (0.00, 0.00) to (4.95, 4.95). The costmap cannot raytrace for it.
[planner_server-56] [WARN] [1791386401.224142679] [global_costmap.global_costmap]: Can't update static costmap layer, no map received
[planner_server-56] [WARN] [1791386401.905583907] [planner_server]: GridBased plugin failed to plan from (0.00, 0.00) to (1.98, 7.15): "Costmap timed out waiting for update"
[planner_server-56] [WARN] [1791386401.905645816] [planner_server]: [compute_path_to_pose] [ActionServer] Aborting handle.
[planner_server-56] [INFO] [1791386401.924750780] [global_costmap.global_costmap]: Received request to clear entirely the global_costmap
[planner_server-56] [WARN] [1791386402.224204910] [global_costmap.global_costmap]: Sensor origin at (-0.31, 0.00) is out of map bounds (0.00, 0.00) to (4.95, 4.95). The costmap cannot raytrace for it.
[controller_server-54] [WARN] [1791386402.802313530] [local_costmap.local_costmap]: Can't update static costmap layer, no map received
[planner_server-56] [WARN] [1791386403.224097910] [global_costmap.global_costmap]: Sensor origin at (-0.31, 0.00) is out of map bounds (0.00, 0.00) to (4.95, 4.95). The costmap cannot raytrace for it.
[planner_server-56] [WARN] [1791386404.224109431] [nav2_costmap_2d]: Robot is out of bounds of the costmap
[planner_server-56] [WARN] [1791386404.224130416] [global_costmap.global_costmap]: Sensor origin at (-0.31, 0.00) is out of map bounds (0.00, 0.00) to (4.95, 4.95). The costmap cannot raytrace for it.
[controller_server-54] [WARN] [1791386404.802366083] [local_costmap.local_costmap]: Can't update static costmap layer, no map received
[planner_server-56] [WARN] [1791386405.224176412] [global_costmap.global_costmap]: Sensor origin at (-0.31, 0.00) is out of map bounds (0.00, 0.00) to (4.95, 4.95). The costmap cannot raytrace for it.
[planner_server-56] [WARN] [1791386406.224165365] [global_costmap.global_costmap]: Sensor origin at (-0.31, 0.00) is out of map bounds (0.00, 0.00) to (4.95, 4.95). The costmap cannot raytrace for it.
[controller_server-54] [WARN] [1791386406.802337059] [local_costmap.local_costmap]: Can't update static costmap layer, no map received
[planner_server-56] [WARN] [1791386407.224173771] [global_costmap.global_costmap]: Sensor origin at (-0.31, 0.00) is out of map bounds (0.00, 0.00) to (4.95, 4.95). The costmap cannot raytrace for it.
[planner_server-56] [WARN] [1791386408.224132296] [global_costmap.global_costmap]: Sensor origin at (-0.31, 0.00) is out of map bounds (0.00, 0.00) to (4.95, 4.95). The costmap cannot raytrace for it.
[planner_server-56] [WARN] [1791386408.585167153] [planner_server]: GridBased plugin failed to plan from (0.00, 0.00) to (1.98, 7.15): "Costmap timed out waiting for update"
[planner_server-56] [WARN] [1791386408.585209676] [planner_server]: [compute_path_to_pose] [ActionServer] Aborting handle.
[controller_server-54] [INFO] [1791386408.604969987] [local_costmap.local_costmap]: Received request to clear entirely the local_costmap
[planner_server-56] [INFO] [1791386408.605195806] [global_costmap.global_costmap]: Received request to clear entirely the global_costmap
[controller_server-54] [WARN] [1791386408.802333824] [local_costmap.local_costmap]: Can't update static costmap layer, no map received
[planner_server-56] [WARN] [1791386409.224095942] [global_costmap.global_costmap]: Sensor origin at (-0.31, 0.00) is out of map bounds (0.00, 0.00) to (4.95, 4.95). The costmap cannot raytrace for it.
[planner_server-56] [WARN] [1791386410.224163747] [nav2_costmap_2d]: Robot is out of bounds of the costmap
[planner_server-56] [WARN] [1791386410.224193561] [global_costmap.global_costmap]: Sensor origin at (-0.31, 0.00) is out of map bounds (0.00, 0.00) to (4.95, 4.95). The costmap cannot raytrace for it.
[controller_server-54] [WARN] [1791386410.802351960] [local_costmap.local_costmap]: Can't update static costmap layer, no map received
[planner_server-56] [WARN] [1791386411.224107586] [global_costmap.global_costmap]: Sensor origin at (-0.31, 0.00) is out of map bounds (0.00, 0.00) to (4.95, 4.95). The costmap cannot raytrace for it.
[planner_server-56] [WARN] [1791386411.224138998] [global_costmap.global_costmap]: Can't update static costmap layer, no map received
[planner_server-56] [WARN] [1791386412.224176462] [global_costmap.global_costmap]: Sensor origin at (-0.31, 0.00) is out of map bounds (0.00, 0.00) to (4.95, 4.95). The costmap cannot raytrace for it.
[controller_server-54] [WARN] [1791386412.802313400] [local_costmap.local_costmap]: Can't update static costmap layer, no map received
[planner_server-56] [WARN] [1791386413.224126848] [global_costmap.global_costmap]: Sensor origin at (-0.31, 0.00) is out of map bounds (0.00, 0.00) to (4.95, 4.95). The costmap cannot raytrace for it.
[planner_server-56] [WARN] [1791386414.224115294] [global_costmap.global_costmap]: Sensor origin at (-0.31, 0.00) is out of map bounds (0.00, 0.00) to (4.95, 4.95). The costmap cannot raytrace for it.
[controller_server-54] [WARN] [1791386414.802285722] [local_costmap.local_costmap]: Can't update static costmap layer, no map received
[planner_server-56] [WARN] [1791386415.155748917] [planner_server]: GridBased plugin failed to plan from (0.00, 0.00) to (1.98, 7.15): "Costmap timed out waiting for update"
[planner_server-56] [WARN] [1791386415.155812932] [planner_server]: [compute_path_to_pose] [ActionServer] Aborting handle.
[planner_server-56] [INFO] [1791386415.174789243] [global_costmap.global_costmap]: Received request to clear entirely the global_costmap
[planner_server-56] [WARN] [1791386415.224084386] [global_costmap.global_costmap]: Sensor origin at (-0.31, 0.00) is out of map bounds (0.00, 0.00) to (4.95, 4.95). The costmap cannot raytrace for it.
[planner_server-56] [WARN] [1791386416.224111309] [nav2_costmap_2d]: Robot is out of bounds of the costmap
[planner_server-56] [WARN] [1791386416.224133190] [global_costmap.global_costmap]: Sensor origin at (-0.31, 0.00) is out of map bounds (0.00, 0.00) to (4.95, 4.95). The costmap cannot raytrace for it.
[controller_server-54] [WARN] [1791386416.802306078] [local_costmap.local_costmap]: Can't update static costmap layer, no map received
[planner_server-56] [WARN] [1791386417.224066662] [global_costmap.global_costmap]: Sensor origin at (-0.31, 0.00) is out of map bounds (0.00, 0.00) to (4.95, 4.95). The costmap cannot raytrace for it.
[planner_server-56] [WARN] [1791386418.224121977] [global_costmap.global_costmap]: Sensor origin at (-0.31, 0.00) is out of map bounds (0.00, 0.00) to (4.95, 4.95). The costmap cannot raytrace for it.
[controller_server-54] [WARN] [1791386418.802366604] [local_costmap.local_costmap]: Can't update static costmap layer, no map received
[planner_server-56] [WARN] [1791386419.224096117] [global_costmap.global_costmap]: Sensor origin at (-0.31, 0.00) is out of map bounds (0.00, 0.00) to (4.95, 4.95). The costmap cannot raytrace for it.
[planner_server-56] [WARN] [1791386420.224117427] [global_costmap.global_costmap]: Sensor origin at (-0.31, 0.00) is out of map bounds (0.00, 0.00) to (4.95, 4.95). The costmap cannot raytrace for it.
[controller_server-54] [WARN] [1791386420.802356562] [local_costmap.local_costmap]: Can't update static costmap layer, no map received
[planner_server-56] [WARN] [1791386421.224118419] [nav2_costmap_2d]: Robot is out of bounds of the costmap
[planner_server-56] [WARN] [1791386421.224140292] [global_costmap.global_costmap]: Sensor origin at (-0.31, 0.00) is out of map bounds (0.00, 0.00) to (4.95, 4.95). The costmap cannot raytrace for it.
[planner_server-56] [WARN] [1791386421.224159732] [global_costmap.global_costmap]: Can't update static costmap layer, no map received
[planner_server-56] [WARN] [1791386421.745190961] [planner_server]: GridBased plugin failed to plan from (0.00, 0.00) to (1.98, 7.15): "Costmap timed out waiting for update"
[planner_server-56] [WARN] [1791386421.745260225] [planner_server]: [compute_path_to_pose] [ActionServer] Aborting handle.
[behavior_server-58] [INFO] [1791386421.764953671] [behavior_server]: Running spin
[behavior_server-58] [INFO] [1791386421.765035947] [behavior_server]: Turning 1.57 for spin behavior.
[planner_server-56] [WARN] [1791386422.224087308] [global_costmap.global_costmap]: Sensor origin at (-0.31, 0.00) is out of map bounds (0.00, 0.00) to (4.95, 4.95). The costmap cannot raytrace for it.
[controller_server-54] [WARN] [1791386422.802330583] [local_costmap.local_costmap]: Can't update static costmap layer, no map received
[planner_server-56] [WARN] [1791386423.224109475] [global_costmap.global_costmap]: Sensor origin at (-0.31, 0.00) is out of map bounds (0.00, 0.00) to (4.95, 4.95). The costmap cannot raytrace for it.
[planner_server-56] [WARN] [1791386424.224115232] [global_costmap.global_costmap]: Sensor origin at (-0.31, 0.01) is out of map bounds (0.00, 0.00) to (4.95, 4.95). The costmap cannot raytrace for it.
[controller_server-54] [WARN] [1791386424.802317025] [local_costmap.local_costmap]: Can't update static costmap layer, no map received
[planner_server-56] [WARN] [1791386425.224051980] [global_costmap.global_costmap]: Sensor origin at (-0.31, 0.01) is out of map bounds (0.00, 0.00) to (4.95, 4.95). The costmap cannot raytrace for it.
[planner_server-56] [WARN] [1791386426.224096777] [global_costmap.global_costmap]: Sensor origin at (-0.31, 0.02) is out of map bounds (0.00, 0.00) to (4.95, 4.95). The costmap cannot raytrace for it.
[controller_server-54] [WARN] [1791386426.802305027] [local_costmap.local_costmap]: Can't update static costmap layer, no map received
[planner_server-56] [WARN] [1791386427.224078969] [nav2_costmap_2d]: Robot is out of bounds of the costmap
[planner_server-56] [WARN] [1791386427.224100965] [global_costmap.global_costmap]: Sensor origin at (-0.32, 0.02) is out of map bounds (0.00, 0.00) to (4.95, 4.95). The costmap cannot raytrace for it.
[planner_server-56] [WARN] [1791386428.224096166] [global_costmap.global_costmap]: Sensor origin at (-0.32, 0.02) is out of map bounds (0.00, 0.00) to (4.95, 4.95). The costmap cannot raytrace for it.
[controller_server-54] [WARN] [1791386428.802323940] [local_costmap.local_costmap]: Can't update static costmap layer, no map received
[planner_server-56] [WARN] [1791386429.224114962] [global_costmap.global_costmap]: Sensor origin at (-0.32, 0.03) is out of map bounds (0.00, 0.00) to (4.95, 4.95). The costmap cannot raytrace for it.
[planner_server-56] [WARN] [1791386430.224087670] [global_costmap.global_costmap]: Sensor origin at (-0.32, 0.03) is out of map bounds (0.00, 0.00) to (4.95, 4.95). The costmap cannot raytrace for it.
[controller_server-54] [WARN] [1791386430.802299074] [local_costmap.local_costmap]: Can't update static costmap layer, no map received
[planner_server-56] [WARN] [1791386431.224097605] [global_costmap.global_costmap]: Sensor origin at (-0.33, 0.03) is out of map bounds (0.00, 0.00) to (4.95, 4.95). The costmap cannot raytrace for it.
[planner_server-56] [WARN] [1791386431.224136720] [global_costmap.global_costmap]: Can't update static costmap layer, no map received
[planner_server-56] [WARN] [1791386432.224107271] [nav2_costmap_2d]: Robot is out of bounds of the costmap
[planner_server-56] [WARN] [1791386432.224130987] [global_costmap.global_costmap]: Sensor origin at (-0.33, 0.04) is out of map bounds (0.00, 0.00) to (4.95, 4.95). The costmap cannot raytrace for it.
[controller_server-54] [WARN] [1791386432.802263318] [local_costmap.local_costmap]: Can't update static costmap layer, no map received
[planner_server-56] [WARN] [1791386433.224092793] [global_costmap.global_costmap]: Sensor origin at (-0.34, 0.04) is out of map bounds (0.00, 0.00) to (4.95, 4.95). The costmap cannot raytrace for it.
[planner_server-56] [WARN] [1791386434.224117939] [global_costmap.global_costmap]: Sensor origin at (-0.34, 0.04) is out of map bounds (0.00, 0.00) to (4.95, 4.95). The costmap cannot raytrace for it.
[controller_server-54] [WARN] [1791386434.802262234] [local_costmap.local_costmap]: Can't update static costmap layer, no map received
[planner_server-56] [WARN] [1791386435.224117995] [global_costmap.global_costmap]: Sensor origin at (-0.35, 0.04) is out of map bounds (0.00, 0.00) to (4.95, 4.95). The costmap cannot raytrace for it.
[behavior_server-58] [INFO] [1791386435.365191359] [behavior_server]: spin completed successfully
[planner_server-56] [WARN] [1791386436.224105554] [global_costmap.global_costmap]: Sensor origin at (-0.35, 0.04) is out of map bounds (0.00, 0.00) to (4.95, 4.95). The costmap cannot raytrace for it.
[controller_server-54] [WARN] [1791386436.802298622] [local_costmap.local_costmap]: Can't update static costmap layer, no map received
[planner_server-56] [WARN] [1791386437.224327042] [nav2_costmap_2d]: Robot is out of bounds of the costmap
[planner_server-56] [WARN] [1791386437.224355613] [global_costmap.global_costmap]: Sensor origin at (-0.35, 0.04) is out of map bounds (0.00, 0.00) to (4.95, 4.95). The costmap cannot raytrace for it.
[planner_server-56] [WARN] [1791386438.224127881] [global_costmap.global_costmap]: Sensor origin at (-0.35, 0.04) is out of map bounds (0.00, 0.00) to (4.95, 4.95). The costmap cannot raytrace for it.
[controller_server-54] [WARN] [1791386438.802276476] [local_costmap.local_costmap]: Can't update static costmap layer, no map received
[gazebo-1] [WARN] [1791386438.836026435] [diffdrive_controller]: Ignoring the received message (timestamp 27.3630000000) because it is older than the current time by 0.5130000000 seconds, which exceeds the allowed timeout (0.5000)
[gazebo-1] [WARN] [1791386438.914191304] [diffdrive_controller]: Ignoring the received message (timestamp 27.3630000000) because it is older than the current time by 0.5340000000 seconds, which exceeds the allowed timeout (0.5000)
[gazebo-1] [WARN] [1791386439.149207000] [diffdrive_controller]: Ignoring the received message (timestamp 27.3630000000) because it is older than the current time by 0.5640000000 seconds, which exceeds the allowed timeout (0.5000)
[planner_server-56] [WARN] [1791386439.224084329] [global_costmap.global_costmap]: Sensor origin at (-0.35, 0.04) is out of map bounds (0.00, 0.00) to (4.95, 4.95). The costmap cannot raytrace for it.
[gazebo-1] [WARN] [1791386439.256847477] [diffdrive_controller]: Ignoring the received message (timestamp 27.3630000000) because it is older than the current time by 0.5880000000 seconds, which exceeds the allowed timeout (0.5000)
[gazebo-1] [WARN] [1791386439.420294297] [diffdrive_controller]: Ignoring the received message (timestamp 27.3630000000) because it is older than the current time by 0.6120000000 seconds, which exceeds the allowed timeout (0.5000)
[gazebo-1] [WARN] [1791386439.495251906] [diffdrive_controller]: Ignoring the received message (timestamp 27.3630000000) because it is older than the current time by 0.6390000000 seconds, which exceeds the allowed timeout (0.5000)
[gazebo-1] [WARN] [1791386439.711816094] [diffdrive_controller]: Ignoring the received message (timestamp 27.3630000000) because it is older than the current time by 0.6630000000 seconds, which exceeds the allowed timeout (0.5000)
[gazebo-1] [WARN] [1791386439.819198476] [diffdrive_controller]: Ignoring the received message (timestamp 27.3630000000) because it is older than the current time by 0.6870000000 seconds, which exceeds the allowed timeout (0.5000)
[gazebo-1] [WARN] [1791386440.061215749] [diffdrive_controller]: Ignoring the received message (timestamp 27.3630000000) because it is older than the current time by 0.7140000000 seconds, which exceeds the allowed timeout (0.5000)
[gazebo-1] [WARN] [1791386440.218848547] [diffdrive_controller]: Ignoring the received message (timestamp 27.3630000000) because it is older than the current time by 0.7380000000 seconds, which exceeds the allowed timeout (0.5000)
[planner_server-56] [WARN] [1791386440.224090542] [global_costmap.global_costmap]: Sensor origin at (-0.35, 0.04) is out of map bounds (0.00, 0.00) to (4.95, 4.95). The costmap cannot raytrace for it.
[gazebo-1] [WARN] [1791386440.390372552] [diffdrive_controller]: Ignoring the received message (timestamp 27.3630000000) because it is older than the current time by 0.7620000000 seconds, which exceeds the allowed timeout (0.5000)
[gazebo-1] [WARN] [1791386440.541768246] [diffdrive_controller]: Ignoring the received message (timestamp 27.3630000000) because it is older than the current time by 0.7890000000 seconds, which exceeds the allowed timeout (0.5000)
[gazebo-1] [WARN] [1791386440.619159207] [diffdrive_controller]: Ignoring the received message (timestamp 27.3630000000) because it is older than the current time by 0.8130000000 seconds, which exceeds the allowed timeout (0.5000)
[controller_server-54] [WARN] [1791386440.802284723] [local_costmap.local_costmap]: Can't update static costmap layer, no map received
[gazebo-1] [WARN] [1791386440.831880170] [diffdrive_controller]: Ignoring the received message (timestamp 27.3630000000) because it is older than the current time by 0.8370000000 seconds, which exceeds the allowed timeout (0.5000)
[gazebo-1] [WARN] [1791386440.966840594] [diffdrive_controller]: Ignoring the received message (timestamp 27.3630000000) because it is older than the current time by 0.8640000000 seconds, which exceeds the allowed timeout (0.5000)
[planner_server-56] [WARN] [1791386441.224094893] [global_costmap.global_costmap]: Sensor origin at (-0.35, 0.04) is out of map bounds (0.00, 0.00) to (4.95, 4.95). The costmap cannot raytrace for it.
[planner_server-56] [WARN] [1791386441.224134410] [global_costmap.global_costmap]: Can't update static costmap layer, no map received
[gazebo-1] [WARN] [1791386441.234518077] [diffdrive_controller]: Ignoring the received message (timestamp 27.3630000000) because it is older than the current time by 0.8880000000 seconds, which exceeds the allowed timeout (0.5000)
[gazebo-1] [WARN] [1791386441.308098561] [diffdrive_controller]: Ignoring the received message (timestamp 27.3630000000) because it is older than the current time by 0.9120000000 seconds, which exceeds the allowed timeout (0.5000)
[gazebo-1] [WARN] [1791386441.470219602] [diffdrive_controller]: Ignoring the received message (timestamp 27.3630000000) because it is older than the current time by 0.9390000000 seconds, which exceeds the allowed timeout (0.5000)
[gazebo-1] [WARN] [1791386441.683923165] [diffdrive_controller]: Ignoring the received message (timestamp 27.3630000000) because it is older than the current time by 0.9630000000 seconds, which exceeds the allowed timeout (0.5000)
[gazebo-1] [WARN] [1791386441.794118533] [diffdrive_controller]: Ignoring the received message (timestamp 27.3630000000) because it is older than the current time by 0.9870000000 seconds, which exceeds the allowed timeout (0.5000)
[planner_server-56] [WARN] [1791386441.895055633] [planner_server]: GridBased plugin failed to plan from (0.00, 0.00) to (1.98, 7.15): "Costmap timed out waiting for update"
[planner_server-56] [WARN] [1791386441.895111216] [planner_server]: [compute_path_to_pose] [ActionServer] Aborting handle.
[planner_server-56] [INFO] [1791386441.914902286] [global_costmap.global_costmap]: Received request to clear entirely the global_costmap
[gazebo-1] [WARN] [1791386441.956274305] [diffdrive_controller]: Ignoring the received message (timestamp 27.3630000000) because it is older than the current time by 1.0140000000 seconds, which exceeds the allowed timeout (0.5000)
[gazebo-1] [WARN] [1791386442.108636687] [diffdrive_controller]: Ignoring the received message (timestamp 27.3630000000) because it is older than the current time by 1.0380000000 seconds, which exceeds the allowed timeout (0.5000)
[planner_server-56] [WARN] [1791386442.224115412] [global_costmap.global_costmap]: Sensor origin at (-0.35, 0.04) is out of map bounds (0.00, 0.00) to (4.95, 4.95). The costmap cannot raytrace for it.
[gazebo-1] [WARN] [1791386442.317364219] [diffdrive_controller]: Ignoring the received message (timestamp 27.3630000000) because it is older than the current time by 1.0620000000 seconds, which exceeds the allowed timeout (0.5000)
[gazebo-1] [WARN] [1791386442.534668271] [diffdrive_controller]: Ignoring the received message (timestamp 27.3630000000) because it is older than the current time by 1.0890000000 seconds, which exceeds the allowed timeout (0.5000)
[gazebo-1] [WARN] [1791386442.646210801] [diffdrive_controller]: Ignoring the received message (timestamp 27.3630000000) because it is older than the current time by 1.1130000000 seconds, which exceeds the allowed timeout (0.5000)
[controller_server-54] [WARN] [1791386442.802300559] [local_costmap.local_costmap]: Can't update static costmap layer, no map received
[gazebo-1] [WARN] [1791386442.812807634] [diffdrive_controller]: Ignoring the received message (timestamp 27.3630000000) because it is older than the current time by 1.1370000000 seconds, which exceeds the allowed timeout (0.5000)
[gazebo-1] [WARN] [1791386442.890084076] [diffdrive_controller]: Ignoring the received message (timestamp 27.3630000000) because it is older than the current time by 1.1640000000 seconds, which exceeds the allowed timeout (0.5000)
[gazebo-1] [WARN] [1791386443.120837831] [diffdrive_controller]: Ignoring the received message (timestamp 27.3630000000) because it is older than the current time by 1.1880000000 seconds, which exceeds the allowed timeout (0.5000)
[planner_server-56] [WARN] [1791386443.224080292] [nav2_costmap_2d]: Robot is out of bounds of the costmap
[planner_server-56] [WARN] [1791386443.224102186] [global_costmap.global_costmap]: Sensor origin at (-0.35, 0.04) is out of map bounds (0.00, 0.00) to (4.95, 4.95). The costmap cannot raytrace for it.
[gazebo-1] [WARN] [1791386443.231561395] [diffdrive_controller]: Ignoring the received message (timestamp 27.3630000000) because it is older than the current time by 1.2120000000 seconds, which exceeds the allowed timeout (0.5000)
[gazebo-1] [WARN] [1791386443.413890846] [diffdrive_controller]: Ignoring the received message (timestamp 27.3630000000) because it is older than the current time by 1.2390000000 seconds, which exceeds the allowed timeout (0.5000)
[gazebo-1] [WARN] [1791386443.568907159] [diffdrive_controller]: Ignoring the received message (timestamp 27.3630000000) because it is older than the current time by 1.2630000000 seconds, which exceeds the allowed timeout (0.5000)
[gazebo-1] [WARN] [1791386443.791145414] [diffdrive_controller]: Ignoring the received message (timestamp 27.3630000000) because it is older than the current time by 1.2870000000 seconds, which exceeds the allowed timeout (0.5000)
[gazebo-1] [WARN] [1791386443.937578128] [diffdrive_controller]: Ignoring the received message (timestamp 27.3630000000) because it is older than the current time by 1.3140000000 seconds, which exceeds the allowed timeout (0.5000)
[gazebo-1] [WARN] [1791386444.037297918] [diffdrive_controller]: Ignoring the received message (timestamp 27.3630000000) because it is older than the current time by 1.3380000000 seconds, which exceeds the allowed timeout (0.5000)
[planner_server-56] [WARN] [1791386444.224109242] [global_costmap.global_costmap]: Sensor origin at (-0.35, 0.04) is out of map bounds (0.00, 0.00) to (4.95, 4.95). The costmap cannot raytrace for it.
[gazebo-1] [WARN] [1791386444.249205505] [diffdrive_controller]: Ignoring the received message (timestamp 27.3630000000) because it is older than the current time by 1.3620000000 seconds, which exceeds the allowed timeout (0.5000)
[gazebo-1] [WARN] [1791386444.366858581] [diffdrive_controller]: Ignoring the received message (timestamp 27.3630000000) because it is older than the current time by 1.3890000000 seconds, which exceeds the allowed timeout (0.5000)
[gazebo-1] [WARN] [1791386444.524409634] [diffdrive_controller]: Ignoring the received message (timestamp 27.3630000000) because it is older than the current time by 1.4130000000 seconds, which exceeds the allowed timeout (0.5000)
[gazebo-1] [WARN] [1791386444.689370119] [diffdrive_controller]: Ignoring the received message (timestamp 27.3630000000) because it is older than the current time by 1.4370000000 seconds, which exceeds the allowed timeout (0.5000)
[controller_server-54] [WARN] [1791386444.802278947] [local_costmap.local_costmap]: Can't update static costmap layer, no map received
[gazebo-1] [WARN] [1791386444.860892730] [diffdrive_controller]: Ignoring the received message (timestamp 27.3630000000) because it is older than the current time by 1.4640000000 seconds, which exceeds the allowed timeout (0.5000)
[gazebo-1] [WARN] [1791386445.096723390] [diffdrive_controller]: Ignoring the received message (timestamp 27.3630000000) because it is older than the current time by 1.4880000000 seconds, which exceeds the allowed timeout (0.5000)
[gazebo-1] [WARN] [1791386445.205518417] [diffdrive_controller]: Ignoring the received message (timestamp 27.3630000000) because it is older than the current time by 1.5120000000 seconds, which exceeds the allowed timeout (0.5000)
[planner_server-56] [WARN] [1791386445.224116466] [global_costmap.global_costmap]: Sensor origin at (-0.35, 0.04) is out of map bounds (0.00, 0.00) to (4.95, 4.95). The costmap cannot raytrace for it.
[gazebo-1] [WARN] [1791386445.368525765] [diffdrive_controller]: Ignoring the received message (timestamp 27.3630000000) because it is older than the current time by 1.5390000000 seconds, which exceeds the allowed timeout (0.5000)
[planner_server-56] [WARN] [1791386446.224117470] [global_costmap.global_costmap]: Sensor origin at (-0.35, 0.04) is out of map bounds (0.00, 0.00) to (4.95, 4.95). The costmap cannot raytrace for it.
[controller_server-54] [WARN] [1791386446.802269016] [local_costmap.local_costmap]: Can't update static costmap layer, no map received
[planner_server-56] [WARN] [1791386447.224108100] [global_costmap.global_costmap]: Sensor origin at (-0.35, 0.04) is out of map bounds (0.00, 0.00) to (4.95, 4.95). The costmap cannot raytrace for it.
[planner_server-56] [WARN] [1791386448.224086758] [nav2_costmap_2d]: Robot is out of bounds of the costmap
[planner_server-56] [WARN] [1791386448.224108628] [global_costmap.global_costmap]: Sensor origin at (-0.35, 0.04) is out of map bounds (0.00, 0.00) to (4.95, 4.95). The costmap cannot raytrace for it.
[planner_server-56] [WARN] [1791386448.445592267] [planner_server]: GridBased plugin failed to plan from (0.00, 0.00) to (1.98, 7.15): "Costmap timed out waiting for update"
[planner_server-56] [WARN] [1791386448.445653177] [planner_server]: [compute_path_to_pose] [ActionServer] Aborting handle.
[behavior_server-58] [INFO] [1791386448.464935529] [behavior_server]: Running wait
[controller_server-54] [WARN] [1791386448.802286511] [local_costmap.local_costmap]: Can't update static costmap layer, no map received
[planner_server-56] [WARN] [1791386449.224104044] [global_costmap.global_costmap]: Sensor origin at (-0.35, 0.04) is out of map bounds (0.00, 0.00) to (4.95, 4.95). The costmap cannot raytrace for it.
[planner_server-56] [WARN] [1791386450.224119833] [global_costmap.global_costmap]: Sensor origin at (-0.35, 0.04) is out of map bounds (0.00, 0.00) to (4.95, 4.95). The costmap cannot raytrace for it.
[controller_server-54] [WARN] [1791386450.802344396] [local_costmap.local_costmap]: Can't update static costmap layer, no map received
[planner_server-56] [WARN] [1791386451.224122937] [global_costmap.global_costmap]: Sensor origin at (-0.35, 0.04) is out of map bounds (0.00, 0.00) to (4.95, 4.95). The costmap cannot raytrace for it.
[planner_server-56] [WARN] [1791386451.224156054] [global_costmap.global_costmap]: Can't update static costmap layer, no map received
[planner_server-56] [WARN] [1791386452.224112703] [global_costmap.global_costmap]: Sensor origin at (-0.35, 0.04) is out of map bounds (0.00, 0.00) to (4.95, 4.95). The costmap cannot raytrace for it.
[controller_server-54] [WARN] [1791386452.802309762] [local_costmap.local_costmap]: Can't update static costmap layer, no map received
[planner_server-56] [WARN] [1791386453.224088621] [nav2_costmap_2d]: Robot is out of bounds of the costmap
[planner_server-56] [WARN] [1791386453.224108835] [global_costmap.global_costmap]: Sensor origin at (-0.35, 0.04) is out of map bounds (0.00, 0.00) to (4.95, 4.95). The costmap cannot raytrace for it.
[planner_server-56] [WARN] [1791386454.224114677] [global_costmap.global_costmap]: Sensor origin at (-0.35, 0.04) is out of map bounds (0.00, 0.00) to (4.95, 4.95). The costmap cannot raytrace for it.
[controller_server-54] [WARN] [1791386454.802269797] [local_costmap.local_costmap]: Can't update static costmap layer, no map received
[planner_server-56] [WARN] [1791386455.224120814] [global_costmap.global_costmap]: Sensor origin at (-0.35, 0.04) is out of map bounds (0.00, 0.00) to (4.95, 4.95). The costmap cannot raytrace for it.
[planner_server-56] [WARN] [1791386456.224111546] [global_costmap.global_costmap]: Sensor origin at (-0.35, 0.04) is out of map bounds (0.00, 0.00) to (4.95, 4.95). The costmap cannot raytrace for it.
[controller_server-54] [WARN] [1791386456.802282995] [local_costmap.local_costmap]: Can't update static costmap layer, no map received
[planner_server-56] [WARN] [1791386457.224112714] [global_costmap.global_costmap]: Sensor origin at (-0.35, 0.04) is out of map bounds (0.00, 0.00) to (4.95, 4.95). The costmap cannot raytrace for it.
[planner_server-56] [WARN] [1791386458.224111249] [nav2_costmap_2d]: Robot is out of bounds of the costmap
[planner_server-56] [WARN] [1791386458.224134826] [global_costmap.global_costmap]: Sensor origin at (-0.35, 0.04) is out of map bounds (0.00, 0.00) to (4.95, 4.95). The costmap cannot raytrace for it.
[controller_server-54] [WARN] [1791386458.802293649] [local_costmap.local_costmap]: Can't update static costmap layer, no map received
[planner_server-56] [WARN] [1791386459.224118569] [global_costmap.global_costmap]: Sensor origin at (-0.35, 0.04) is out of map bounds (0.00, 0.00) to (4.95, 4.95). The costmap cannot raytrace for it.
[planner_server-56] [WARN] [1791386460.224130138] [global_costmap.global_costmap]: Sensor origin at (-0.35, 0.04) is out of map bounds (0.00, 0.00) to (4.95, 4.95). The costmap cannot raytrace for it.
[controller_server-54] [WARN] [1791386460.802297050] [local_costmap.local_costmap]: Can't update static costmap layer, no map received
[planner_server-56] [WARN] [1791386461.224125438] [global_costmap.global_costmap]: Sensor origin at (-0.35, 0.04) is out of map bounds (0.00, 0.00) to (4.95, 4.95). The costmap cannot raytrace for it.
[planner_server-56] [WARN] [1791386461.224158275] [global_costmap.global_costmap]: Can't update static costmap layer, no map received
[planner_server-56] [WARN] [1791386462.224121859] [global_costmap.global_costmap]: Sensor origin at (-0.35, 0.04) is out of map bounds (0.00, 0.00) to (4.95, 4.95). The costmap cannot raytrace for it.
[controller_server-54] [WARN] [1791386462.802313372] [local_costmap.local_costmap]: Can't update static costmap layer, no map received
[planner_server-56] [WARN] [1791386463.224110537] [global_costmap.global_costmap]: Sensor origin at (-0.35, 0.04) is out of map bounds (0.00, 0.00) to (4.95, 4.95). The costmap cannot raytrace for it.
[planner_server-56] [WARN] [1791386464.224083486] [nav2_costmap_2d]: Robot is out of bounds of the costmap
[planner_server-56] [WARN] [1791386464.224104254] [global_costmap.global_costmap]: Sensor origin at (-0.35, 0.04) is out of map bounds (0.00, 0.00) to (4.95, 4.95). The costmap cannot raytrace for it.
[controller_server-54] [WARN] [1791386464.802324008] [local_costmap.local_costmap]: Can't update static costmap layer, no map received
[planner_server-56] [WARN] [1791386465.224135803] [global_costmap.global_costmap]: Sensor origin at (-0.35, 0.04) is out of map bounds (0.00, 0.00) to (4.95, 4.95). The costmap cannot raytrace for it.
[planner_server-56] [WARN] [1791386466.224137015] [global_costmap.global_costmap]: Sensor origin at (-0.35, 0.04) is out of map bounds (0.00, 0.00) to (4.95, 4.95). The costmap cannot raytrace for it.
[controller_server-54] [WARN] [1791386466.802320852] [local_costmap.local_costmap]: Can't update static costmap layer, no map received
[planner_server-56] [WARN] [1791386467.224115593] [global_costmap.global_costmap]: Sensor origin at (-0.35, 0.04) is out of map bounds (0.00, 0.00) to (4.95, 4.95). The costmap cannot raytrace for it.
[planner_server-56] [WARN] [1791386468.224128019] [global_costmap.global_costmap]: Sensor origin at (-0.35, 0.04) is out of map bounds (0.00, 0.00) to (4.95, 4.95). The costmap cannot raytrace for it.
[controller_server-54] [WARN] [1791386468.802287725] [local_costmap.local_costmap]: Can't update static costmap layer, no map received
[planner_server-56] [WARN] [1791386469.224119463] [nav2_costmap_2d]: Robot is out of bounds of the costmap
[planner_server-56] [WARN] [1791386469.224142590] [global_costmap.global_costmap]: Sensor origin at (-0.35, 0.04) is out of map bounds (0.00, 0.00) to (4.95, 4.95). The costmap cannot raytrace for it.
[planner_server-56] [WARN] [1791386470.224125089] [global_costmap.global_costmap]: Sensor origin at (-0.35, 0.04) is out of map bounds (0.00, 0.00) to (4.95, 4.95). The costmap cannot raytrace for it.
[controller_server-54] [WARN] [1791386470.802309040] [local_costmap.local_costmap]: Can't update static costmap layer, no map received
[planner_server-56] [WARN] [1791386471.224109352] [global_costmap.global_costmap]: Sensor origin at (-0.35, 0.04) is out of map bounds (0.00, 0.00) to (4.95, 4.95). The costmap cannot raytrace for it.
[planner_server-56] [WARN] [1791386471.224141309] [global_costmap.global_costmap]: Can't update static costmap layer, no map received
[planner_server-56] [WARN] [1791386472.224093212] [global_costmap.global_costmap]: Sensor origin at (-0.35, 0.04) is out of map bounds (0.00, 0.00) to (4.95, 4.95). The costmap cannot raytrace for it.
[controller_server-54] [WARN] [1791386472.802297355] [local_costmap.local_costmap]: Can't update static costmap layer, no map received
[planner_server-56] [WARN] [1791386473.224139922] [global_costmap.global_costmap]: Sensor origin at (-0.35, 0.04) is out of map bounds (0.00, 0.00) to (4.95, 4.95). The costmap cannot raytrace for it.
[planner_server-56] [WARN] [1791386474.224114744] [global_costmap.global_costmap]: Sensor origin at (-0.35, 0.04) is out of map bounds (0.00, 0.00) to (4.95, 4.95). The costmap cannot raytrace for it.
[controller_server-54] [WARN] [1791386474.802339240] [local_costmap.local_costmap]: Can't update static costmap layer, no map received
[planner_server-56] [WARN] [1791386475.224116144] [nav2_costmap_2d]: Robot is out of bounds of the costmap
[planner_server-56] [WARN] [1791386475.224136803] [global_costmap.global_costmap]: Sensor origin at (-0.35, 0.04) is out of map bounds (0.00, 0.00) to (4.95, 4.95). The costmap cannot raytrace for it.
[planner_server-56] [WARN] [1791386476.224092008] [global_costmap.global_costmap]: Sensor origin at (-0.35, 0.04) is out of map bounds (0.00, 0.00) to (4.95, 4.95). The costmap cannot raytrace for it.
[controller_server-54] [WARN] [1791386476.802281767] [local_costmap.local_costmap]: Can't update static costmap layer, no map received
[planner_server-56] [WARN] [1791386477.224128310] [global_costmap.global_costmap]: Sensor origin at (-0.35, 0.04) is out of map bounds (0.00, 0.00) to (4.95, 4.95). The costmap cannot raytrace for it.
[planner_server-56] [WARN] [1791386478.224111131] [global_costmap.global_costmap]: Sensor origin at (-0.35, 0.04) is out of map bounds (0.00, 0.00) to (4.95, 4.95). The costmap cannot raytrace for it.
[controller_server-54] [WARN] [1791386478.802288132] [local_costmap.local_costmap]: Can't update static costmap layer, no map received
[planner_server-56] [WARN] [1791386479.224086655] [global_costmap.global_costmap]: Sensor origin at (-0.35, 0.04) is out of map bounds (0.00, 0.00) to (4.95, 4.95). The costmap cannot raytrace for it.
[planner_server-56] [WARN] [1791386480.224097438] [global_costmap.global_costmap]: Sensor origin at (-0.35, 0.04) is out of map bounds (0.00, 0.00) to (4.95, 4.95). The costmap cannot raytrace for it.
[controller_server-54] [WARN] [1791386480.802295551] [local_costmap.local_costmap]: Can't update static costmap layer, no map received
[behavior_server-58] [INFO] [1791386480.965067389] [behavior_server]: wait completed successfully
[planner_server-56] [WARN] [1791386481.224084625] [nav2_costmap_2d]: Robot is out of bounds of the costmap
[planner_server-56] [WARN] [1791386481.224106679] [global_costmap.global_costmap]: Sensor origin at (-0.35, 0.04) is out of map bounds (0.00, 0.00) to (4.95, 4.95). The costmap cannot raytrace for it.
[planner_server-56] [WARN] [1791386481.224127172] [global_costmap.global_costmap]: Can't update static costmap layer, no map received
[planner_server-56] [WARN] [1791386482.224146184] [global_costmap.global_costmap]: Sensor origin at (-0.35, 0.04) is out of map bounds (0.00, 0.00) to (4.95, 4.95). The costmap cannot raytrace for it.
[controller_server-54] [WARN] [1791386482.802296817] [local_costmap.local_costmap]: Can't update static costmap layer, no map received
[planner_server-56] [WARN] [1791386483.224111430] [global_costmap.global_costmap]: Sensor origin at (-0.35, 0.04) is out of map bounds (0.00, 0.00) to (4.95, 4.95). The costmap cannot raytrace for it.
[planner_server-56] [WARN] [1791386484.224138915] [global_costmap.global_costmap]: Sensor origin at (-0.35, 0.04) is out of map bounds (0.00, 0.00) to (4.95, 4.95). The costmap cannot raytrace for it.
[controller_server-54] [WARN] [1791386484.802362023] [local_costmap.local_costmap]: Can't update static costmap layer, no map received
[planner_server-56] [WARN] [1791386485.224088369] [global_costmap.global_costmap]: Sensor origin at (-0.35, 0.04) is out of map bounds (0.00, 0.00) to (4.95, 4.95). The costmap cannot raytrace for it.
[planner_server-56] [WARN] [1791386486.224108597] [nav2_costmap_2d]: Robot is out of bounds of the costmap
[planner_server-56] [WARN] [1791386486.224129873] [global_costmap.global_costmap]: Sensor origin at (-0.35, 0.04) is out of map bounds (0.00, 0.00) to (4.95, 4.95). The costmap cannot raytrace for it.
[controller_server-54] [WARN] [1791386486.802316713] [local_costmap.local_costmap]: Can't update static costmap layer, no map received
[planner_server-56] [WARN] [1791386487.224117153] [global_costmap.global_costmap]: Sensor origin at (-0.35, 0.04) is out of map bounds (0.00, 0.00) to (4.95, 4.95). The costmap cannot raytrace for it.
[planner_server-56] [WARN] [1791386487.435034859] [planner_server]: GridBased plugin failed to plan from (0.00, 0.00) to (1.98, 7.15): "Costmap timed out waiting for update"
[planner_server-56] [WARN] [1791386487.435097040] [planner_server]: [compute_path_to_pose] [ActionServer] Aborting handle.
[planner_server-56] [INFO] [1791386487.454736190] [global_costmap.global_costmap]: Received request to clear entirely the global_costmap
[planner_server-56] [WARN] [1791386488.224120710] [global_costmap.global_costmap]: Sensor origin at (-0.35, 0.04) is out of map bounds (0.00, 0.00) to (4.95, 4.95). The costmap cannot raytrace for it.
[controller_server-54] [WARN] [1791386488.802269404] [local_costmap.local_costmap]: Can't update static costmap layer, no map received
[planner_server-56] [WARN] [1791386489.224117904] [global_costmap.global_costmap]: Sensor origin at (-0.35, 0.04) is out of map bounds (0.00, 0.00) to (4.95, 4.95). The costmap cannot raytrace for it.
[planner_server-56] [WARN] [1791386490.224119666] [global_costmap.global_costmap]: Sensor origin at (-0.35, 0.04) is out of map bounds (0.00, 0.00) to (4.95, 4.95). The costmap cannot raytrace for it.
[controller_server-54] [WARN] [1791386490.802321909] [local_costmap.local_costmap]: Can't update static costmap layer, no map received
[planner_server-56] [WARN] [1791386491.224137192] [nav2_costmap_2d]: Robot is out of bounds of the costmap
[planner_server-56] [WARN] [1791386491.224157867] [global_costmap.global_costmap]: Sensor origin at (-0.35, 0.04) is out of map bounds (0.00, 0.00) to (4.95, 4.95). The costmap cannot raytrace for it.
[planner_server-56] [WARN] [1791386491.224179178] [global_costmap.global_costmap]: Can't update static costmap layer, no map received
[planner_server-56] [WARN] [1791386492.224171784] [global_costmap.global_costmap]: Sensor origin at (-0.35, 0.04) is out of map bounds (0.00, 0.00) to (4.95, 4.95). The costmap cannot raytrace for it.
[controller_server-54] [WARN] [1791386492.802273050] [local_costmap.local_costmap]: Can't update static costmap layer, no map received
[planner_server-56] [WARN] [1791386493.224115180] [global_costmap.global_costmap]: Sensor origin at (-0.35, 0.04) is out of map bounds (0.00, 0.00) to (4.95, 4.95). The costmap cannot raytrace for it.
[planner_server-56] [WARN] [1791386494.015124911] [planner_server]: GridBased plugin failed to plan from (0.00, 0.00) to (1.98, 7.15): "Costmap timed out waiting for update"
[planner_server-56] [WARN] [1791386494.015170322] [planner_server]: [compute_path_to_pose] [ActionServer] Aborting handle.
[behavior_server-58] [INFO] [1791386494.034864742] [behavior_server]: Running backup
[planner_server-56] [WARN] [1791386494.224108074] [global_costmap.global_costmap]: Sensor origin at (-0.35, 0.04) is out of map bounds (0.00, 0.00) to (4.95, 4.95). The costmap cannot raytrace for it.
[controller_server-54] [WARN] [1791386494.802297054] [local_costmap.local_costmap]: Can't update static costmap layer, no map received
[planner_server-56] [WARN] [1791386495.224108125] [global_costmap.global_costmap]: Sensor origin at (-0.35, 0.04) is out of map bounds (0.00, 0.00) to (4.95, 4.95). The costmap cannot raytrace for it.
[planner_server-56] [WARN] [1791386496.224111402] [global_costmap.global_costmap]: Sensor origin at (-0.36, 0.06) is out of map bounds (0.00, 0.00) to (4.95, 4.95). The costmap cannot raytrace for it.
[controller_server-54] [WARN] [1791386496.802272361] [local_costmap.local_costmap]: Can't update static costmap layer, no map received
[planner_server-56] [WARN] [1791386497.224133215] [nav2_costmap_2d]: Robot is out of bounds of the costmap
[planner_server-56] [WARN] [1791386497.224161285] [global_costmap.global_costmap]: Sensor origin at (-0.36, 0.08) is out of map bounds (0.00, 0.00) to (4.95, 4.95). The costmap cannot raytrace for it.
[planner_server-56] [WARN] [1791386498.224142611] [global_costmap.global_costmap]: Sensor origin at (-0.36, 0.09) is out of map bounds (0.00, 0.00) to (4.95, 4.95). The costmap cannot raytrace for it.
[controller_server-54] [WARN] [1791386498.802313332] [local_costmap.local_costmap]: Can't update static costmap layer, no map received
[planner_server-56] [WARN] [1791386499.224111367] [global_costmap.global_costmap]: Sensor origin at (-0.36, 0.12) is out of map bounds (0.00, 0.00) to (4.95, 4.95). The costmap cannot raytrace for it.
[planner_server-56] [WARN] [1791386500.224117426] [global_costmap.global_costmap]: Sensor origin at (-0.36, 0.14) is out of map bounds (0.00, 0.00) to (4.95, 4.95). The costmap cannot raytrace for it.
[controller_server-54] [WARN] [1791386500.802281881] [local_costmap.local_costmap]: Can't update static costmap layer, no map received
[planner_server-56] [WARN] [1791386501.224168262] [global_costmap.global_costmap]: Sensor origin at (-0.36, 0.17) is out of map bounds (0.00, 0.00) to (4.95, 4.95). The costmap cannot raytrace for it.
[planner_server-56] [WARN] [1791386501.224200956] [global_costmap.global_costmap]: Can't update static costmap layer, no map received
[planner_server-56] [WARN] [1791386502.224147269] [nav2_costmap_2d]: Robot is out of bounds of the costmap
[planner_server-56] [WARN] [1791386502.224189252] [global_costmap.global_costmap]: Sensor origin at (-0.36, 0.19) is out of map bounds (0.00, 0.00) to (4.95, 4.95). The costmap cannot raytrace for it.
[controller_server-54] [WARN] [1791386502.802368463] [local_costmap.local_costmap]: Can't update static costmap layer, no map received
[planner_server-56] [WARN] [1791386503.224115314] [global_costmap.global_costmap]: Sensor origin at (-0.37, 0.21) is out of map bounds (0.00, 0.00) to (4.95, 4.95). The costmap cannot raytrace for it.
[planner_server-56] [WARN] [1791386504.224129157] [global_costmap.global_costmap]: Sensor origin at (-0.37, 0.24) is out of map bounds (0.00, 0.00) to (4.95, 4.95). The costmap cannot raytrace for it.
[controller_server-54] [WARN] [1791386504.802275413] [local_costmap.local_costmap]: Can't update static costmap layer, no map received
[planner_server-56] [WARN] [1791386505.224160562] [global_costmap.global_costmap]: Sensor origin at (-0.37, 0.26) is out of map bounds (0.00, 0.00) to (4.95, 4.95). The costmap cannot raytrace for it.
[planner_server-56] [WARN] [1791386506.224090526] [global_costmap.global_costmap]: Sensor origin at (-0.37, 0.29) is out of map bounds (0.00, 0.00) to (4.95, 4.95). The costmap cannot raytrace for it.
[controller_server-54] [WARN] [1791386506.802298854] [local_costmap.local_costmap]: Can't update static costmap layer, no map received
[planner_server-56] [WARN] [1791386507.224093492] [global_costmap.global_costmap]: Sensor origin at (-0.37, 0.31) is out of map bounds (0.00, 0.00) to (4.95, 4.95). The costmap cannot raytrace for it.
[behavior_server-58] [INFO] [1791386508.035038851] [behavior_server]: backup completed successfully
[planner_server-56] [WARN] [1791386508.224077199] [nav2_costmap_2d]: Robot is out of bounds of the costmap
[planner_server-56] [WARN] [1791386508.224102499] [global_costmap.global_costmap]: Sensor origin at (-0.37, 0.33) is out of map bounds (0.00, 0.00) to (4.95, 4.95). The costmap cannot raytrace for it.
[controller_server-54] [WARN] [1791386508.802340651] [local_costmap.local_costmap]: Can't update static costmap layer, no map received
[planner_server-56] [WARN] [1791386509.224117707] [global_costmap.global_costmap]: Sensor origin at (-0.37, 0.36) is out of map bounds (0.00, 0.00) to (4.95, 4.95). The costmap cannot raytrace for it.
[planner_server-56] [WARN] [1791386510.224092837] [global_costmap.global_costmap]: Sensor origin at (-0.38, 0.37) is out of map bounds (0.00, 0.00) to (4.95, 4.95). The costmap cannot raytrace for it.
[controller_server-54] [WARN] [1791386510.802274581] [local_costmap.local_costmap]: Can't update static costmap layer, no map received
[planner_server-56] [WARN] [1791386511.224116222] [global_costmap.global_costmap]: Sensor origin at (-0.38, 0.37) is out of map bounds (0.00, 0.00) to (4.95, 4.95). The costmap cannot raytrace for it.
[planner_server-56] [WARN] [1791386511.224148096] [global_costmap.global_costmap]: Can't update static costmap layer, no map received
[gazebo-1] [WARN] [1791386511.416275411] [diffdrive_controller]: Ignoring the received message (timestamp 38.5620000000) because it is older than the current time by 0.5130000000 seconds, which exceeds the allowed timeout (0.5000)
[gazebo-1] [WARN] [1791386511.543203193] [diffdrive_controller]: Ignoring the received message (timestamp 38.5620000000) because it is older than the current time by 0.5400000000 seconds, which exceeds the allowed timeout (0.5000)
[gazebo-1] [WARN] [1791386511.704809705] [diffdrive_controller]: Ignoring the received message (timestamp 38.5620000000) because it is older than the current time by 0.5640000000 seconds, which exceeds the allowed timeout (0.5000)
[gazebo-1] [WARN] [1791386511.810836826] [diffdrive_controller]: Ignoring the received message (timestamp 38.5620000000) because it is older than the current time by 0.5880000000 seconds, which exceeds the allowed timeout (0.5000)
[gazebo-1] [WARN] [1791386512.024368692] [diffdrive_controller]: Ignoring the received message (timestamp 38.5620000000) because it is older than the current time by 0.6150000000 seconds, which exceeds the allowed timeout (0.5000)
[gazebo-1] [WARN] [1791386512.122744370] [diffdrive_controller]: Ignoring the received message (timestamp 38.5620000000) because it is older than the current time by 0.6390000000 seconds, which exceeds the allowed timeout (0.5000)
[planner_server-56] [WARN] [1791386512.224054512] [global_costmap.global_costmap]: Sensor origin at (-0.38, 0.37) is out of map bounds (0.00, 0.00) to (4.95, 4.95). The costmap cannot raytrace for it.
[gazebo-1] [WARN] [1791386512.378865902] [diffdrive_controller]: Ignoring the received message (timestamp 38.5620000000) because it is older than the current time by 0.6630000000 seconds, which exceeds the allowed timeout (0.5000)
[gazebo-1] [WARN] [1791386512.539431089] [diffdrive_controller]: Ignoring the received message (timestamp 38.5620000000) because it is older than the current time by 0.6900000000 seconds, which exceeds the allowed timeout (0.5000)
[gazebo-1] [WARN] [1791386512.709546046] [diffdrive_controller]: Ignoring the received message (timestamp 38.5620000000) because it is older than the current time by 0.7140000000 seconds, which exceeds the allowed timeout (0.5000)
[controller_server-54] [WARN] [1791386512.802286785] [local_costmap.local_costmap]: Can't update static costmap layer, no map received
[gazebo-1] [WARN] [1791386512.862090943] [diffdrive_controller]: Ignoring the received message (timestamp 38.5620000000) because it is older than the current time by 0.7380000000 seconds, which exceeds the allowed timeout (0.5000)
[gazebo-1] [WARN] [1791386512.936401855] [diffdrive_controller]: Ignoring the received message (timestamp 38.5620000000) because it is older than the current time by 0.7650000000 seconds, which exceeds the allowed timeout (0.5000)
[gazebo-1] [WARN] [1791386513.173918604] [diffdrive_controller]: Ignoring the received message (timestamp 38.5620000000) because it is older than the current time by 0.7890000000 seconds, which exceeds the allowed timeout (0.5000)
[planner_server-56] [WARN] [1791386513.224045068] [global_costmap.global_costmap]: Sensor origin at (-0.38, 0.37) is out of map bounds (0.00, 0.00) to (4.95, 4.95). The costmap cannot raytrace for it.
[gazebo-1] [WARN] [1791386513.282438714] [diffdrive_controller]: Ignoring the received message (timestamp 38.5620000000) because it is older than the current time by 0.8130000000 seconds, which exceeds the allowed timeout (0.5000)
[gazebo-1] [WARN] [1791386513.445221548] [diffdrive_controller]: Ignoring the received message (timestamp 38.5620000000) because it is older than the current time by 0.8400000000 seconds, which exceeds the allowed timeout (0.5000)
[gazebo-1] [WARN] [1791386513.623239895] [diffdrive_controller]: Ignoring the received message (timestamp 38.5620000000) because it is older than the current time by 0.8640000000 seconds, which exceeds the allowed timeout (0.5000)
[gazebo-1] [WARN] [1791386513.786269241] [diffdrive_controller]: Ignoring the received message (timestamp 38.5620000000) because it is older than the current time by 0.8880000000 seconds, which exceeds the allowed timeout (0.5000)
[gazebo-1] [WARN] [1791386513.991613486] [diffdrive_controller]: Ignoring the received message (timestamp 38.5620000000) because it is older than the current time by 0.9150000000 seconds, which exceeds the allowed timeout (0.5000)
[gazebo-1] [WARN] [1791386514.122573818] [diffdrive_controller]: Ignoring the received message (timestamp 38.5620000000) because it is older than the current time by 0.9390000000 seconds, which exceeds the allowed timeout (0.5000)
[planner_server-56] [WARN] [1791386514.224106617] [nav2_costmap_2d]: Robot is out of bounds of the costmap
[planner_server-56] [WARN] [1791386514.224127484] [global_costmap.global_costmap]: Sensor origin at (-0.38, 0.37) is out of map bounds (0.00, 0.00) to (4.95, 4.95). The costmap cannot raytrace for it.
[gazebo-1] [WARN] [1791386514.280291380] [diffdrive_controller]: Ignoring the received message (timestamp 38.5620000000) because it is older than the current time by 0.9630000000 seconds, which exceeds the allowed timeout (0.5000)
[gazebo-1] [WARN] [1791386514.412998082] [diffdrive_controller]: Ignoring the received message (timestamp 38.5620000000) because it is older than the current time by 0.9900000000 seconds, which exceeds the allowed timeout (0.5000)
[planner_server-56] [WARN] [1791386514.514997807] [planner_server]: GridBased plugin failed to plan from (0.00, 0.00) to (1.98, 7.15): "Costmap timed out waiting for update"
[planner_server-56] [WARN] [1791386514.515050788] [planner_server]: [compute_path_to_pose] [ActionServer] Aborting handle.
[planner_server-56] [INFO] [1791386514.534785291] [global_costmap.global_costmap]: Received request to clear entirely the global_costmap
[gazebo-1] [WARN] [1791386514.578824654] [diffdrive_controller]: Ignoring the received message (timestamp 38.5620000000) because it is older than the current time by 1.0140000000 seconds, which exceeds the allowed timeout (0.5000)
[gazebo-1] [WARN] [1791386514.681407275] [diffdrive_controller]: Ignoring the received message (timestamp 38.5620000000) because it is older than the current time by 1.0380000000 seconds, which exceeds the allowed timeout (0.5000)
[controller_server-54] [WARN] [1791386514.802277520] [local_costmap.local_costmap]: Can't update static costmap layer, no map received
[gazebo-1] [WARN] [1791386514.905961913] [diffdrive_controller]: Ignoring the received message (timestamp 38.5620000000) because it is older than the current time by 1.0650000000 seconds, which exceeds the allowed timeout (0.5000)
[gazebo-1] [WARN] [1791386515.014462253] [diffdrive_controller]: Ignoring the received message (timestamp 38.5620000000) because it is older than the current time by 1.0890000000 seconds, which exceeds the allowed timeout (0.5000)
[gazebo-1] [WARN] [1791386515.163473343] [diffdrive_controller]: Ignoring the received message (timestamp 38.5620000000) because it is older than the current time by 1.1130000000 seconds, which exceeds the allowed timeout (0.5000)
[planner_server-56] [WARN] [1791386515.224112066] [global_costmap.global_costmap]: Sensor origin at (-0.38, 0.37) is out of map bounds (0.00, 0.00) to (4.95, 4.95). The costmap cannot raytrace for it.
[gazebo-1] [WARN] [1791386515.375587606] [diffdrive_controller]: Ignoring the received message (timestamp 38.5620000000) because it is older than the current time by 1.1400000000 seconds, which exceeds the allowed timeout (0.5000)
[gazebo-1] [WARN] [1791386515.485713134] [diffdrive_controller]: Ignoring the received message (timestamp 38.5620000000) because it is older than the current time by 1.1640000000 seconds, which exceeds the allowed timeout (0.5000)
[gazebo-1] [WARN] [1791386515.699334811] [diffdrive_controller]: Ignoring the received message (timestamp 38.5620000000) because it is older than the current time by 1.1880000000 seconds, which exceeds the allowed timeout (0.5000)
[gazebo-1] [WARN] [1791386515.809808254] [diffdrive_controller]: Ignoring the received message (timestamp 38.5620000000) because it is older than the current time by 1.2150000000 seconds, which exceeds the allowed timeout (0.5000)
[gazebo-1] [WARN] [1791386516.027857670] [diffdrive_controller]: Ignoring the received message (timestamp 38.5620000000) because it is older than the current time by 1.2390000000 seconds, which exceeds the allowed timeout (0.5000)
[gazebo-1] [WARN] [1791386516.160067732] [diffdrive_controller]: Ignoring the received message (timestamp 38.5620000000) because it is older than the current time by 1.2630000000 seconds, which exceeds the allowed timeout (0.5000)
[planner_server-56] [WARN] [1791386516.224110706] [global_costmap.global_costmap]: Sensor origin at (-0.38, 0.37) is out of map bounds (0.00, 0.00) to (4.95, 4.95). The costmap cannot raytrace for it.
[gazebo-1] [WARN] [1791386516.326619988] [diffdrive_controller]: Ignoring the received message (timestamp 38.5620000000) because it is older than the current time by 1.2900000000 seconds, which exceeds the allowed timeout (0.5000)
[gazebo-1] [WARN] [1791386516.542731664] [diffdrive_controller]: Ignoring the received message (timestamp 38.5620000000) because it is older than the current time by 1.3140000000 seconds, which exceeds the allowed timeout (0.5000)
[gazebo-1] [WARN] [1791386516.650863353] [diffdrive_controller]: Ignoring the received message (timestamp 38.5620000000) because it is older than the current time by 1.3380000000 seconds, which exceeds the allowed timeout (0.5000)
[controller_server-54] [WARN] [1791386516.802299343] [local_costmap.local_costmap]: Can't update static costmap layer, no map received
[gazebo-1] [WARN] [1791386516.813989858] [diffdrive_controller]: Ignoring the received message (timestamp 38.5620000000) because it is older than the current time by 1.3650000000 seconds, which exceeds the allowed timeout (0.5000)
[gazebo-1] [WARN] [1791386516.939503009] [diffdrive_controller]: Ignoring the received message (timestamp 38.5620000000) because it is older than the current time by 1.3890000000 seconds, which exceeds the allowed timeout (0.5000)
[gazebo-1] [WARN] [1791386517.112833528] [diffdrive_controller]: Ignoring the received message (timestamp 38.5620000000) because it is older than the current time by 1.4130000000 seconds, which exceeds the allowed timeout (0.5000)
[planner_server-56] [WARN] [1791386517.224115783] [global_costmap.global_costmap]: Sensor origin at (-0.38, 0.37) is out of map bounds (0.00, 0.00) to (4.95, 4.95). The costmap cannot raytrace for it.
[gazebo-1] [WARN] [1791386517.280259443] [diffdrive_controller]: Ignoring the received message (timestamp 38.5620000000) because it is older than the current time by 1.4400000000 seconds, which exceeds the allowed timeout (0.5000)
[gazebo-1] [WARN] [1791386517.448208953] [diffdrive_controller]: Ignoring the received message (timestamp 38.5620000000) because it is older than the current time by 1.4640000000 seconds, which exceeds the allowed timeout (0.5000)
[gazebo-1] [WARN] [1791386517.518155598] [diffdrive_controller]: Ignoring the received message (timestamp 38.5620000000) because it is older than the current time by 1.4880000000 seconds, which exceeds the allowed timeout (0.5000)
[gazebo-1] [WARN] [1791386517.734914294] [diffdrive_controller]: Ignoring the received message (timestamp 38.5620000000) because it is older than the current time by 1.5150000000 seconds, which exceeds the allowed timeout (0.5000)
[planner_server-56] [WARN] [1791386518.224086080] [global_costmap.global_costmap]: Sensor origin at (-0.38, 0.37) is out of map bounds (0.00, 0.00) to (4.95, 4.95). The costmap cannot raytrace for it.
[controller_server-54] [WARN] [1791386518.802291687] [local_costmap.local_costmap]: Can't update static costmap layer, no map received
[planner_server-56] [WARN] [1791386519.224110196] [nav2_costmap_2d]: Robot is out of bounds of the costmap
[planner_server-56] [WARN] [1791386519.224130612] [global_costmap.global_costmap]: Sensor origin at (-0.38, 0.37) is out of map bounds (0.00, 0.00) to (4.95, 4.95). The costmap cannot raytrace for it.
[planner_server-56] [WARN] [1791386520.224119992] [global_costmap.global_costmap]: Sensor origin at (-0.38, 0.37) is out of map bounds (0.00, 0.00) to (4.95, 4.95). The costmap cannot raytrace for it.
[controller_server-54] [WARN] [1791386520.802268057] [local_costmap.local_costmap]: Can't update static costmap layer, no map received
[planner_server-56] [WARN] [1791386520.935230897] [planner_server]: GridBased plugin failed to plan from (0.00, 0.00) to (1.98, 7.15): "Costmap timed out waiting for update"
[planner_server-56] [WARN] [1791386520.935273084] [planner_server]: [compute_path_to_pose] [ActionServer] Aborting handle.
[controller_server-54] [INFO] [1791386520.954745564] [local_costmap.local_costmap]: Received request to clear entirely the local_costmap
[planner_server-56] [INFO] [1791386520.954941866] [global_costmap.global_costmap]: Received request to clear entirely the global_costmap
[planner_server-56] [WARN] [1791386521.224093292] [global_costmap.global_costmap]: Sensor origin at (-0.38, 0.37) is out of map bounds (0.00, 0.00) to (4.95, 4.95). The costmap cannot raytrace for it.
[planner_server-56] [WARN] [1791386521.224126951] [global_costmap.global_costmap]: Can't update static costmap layer, no map received
