[INFO] [launch]: All log files can be found below /home/y/u/yunqiao/.ros/log/2026-10-07-03-23-06-033634-yellow-17.eecs.kth.se-91642
[INFO] [launch]: Default logging verbosity is set to INFO
[INFO] [gazebo-1]: process started with pid [91672]
[INFO] [parameter_bridge-2]: process started with pid [91674]
[INFO] [robot_state_publisher-3]: process started with pid [91676]
[INFO] [robot_state_publisher-4]: process started with pid [91679]
[INFO] [static_transform_publisher-5]: process started with pid [91681]
[INFO] [create-6]: process started with pid [91683]
[INFO] [create-7]: process started with pid [91685]
[INFO] [parameter_bridge-8]: process started with pid [91687]
[INFO] [parameter_bridge-9]: process started with pid [91689]
[INFO] [parameter_bridge-10]: process started with pid [91691]
[INFO] [parameter_bridge-11]: process started with pid [91693]
[INFO] [parameter_bridge-12]: process started with pid [91695]
[INFO] [parameter_bridge-13]: process started with pid [91697]
[INFO] [parameter_bridge-14]: process started with pid [91699]
[INFO] [parameter_bridge-15]: process started with pid [91701]
[INFO] [parameter_bridge-16]: process started with pid [91703]
[INFO] [parameter_bridge-17]: process started with pid [91705]
[INFO] [parameter_bridge-18]: process started with pid [91707]
[INFO] [parameter_bridge-19]: process started with pid [91709]
[INFO] [parameter_bridge-20]: process started with pid [91712]
[INFO] [parameter_bridge-21]: process started with pid [91714]
[INFO] [parameter_bridge-22]: process started with pid [91717]
[INFO] [parameter_bridge-23]: process started with pid [91719]
[INFO] [parameter_bridge-24]: process started with pid [91721]
[INFO] [parameter_bridge-25]: process started with pid [91723]
[INFO] [parameter_bridge-26]: process started with pid [91725]
[INFO] [parameter_bridge-27]: process started with pid [91727]
[INFO] [parameter_bridge-28]: process started with pid [91729]
[INFO] [turtlebot4_node-29]: process started with pid [91731]
[INFO] [turtlebot4_gz_hmi_node-30]: process started with pid [91733]
[INFO] [spawner-31]: process started with pid [91735]
[INFO] [hazards_vector_publisher-32]: process started with pid [91737]
[INFO] [ir_intensity_vector_publisher-33]: process started with pid [91740]
[INFO] [motion_control-34]: process started with pid [91742]
[INFO] [wheel_status_publisher-35]: process started with pid [91744]
[INFO] [mock_publisher-36]: process started with pid [91746]
[INFO] [robot_state-37]: process started with pid [91748]
[INFO] [kidnap_estimator_publisher-38]: process started with pid [91750]
[INFO] [ui_mgr-39]: process started with pid [91752]
[INFO] [pose_republisher_node-40]: process started with pid [91754]
[INFO] [sensors_node-41]: process started with pid [91756]
[INFO] [interface_buttons_node-42]: process started with pid [91758]
[INFO] [static_transform_publisher-43]: process started with pid [91760]
[INFO] [static_transform_publisher-44]: process started with pid [91762]
[INFO] [parameter_bridge-45]: process started with pid [91764]
[INFO] [parameter_bridge-46]: process started with pid [91767]
[INFO] [wait_for_ready-47]: process started with pid [91769]
[INFO] [wait_for_ready-48]: process started with pid [91771]
[static_transform_publisher-5] [WARN] [1791336188.607873815] []: Old-style arguments are deprecated; see --help for new-style arguments
[ir_intensity_vector_publisher-33] [INFO] [1791336188.721447917] [ir_intensity_vector_publisher]: Advertised topic: ir_intensity
[ir_intensity_vector_publisher-33] [INFO] [1791336188.721745062] [ir_intensity_vector_publisher]: Subscription to topic: _internal/ir_intensity_front_center_left
[ir_intensity_vector_publisher-33] [INFO] [1791336188.721929044] [ir_intensity_vector_publisher]: Subscription to topic: _internal/ir_intensity_front_center_right
[ir_intensity_vector_publisher-33] [INFO] [1791336188.722097559] [ir_intensity_vector_publisher]: Subscription to topic: _internal/ir_intensity_front_left
[ir_intensity_vector_publisher-33] [INFO] [1791336188.722250895] [ir_intensity_vector_publisher]: Subscription to topic: _internal/ir_intensity_front_right
[ir_intensity_vector_publisher-33] [INFO] [1791336188.722422916] [ir_intensity_vector_publisher]: Subscription to topic: _internal/ir_intensity_left
[ir_intensity_vector_publisher-33] [INFO] [1791336188.722557210] [ir_intensity_vector_publisher]: Subscription to topic: _internal/ir_intensity_right
[ir_intensity_vector_publisher-33] [INFO] [1791336188.722970303] [ir_intensity_vector_publisher]: Subscription to topic: _internal/ir_intensity_side_left
[static_transform_publisher-5] [INFO] [1791336188.793422392] [tf_odom_std_dock_link_publisher]: Spinning until stopped - publishing transform
[static_transform_publisher-5] translation: ('0.157000', '0.000000', '0.000000')
[static_transform_publisher-5] rotation: ('0.000000', '0.000000', '1.000000', '0.000000')
[static_transform_publisher-5] from 'odom' to 'std_dock_link'
[kidnap_estimator_publisher-38] [INFO] [1791336188.876200638] [kidnap_estimator_publisher]: Advertised topic: kidnap_status
[kidnap_estimator_publisher-38] [INFO] [1791336188.876648120] [kidnap_estimator_publisher]: Subscription to topic: hazard_detection
[ui_mgr-39] [INFO] [1791336188.981223925] [ui_mgr]: Subscription to topic: cmd_lightring
[ui_mgr-39] [INFO] [1791336188.982306639] [ui_mgr]: Subscription to topic: cmd_audio
[mock_publisher-36] [INFO] [1791336189.008432437] [mock_publisher]: Advertised mocked topic: slip_status
[hazards_vector_publisher-32] [INFO] [1791336189.050132433] [hazards_vector_publisher]: Advertised topic: hazard_detection
[hazards_vector_publisher-32] [INFO] [1791336189.051060767] [hazards_vector_publisher]: Subscription to topic: _internal/bumper/event
[hazards_vector_publisher-32] [INFO] [1791336189.051625619] [hazards_vector_publisher]: Subscription to topic: _internal/cliff_front_left/event
[hazards_vector_publisher-32] [INFO] [1791336189.052187718] [hazards_vector_publisher]: Subscription to topic: _internal/cliff_front_right/event
[hazards_vector_publisher-32] [INFO] [1791336189.052572108] [hazards_vector_publisher]: Subscription to topic: _internal/cliff_side_left/event
[hazards_vector_publisher-32] [INFO] [1791336189.052784691] [hazards_vector_publisher]: Subscription to topic: _internal/cliff_side_right/event
[hazards_vector_publisher-32] [INFO] [1791336189.053165900] [hazards_vector_publisher]: Subscription to topic: _internal/wheel_drop/left_wheel/event
[hazards_vector_publisher-32] [INFO] [1791336189.053891070] [hazards_vector_publisher]: Subscription to topic: _internal/wheel_drop/right_wheel/event
[hazards_vector_publisher-32] [INFO] [1791336189.054368420] [hazards_vector_publisher]: Subscription to topic: _internal/backup_limit
[motion_control-34] [INFO] [1791336189.087831577] [motion_control]: Enabling REFLEX_BUMP
[motion_control-34] [INFO] [1791336189.087922767] [motion_control]: Enabling REFLEX_CLIFF
[motion_control-34] [INFO] [1791336189.088020487] [motion_control]: Enabling REFLEX_STUCK
[motion_control-34] [INFO] [1791336189.088070382] [motion_control]: Enabling REFLEX_WHEEL_DROP
[wheel_status_publisher-35] [INFO] [1791336189.114186840] [wheel_status_publisher]: Advertised topic: wheel_vels
[wheel_status_publisher-35] [INFO] [1791336189.114459785] [wheel_status_publisher]: Advertised topic: wheel_ticks
[robot_state-37] [INFO] [1791336189.124737325] [robot_state]: Advertised topic: battery_state
[static_transform_publisher-44] [WARN] [1791336189.135933279] []: Old-style arguments are deprecated; see --help for new-style arguments
[robot_state-37] [INFO] [1791336189.136311424] [robot_state]: Subscription to topic: dock_status
[robot_state-37] [INFO] [1791336189.136763599] [robot_state]: Advertised topic: stop_status
[robot_state-37] [INFO] [1791336189.142845933] [robot_state]: Subscription to topic: odom
[robot_state_publisher-4] [WARN] [1791336189.170688103] [kdl_parser]: The root link std_dock_link has an inertia specified in the URDF, but KDL does not support a root link with an inertia.  As a workaround, you can add an extra dummy link to your URDF.
[robot_state_publisher-4] [INFO] [1791336189.170751927] [dock_state_publisher]: Robot initialized
[static_transform_publisher-43] [WARN] [1791336189.171161058] []: Old-style arguments are deprecated; see --help for new-style arguments
[static_transform_publisher-44] [INFO] [1791336189.224136586] [camera_stf]: Spinning until stopped - publishing transform
[static_transform_publisher-44] translation: ('0.000000', '0.000000', '0.000000')
[static_transform_publisher-44] rotation: ('0.499952', '-0.500000', '0.500000', '0.500048')
[static_transform_publisher-44] from 'oakd_rgb_camera_optical_frame' to 'turtlebot4/oakd_rgb_camera_frame/rgbd_camera'
[turtlebot4_node-29] [INFO] [1791336189.265184933] [turtlebot4_node]: Init Turtlebot4 Node Main
[robot_state_publisher-3] [WARN] [1791336189.271429785] [kdl_parser]: The root link base_link has an inertia specified in the URDF, but KDL does not support a root link with an inertia.  As a workaround, you can add an extra dummy link to your URDF.
[robot_state_publisher-3] [INFO] [1791336189.271611910] [robot_state_publisher]: Robot initialized
[static_transform_publisher-43] [INFO] [1791336189.292165755] [rplidar_stf]: Spinning until stopped - publishing transform
[static_transform_publisher-43] translation: ('0.000000', '0.000000', '0.000000')
[static_transform_publisher-43] rotation: ('0.000000', '0.000000', '0.000000', '1.000000')
[static_transform_publisher-43] from 'rplidar_link' to 'turtlebot4/rplidar_link/rplidar'
[turtlebot4_node-29] [INFO] [1791336189.315533110] [turtlebot4_node]: Buttons Init
[turtlebot4_node-29] [INFO] [1791336189.329182735] [turtlebot4_node]: Init Display
[turtlebot4_node-29] [INFO] [1791336189.331085415] [turtlebot4_node]: Leds Init
[turtlebot4_node-29] [INFO] [1791336189.338955934] [turtlebot4_node]: Turtlebot4 standard running.
[create-7] [INFO] [1791336189.613052285] [ros_gz_sim]: Requesting list of world names.
[create-6] [INFO] [1791336189.651635794] [ros_gz_sim]: Requesting list of world names.
[gazebo-1] Warning: Ignoring XDG_SESSION_TYPE=wayland on Gnome. Use QT_QPA_PLATFORM=wayland to run on Wayland anyway.
[parameter_bridge-10] [INFO] [1791336190.133044300] [odom_base_tf_bridge]: Creating GZ->ROS Bridge: [/model/turtlebot4/tf (gz.msgs.Pose_V) -> /model/turtlebot4/tf (tf2_msgs/msg/TFMessage)] (Lazy 0)
[parameter_bridge-2] [INFO] [1791336190.145884665] [clock_bridge]: Creating GZ->ROS Bridge: [/clock (gz.msgs.Clock) -> /clock (rosgraph_msgs/msg/Clock)] (Lazy 0)
[parameter_bridge-11] [INFO] [1791336190.209381407] [bumper_contact_bridge]: Creating GZ->ROS Bridge: [/bumper_contact (gz.msgs.Contacts) -> /bumper_contact (ros_gz_interfaces/msg/Contacts)] (Lazy 0)
[parameter_bridge-8] [INFO] [1791336190.213934681] [cmd_vel_bridge]: Creating GZ->ROS Bridge: [/cmd_vel (gz.msgs.Twist) -> /cmd_vel (geometry_msgs/msg/TwistStamped)] (Lazy 0)
[parameter_bridge-8] [INFO] [1791336190.216371539] [cmd_vel_bridge]: Creating ROS->GZ Bridge: [/model/turtlebot4/cmd_vel (geometry_msgs/msg/TwistStamped) -> /model/turtlebot4/cmd_vel (gz.msgs.Twist)] (Lazy 0)
[parameter_bridge-21] [INFO] [1791336190.483208507] [ir_intensity_right_bridge]: Creating GZ->ROS Bridge: [/world/warehouse/model/turtlebot4/link/ir_intensity_right/sensor/ir_intensity_right/scan (gz.msgs.LaserScan) -> /world/warehouse/model/turtlebot4/link/ir_intensity_right/sensor/ir_intensity_right/scan (sensor_msgs/msg/LaserScan)] (Lazy 0)
[parameter_bridge-16] [INFO] [1791336190.487212060] [ir_intensity_front_center_left_bridge]: Creating GZ->ROS Bridge: [/world/warehouse/model/turtlebot4/link/ir_intensity_front_center_left/sensor/ir_intensity_front_center_left/scan (gz.msgs.LaserScan) -> /world/warehouse/model/turtlebot4/link/ir_intensity_front_center_left/sensor/ir_intensity_front_center_left/scan (sensor_msgs/msg/LaserScan)] (Lazy 0)
[parameter_bridge-15] [INFO] [1791336190.488260724] [cliff_side_right_bridge]: Creating GZ->ROS Bridge: [/world/warehouse/model/turtlebot4/link/base_link/sensor/cliff_side_right/scan (gz.msgs.LaserScan) -> /world/warehouse/model/turtlebot4/link/base_link/sensor/cliff_side_right/scan (sensor_msgs/msg/LaserScan)] (Lazy 0)
[parameter_bridge-19] [INFO] [1791336190.568489311] [ir_intensity_front_right_bridge]: Creating GZ->ROS Bridge: [/world/warehouse/model/turtlebot4/link/ir_intensity_front_right/sensor/ir_intensity_front_right/scan (gz.msgs.LaserScan) -> /world/warehouse/model/turtlebot4/link/ir_intensity_front_right/sensor/ir_intensity_front_right/scan (sensor_msgs/msg/LaserScan)] (Lazy 0)
[parameter_bridge-17] [INFO] [1791336190.575856057] [ir_intensity_front_center_right_bridge]: Creating GZ->ROS Bridge: [/world/warehouse/model/turtlebot4/link/ir_intensity_front_center_right/sensor/ir_intensity_front_center_right/scan (gz.msgs.LaserScan) -> /world/warehouse/model/turtlebot4/link/ir_intensity_front_center_right/sensor/ir_intensity_front_center_right/scan (sensor_msgs/msg/LaserScan)] (Lazy 0)
[parameter_bridge-9] [INFO] [1791336190.584935008] [pose_bridge]: Creating GZ->ROS Bridge: [/model/turtlebot4/pose (gz.msgs.Pose_V) -> /model/turtlebot4/pose (tf2_msgs/msg/TFMessage)] (Lazy 0)
[parameter_bridge-27] [INFO] [1791336190.603401739] [lidar_bridge]: Creating GZ->ROS Bridge: [/world/warehouse/model/turtlebot4/link/rplidar_link/sensor/rplidar/scan (gz.msgs.LaserScan) -> /world/warehouse/model/turtlebot4/link/rplidar_link/sensor/rplidar/scan (sensor_msgs/msg/LaserScan)] (Lazy 0)
[parameter_bridge-23] [INFO] [1791336190.610884944] [buttons_msg_bridge]: Creating GZ->ROS Bridge: [/create3_buttons (gz.msgs.Int32) -> /create3_buttons (std_msgs/msg/Int32)] (Lazy 0)
[parameter_bridge-9] [INFO] [1791336190.618930651] [pose_bridge]: Creating GZ->ROS Bridge: [/model/standard_dock/pose (gz.msgs.Pose_V) -> /model/standard_dock/pose (tf2_msgs/msg/TFMessage)] (Lazy 0)
[parameter_bridge-13] [INFO] [1791336190.628062018] [cliff_front_right_bridge]: Creating GZ->ROS Bridge: [/world/warehouse/model/turtlebot4/link/base_link/sensor/cliff_front_right/scan (gz.msgs.LaserScan) -> /world/warehouse/model/turtlebot4/link/base_link/sensor/cliff_front_right/scan (sensor_msgs/msg/LaserScan)] (Lazy 0)
[parameter_bridge-14] [INFO] [1791336190.635581724] [cliff_side_left_bridge]: Creating GZ->ROS Bridge: [/world/warehouse/model/turtlebot4/link/base_link/sensor/cliff_side_left/scan (gz.msgs.LaserScan) -> /world/warehouse/model/turtlebot4/link/base_link/sensor/cliff_side_left/scan (sensor_msgs/msg/LaserScan)] (Lazy 0)
[gazebo-1] [1;36m[Dbg] [gz.cc:166] [0m[1;36mSubscribing to [[0m[1;36m/gazebo/starting_world[0m[1;36m].[0m[1;36m[0m
[gazebo-1] [1;36m[Dbg] [gz.cc:168] [0m[1;36mWaiting for a world to be set from the GUI...[0m[1;36m[0m
[gazebo-1] [1;32m[Msg] [0m[1;32mReceived world [[0m[1;32mwarehouse.sdf[0m[1;32m] from the GUI.[0m[1;32m[0m
[gazebo-1] [1;36m[Dbg] [gz.cc:172] [0m[1;36mUnsubscribing from [[0m[1;36m/gazebo/starting_world[0m[1;36m].[0m[1;36m[0m
[gazebo-1] [1;32m[Msg] [0m[1;32mGazebo Sim Server v[0m[1;32m8.10.0[0m[1;32m[0m
[gazebo-1] [1;32m[Msg] [0m[1;32mLoading SDF world file[[0m[1;32m/home/y/u/yunqiao/IROB_Mobile_Robot_Project/install/turtlebot4_gz_bringup/share/turtlebot4_gz_bringup/worlds/warehouse.sdf[0m[1;32m].[0m
[gazebo-1] [1;32m[Msg] [0m[1;32mServing entity system service on [[0m[1;32m/[0m[1;32mentity/system/add[0m[1;32m][0m[1;32m[0m
[gazebo-1] [1;36m[Dbg] [Physics.cc:899] [0m[1;36mLoaded [[0m[1;36mgz::physics::dartsim::Plugin[0m[1;36m] from library [[0m[1;36m/afs/kth.se/misc/info/kurser/DD2410/ht26/pixi/IROB/.pixi/envs/default/lib/gz-physics-7/engine-plugins/libgz-physics-dartsim-plugin.so[0m[1;36m][0m[1;36m[0m
[gazebo-1] [1;36m[Dbg] [SystemManager.cc:80] [0m[1;36mLoaded system [[0m[1;36mgz::sim::systems::Physics[0m[1;36m] for entity [[0m[1;36m1[0m[1;36m][0m[1;36m[0m
[gazebo-1] [1;32m[Msg] [0m[1;32mCreate[0m[1;32m service on [[0m[1;32m/world/warehouse/create_multiple[0m[1;32m] (async)[0m[1;32m[0m
[gazebo-1] [1;32m[Msg] [0m[1;32mCreate[0m[1;32m service on [[0m[1;32m/world/warehouse/create_multiple/blocking[0m[1;32m] (blocking)[0m[1;32m[0m
[gazebo-1] [1;32m[Msg] [0m[1;32mRemove[0m[1;32m service on [[0m[1;32m/world/warehouse/remove[0m[1;32m] (async)[0m[1;32m[0m
[gazebo-1] [1;32m[Msg] [0m[1;32mRemove[0m[1;32m service on [[0m[1;32m/world/warehouse/remove/blocking[0m[1;32m] (blocking)[0m[1;32m[0m
[gazebo-1] [1;32m[Msg] [0m[1;32mPose[0m[1;32m service on [[0m[1;32m/world/warehouse/set_pose[0m[1;32m] (async)[0m[1;32m[0m
[gazebo-1] [1;32m[Msg] [0m[1;32mPose[0m[1;32m service on [[0m[1;32m/world/warehouse/set_pose/blocking[0m[1;32m] (blocking)[0m[1;32m[0m
[gazebo-1] [1;32m[Msg] [0m[1;32mPose[0m[1;32m service on [[0m[1;32m/world/warehouse/set_pose_vector[0m[1;32m] (async)[0m[1;32m[0m
[gazebo-1] [1;32m[Msg] [0m[1;32mPose[0m[1;32m service on [[0m[1;32m/world/warehouse/set_pose_vector/blocking[0m[1;32m] (blocking)[0m[1;32m[0m
[gazebo-1] [1;32m[Msg] [0m[1;32mLight configuration[0m[1;32m service on [[0m[1;32m/world/warehouse/light_config[0m[1;32m] (async)[0m[1;32m[0m
[gazebo-1] [1;32m[Msg] [0m[1;32mLight configuration[0m[1;32m service on [[0m[1;32m/world/warehouse/light_config/blocking[0m[1;32m] (blocking)[0m[1;32m[0m
[gazebo-1] [1;32m[Msg] [0m[1;32mPhysics[0m[1;32m service on [[0m[1;32m/world/warehouse/set_physics[0m[1;32m] (async)[0m[1;32m[0m
[gazebo-1] [1;32m[Msg] [0m[1;32mPhysics[0m[1;32m service on [[0m[1;32m/world/warehouse/set_physics/blocking[0m[1;32m] (blocking)[0m[1;32m[0m
[gazebo-1] [1;32m[Msg] [0m[1;32mSphericalCoordinates[0m[1;32m service on [[0m[1;32m/world/warehouse/set_spherical_coordinates[0m[1;32m] (async)[0m[1;32m[0m
[gazebo-1] [1;32m[Msg] [0m[1;32mSphericalCoordinates[0m[1;32m service on [[0m[1;32m/world/warehouse/set_spherical_coordinates/blocking[0m[1;32m] (blocking)[0m[1;32m[0m
[gazebo-1] [1;32m[Msg] [0m[1;32mEnable collision[0m[1;32m service on [[0m[1;32m/world/warehouse/enable_collision[0m[1;32m] (async)[0m[1;32m[0m
[gazebo-1] [1;32m[Msg] [0m[1;32mEnable collision[0m[1;32m service on [[0m[1;32m/world/warehouse/enable_collision/blocking[0m[1;32m] (blocking)[0m[1;32m[0m
[gazebo-1] [1;32m[Msg] [0m[1;32mDisable collision[0m[1;32m service on [[0m[1;32m/world/warehouse/disable_collision[0m[1;32m] (async)[0m[1;32m[0m
[gazebo-1] [1;32m[Msg] [0m[1;32mDisable collision[0m[1;32m service on [[0m[1;32m/world/warehouse/disable_collision/blocking[0m[1;32m] (blocking)[0m[1;32m[0m
[gazebo-1] [1;32m[Msg] [0m[1;32mMaterial[0m[1;32m service on [[0m[1;32m/world/warehouse/visual_config[0m[1;32m] (async)[0m[1;32m[0m
[create-6] [INFO] [1791336190.931430549] [ros_gz_sim]: Waiting messages on topic [robot_description].
[parameter_bridge-20] [INFO] [1791336190.946887837] [ir_intensity_left_bridge]: Creating GZ->ROS Bridge: [/world/warehouse/model/turtlebot4/link/ir_intensity_left/sensor/ir_intensity_left/scan (gz.msgs.LaserScan) -> /world/warehouse/model/turtlebot4/link/ir_intensity_left/sensor/ir_intensity_left/scan (sensor_msgs/msg/LaserScan)] (Lazy 0)
[parameter_bridge-22] [INFO] [1791336190.955690343] [ir_intensity_side_left_bridge]: Creating GZ->ROS Bridge: [/world/warehouse/model/turtlebot4/link/ir_intensity_side_left/sensor/ir_intensity_side_left/scan (gz.msgs.LaserScan) -> /world/warehouse/model/turtlebot4/link/ir_intensity_side_left/sensor/ir_intensity_side_left/scan (sensor_msgs/msg/LaserScan)] (Lazy 0)
[parameter_bridge-26] [INFO] [1791336190.963298102] [hmi_led_msg_bridge]: Creating ROS->GZ Bridge: [/hmi/led/power (std_msgs/msg/Int32) -> /hmi/led/power (gz.msgs.Int32)] (Lazy 0)
[parameter_bridge-26] [INFO] [1791336190.966138873] [hmi_led_msg_bridge]: Creating ROS->GZ Bridge: [/hmi/led/motors (std_msgs/msg/Int32) -> /hmi/led/motors (gz.msgs.Int32)] (Lazy 0)
[parameter_bridge-45] [INFO] [1791336190.966674254] [ros_gz_bridge]: Creating ROS->GZ Bridge: [/vacuum_gripper/attach (std_msgs/msg/Empty) -> /vacuum_gripper/attach (gz.msgs.Empty)] (Lazy 0)
[parameter_bridge-45] [INFO] [1791336190.969242016] [ros_gz_bridge]: Creating ROS->GZ Bridge: [/vacuum_gripper/detach (std_msgs/msg/Empty) -> /vacuum_gripper/detach (gz.msgs.Empty)] (Lazy 0)
[parameter_bridge-26] [INFO] [1791336191.066826492] [hmi_led_msg_bridge]: Creating ROS->GZ Bridge: [/hmi/led/comms (std_msgs/msg/Int32) -> /hmi/led/comms (gz.msgs.Int32)] (Lazy 0)
[create-7] [INFO] [1791336191.067234638] [ros_gz_sim]: Waiting messages on topic [standard_dock_description].
[gazebo-1] [1;32m[Msg] [0m[1;32mMaterial[0m[1;32m service on [[0m[1;32m/world/warehouse/visual_config/blocking[1;32m[Msg] [0m[1;32mGazebo Sim GUI    v[0m[1;32m8.10.0[0m[1;32m[0m
[gazebo-1] [1;32m[Msg] [0m[1;32mDetected Wayland. Setting Qt to use the xcb plugin: [0m[1;32m'QT_QPA_PLATFORM=xcb'.[0m[1;32m[0m
[gazebo-1] [1;36m[Dbg] [Gui.cc:275] [0m[1;36mWaiting for subscribers to [[0m[1;36m/gazebo/starting_world[0m[1;36m]...[0m[1;36m[0m
[gazebo-1] [1;36m[Dbg] [Application.cc:96] [0m[1;36mInitializing application.[0m[1;36m[0m
[gazebo-1] [1;36m[Dbg] [Application.cc:170] [0m[1;36mQt using OpenGL graphics interface[0m[1;36m[0m
[gazebo-1] [1;36m[GUI] [Dbg] [Application.cc:657] [0m[1;36mCreate main window[0m[1;36m[0m
[gazebo-1] [1;36m[GUI] [Dbg] [PathManager.cc:68] [0m[1;36mRequesting resource paths through [[0m[1;36m/gazebo/resource_paths/get[0m[1;36m][0m[1;36m[0m
[gazebo-1] [1;36m[GUI] [Dbg] [Gui.cc:355] [0m[1;36mGUI requesting list of world names. The server may be busy [0m[1;36mdownloading resources. Please be patient.[0m[1;36m[0m
[gazebo-1] [1;36m[GUI] [Dbg] [GuiRunner.cc:149] [0m[1;36mRequesting initial state from [[0m[1;36m/world/warehouse/state[0m[1;36m]...[0m[1;36m[0m
[gazebo-1] [1;32m[GUI] [0m[1;32m[Msg] [0m[1;32mLoading config [[0m[1;32m/home/y/u/yunqiao/IROB_Mobile_Robot_Project/install/turtlebot4_gz_bringup/share/turtlebot4_gz_bringup/gui/standard/gui.config[0m[1;32m][0m[1;32m[0m
[gazebo-1] [1;36m[GUI] [Dbg] [PathManager.cc:57] [0m[1;36mReceived resource paths.[0m[1;36m[0m
[gazebo-1] [1;36m[GUI] [Dbg] [Application.cc:528] [0m[1;36mLoading plugin [[0m[1;36mMinimalScene[0m[1;36m][0m[1;36m[0m
[gazebo-1] [1;36m[GUI] [Dbg] [MinimalScene.cc:802] [0m[1;36mCreating gz-rendering interface for OpenGL[0m[1;36m[0m
[gazebo-1] [1;36m[GUI] [Dbg] [MinimalScene.cc:802] [0m[1;36mCreating gz-rendering interface for OpenGL[0m[1;36m[0m
[gazebo-1] [1;36m[GUI] [Dbg] [MinimalScene.cc:986] [0m[1;36mCreating render thread interface for OpenGL[0m[1;36m[0m
[gazebo-1] [1;36m[GUI] [Dbg] [MinimalScene.cc:802] [0m[1;36mCreating gz-rendering interface for OpenGL[0m[1;36m[0m
[gazebo-1] [1;36m[GUI] [Dbg] [MinimalScene.cc:986] [0m[1;36mCreating render thread interface for OpenGL[0m[1;36m[0m
[gazebo-1] [1;32m[GUI] [0m[1;32m[Msg] [0m[1;32mAdded plugin [[0m[1;32m3D View[0m[1;32m] to main window[0m[1;32m[0m
[gazebo-1] [1;32m[GUI] [0m[1;32m[Msg] [0m[1;32mLoaded plugin [[0m[1;32mMinimalScene[0m[1;32m] from path [[0m[1;32m/afs/kth.se/misc/info/kurser/DD2410/ht26/pixi/IROB/.pixi/envs/default/lib/gz-gui-8/plugins/libMinimalScene.so[0m[1;32m][0m[1;32m[0m
[gazebo-1] [1;36m[GUI] [Dbg] [Application.cc:528] [0m[1;36mLoading plugin [[0m[1;36mGzSceneManager[0m[1;36m][0m[1;36m[0m
[gazebo-1] [1;32m[GUI] [0m[1;32m[Msg] [0m[1;32mAdded plugin [[0m[1;32mScene Manager[0m[1;32m] to main window[0m[1;32m[0m
[gazebo-1] [1;32m[GUI] [0m[1;32m[Msg] [0m[1;32mLoaded plugin [[0m[1;32mGzSceneManager[0m[1;32m] from path [[0m[1;32m/afs/kth.se/misc/info/kurser/DD2410/ht26/pixi/IROB/.pixi/envs/default/lib/gz-sim-8/plugins/gui/libGzSceneManager.so[0m[1;32m][0m[1;32m[0m
[gazebo-1] [1;36m[GUI] [Dbg] [Application.cc:528] [0m[1;36mLoading plugin [[0m[1;36mInteractiveViewControl[0m[1;36m][0m[1;36m[0m
[gazebo-1] [1;32m[GUI] [0m[1;32m[Msg] [0m[1;32mCamera view controller topic advertised on [[0m[1;32m/gui/camera/view_control[0m[1;32m][0m[1;32m[0m
[gazebo-1] [1;32m[GUI] [0m[1;32m[Msg] [0m[1;32mCamera reference visual topic advertised on [[0m[1;32m/gui/camera/view_control/reference_visual[0m[1;32m][0m[1;32m[0m
[gazebo-1] [1;32m[GUI] [0m[1;32m[Msg] [0m[1;32mCamera view control sensitivity advertised on [[0m[1;32m/gui/camera/view_control/sensitivity[0m[1;32m][0m[1;32m[0m
[gazebo-1] [1;32m[GUI] [0m[1;32m[Msg] [0m[1;32mAdded plugin [[0m[1;32mInteractive view control[0m[1;32m] to main window[0m[1;32m[0m
[gazebo-1] [1;32m[GUI] [0m[1;32m[Msg] [0m[1;32mLoaded plugin [[0m[1;32mInteractiveViewControl[0m[1;32m] from path [[0m[1;32m/afs/kth.se/misc/info/kurser/DD2410/ht26/pixi/IROB/.pixi/envs/default/lib/gz-gui-8/plugins/libInteractiveViewControl.so[0m[1;32m][0m[1;32m[0m
[gazebo-1] [1;36m[GUI] [Dbg] [Application.cc:528] [0m[1;36mLoading plugin [[0m[1;36mWorldControl[0m[1;36m][0m[1;36m[0m
[parameter_bridge-26] [INFO] [1791336191.268576511] [hmi_led_msg_bridge]: Creating ROS->GZ Bridge: [/hmi/led/wifi (std_msgs/msg/Int32) -> /hmi/led/wifi (gz.msgs.Int32)] (Lazy 0)
[parameter_bridge-26] [INFO] [1791336191.271784282] [hmi_led_msg_bridge]: Creating ROS->GZ Bridge: [/hmi/led/battery (std_msgs/msg/Int32) -> /hmi/led/battery (gz.msgs.Int32)] (Lazy 0)
[parameter_bridge-26] [INFO] [1791336191.274813991] [hmi_led_msg_bridge]: Creating ROS->GZ Bridge: [/hmi/led/user1 (std_msgs/msg/Int32) -> /hmi/led/user1 (gz.msgs.Int32)] (Lazy 0)
[parameter_bridge-26] [INFO] [1791336191.282954276] [hmi_led_msg_bridge]: Creating ROS->GZ Bridge: [/hmi/led/user2 (std_msgs/msg/Int32) -> /hmi/led/user2 (gz.msgs.Int32)] (Lazy 0)
[parameter_bridge-26] [INFO] [1791336191.290150093] [hmi_led_msg_bridge]: Passing message from ROS std_msgs/msg/Int32 to Gazebo gz.msgs.Int32 (showing msg only once per type)
[parameter_bridge-18] [INFO] [1791336191.292896125] [ir_intensity_front_left_bridge]: Creating GZ->ROS Bridge: [/world/warehouse/model/turtlebot4/link/ir_intensity_front_left/sensor/ir_intensity_front_left/scan (gz.msgs.LaserScan) -> /world/warehouse/model/turtlebot4/link/ir_intensity_front_left/sensor/ir_intensity_front_left/scan (sensor_msgs/msg/LaserScan)] (Lazy 0)
[wait_for_ready-48] [INFO] [1791336191.381771578] [wait_for_sim]: [sim] waiting for nodes=['controller_manager'] services=['/controller_manager/set_parameters'] answering=['/controller_manager/list_controllers'] topics=['/scan'] (timeout 300s)
[gazebo-1] [1;33m[GUI] [Wrn] [Application.cc:908] [0m[1;33m[QT] file::/Turtlebot4Hmi/Turtlebot4Hmi.qml:102:7: Unable to assign [undefined] to QString[0m[1;33m[0m
[wait_for_ready-47] [INFO] [1791336191.394048263] [wait_for_rviz]: [rviz] waiting for nodes=[] services=[] answering=[] topics=['/clock', '/scan'] (timeout 300s)
[gazebo-1] [1;33m[GUI] [Wrn] [Application.cc:908] [0m[1;33m[QT] file::/WorldStats/WorldStats.qml:53:3: QML RowLayout: Binding loop detected for property "x"[0m[1;33m[0m
[parameter_bridge-28] [INFO] [1791336191.634281000] [camera_bridge]: Creating GZ->ROS Bridge: [/world/warehouse/model/turtlebot4/link/oakd_rgb_camera_frame/sensor/rgbd_camera/image (gz.msgs.Image) -> /world/warehouse/model/turtlebot4/link/oakd_rgb_camera_frame/sensor/rgbd_camera/image (sensor_msgs/msg/Image)] (Lazy 0)
[parameter_bridge-24] [INFO] [1791336191.641760807] [hmi_display_msg_bridge]: Creating ROS->GZ Bridge: [/hmi/display/raw (std_msgs/msg/String) -> /hmi/display/raw (gz.msgs.StringMsg)] (Lazy 0)
[parameter_bridge-28] [INFO] [1791336191.643048693] [camera_bridge]: Creating GZ->ROS Bridge: [/world/warehouse/model/turtlebot4/link/oakd_rgb_camera_frame/sensor/rgbd_camera/depth_image (gz.msgs.Image) -> /world/warehouse/model/turtlebot4/link/oakd_rgb_camera_frame/sensor/rgbd_camera/depth_image (sensor_msgs/msg/Image)] (Lazy 0)
[parameter_bridge-12] [INFO] [1791336191.644868514] [cliff_front_left_bridge]: Creating GZ->ROS Bridge: [/world/warehouse/model/turtlebot4/link/base_link/sensor/cliff_front_left/scan (gz.msgs.LaserScan) -> /world/warehouse/model/turtlebot4/link/base_link/sensor/cliff_front_left/scan (sensor_msgs/msg/LaserScan)] (Lazy 0)
[parameter_bridge-24] [INFO] [1791336191.646893656] [hmi_display_msg_bridge]: Creating ROS->GZ Bridge: [/hmi/display/selected (std_msgs/msg/Int32) -> /hmi/display/selected (gz.msgs.Int32)] (Lazy 0)
[parameter_bridge-28] [INFO] [1791336191.648126722] [camera_bridge]: Creating GZ->ROS Bridge: [/world/warehouse/model/turtlebot4/link/oakd_rgb_camera_frame/sensor/rgbd_camera/points (gz.msgs.PointCloudPacked) -> /world/warehouse/model/turtlebot4/link/oakd_rgb_camera_frame/sensor/rgbd_camera/points (sensor_msgs/msg/PointCloud2)] (Lazy 0)
[parameter_bridge-25] [INFO] [1791336191.649448189] [hmi_buttons_msg_bridge]: Creating GZ->ROS Bridge: [/hmi/buttons (gz.msgs.Int32) -> /hmi/buttons (std_msgs/msg/Int32)] (Lazy 0)
[parameter_bridge-28] [INFO] [1791336191.653514157] [camera_bridge]: Creating GZ->ROS Bridge: [/world/warehouse/model/turtlebot4/link/oakd_rgb_camera_frame/sensor/rgbd_camera/camera_info (gz.msgs.CameraInfo) -> /world/warehouse/model/turtlebot4/link/oakd_rgb_camera_frame/sensor/rgbd_camera/camera_info (sensor_msgs/msg/CameraInfo)] (Lazy 0)
[spawner-31] [INFO] [1791336191.704461209] [spawner_joint_state_broadcaster]: waiting for service /controller_manager/list_controllers to become available...
[gazebo-1] [1;32m[GUI] [0m[1;32m[Msg] [0m[1;32mUsing world control service [[0m[1;32m/world/warehouse/control[0m[1;32m][0m[1;32m[0m
[gazebo-1] [1;32m[GUI] [0m[1;32m[Msg] [0m[1;32mListening to stats on [[0m[1;32m/world/warehouse/stats[0m[1;32m][0m[1;32m[0m
[gazebo-1] [1;36m[GUI] [Dbg] [WorldControl.cc:237] [0m[1;36mUsing an event to share WorldControl msgs with the server[0m
[gazebo-1] [1;32m[GUI] [0m[1;32m[Msg] [0m[1;32mAdded plugin [[0m[1;32mWorld control[0m[1;32m] to main window[0m[1;32m[0m
[gazebo-1] [1;32m[GUI] [0m[1;32m[Msg] [0m[1;32mLoaded plugin [[0m[1;32mWorldControl[0m[1;32m] from path [[0m[1;32m/afs/kth.se/misc/info/kurser/DD2410/ht26/pixi/IROB/.pixi/envs/default/lib/gz-gui-8/plugins/libWorldControl.so[0m[1;32m][0m[1;32m[0m
[gazebo-1] [1;36m[GUI] [Dbg] [Application.cc:528] [0m[1;36mLoading plugin [[0m[1;36mWorldStats[0m[1;36m][0m[1;36m[0m
[gazebo-1] [1;32m[GUI] [0m[1;32m[Msg] [0m[1;32mListening to stats on [[0m[1;32m/world/warehouse/stats[0m[1;32m][0m[1;32m[0m
[gazebo-1] [1;32m[GUI] [0m[1;32m[Msg] [0m[1;32mAdded plugin [[0m[1;32mWorld stats[0m[1;32m] to main window[0m[1;32m[0m
[gazebo-1] [1;32m[GUI] [0m[1;32m[Msg] [0m[1;32mLoaded plugin [[0m[1;32mWorldStats[0m[1;32m] from path [[0m[1;32m/afs/kth.se/misc/info/kurser/DD2410/ht26/pixi/IROB/.pixi/envs/default/lib/gz-gui-8/plugins/libWorldStats.so[0m[1;32m][0m[1;32m[0m
[gazebo-1] [1;36m[GUI] [Dbg] [Application.cc:528] [0m[1;36mLoading plugin [[0m[1;36mTransformControl[0m[1;36m][0m[1;36m[0m
[gazebo-1] [1;32m[GUI] [0m[1;32m[Msg] [0m[1;32mAdded plugin [[0m[1;32mTransform control[0m[1;32m] to main window[0m[1;32m[0m
[gazebo-1] [1;32m[GUI] [0m[1;32m[Msg] [0m[1;32mLoaded plugin [[0m[1;32mTransformControl[0m[1;32m] from path [[0m[1;32m/afs/kth.se/misc/info/kurser/DD2410/ht26/pixi/IROB/.pixi/envs/default/lib/gz-sim-8/plugins/gui/libTransformControl.so[0m[1;32m][0m[1;32m[0m
[gazebo-1] [1;36m[GUI] [Dbg] [Application.cc:528] [0m[1;36mLoading plugin [[0m[1;36mShapes[0m[1;36m][0m[1;36m[0m
[gazebo-1] [1;32m[GUI] [0m[1;32m[Msg] [0m[1;32mAdded plugin [[0m[1;32mShapes[0m[1;32m] to main window[0m[1;32m[0m
[gazebo-1] [1;32m[GUI] [0m[1;32m[Msg] [0m[1;32mLoaded plugin [[0m[1;32mShapes[0m[1;32m] from path [[0m[1;32m/afs/kth.se/misc/info/kurser/DD2410/ht26/pixi/IROB/.pixi/envs/default/lib/gz-sim-8/plugins/gui/libShapes.so[0m[1;32m][0m[1;32m[0m
[gazebo-1] [1;36m[GUI] [Dbg] [Application.cc:528] [0m[1;36mLoading plugin [[0m[1;36mTurtlebot4Hmi[0m[1;36m][0m[1;36m[0m
[gazebo-1] [1;32m[GUI] [0m[1;32m[Msg] [0m[1;32mAdded plugin [[0m[1;32mTurtlebot4 HMI[0m[1;32m] to main window[0m[1;32m[0m
[gazebo-1] [1;32m[GUI] [0m[1;32m[Msg] [0m[1;32mLoaded plugin [[0m[1;32mTurtlebot4Hmi[0m[1;32m] from path [[0m[1;32m/home/y/u/yunqiao/IROB_Mobile_Robot_Project/install/turtlebot4_gz_gui_plugins/share/turtlebot4_gz_gui_plugins/lib/libTurtlebot4Hmi.so[0m[1;32m][0m[1;32m[0m
[gazebo-1] [1;36m[GUI] [Dbg] [Application.cc:528] [0m[1;36mLoading plugin [[0m[1;36mTeleop[0m[1;36m][0m[1;36m[0m
[gazebo-1] [1;32m[GUI] [0m[1;32m[Msg] [0m[1;32mA new topic has been entered: '[0m[1;32m/cmd_vel[0m[1;32m ' [0m[1;32m[0m
[gazebo-1] [1;32m[GUI] [0m[1;32m[Msg] [0m[1;32mAdded plugin [[0m[1;32mTeleop[0m[1;32m] to main window[0m[1;32m[0m
[gazebo-1] [1;32m[GUI] [0m[1;32m[Msg] [0m[1;32mLoaded plugin [[0m[1;32mTeleop[0m[1;32m] from path [[0m[1;32m/afs/kth.se/misc/info/kurser/DD2410/ht26/pixi/IROB/.pixi/envs/default/lib/gz-gui-8/plugins/libTeleop.so[0m[1;32m][0m[1;32m[0m
[gazebo-1] [1;36m[GUI] [Dbg] [Application.cc:671] [0m[1;36mApplying config[0m[1;36m[0m
[gazebo-1] [1;36m[GUI] [Dbg] [MinimalScene.cc:802] [0m[1;36mCreating gz-rendering interface for OpenGL[0m[1;36m[0m
[gazebo-1] [1;36m[GUI] [Dbg] [MinimalScene.cc:986] [0m[1;36mCreating render thread interface for OpenGL[0m[1;36m[0m
[gazebo-1] [1;32m[GUI] [0m[1;32m[Msg] [0m[1;32mLoading plugin [[0m[1;32mgz-rendering-ogre2[0m[1;32m][0m[1;32m[0m
[gazebo-1] [1;36m[GUI] [Dbg] [MinimalScene.cc:749] [0m[1;36mCreate scene [[0m[1;36mscene[0m[1;36m][0m[1;36m[0m
[gazebo-1] [1;36m[GUI] [Dbg] [MinimalScene.cc:1037] [0m[1;36mCreating texture node render interface for OpenGL[0m[1;36m[0m
[gazebo-1] [1;36m[GUI] [Dbg] [TransformControl.cc:453] [0m[1;36mTransformControl [0m[1;32m] (blocking)[0m[1;32m[0m
[gazebo-1] [1;32m[Msg] [0m[1;32mMaterial[0m[1;32m service on [[0m[1;32m/world/warehouse/wheel_slip[0m[1;32m] (async)[0m[1;32m[0m
[gazebo-1] [1;32m[Msg] [0m[1;32mMaterial[0m[1;32m service on [[0m[1;32m/world/warehouse/wheel_slip/blocking[0m[1;32m] (blocking)[0m[1;32m[0m
[gazebo-1] [1;36m[Dbg] [SystemManager.cc:80] [0m[1;36mLoaded system [[0m[1;36mgz::sim::systems::UserCommands[0m[1;36m] for entity [[0m[1;36m1[0m[1;36m][0m[1;36m[0m
[gazebo-1] [1;36m[Dbg] [SystemManager.cc:80] [0m[1;36mLoaded system [[0m[1;36mgz::sim::systems::SceneBroadcaster[0m[1;36m] for entity [[0m[1;36m1[0m[1;36m][0m[1;36m[0m
[gazebo-1] [1;36m[Dbg] [SystemManager.cc:80] [0m[1;36mLoaded system [[0m[1;36mgz::sim::systems::Contact[0m[1;36m] for entity [[0m[1;36m1[0m[1;36m][0m[1;36m[0m
[gazebo-1] [1;32m[Msg] [0m[1;32mLoaded level [[0m[1;32mdefault[0m[1;32m][0m[1;32m[0m
[gazebo-1] [1;32m[Msg] [0m[1;32mServing world controls on [[0m[1;32m/world/warehouse[0m[1;32m/control], [[0m[1;32m/world/warehouse[0m[1;32m/control/state] and [[0m[1;32m/world/warehouse[0m[1;32m/playback/control][0m[1;32m[0m
[gazebo-1] [1;32m[Msg] [0m[1;32mServing GUI information on [[0m[1;32m/world/warehouse[0m[1;32m/[0m[1;32mgui/info[0m[1;32m][0m[1;32m[0m
[gazebo-1] [1;32m[Msg] [0m[1;32mWorld [[0m[1;32mwarehouse[0m[1;32m] initialized with [[0m[1;32mdefault_physics[0m[1;32m] physics profile.[0m[1;32m[0m
[gazebo-1] [1;32m[Msg] [0m[1;32mServing world SDF generation service on [[0m[1;32m/world/warehouse[0m[1;32m/[0m[1;32mgenerate_world_sdf[0m[1;32m][0m[1;32m[0m
[gazebo-1] [1;32m[Msg] [0m[1;32mServing world names on [[0m[1;32m/gazebo/worlds[0m[1;32m][0m[1;32m[0m
[gazebo-1] [1;32m[Msg] [0m[1;32mResource path add service on [[0m[1;32m/gazebo/resource_paths/add[0m[1;32m].[0m[1;32m[0m
[gazebo-1] [1;32m[Msg] [0m[1;32mResource path get service on [[0m[1;32m/gazebo/resource_paths/get[0m[1;32m].[0m[1;32m[0m
[gazebo-1] [1;32m[Msg] [0m[1;32mResource path resolve service on [[0m[1;32m/gazebo/resource_paths/resolve[0m[1;32m].[0m[1;32m[0m
[gazebo-1] [1;32m[Msg] [0m[1;32mResource paths published on [[0m[1;32m/gazebo/resource_paths[0m[1;32m].[0m[1;32m[0m
[gazebo-1] [1;32m[Msg] [0m[1;32mServer control service on [[0m[1;32m/server_control[0m[1;32m].[0m[1;32m[0m
[gazebo-1] [1;32m[Msg] [0m[1;32mFound no publishers on /stats, adding root stats topic[0m[1;32m[0m
[gazebo-1] [1;32m[Msg] [0m[1;32mFound no publishers on /clock, adding root clock topic[0m[1;32m[0m
[gazebo-1] [1;36m[Dbg] [SimulationRunner.cc:533] [0m[1;36mCreating PostUpdate worker threads: [0m[1;36m3[0m[1;36m[0m
[gazebo-1] [1;36m[Dbg] [SimulationRunner.cc:544] [0m[1;36mCreating postupdate worker thread ([0m[1;36m0[0m[1;36m)[0m[1;36m[0m
[gazebo-1] [1;36m[Dbg] [SimulationRunner.cc:544] [0m[1;36mCreating postupdate worker thread ([0m[1;36m1[0m[1;36m)[0m[1;36m[0m
[gazebo-1] [1;36m[Dbg] [SDFFeatures.cc:332] [0m[1;36mMesh construction from an SDF has not been implemented yet for [0m[1;36mdartsim. Use AttachMeshShapeFeature to use mesh shapes.[0m
[gazebo-1] [1;36m[Dbg] [SDFFeatures.cc:864] [0m[1;36mThe geometry element of collision [[0m[1;36mwarehouse_collision[0m[1;36m] [0m[1;36mcouldn't be created[0m
[gazebo-1] [1;36m[Dbg] [SDFFeatures.cc:332] [0m[1;36mMesh construction from an SDF has not been implemented yet for [0m[1;36mdartsim. Use AttachMeshShapeFeature to use mesh shapes.[0m
[gazebo-1] [1;36m[Dbg] [SDFFeatures.cc:864] [0m[1;36mThe geometry element of collision [[0m[1;36mcollision[0m[1;36m] [0m[1;36mcouldn't be created[0m
[gazebo-1] [1;36m[Dbg] [SDFFeatures.cc:332] [0m[1;36mMesh construction from an SDF has not been implemented yet for [0m[1;36mdartsim. Use AttachMeshShapeFeature to use mesh shapes.[0m
[gazebo-1] [1;36m[Dbg] [SDFFeatures.cc:864] [0m[1;36mThe geometry element of collision [[0m[1;36mcollision[0m[1;36m] [0m[1;36mcouldn't be created[0m
[gazebo-1] [1;36m[Dbg] [SDFFeatures.cc:332] [0m[1;36mMesh construction from an SDF has not been implemented yet for [0m[1;36mdartsim. Use AttachMeshShapeFeature to use mesh shapes.[0m
[gazebo-1] [1;33m[Wrn] [OBJLoader.cc:91] [0m[1;33mBoth `d` and `Tr` parameters defined for "Chair". Use the value of `d` for dissolve (line 8 in .mtl.)[0m
[gazebo-1] [1;33m[0m
[gazebo-1] [1;33m[Wrn] [OBJLoader.cc:91] [0m[1;33mBoth `d` and `Tr` parameters defined for "CoffeeTable". Use the value of `d` for dissolve (line 8 in .mtl.)[0m
[gazebo-1] [1;33m[0m
[create-6] [INFO] [1791336191.931592497] [ros_gz_sim]: Waiting messages on topic [robot_description].
[motion_control-34] [INFO] [1791336192.045420435] [motion_control]: Robot max speed is now 0.460000 m/s
[parameter_bridge-8] [INFO] [1791336192.045862523] [cmd_vel_bridge]: Passing message from ROS geometry_msgs/msg/TwistStamped to Gazebo gz.msgs.Twist (showing msg only once per type)
[wait_for_ready-47] [WARN] [1791336192.049877201] [wait_for_rviz]: New publisher discovered on topic '/clock', offering incompatible QoS. No messages will be received from it. Last incompatible policy: DURABILITY
[create-7] [INFO] [1791336192.067340933] [ros_gz_sim]: Waiting messages on topic [standard_dock_description].
[parameter_bridge-46] [INFO] [1791336192.292388125] [odom_gt_bridge]: Creating GZ->ROS Bridge: [/model/turtlebot4/odometry (gz.msgs.Odometry) -> /odom_gt (nav_msgs/msg/Odometry)] (Lazy 0)
[parameter_bridge-46] [INFO] [1791336192.298328811] [odom_gt_bridge]: Creating GZ->ROS Bridge: [/model/turtlebot4/pose (gz.msgs.Pose_V) -> /tf (tf2_msgs/msg/TFMessage)] (Lazy 0)
[parameter_bridge-24] [INFO] [1791336192.339427710] [hmi_display_msg_bridge]: Passing message from ROS std_msgs/msg/Int32 to Gazebo gz.msgs.Int32 (showing msg only once per type)
[parameter_bridge-24] [INFO] [1791336192.339491223] [hmi_display_msg_bridge]: Passing message from ROS std_msgs/msg/String to Gazebo gz.msgs.StringMsg (showing msg only once per type)
[parameter_bridge-2] [WARN] [1791336192.377322015] [clock_bridge]: New subscription discovered on topic '/clock', requesting incompatible QoS. No messages will be sent to it. Last incompatible policy: DURABILITY_QOS_POLICY
[wait_for_ready-47] [INFO] [1791336192.381661938] [wait_for_rviz]: ready: topic /clock (message received)
[parameter_bridge-27] [WARN] [1791336192.410411971] [lidar_bridge]: New subscription discovered on topic '/scan', requesting incompatible QoS. No messages will be sent to it. Last incompatible policy: DURABILITY_QOS_POLICY
[parameter_bridge-27] [WARN] [1791336192.413705042] [lidar_bridge]: New subscription discovered on topic '/scan', requesting incompatible QoS. No messages will be sent to it. Last incompatible policy: DURABILITY_QOS_POLICY
[wait_for_ready-47] [WARN] [1791336192.413852204] [wait_for_rviz]: New publisher discovered on topic '/scan', offering incompatible QoS. No messages will be received from it. Last incompatible policy: DURABILITY
[wait_for_ready-48] [WARN] [1791336192.420932743] [wait_for_sim]: New publisher discovered on topic '/scan', offering incompatible QoS. No messages will be received from it. Last incompatible policy: DURABILITY
[create-7] [INFO] [1791336192.555864994] [ros_gz_sim]: Entity creation successful.
[INFO] [create-7]: process has finished cleanly [pid 91685]
[create-6] [INFO] [1791336192.931709992] [ros_gz_sim]: Waiting messages on topic [robot_description].
[create-6] [INFO] [1791336193.072106587] [ros_gz_sim]: Entity creation successful.
[INFO] [create-6]: process has finished cleanly [pid 91683]
[gazebo-1] [1;33m[GUI] [Wrn] [OBJLoader.cc:91] [0m[1;33mBoth `d` and `Tr` parameters defined for "Chair". Use the value of `d` for dissolve (line 8 in .mtl.)[0m
[gazebo-1] [1;33m[0m
[gazebo-1] [1;36m[Dbg] [SDFFeatures.cc:864] [0m[1;36mThe geometry element of collision [[0m[1;36mcollision[0m[1;36m] [0m[1;36mcouldn't be created[0m
[gazebo-1] [1;36m[Dbg] [SDFFeatures.cc:332] [0m[1;36mMesh construction from an SDF has not been implemented yet for [0m[1;36mdartsim. Use AttachMeshShapeFeature to use mesh shapes.[0m
[gazebo-1] [1;36m[Dbg] [SDFFeatures.cc:864] [0m[1;36mThe geometry element of collision [[0m[1;36mcollision[0m[1;36m] [0m[1;36mcouldn't be created[0m
[gazebo-1] [1;36m[Dbg] [SDFFeatures.cc:332] [0m[1;36mMesh construction from an SDF has not been implemented yet for [0m[1;36mdartsim. Use AttachMeshShapeFeature to use mesh shapes.[0m
[gazebo-1] [1;36m[Dbg] [SDFFeatures.cc:864] [0m[1;36mThe geometry element of collision [[0m[1;36mcollision[0m[1;36m] [0m[1;36mcouldn't be created[0m
[gazebo-1] [1;36m[Dbg] [SimulationFeatures.cc:90] [0m[1;36mSimulation timestep set to: [0m[1;36m0.003[0m[1;36m[0m
[gazebo-1] [1;32m[Msg] [0m[1;32mServing scene information on [[0m[1;32m/world/warehouse[0m[1;32m/[0m[1;32mscene/info[0m[1;32m][0m[1;32m[0m
[gazebo-1] [1;32m[Msg] [0m[1;32mServing graph information on [[0m[1;32m/world/warehouse[0m[1;32m/[0m[1;32mscene/graph[0m[1;32m][0m[1;32m[0m
[gazebo-1] [1;32m[Msg] [0m[1;32mServing full state on [[0m[1;32m/world/warehouse[0m[1;32m/[0m[1;32mstate[0m[1;32m][0m[1;32m[0m
[gazebo-1] [1;32m[Msg] [0m[1;32mServing full state (async) on [[0m[1;32m/world/warehouse[0m[1;32m/[0m[1;32mstate_async[0m[1;32m][0m[1;32m[0m
[gazebo-1] [1;32m[Msg] [0m[1;32mPublishing scene information on [[0m[1;32m/world/warehouse/scene/info[0m[1;32m][0m[1;32m[0m
[gazebo-1] [1;32m[Msg] [0m[1;32mPublishing entity deletions on [[0m[1;32m/world/warehouse/scene/deletion[0m[1;32m][0m[1;32m[0m
[gazebo-1] [1;32m[Msg] [0m[1;32mPublishing state changes on [[0m[1;32m/world/warehouse/state[0m[1;32m][0m[1;32m[0m
[gazebo-1] [1;32m[Msg] [0m[1;32mPublishing pose messages on [[0m[1;32m/world/warehouse[0m[1;32m/[0m[1;32mpose/info[0m[1;32m][0m[1;32m[0m
[gazebo-1] [1;32m[Msg] [0m[1;32mPublishing dynamic pose messages on [[0m[1;32m/world/warehouse[0m[1;32m/[0m[1;32mdynamic_pose/info[0m[1;32m][0m[1;32m[0m
[gazebo-1] [1;36m[Dbg] [EntityComponentManager.cc:1656] [0m[1;36mUpdated state thread iterators: [0m[1;36m16[0m[1;36m threads processing around [0m[1;36m10[0m[1;36m entities each.[0m[1;36m[0m
[gazebo-1] [1;36m[Dbg] [SystemManager.cc:80] [0m[1;36mLoaded system [[0m[1;36mgz::sim::systems::PosePublisher[0m[1;36m] for entity [[0m[1;36m148[0m[1;36m][0m[1;36m[0m
[gazebo-1] [1;36m[Dbg] [UserCommands.cc:1094] [0m[1;36mCreated entity [[0m[1;36m148[0m[1;36m] named [[0m[1;36mstandard_dock[0m[1;36m][0m[1;36m[0m
[gazebo-1] [1;36m[Dbg] [SimulationRunner.cc:560] [0m[1;36mExiting postupdate worker thread ([0m[1;36m0[0m[1;36m)[0m[1;36m[0m
[gazebo-1] [1;36m[Dbg] [SimulationRunner.cc:560] [0m[1;36mExiting postupdate worker thread ([0m[1;36m1[0m[1;36m)[0m[1;36m[0m
[gazebo-1] [1;36m[Dbg] [SimulationRunner.cc:533] [0m[1;36mCreating PostUpdate worker threads: [0m[1;36m4[0m[1;36m[0m
[gazebo-1] [1;36m[Dbg] [SimulationRunner.cc:544] [0m[1;36mCreating postupdate worker thread ([0m[1;36m0[0m[1;36m)[0m[1;36m[0m
[gazebo-1] [1;36m[Dbg] [SimulationRunner.cc:544] [0m[1;36mCreating postupdate worker thread ([0m[1;36m1[0m[1;36m)[0m[1;36m[0m
[gazebo-1] [1;36m[Dbg] [SimulationRunner.cc:544] [0m[1;36mCreating postupdate worker thread ([0m[1;36m2[0m[1;36m)[0m[1;36m[0m
[gazebo-1] [1;33mWarning [Utils.cc:132][0m [/sdf/model[@name="tb4_lite6"]/joint[@name="wheel_drop_left_joint"]/physics/ode/provide_feedback:<urdf-string>:L0]: XML Element[provide_feedback], child of element[ode], not defined in SDF. Copying[provide_feedback] as children of [ode].
[gazebo-1] [1;33mWarning [Utils.cc:132][0m [/sdf/model[@name="tb4_lite6"]/joint[@name="wheel_drop_right_joint"]/physics/ode/provide_feedback:<urdf-string>:L0]: XML Element[provide_feedback], child of element[ode], not defined in SDF. Copying[provide_feedback] as children of [ode].
[gazebo-1] [1;33m[Wrn] [SdfEntityCreator.cc:933] [0m[1;33mGazebo does not support Ogre material scripts. See [0m[1;33mhttps://gazebosim.org/api/sim/8/migrationsdf.html#:~:text=Materials [0m[1;33mfor details.[0m[1;33m[0m
[gazebo-1] [1;33m[Wrn] [SdfEntityCreator.cc:949] [0m[1;33mUsing an internal gazebo.material to parse [0m[1;33mGazebo/DarkGrey[0m[1;33m[0m
[gazebo-1] [1;33m[Wrn] [SdfEntityCreator.cc:933] [0m[1;33mGazebo does not support Ogre material scripts. See [0m[1;33mhttps://gazebosim.org/api/sim/8/migrationsdf.html#:~:text=Materials [0m[1;33mfor details.[0m[1;33m[0m
[gazebo-1] [1;33m[Wrn] [SdfEntityCreator.cc:949] [0m[1;33mUsing an internal gazebo.material to parse [0m[1;33mGazebo/DarkGrey[0m[1;33m[0m
[gazebo-1] [1;33m[Wrn] [SdfEntityCreator.cc:933] [0m[1;33mGazebo does not support Ogre material scripts. See [0m[1;33mhttps://gazebosim.org/api/sim/8/migrationsdf.html#:~:text=Materials [0m[1;33mfor details.[0m[1;33m[0m
[gazebo-1] [1;33m[Wrn] [SdfEntityCreator.cc:949] [0m[1;33mUsing an internal gazebo.material to parse [0m[1;33mGazebo/DarkGrey[0m[1;33m[0m
[gazebo-1] [1;33m[Wrn] [SdfEntityCreator.cc:933] [0m[1;33mGazebo does not support Ogre material scripts. See [0m[1;33mhttps://gazebosim.org/api/sim/8/migrationsdf.html#:~:text=Materials [0m[1;33mfor details.[0m[1;33m[0m
[gazebo-1] [1;33m[Wrn] [SdfEntityCreator.cc:949] [0m[1;33mUsing an internal gazebo.material to parse [0m[1;33mGazebo/DarkGrey[0m[1;33m[0m
[gazebo-1] [1;33m[GUI] [Wrn] [OBJLoader.cc:91] [0m[1;33mBoth `d` and `Tr` parameters defined for "CoffeeTable". Use the value of `d` for dissolve (line 8 in .mtl.)[0m
[gazebo-1] [1;33m[0m
[gazebo-1] [INFO] [1791336193.355511433] [gz_ros_control]: [gz_ros2_control] Fixed joint ['bumper_joint'] (Entity='270') is skipped.
[gazebo-1] [INFO] [1791336193.355543347] [gz_ros_control]: [gz_ros2_control] Fixed joint ['front_caster_joint'] (Entity='271') is skipped.
[gazebo-1] [INFO] [1791336193.355546967] [gz_ros_control]: [gz_ros2_control] Fixed joint ['front_left_bottom_weight_block_joint'] (Entity='272') is skipped.
[gazebo-1] [INFO] [1791336193.355549927] [gz_ros_control]: [gz_ros2_control] Fixed joint ['front_left_top_weight_block_joint'] (Entity='273') is skipped.
[gazebo-1] [INFO] [1791336193.355552693] [gz_ros_control]: [gz_ros2_control] Fixed joint ['front_right_bottom_weight_block_joint'] (Entity='274') is skipped.
[gazebo-1] [INFO] [1791336193.355555223] [gz_ros_control]: [gz_ros2_control] Fixed joint ['front_right_top_weight_block_joint'] (Entity='275') is skipped.
[gazebo-1] [INFO] [1791336193.355557684] [gz_ros_control]: [gz_ros2_control] Fixed joint ['imu_joint'] (Entity='276') is skipped.
[gazebo-1] [INFO] [1791336193.355559851] [gz_ros_control]: [gz_ros2_control] Fixed joint ['ir_intensity_front_center_left_joint'] (Entity='277') is skipped.
[gazebo-1] [INFO] [1791336193.355569510] [gz_ros_control]: [gz_ros2_control] Fixed joint ['ir_intensity_front_center_right_joint'] (Entity='278') is skipped.
[gazebo-1] [INFO] [1791336193.355572461] [gz_ros_control]: [gz_ros2_control] Fixed joint ['ir_intensity_front_left_joint'] (Entity='279') is skipped.
[gazebo-1] [INFO] [1791336193.355575084] [gz_ros_control]: [gz_ros2_control] Fixed joint ['ir_intensity_front_right_joint'] (Entity='280') is skipped.
[gazebo-1] [INFO] [1791336193.355577687] [gz_ros_control]: [gz_ros2_control] Fixed joint ['ir_intensity_left_joint'] (Entity='281') is skipped.
[gazebo-1] [INFO] [1791336193.355580178] [gz_ros_control]: [gz_ros2_control] Fixed joint ['ir_intensity_right_joint'] (Entity='282') is skipped.
[gazebo-1] [INFO] [1791336193.355582628] [gz_ros_control]: [gz_ros2_control] Fixed joint ['ir_intensity_side_left_joint'] (Entity='283') is skipped.
[gazebo-1] [INFO] [1791336193.355585120] [gz_ros_control]: [gz_ros2_control] Fixed joint ['ir_omni_joint'] (Entity='284') is skipped.
[gazebo-1] [INFO] [1791336193.355587328] [gz_ros_control]: [gz_ros2_control] Fixed joint ['mouse_joint'] (Entity='285') is skipped.
[gazebo-1] [INFO] [1791336193.355592171] [gz_ros_control]: [gz_ros2_control] Fixed joint ['arm_vacuum_gripper_fix'] (Entity='292') is skipped.
[gazebo-1] [INFO] [1791336193.355594825] [gz_ros_control]: [gz_ros2_control] Fixed joint ['front_left_tower_standoff_joint'] (Entity='293') is skipped.
[gazebo-1] [INFO] [1791336193.355597300] [gz_ros_control]: [gz_ros2_control] Fixed joint ['front_right_tower_standoff_joint'] (Entity='294') is skipped.
[gazebo-1] [INFO] [1791336193.355599616] [gz_ros_control]: [gz_ros2_control] Fixed joint ['oakd_camera_bracket_joint'] (Entity='295') is skipped.
[gazebo-1] [INFO] [1791336193.355601952] [gz_ros_control]: [gz_ros2_control] Fixed joint ['oakd_joint'] (Entity='296') is skipped.
[gazebo-1] [INFO] [1791336193.355603994] [gz_ros_control]: [gz_ros2_control] Fixed joint ['oakd_imu_joint'] (Entity='297') is skipped.
[gazebo-1] [INFO] [1791336193.355606026] [gz_ros_control]: [gz_ros2_control] Fixed joint ['oakd_left_camera_joint'] (Entity='298') is skipped.
[gazebo-1] [INFO] [1791336193.355608588] [gz_ros_control]: [gz_ros2_control] Fixed joint ['oakd_left_camera_optical_joint'] (Entity='299') is skipped.
[gazebo-1] [INFO] [1791336193.355611246] [gz_ros_control]: [gz_ros2_control] Fixed joint ['oakd_rgb_camera_joint'] (Entity='300') is skipped.
[gazebo-1] [INFO] [1791336193.355613715] [gz_ros_control]: [gz_ros2_control] Fixed joint ['oakd_rgb_camera_optical_joint'] (Entity='301') is skipped.
[gazebo-1] [INFO] [1791336193.355616358] [gz_ros_control]: [gz_ros2_control] Fixed joint ['oakd_right_camera_joint'] (Entity='302') is skipped.
[gazebo-1] [INFO] [1791336193.355618755] [gz_ros_control]: [gz_ros2_control] Fixed joint ['oakd_right_camera_optical_joint'] (Entity='303') is skipped.
[gazebo-1] [INFO] [1791336193.355621238] [gz_ros_control]: [gz_ros2_control] Fixed joint ['rear_left_tower_standoff_joint'] (Entity='304') is skipped.
[gazebo-1] [INFO] [1791336193.355623622] [gz_ros_control]: [gz_ros2_control] Fixed joint ['rear_right_tower_standoff_joint'] (Entity='305') is skipped.
[gazebo-1] [INFO] [1791336193.355625918] [gz_ros_control]: [gz_ros2_control] Fixed joint ['rplidar_joint'] (Entity='306') is skipped.
[gazebo-1] [INFO] [1791336193.355682212] [gz_ros_control]: [gz_ros2_control] Fixed joint ['tower_sensor_plate_joint'] (Entity='307') is skipped.
[gazebo-1] [INFO] [1791336193.363150843] [gz_ros_control]: Loading controller_manager
[gazebo-1] [INFO] [1791336193.395592745] [controller_manager]: Using ROS clock for triggering controller manager cycles.
[gazebo-1] [INFO] [1791336193.400244099] [controller_manager]: Subscribing to '/robot_description' topic for robot description.
[gazebo-1] [WARN] [1791336193.402914995] [gz_ros_control]: Waiting RM to load and initialize hardware...
[gazebo-1] [INFO] [1791336193.656740053] [controller_manager]: Received robot description from topic.
[gazebo-1] [INFO] [1791336193.656824083] [controller_manager]: Enforcing command limits is disabled. Command limits from URDF will be ignored.
[gazebo-1] [INFO] [1791336193.665552334] [gz_ros_control]: The position_proportional_gain has been set to: 0.1
[gazebo-1] [INFO] [1791336193.665795065] [gz_ros_control]: Loading joint: left_wheel_joint
[gazebo-1] [INFO] [1791336193.665807662] [gz_ros_control]: 	State:
[gazebo-1] [INFO] [1791336193.665815444] [gz_ros_control]: 		 velocity
[gazebo-1] [INFO] [1791336193.665820601] [gz_ros_control]: 		 position
[gazebo-1] [INFO] [1791336193.665826466] [gz_ros_control]: 	Command:
[gazebo-1] [INFO] [1791336193.665830173] [gz_ros_control]: 		 velocity
[gazebo-1] [INFO] [1791336193.665946446] [gz_ros_control]: Loading sensor: imu
[gazebo-1] [INFO] [1791336193.665953564] [gz_ros_control]: 	State:
[gazebo-1] [WARN] [1791336193.665957830] [gz_ros_control]: IMU sensor 'imu' not found in hardware_info, skipping.
[gazebo-1] [INFO] [1791336193.666095858] [controller_manager]: Initialize hardware 'left_wheel_controller' 
[gazebo-1] [WARN] [1791336193.666108381] [controller_manager.hardware_component.system.left_wheel_controller]: Executor is not available during hardware component initialization for 'left_wheel_controller'. Skipping node creation!
[gazebo-1] [INFO] [1791336193.666128181] [controller_manager]: Successful initialization of hardware 'left_wheel_controller'
[gazebo-1] [INFO] [1791336193.666224437] [gz_ros_control]: The position_proportional_gain has been set to: 0.1
[gazebo-1] [INFO] [1791336193.666246768] [gz_ros_control]: Loading joint: right_wheel_joint
[gazebo-1] [INFO] [1791336193.666251404] [gz_ros_control]: 	State:
[gazebo-1] [INFO] [1791336193.666255317] [gz_ros_control]: 		 velocity
[gazebo-1] [INFO] [1791336193.666259353] [gz_ros_control]: 		 position
[gazebo-1] [INFO] [1791336193.666263793] [gz_ros_control]: 	Command:
[gazebo-1] [INFO] [1791336193.666269810] [gz_ros_control]: 		 velocity
[gazebo-1] [INFO] [1791336193.666281673] [gz_ros_control]: Loading sensor: imu
[gazebo-1] [INFO] [1791336193.666285492] [gz_ros_control]: 	State:
[gazebo-1] [WARN] [1791336193.666289121] [gz_ros_control]: IMU sensor 'imu' not found in hardware_info, skipping.
[gazebo-1] [INFO] [1791336193.666308667] [controller_manager]: Initialize hardware 'right_wheel_controller' 
[gazebo-1] [WARN] [1791336193.666315820] [controller_manager.hardware_component.system.right_wheel_controller]: Executor is not available during hardware component initialization for 'right_wheel_controller'. Skipping node creation!
[gazebo-1] [INFO] [1791336193.666329811] [controller_manager]: Successful initialization of hardware 'right_wheel_controller'
[gazebo-1] [INFO] [1791336193.666379473] [gz_ros_control]: The position_proportional_gain has been set to: 0.1
[gazebo-1] [INFO] [1791336193.666406651] [gz_ros_control]: Loading joint: arm_joint1
[gazebo-1] [INFO] [1791336193.666414769] [gz_ros_control]: 	State:
[gazebo-1] [INFO] [1791336193.666429642] [gz_ros_control]: 		 position
[gazebo-1] [INFO] [1791336193.666436929] [gz_ros_control]: 		 velocity
[gazebo-1] [INFO] [1791336193.666449734] [gz_ros_control]: 	Command:
[gazebo-1] [INFO] [1791336193.666453498] [gz_ros_control]: 		 position
[gazebo-1] [INFO] [1791336193.666503521] [gz_ros_control]: 		 velocity
[gazebo-1] [INFO] [1791336193.666523948] [gz_ros_control]: Loading joint: arm_joint2
[gazebo-1] [INFO] [1791336193.666527815] [gz_ros_control]: 	State:
[gazebo-1] [INFO] [1791336193.666530336] [gz_ros_control]: 		 position
[gazebo-1] [INFO] [1791336193.666533949] [gz_ros_control]: 		 velocity
[gazebo-1] [INFO] [1791336193.666536159] [gz_ros_control]: 	Command:
[gazebo-1] [INFO] [1791336193.666538173] [gz_ros_control]: 		 position
[gazebo-1] [INFO] [1791336193.666544596] [gz_ros_control]: 		 velocity
[gazebo-1] [INFO] [1791336193.666553171] [gz_ros_control]: Loading joint: arm_joint3
[gazebo-1] [INFO] [1791336193.666587417] [gz_ros_control]: 	State:
[gazebo-1] [INFO] [1791336193.666593737] [gz_ros_control]: 		 position
[gazebo-1] [INFO] [1791336193.666597240] [gz_ros_control]: 		 velocity
[gazebo-1] [INFO] [1791336193.666599443] [gz_ros_control]: 	Command:
[gazebo-1] [INFO] [1791336193.666601583] [gz_ros_control]: 		 position
[gazebo-1] [INFO] [1791336193.666609831] [gz_ros_control]: 		 velocity
[gazebo-1] [INFO] [1791336193.666619439] [gz_ros_control]: Loading joint: arm_joint4
[gazebo-1] [INFO] [1791336193.666622066] [gz_ros_control]: 	State:
[gazebo-1] [INFO] [1791336193.666624116] [gz_ros_control]: 		 position
[gazebo-1] [INFO] [1791336193.666628514] [gz_ros_control]: 		 velocity
[gazebo-1] [INFO] [1791336193.666630473] [gz_ros_control]: 	Command:
[gazebo-1] [INFO] [1791336193.666632392] [gz_ros_control]: 		 position
[gazebo-1] [INFO] [1791336193.666637343] [gz_ros_control]: 		 velocity
[gazebo-1] [INFO] [1791336193.666645552] [gz_ros_control]: Loading joint: arm_joint5
[gazebo-1] [INFO] [1791336193.666647879] [gz_ros_control]: 	State:
[gazebo-1] [INFO] [1791336193.666649892] [gz_ros_control]: 		 position
[gazebo-1] [INFO] [1791336193.666652982] [gz_ros_control]: 		 velocity
[gazebo-1] [INFO] [1791336193.666654953] [gz_ros_control]: 	Command:
[gazebo-1] [INFO] [1791336193.666656919] [gz_ros_control]: 		 position
[gazebo-1] [INFO] [1791336193.666663100] [gz_ros_control]: 		 velocity
[gazebo-1] [INFO] [1791336193.666670510] [gz_ros_control]: Loading joint: arm_joint6
[gazebo-1] [INFO] [1791336193.666672745] [gz_ros_control]: 	State:
[gazebo-1] [INFO] [1791336193.666674725] [gz_ros_control]: 		 position
[gazebo-1] [INFO] [1791336193.666676779] [gz_ros_control]: 		 velocity
[gazebo-1] [INFO] [1791336193.666678667] [gz_ros_control]: 	Command:
[gazebo-1] [INFO] [1791336193.666680611] [gz_ros_control]: 		 position
[gazebo-1] [INFO] [1791336193.666686607] [gz_ros_control]: 		 velocity
[gazebo-1] [INFO] [1791336193.666690244] [gz_ros_control]: Loading sensor: imu
[gazebo-1] [INFO] [1791336193.666692827] [gz_ros_control]: 	State:
[gazebo-1] [WARN] [1791336193.666695097] [gz_ros_control]: IMU sensor 'imu' not found in hardware_info, skipping.
[gazebo-1] [INFO] [1791336193.666722987] [controller_manager]: Initialize hardware 'arm_gz_ros2_control/GazeboSimSystem' 
[gazebo-1] [WARN] [1791336193.666734415] [controller_manager.hardware_component.system.arm_gz_ros2_control/GazeboSimSystem]: Executor is not available during hardware component initialization for 'arm_gz_ros2_control/GazeboSimSystem'. Skipping node creation!
[gazebo-1] [INFO] [1791336193.666760960] [controller_manager]: Successful initialization of hardware 'arm_gz_ros2_control/GazeboSimSystem'
[gazebo-1] [INFO] [1791336193.666856528] [controller_manager]: Activating component 'arm_gz_ros2_control/GazeboSimSystem'.
[gazebo-1] [INFO] [1791336193.666863124] [resource_manager]: 'configure' hardware 'arm_gz_ros2_control/GazeboSimSystem' 
[gazebo-1] [INFO] [1791336193.666865744] [gz_ros_control]: System Successfully configured!
[gazebo-1] [INFO] [1791336193.666871812] [resource_manager]: Successful 'configure' of hardware 'arm_gz_ros2_control/GazeboSimSystem'
[gazebo-1] [INFO] [1791336193.666875570] [resource_manager]: 'activate' hardware 'arm_gz_ros2_control/GazeboSimSystem' 
[gazebo-1] [INFO] [1791336193.666878473] [resource_manager]: Successful 'activate' of hardware 'arm_gz_ros2_control/GazeboSimSystem'
[gazebo-1] [INFO] [1791336193.666894505] [controller_manager]: Activating component 'right_wheel_controller'.
[gazebo-1] [INFO] [1791336193.666897499] [resource_manager]: 'configure' hardware 'right_wheel_controller' 
[gazebo-1] [INFO] [1791336193.666898785] [gz_ros_control]: System Successfully configured!
[gazebo-1] [INFO] [1791336193.666903020] [resource_manager]: Successful 'configure' of hardware 'right_wheel_controller'
[gazebo-1] [INFO] [1791336193.666904665] [resource_manager]: 'activate' hardware 'right_wheel_controller' 
[gazebo-1] [INFO] [1791336193.666906354] [resource_manager]: Successful 'activate' of hardware 'right_wheel_controller'
[gazebo-1] [INFO] [1791336193.666915560] [controller_manager]: Activating component 'left_wheel_controller'.
[gazebo-1] [INFO] [1791336193.666918020] [resource_manager]: 'configure' hardware 'left_wheel_controller' 
[gazebo-1] [INFO] [1791336193.666919246] [gz_ros_control]: System Successfully configured!
[gazebo-1] [INFO] [1791336193.666921328] [resource_manager]: Successful 'configure' of hardware 'left_wheel_controller'
[gazebo-1] [INFO] [1791336193.666922821] [resource_manager]: 'activate' hardware 'left_wheel_controller' 
[gazebo-1] [INFO] [1791336193.666937609] [resource_manager]: Successful 'activate' of hardware 'left_wheel_controller'
[gazebo-1] [WARN] [1791336193.666946504] [controller_manager]: Component 'arm_gz_ros2_control/GazeboSimSystem' does not have read or write statistics initialized, skipping registration.
[gazebo-1] [WARN] [1791336193.666951558] [controller_manager]: Component 'right_wheel_controller' does not have read or write statistics initialized, skipping registration.
[gazebo-1] [WARN] [1791336193.666953820] [controller_manager]: Component 'left_wheel_controller' does not have read or write statistics initialized, skipping registration.
[gazebo-1] [INFO] [1791336193.666959747] [controller_manager]: Resource Manager has been successfully initialized. Starting Controller Manager services...
[gazebo-1] [WARN] [1791336194.541348168] [controller_manager.rclcpp]: failed to send response to /controller_manager/list_controllers (timeout): client will not receive response, at /home/runner/conda-bld/bld/rattler-build_ros-jazzy-rmw-fastrtps-shared-cpp_1782301755/work/ros-jazzy-rmw-fastrtps-shared-cpp/src/work/src/rmw_response.cpp:153, at /home/runner/conda-bld/bld/rattler-build_ros-jazzy-rcl_1782302707/work/ros-jazzy-rcl/src/work/src/rcl/service.c:400
[gazebo-1] [1;36m[Dbg] [SystemManager.cc:80] [0m[1;36mLoaded system [[0m[1;36mgz_ros2_control::GazeboSimROS2ControlPlugin[0m[1;36m] for entity [[0m[1;36m164[0m[1;36m][0m[1;36m[0m
[gazebo-1] [1;36m[Dbg] [SystemManager.cc:80] [0m[1;36mLoaded system [[0m[1;36mgz::sim::systems::PosePublisher[0m[1;36m] for entity [[0m[1;36m164[0m[1;36m][0m[1;36m[0m
[gazebo-1] [1;36m[Dbg] [SystemManager.cc:80] [0m[1;36mLoaded system [[0m[1;36mgz::sim::systems::Contact[0m[1;36m] for entity [[0m[1;36m164[0m[1;36m][0m[1;36m[0m
[gazebo-1] [1;36m[Dbg] [Sensors.cc:697] [0m[1;36mConfiguring Sensors system[0m[1;36m[0m
[gazebo-1] [1;36m[Dbg] [Sensors.cc:557] [0m[1;36mSensorsPrivate::Run[0m[1;36m[0m
[gazebo-1] [1;36m[Dbg] [SystemManager.cc:80] [0m[1;36mLoaded system [[0m[1;36mgz::sim::systems::Sensors[0m[1;36m] for entity [[0m[1;36m164[0m[1;36m][0m[1;36m[0m
[gazebo-1] [1;36m[Dbg] [Sensors.cc:532] [0m[1;36mSensorsPrivate::RenderThread started[0m[1;36m[0m
[gazebo-1] [1;36m[Dbg] [Sensors.cc:337] [0m[1;36mWaiting for init[0m[1;36m[0m
[gazebo-1] [1;36m[Dbg] [DetachableJoint.cc:137] [0m[1;36mDetach topic is: [0m[1;36m/vacuum_gripper/detach[0m[1;36m[0m
[gazebo-1] [1;36m[Dbg] [DetachableJoint.cc:143] [0m[1;36mDetachableJoint subscribing to messages on [0m[1;36m[[0m[1;36m/vacuum_gripper/detach[0m[1;36m][0m[1;36m[0m
[gazebo-1] [1;36m[Dbg] [DetachableJoint.cc:160] [0m[1;36mAttach topic is: [0m[1;36m/vacuum_gripper/attach[0m[1;36m[0m
[gazebo-1] [1;36m[Dbg] [DetachableJoint.cc:195] [0m[1;36mOutput topic is: [0m[1;36m/vacuum_gripper/state[0m[1;36m[0m
[gazebo-1] [1;36m[Dbg] [SystemManager.cc:80] [0m[1;36mLoaded system [[0m[1;36mgz::sim::systems::DetachableJoint[0m[1;36m] for entity [[0m[1;36m164[0m[1;36m][0m[1;36m[0m
[gazebo-1] [1;32m[Msg] [0m[1;32mOdometryPublisher publishing odometry on [[0m[1;32m/model/turtlebot4/odometry[0m[1;32m][0m[1;32m[0m
[gazebo-1] [1;32m[Msg] [0m[1;32mOdometryPublisher publishing odometry with covariance on [[0m[1;32m/model/turtlebot4/odometry_with_covariance[0m[1;32m][0m[1;32m[0m
[gazebo-1] [1;32m[Msg] [0m[1;32mOdometryPublisher publishing Pose_V (TF) on [[0m[1;32m/model/turtlebot4/pose[0m[1;32m][0m[1;32m[0m
[gazebo-1] [1;36m[Dbg] [SystemManager.cc:80] [0m[1;36mLoaded system [[0m[1;36mgz::sim::systems::OdometryPublisher[0m[1;36m] for entity [[0m[1;36m164[0m[1;36m][0m[1;36m[0m
[gazebo-1] [1;36m[Dbg] [UserCommands.cc:1094] [0m[1;36mCreated entity [[0m[1;36m164[0m[1;36m] named [[0m[1;36mturtlebot4[0m[1;36m][0m[1;36m[0m
[gazebo-1] [1;32m[Msg] [0m[1;32mContact system publishing on [0m[1;32m/bumper_contact[0m[1;32m[0m
[gazebo-1] [1;36m[Dbg] [SDFFeatures.cc:332] [0m[1;36mMesh construction from an SDF has not been implemented yet for [0m[1;36mdartsim. Use AttachMeshShapeFeature to use mesh shapes.[0m
[gazebo-1] [1;36m[Dbg] [SDFFeatures.cc:864] [0m[1;36mThe geometry element of collision [[0m[1;36mbase_link_fixed_joint_lump__shell_collision_collision_1[0m[1;36m] [0m[1;36mcouldn't be created[0m
[gazebo-1] [1;36m[Dbg] [SDFFeatures.cc:332] [0m[1;36mMesh construction from an SDF has not been implemented yet for [0m[1;36mdartsim. Use AttachMeshShapeFeature to use mesh shapes.[0m
[gazebo-1] [1;36m[Dbg] [SDFFeatures.cc:864] [0m[1;36mThe geometry element of collision [[0m[1;36mbase_link_fixed_joint_lump__arm_link_base_collision_2[0m[1;36m] [0m[1;36mcouldn't be created[0m
[gazebo-1] [1;36m[Dbg] [SDFFeatures.cc:332] [0m[1;36mMesh construction from an SDF has not been implemented yet for [0m[1;36mdartsim. Use AttachMeshShapeFeature to use mesh shapes.[0m
[gazebo-1] [1;36m[Dbg] [SDFFeatures.cc:864] [0m[1;36mThe geometry element of collision [[0m[1;36mbumper_collision[0m[1;36m] [0m[1;36mcouldn't be created[0m
[gazebo-1] [1;36m[Dbg] [SDFFeatures.cc:332] [0m[1;36mMesh construction from an SDF has not been implemented yet for [0m[1;36mdartsim. Use AttachMeshShapeFeature to use mesh shapes.[0m
[gazebo-1] [1;36m[Dbg] [SDFFeatures.cc:864] [0m[1;36mThe geometry element of collision [[0m[1;36marm_link1_collision[0m[1;36m] [0m[1;36mcouldn't be created[0m
[wait_for_ready-48] [INFO] [1791336195.461576841] [wait_for_sim]: ready: service /controller_manager/list_controllers (answered a call)
[wait_for_ready-48] [INFO] [1791336195.462301006] [wait_for_sim]: ready: node controller_manager
[wait_for_ready-48] [INFO] [1791336195.463415874] [wait_for_sim]: ready: service /controller_manager/set_parameters
[gazebo-1] [1;33m[Wrn] [Component.hh:127] [0m[1;33mTrying to serialize component with data type [[0m[1;33mSt10shared_ptrIN3sdf3v147ElementEE[0m[1;33m], which doesn't have [0m[1;33m`operator<<`. Component will not be serialized.[0m[1;33m[0m
[gazebo-1] [ERROR] [1791336195.599987614] [gz_ros_control]: Desired controller update period (0.001 s) is faster than the gazebo simulation period (0.003 s).
[gazebo-1] [1;33m[GUI] [Wrn] [Component.hh:172] [0m[1;33mTrying to deserialize component with data type [[0m[1;33mSt10shared_ptrIN3sdf3v147ElementEE[0m[1;33m], which doesn't have [0m[1;33m`operator>>`. Component will not be deserialized.[0m[1;33m[0m
[gazebo-1] [1;36m[Dbg] [SDFFeatures.cc:332] [0m[1;36mMesh construction from an SDF has not been implemented yet for [0m[1;36mdartsim. Use AttachMeshShapeFeature tplugin is using camera [[0m[1;36mscene::Camera(65527)[0m[1;36m][0m[1;36m[0m
[gazebo-1] [1;36m[GUI] [Dbg] [InteractiveViewControl.cc:176] [0m[1;36mInteractiveViewControl plugin is moving camera [[0m[1;36mscene::Camera(65527)[0m[1;36m][0m[1;36m[0m
[gazebo-1] [1;33mWarning [Utils.cc:132][0m [/sdf/model[@name="tb4_lite6"]/joint[@name="wheel_drop_left_joint"]/physics/ode/provide_feedback:<data-string>:L2544]: XML Element[provide_feedback], child of element[ode], not defined in SDF. Copying[provide_feedback] as children of [ode].
[gazebo-1] [1;33mWarning [Utils.cc:132][0m [/sdf/model[@name="tb4_lite6"]/joint[@name="wheel_drop_right_joint"]/physics/ode/provide_feedback:<data-string>:L2665]: XML Element[provide_feedback], child of element[ode], not defined in SDF. Copying[provide_feedback] as children of [ode].
[gazebo-1] [1;33m[Wrn] [ColladaLoader.cc:2395] [0m[1;33mTriangle input semantic: '[0m[1;33mCOLOR[0m[1;33m' is currently[0m[1;33m not supported[0m[1;33m[0m
[gazebo-1] [1;33m[Wrn] [ColladaLoader.cc:2395] [0m[1;33mTriangle input semantic: '[0m[1;33mCOLOR[0m[1;33m' is currently[0m[1;33m not supported[0m[1;33m[0m
[gazebo-1] o use mesh shapes.[0m
[gazebo-1] [1;36m[Dbg] [SDFFeatures.cc:864] [0m[1;36mThe geometry element of collision [[0m[1;36marm_link2_collision[0m[1;36m] [0m[1;36mcouldn't be created[0m
[gazebo-1] [1;36m[Dbg] [SDFFeatures.cc:332] [0m[1;36mMesh construction from an SDF has not been implemented yet for [0m[1;36mdartsim. Use AttachMeshShapeFeature to use mesh shapes.[0m
[gazebo-1] [1;36m[Dbg] [SDFFeatures.cc:864] [0m[1;36mThe geometry element of collision [[0m[1;36marm_link3_collision[0m[1;36m] [0m[1;36mcouldn't be created[0m
[gazebo-1] [1;36m[Dbg] [SDFFeatures.cc:332] [0m[1;36mMesh construction from an SDF has not been implemented yet for [0m[1;36mdartsim. Use AttachMeshShapeFeature to use mesh shapes.[0m
[gazebo-1] [1;36m[Dbg] [SDFFeatures.cc:864] [0m[1;36mThe geometry element of collision [[0m[1;36marm_link4_collision[0m[1;36m] [0m[1;36mcouldn't be created[0m
[gazebo-1] [1;36m[Dbg] [SDFFeatures.cc:332] [0m[1;36mMesh construction from an SDF has not been implemented yet for [0m[1;36mdartsim. Use AttachMeshShapeFeature to use mesh shapes.[0m
[gazebo-1] [1;36m[Dbg] [SDFFeatures.cc:864] [0m[1;36mThe geometry element of collision [[0m[1;36marm_link5_collision[0m[1;36m] [0m[1;36mcouldn't be created[0m
[gazebo-1] [1;36m[Dbg] [SDFFeatures.cc:332] [0m[1;36mMesh construction from an SDF has not been implemented yet for [0m[1;36mdartsim. Use AttachMeshShapeFeature to use mesh shapes.[0m
[gazebo-1] [1;36m[Dbg] [SDFFeatures.cc:864] [0m[1;36mThe geometry element of collision [[0m[1;36marm_link6_collision[0m[1;36m] [0m[1;36mcouldn't be created[0m
[gazebo-1] [1;36m[Dbg] [SDFFeatures.cc:332] [0m[1;36mMesh construction from an SDF has not been implemented yet for [0m[1;36mdartsim. Use AttachMeshShapeFeature to use mesh shapes.[0m
[gazebo-1] [1;36m[Dbg] [SDFFeatures.cc:864] [0m[1;36mThe geometry element of collision [[0m[1;36marm_uflite_vacuum_gripper_link_collision[0m[1;36m] [0m[1;36mcouldn't be created[0m
[gazebo-1] [1;36m[Dbg] [SimulationRunner.cc:560] [0m[1;36mExiting postupdate worker thread ([0m[1;36m0[0m[1;36m)[0m[1;36m[0m
[gazebo-1] [1;36m[Dbg] [SimulationRunner.cc:560] [0m[1;36mExiting postupdate worker thread ([0m[1;36m2[0m[1;36m)[0m[1;36m[0m
[gazebo-1] [1;36mExiting postupdate worker thread ([0m[1;36m1[0m[1;36m)[0m[1;36m[0m
[gazebo-1] [1;36m[Dbg] [SimulationRunner.cc:533] [0m[1;36mCreating PostUpdate worker threads: [0m[1;36m9[0m[1;36m[0m
[gazebo-1] [1;36m[Dbg] [SimulationRunner.cc:544] [0m[1;36mCreating postupdate worker thread ([0m[1;36m0[0m[1;36m)[0m[1;36m[0m
[gazebo-1] [1;36m[Dbg] [SimulationRunner.cc:544] [0m[1;36mCreating postupdate worker thread ([0m[1;36m1[0m[1;36m)[0m[1;36m[0m
[gazebo-1] [1;36m[Dbg] [SimulationRunner.cc:544] [0m[1;36mCreating postupdate worker thread ([0m[1;36m2[0m[1;36m)[0m[1;36m[0m
[gazebo-1] [1;36m[Dbg] [SimulationRunner.cc:544] [0m[1;36mCreating postupdate worker thread ([0m[1;36m3[0m[1;36m)[0m[1;36m[0m
[gazebo-1] [1;36m[Dbg] [SimulationRunner.cc:544] [0m[1;36mCreating postupdate worker thread ([0m[1;36m4[0m[1;36m)[0m[1;36m[0m
[gazebo-1] [1;36m[Dbg] [SimulationRunner.cc:544] [0m[1;36mCreating postupdate worker thread ([0m[1;36m5[0m[1;36m)[0m[1;36m[0m
[gazebo-1] [1;36m[Dbg] [SimulationRunner.cc:544] [0m[1;36mCreating postupdate worker thread ([0m[1;36m6[0m[1;36m)[0m[1;36m[0m
[gazebo-1] [1;36m[Dbg] [SimulationRunner.cc:544] [0m[1;36mCreating postupdate worker thread ([0m[1;36m7[0m[1;36m)[0m[1;36m[0m
[gazebo-1] [1;36m[Dbg] [DetachableJoint.cc:343] [0m[1;36mAttaching entity: [0m[1;36m312[0m[1;36m[0m
[gazebo-1] [1;36m[Dbg] [Physics.cc:1939] [0m[1;36mCreating detachable joint [[0m[1;36m312[0m[1;36m][0m[1;36m[0m
[gazebo-1] [1;36m[Dbg] [Sensors.cc:953] [0m[1;36mInitialization needed[0m[1;36m[0m
[gazebo-1] [1;36m[Dbg] [Sensors.cc:349] [0m[1;36mInitializing render context[0m[1;36m[0m
[gazebo-1] [1;32m[Msg] [0m[1;32mLoading plugin [[0m[1;32mgz-rendering-ogre2[0m[1;32m][0m[1;32m[0m
[gazebo-1] [1;36m[Dbg] [RenderUtil.cc:2646] [0m[1;36mCreate scene [[0m[1;36mscene[0m[1;36m][0m[1;36m[0m
[gazebo-1] [1;36m[Dbg] [Sensors.cc:391] [0m[1;36mRendering Thread initialized[0m[1;36m[0m
[gazebo-1] [1;36m[Dbg] [Sensors.cc:953] [0m[1;36mInitialization needed[0m[1;36m[0m
[gazebo-1] [1;36m[Dbg] [RgbdCameraSensor.cc:210] [0m[1;36mRGB images for [[0m[1;36mturtlebot4::oakd_rgb_camera_frame::rgbd_camera[0m[1;36m] advertised on [[0m[1;36mworld/warehouse/model/turtlebot4/link/oakd_rgb_camera_frame/sensor/rgbd_camera[0m[1;36m/image][0m[1;36m[0m
[gazebo-1] [1;36m[Dbg] [RgbdCameraSensor.cc:224] [0m[1;36mDepth images for [[0m[1;36mturtlebot4::oakd_rgb_camera_frame::rgbd_camera[0m[1;36m] advertised on [[0m[1;36mworld/warehouse/model/turtlebot4/link/oakd_rgb_camera_frame/sensor/rgbd_camera[0m[1;36m/depth_image][0m[1;36m[0m
[gazebo-1] [1;36m[Dbg] [RgbdCameraSensor.cc:238] [0m[1;36mPoints for [[0m[1;36mturtlebot4::oakd_rgb_camera_frame::rgbd_camera[0m[1;36m] advertised on [[0m[1;36mworld/warehouse/model/turtlebot4/link/oakd_rgb_camera_frame/sensor/rgbd_camera[0m[1;36m/points][0m[1;36m[0m
[gazebo-1] [1;36m[Dbg] [CameraSensor.cc:695] [0m[1;36mCamera info for [[0m[1;36mturtlebot4::oakd_rgb_camera_frame::rgbd_camera[0m[1;36m] advertised on [[0m[1;36mworld/warehouse/model/turtlebot4/link/oakd_rgb_camera_frame/sensor/rgbd_camera/camera_info[0m[1;36m][0m[1;36m[0m
[gazebo-1] [1;36m[Dbg] [Lidar.cc:139] [0m[1;36mLaser scans for [[0m[1;36mstandard_dock::green_buoy_link::green_buoy[0m[1;36m] advertised on [[0m[1;36mworld/warehouse/model/standard_dock/link/green_buoy_link/sensor/green_buoy/scan[0m[1;36m][0m[1;36m[0m
[gazebo-1] [1;36m[Dbg] [GpuLidarSensor.cc:164] [0m[1;36mLidar points for [[0m[1;36mstandard_dock::green_buoy_link::green_buoy[0m[1;36m] advertised on [[0m[1;36mworld/warehouse/model/standard_dock/link/green_buoy_link/sensor/green_buoy/scan/points[0m[1;36m][0m[1;36m[0m
[gazebo-1] [1;36m[Dbg] [Lidar.cc:139] [0m[1;36mLaser scans for [[0m[1;36mstandard_dock::halo_link::halo[0m[1;36m] advertised on [[0m[1;36mworld/warehouse/model/standard_dock/link/halo_link/sensor/halo/scan[0m[1;36m][0m[1;36m[0m
[gazebo-1] [1;36m[Dbg] [GpuLidarSensor.cc:164] [0m[1;36mLidar points for [[0m[1;36mstandard_dock::halo_link::halo[0m[1;36m] advertised on [[0m[1;36mworld/warehouse/model/standard_dock/link/halo_link/sensor/halo/scan/points[0m[1;36m][0m[1;36m[0m
[gazebo-1] [1;36m[Dbg] [Lidar.cc:139] [0m[1;36mLaser scans for [[0m[1;36mstandard_dock::red_buoy_link::red_buoy[0m[1;36m] advertised on [[0m[1;36mworld/warehouse/model/standard_dock/link/red_buoy_link/sensor/red_buoy/scan[0m[1;36m][0m[1;36m[0m
[gazebo-1] [1;36m[Dbg] [GpuLidarSensor.cc:164] [0m[1;36mLidar points for [[0m[1;36mstandard_dock::red_buoy_link::red_buoy[0m[1;36m] advertised on [[0m[1;36mworld/warehouse/model/standard_dock/link/red_buoy_link/sensor/red_buoy/scan/points[0m[1;36m][0m[1;36m[0m
[gazebo-1] [1;36m[Dbg] [Lidar.cc:139] [0m[1;36mLaser scans for [[0m[1;36mstandard_dock::yellow_buoy_link::yellow_buoy[0m[1;36m] advertised on [[0m[1;36mworld/warehouse/model/standard_dock/link/yellow_buoy_link/sensor/yellow_buoy/scan[0m[1;36m][0m[1;36m[0m
[gazebo-1] [1;36m[Dbg] [GpuLidarSensor.cc:164] [0m[1;36mLidar points for [[0m[1;36mstandard_dock::yellow_buoy_link::yellow_buoy[0m[1;36m] advertised on [[0m[1;36mworld/warehouse/model/standard_dock/link/yellow_buoy_link/sensor/yellow_buoy/scan/points[0m[1;36m][0m[1;36m[0m
[gazebo-1] [1;36m[Dbg] [Lidar.cc:139] [0m[1;36mLaser scans for [[0m[1;36mturtlebot4::base_link::cliff_front_left[0m[1;36m] advertised on [[0m[1;36mworld/warehouse/model/turtlebot4/link/base_link/sensor/cliff_front_left/scan[0m[1;36m][0m[1;36m[0m
[gazebo-1] [1;36m[Dbg] [GpuLidarSensor.cc:164] [0m[1;36mLidar points for [[0m[1;36mturtlebot4::base_link::cliff_front_left[0m[1;36m] advertised on [[0m[1;36mworld/warehouse/model/turtlebot4/link/base_link/sensor/cliff_front_left/scan/points[0m[1;36m][0m[1;36m[0m
[gazebo-1] [1;36m[Dbg] [Lidar.cc:139] [0m[1;36mLaser scans for [[0m[1;36mturtlebot4::base_link::cliff_front_right[0m[1;36m] advertised on [[0m[1;36mworld/warehouse/model/turtlebot4/link/base_link/sensor/cliff_front_right/scan[0m[1;36m][0m[1;36m[0m
[gazebo-1] [1;36m[Dbg] [GpuLidarSensor.cc:164] [0m[1;36mLidar points for [[0m[1;36mturtlebot4::base_link::cliff_front_right[0m[1;36m] advertised on [[0m[1;36mworld/warehouse/model/turtlebot4/link/base_link/sensor/cliff_front_right/scan/points[0m[1;36m][0m[1;36m[0m
[gazebo-1] [1;36m[Dbg] [Lidar.cc:139] [0m[1;36mLaser scans for [[0m[1;36mturtlebot4::base_link::cliff_side_left[0m[1;36m] advertised on [[0m[1;36mworld/warehouse/model/turtlebot4/link/base_link/sensor/cliff_side_left/scan[0m[1;36m][0m[1;36m[0m
[gazebo-1] [1;36m[Dbg] [GpuLidarSensor.cc:164] [0m[1;36mLidar points for [[0m[1;36mturtlebot4::base_link::cliff_side_left[0m[1;36m] advertised on [[0m[1;36mworld/warehouse/model/turtlebot4/link/base_link/sensor/cliff_side_left/scan/points[0m[1;36m][0m[1;36m[0m
[gazebo-1] [1;36m[Dbg] [Lidar.cc:139] [0m[1;36mLaser scans for [[0m[1;36mturtlebot4::base_link::cliff_side_right[0m[1;36m] advertised on [[0m[1;36mworld/warehouse/model/turtlebot4/link/base_link/sensor/cliff_side_right/scan[0m[1;36m][0m[1;36m[0m
[gazebo-1] [1;36m[Dbg] [GpuLidarSensor.cc:164] [0m[1;36mLidar points for [[0m[1;36mturtlebot4::base_link::cliff_side_right[0m[1;36m] advertised on [[0m[1;36mworld/warehouse/model/turtlebot4/link/base_link/sensor/cliff_side_right/scan/points[0m[1;36m][0m[1;36m[0m
[gazebo-1] [1;36m[Dbg] [Lidar.cc:139] [0m[1;36mLaser scans for [[0m[1;36mturtlebot4::ir_intensity_front_center_left::ir_intensity_front_center_left[0m[1;36m] advertised on [[0m[1;36mworld/warehouse/model/turtlebot4/link/ir_intensity_front_center_left/sensor/ir_intensity_front_center_left/scan[0m[1;36m][0m[1;36m[0m
[gazebo-1] [1;36m[Dbg] [GpuLidarSensor.cc:164] [0m[1;36mLidar points for [[0m[1;36mturtlebot4::ir_intensity_front_center_left::ir_intensity_front_center_left[0m[1;36m] advertised on [[0m[1;36mworld/warehouse/model/turtlebot4/link/ir_intensity_front_center_left/sensor/ir_intensity_front_center_left/scan/points[0m[1;36m][0m[1;36m[0m
[gazebo-1] [1;36m[Dbg] [Lidar.cc:139] [0m[1;36mLaser scans for [[0m[1;36mturtlebot4::ir_intensity_front_center_right::ir_intensity_front_center_right[0m[1;36m] advertised on [[0m[1;36mworld/warehouse/model/turtlebot4/link/ir_intensity_front_center_right/sensor/ir_intensity_front_center_right/scan[0m[1;36m][0m[1;36m[0m
[gazebo-1] [1;36m[Dbg] [GpuLidarSensor.cc:164] [0m[1;36mLidar points for [[0m[1;36mturtlebot4::ir_intensity_front_center_right::ir_intensity_front_center_right[0m[1;36m] advertised on [[0m[1;36mworld/warehouse/model/turtlebot4/link/ir_intensity_front_center_right/sensor/ir_intensity_front_center_right/scan/points[0m[1;36m][0m[1;36m[0m
[gazebo-1] [1;36m[Dbg] [Lidar.cc:139] [0m[1;36mLaser scans for [[0m[1;36mturtlebot4::ir_intensity_front_left::ir_intensity_front_left[0m[1;36m] advertised on [[0m[1;36mworld/warehouse/model/turtlebot4/link/ir_intensity_front_left/sensor/ir_intensity_front_left/scan[0m[1;36m][0m[1;36m[0m
[gazebo-1] [1;36m[Dbg] [GpuLidarSensor.cc:164] [0m[1;36mLidar points for [[0m[1;36mturtlebot4::ir_intensity_front_left::ir_intensity_front_left[0m[1;36m] advertised on [[0m[1;36mworld/warehouse/model/turtlebot4/link/ir_intensity_front_left/sensor/ir_intensity_front_left/scan/points[0m[1;36m][0m[1;36m[0m
[gazebo-1] [1;36m[Dbg] [Lidar.cc:139] [0m[1;36mLaser scans for [[0m[1;36mturtlebot4::ir_intensity_front_right::ir_intensity_front_right[0m[1;36m] advertised on [[0m[1;36mworld/warehouse/model/turtlebot4/link/ir_intensity_front_right/sensor/ir_intensity_front_right/scan[0m[1;36m][0m[1;36m[0m
[gazebo-1] [1;36m[Dbg] [GpuLidarSensor.cc:164] [0m[1;36mLidar points for [[0m[1;36mturtlebot4::ir_intensity_front_right::ir_intensity_front_right[0m[1;36m] advertised on [[0m[1;36mworld/warehouse/model/turtlebot4/link/ir_intensity_front_right/sensor/ir_intensity_front_right/scan/points[0m[1;36m][0m[1;36m[0m
[gazebo-1] [1;36m[Dbg] [Lidar.cc:139] [0m[1;36mLaser scans for [[0m[1;36mturtlebot4::ir_intensity_left::ir_intensity_left[0m[1;36m] advertised on [[0m[1;36mworld/warehouse/model/turtlebot4/link/ir_intensity_left/sensor/ir_intensity_left/scan[0m[1;36m][0m[1;36m[0m
[gazebo-1] [1;36m[Dbg] [GpuLidarSensor.cc:164] [0m[1;36mLidar points for [[0m[1;36mturtlebot4::ir_intensity_left::ir_intensity_left[0m[1;36m] advertised on [[0m[1;36mworld/warehouse/model/turtlebot4/link/ir_intensity_left/sensor/ir_intensity_left/scan/points[0m[1;36m][0m[1;36m[0m
[gazebo-1] [1;36m[Dbg] [Lidar.cc:139] [0m[1;36mLaser scans for [[0m[1;36mturtlebot4::ir_intensity_right::ir_intensity_right[0m[1;36m] advertised on [[0m[1;36mworld/warehouse/model/turtlebot4/link/ir_intensity_right/sensor/ir_intensity_right/scan[0m[1;36m][0m[1;36m[0m
[gazebo-1] [1;36m[Dbg] [GpuLidarSensor.cc:164] [0m[1;36mLidar points for [[0m[1;36mturtlebot4::ir_intensity_right::ir_intensity_right[0m[1;36m] advertised on [[0m[1;36mworld/warehouse/model/turtlebot4/link/ir_intensity_right/sensor/ir_intensity_right/scan/points[0m[1;36m][0m[1;36m[0m
[gazebo-1] [1;36m[Dbg] [Lidar.cc:139] [0m[1;36mLaser scans for [[0m[1;36mturtlebot4::ir_intensity_side_left::ir_intensity_side_left[0m[1;36m] advertised on [[0m[1;36mworld/warehouse/model/turtlebot4/link/ir_intensity_side_left/sensor/ir_intensity_side_left/scan[0m[1;36m][0m[1;36m[0m
[gazebo-1] [1;36m[Dbg] [GpuLidarSensor.cc:164] [0m[1;36mLidar points for [[0m[1;36mturtlebot4::ir_intensity_side_left::ir_intensity_side_left[0m[1;36m] advertised on [[0m[1;36mworld/warehouse/model/turtlebot4/link/ir_intensity_side_left/sensor/ir_intensity_side_left/scan/points[0m[1;36m][0m[1;36m[0m
[gazebo-1] [1;36m[Dbg] [Lidar.cc:139] [0m[1;36mLaser scans for [[0m[1;36mturtlebot4::rplidar_link::rplidar[0m[1;36m] advertised on [[0m[1;36mworld/warehouse/model/turtlebot4/link/rplidar_link/sensor/rplidar/scan[0m[1;36m][0m[1;36m[0m
[gazebo-1] [1;36m[Dbg] [GpuLidarSensor.cc:164] [0m[1;36mLidar points for [[0m[1;36mturtlebot4::rplidar_link::rplidar[0m[1;36m] advertised on [[0m[1;36mworld/warehouse/model/turtlebot4/link/rplidar_link/sensor/rplidar/scan/points[0m[1;36m][0m[1;36m[0m
[wait_for_ready-47] [INFO] [1791336198.623809665] [wait_for_rviz]: ready: topic /scan (message received)
[wait_for_ready-48] [INFO] [1791336198.623812652] [wait_for_sim]: ready: topic /scan (message received)
[turtlebot4_node-29] [INFO] [1791336198.641553793] [turtlebot4_node]: OAKD stopped
[turtlebot4_node-29] [INFO] [1791336198.641601548] [turtlebot4_node]: RPLIDAR stopped
[wait_for_ready-48] [sim] ready after 7.3s
[wait_for_ready-47] [rviz] ready after 7.3s
[INFO] [wait_for_ready-47]: process has finished cleanly [pid 91769]
[INFO] [wait_for_ready-48]: process has finished cleanly [pid 91771]
[INFO] [rviz2-49]: process started with pid [93021]
[rviz2-49] Warning: Ignoring XDG_SESSION_TYPE=wayland on Gnome. Use QT_QPA_PLATFORM=wayland to run on Wayland anyway.
[INFO] [spawner-50]: process started with pid [93039]
[INFO] [static_transform_publisher-51]: process started with pid [93041]
[INFO] [map_server-52]: process started with pid [93043]
[INFO] [amcl-53]: process started with pid [93045]
[INFO] [lifecycle_manager-54]: process started with pid [93047]
[INFO] [controller_server-55]: process started with pid [93049]
[INFO] [smoother_server-56]: process started with pid [93051]
[INFO] [planner_server-57]: process started with pid [93053]
[INFO] [route_server-58]: process started with pid [93055]
[INFO] [behavior_server-59]: process started with pid [93057]
[INFO] [bt_navigator-60]: process started with pid [93059]
[INFO] [waypoint_follower-61]: process started with pid [93061]
[INFO] [velocity_smoother-62]: process started with pid [93063]
[INFO] [collision_monitor-63]: process started with pid [93065]
[INFO] [opennav_docking-64]: process started with pid [93067]
[INFO] [lifecycle_manager-65]: process started with pid [93069]
[static_transform_publisher-51] [WARN] [1791336199.102296357] []: Old-style arguments are deprecated; see --help for new-style arguments
[rviz2-49] [INFO] [1791336199.360407471] [rviz2]: Stereo is NOT SUPPORTED
[rviz2-49] [INFO] [1791336199.360478344] [rviz2]: OpenGl version: 4.6 (GLSL 4.6)
[rviz2-49] [INFO] [1791336199.406364163] [rviz2]: Stereo is NOT SUPPORTED
[bt_navigator-60] [INFO] [1791336199.663354144] [bt_navigator]: 
[bt_navigator-60] 	bt_navigator lifecycle node launched. 
[bt_navigator-60] 	Waiting on external lifecycle transitions to activate
[bt_navigator-60] 	See https://design.ros2.org/articles/node_lifecycle.html for more information.
[bt_navigator-60] [INFO] [1791336199.669284969] [bt_navigator]: Creating
[opennav_docking-64] [INFO] [1791336199.750408548] [docking_server]: 
[opennav_docking-64] 	docking_server lifecycle node launched. 
[opennav_docking-64] 	Waiting on external lifecycle transitions to activate
[opennav_docking-64] 	See https://design.ros2.org/articles/node_lifecycle.html for more information.
[opennav_docking-64] [INFO] [1791336199.750471978] [docking_server]: Creating docking_server
[planner_server-57] [INFO] [1791336199.773317182] [planner_server]: 
[planner_server-57] 	planner_server lifecycle node launched. 
[planner_server-57] 	Waiting on external lifecycle transitions to activate
[planner_server-57] 	See https://design.ros2.org/articles/node_lifecycle.html for more information.
[lifecycle_manager-65] [INFO] [1791336199.784417076] [lifecycle_manager_navigation]: Creating
[planner_server-57] [INFO] [1791336199.785650311] [planner_server]: Creating
[lifecycle_manager-65] [INFO] [1791336199.791248542] [lifecycle_manager_navigation]: [34m[1mCreating and initializing lifecycle service clients[0m[0m
[smoother_server-56] [INFO] [1791336199.998681626] [smoother_server]: 
[smoother_server-56] 	smoother_server lifecycle node launched. 
[smoother_server-56] 	Waiting on external lifecycle transitions to activate
[smoother_server-56] 	See https://design.ros2.org/articles/node_lifecycle.html for more information.
[waypoint_follower-61] [INFO] [1791336200.007794780] [waypoint_follower]: 
[waypoint_follower-61] 	waypoint_follower lifecycle node launched. 
[waypoint_follower-61] 	Waiting on external lifecycle transitions to activate
[waypoint_follower-61] 	See https://design.ros2.org/articles/node_lifecycle.html for more information.
[waypoint_follower-61] [INFO] [1791336200.016311732] [waypoint_follower]: Creating
[smoother_server-56] [INFO] [1791336200.026658444] [smoother_server]: Creating smoother server
[lifecycle_manager-54] [INFO] [1791336200.033710578] [lifecycle_manager_localization]: Creating
[static_transform_publisher-51] [INFO] [1791336200.047652879] [map_to_odom_static_tf]: Spinning until stopped - publishing transform
[static_transform_publisher-51] translation: ('0.000000', '0.000000', '0.000000')
[static_transform_publisher-51] rotation: ('0.000000', '0.000000', '0.000000', '1.000000')
[static_transform_publisher-51] from 'map' to 'odom'
[map_server-52] [INFO] [1791336200.048681355] [map_server]: 
[map_server-52] 	map_server lifecycle node launched. 
[map_server-52] 	Waiting on external lifecycle transitions to activate
[map_server-52] 	See https://design.ros2.org/articles/node_lifecycle.html for more information.
[map_server-52] [INFO] [1791336200.048731641] [map_server]: Creating
[lifecycle_manager-54] [INFO] [1791336200.052960993] [lifecycle_manager_localization]: [34m[1mCreating and initializing lifecycle service clients[0m[0m
[collision_monitor-63] [INFO] [1791336200.101733331] [collision_monitor]: 
[collision_monitor-63] 	collision_monitor lifecycle node launched. 
[collision_monitor-63] 	Waiting on external lifecycle transitions to activate
[collision_monitor-63] 	See https://design.ros2.org/articles/node_lifecycle.html for more information.
[route_server-58] [INFO] [1791336200.107841537] [route_server]: 
[route_server-58] 	route_server lifecycle node launched. 
[route_server-58] 	Waiting on external lifecycle transitions to activate
[route_server-58] 	See https://design.ros2.org/articles/node_lifecycle.html for more information.
[velocity_smoother-62] [INFO] [1791336200.121435914] [velocity_smoother]: 
[velocity_smoother-62] 	velocity_smoother lifecycle node launched. 
[velocity_smoother-62] 	Waiting on external lifecycle transitions to activate
[velocity_smoother-62] 	See https://design.ros2.org/articles/node_lifecycle.html for more information.
[controller_server-55] [INFO] [1791336200.126415083] [controller_server]: 
[controller_server-55] 	controller_server lifecycle node launched. 
[controller_server-55] 	Waiting on external lifecycle transitions to activate
[controller_server-55] 	See https://design.ros2.org/articles/node_lifecycle.html for more information.
[planner_server-57] [INFO] [1791336200.137185350] [global_costmap.global_costmap]: 
[planner_server-57] 	global_costmap lifecycle node launched. 
[planner_server-57] 	Waiting on external lifecycle transitions to activate
[planner_server-57] 	See https://design.ros2.org/articles/node_lifecycle.html for more information.
[planner_server-57] [INFO] [1791336200.139731596] [global_costmap.global_costmap]: Creating Costmap
[amcl-53] [INFO] [1791336200.141753969] [amcl]: 
[amcl-53] 	amcl lifecycle node launched. 
[amcl-53] 	Waiting on external lifecycle transitions to activate
[amcl-53] 	See https://design.ros2.org/articles/node_lifecycle.html for more information.
[behavior_server-59] [INFO] [1791336200.143577634] [behavior_server]: 
[behavior_server-59] 	behavior_server lifecycle node launched. 
[behavior_server-59] 	Waiting on external lifecycle transitions to activate
[behavior_server-59] 	See https://design.ros2.org/articles/node_lifecycle.html for more information.
[amcl-53] [INFO] [1791336200.146058591] [amcl]: Creating
[controller_server-55] [INFO] [1791336200.177473613] [controller_server]: Creating controller server
[controller_server-55] [INFO] [1791336200.213121919] [local_costmap.local_costmap]: 
[controller_server-55] 	local_costmap lifecycle node launched. 
[controller_server-55] 	Waiting on external lifecycle transitions to activate
[controller_server-55] 	See https://design.ros2.org/articles/node_lifecycle.html for more information.
[controller_server-55] [INFO] [1791336200.217824940] [local_costmap.local_costmap]: Creating Costmap
[lifecycle_manager-54] [INFO] [1791336201.393085470] [lifecycle_manager_localization]: [34m[1mStarting managed nodes bringup...[0m[0m
[lifecycle_manager-54] [INFO] [1791336201.393133292] [lifecycle_manager_localization]: [34m[1mConfiguring map_server[0m[0m
[map_server-52] [INFO] [1791336201.394721417] [map_server]: Configuring
[map_server-52] [INFO] [1791336201.394777617] [map_io]: Loading yaml file: /home/y/u/yunqiao/IROB_Mobile_Robot_Project/install/warehouse_inventory_robot/share/warehouse_inventory_robot/maps/warehouse.yaml
[map_server-52] [INFO] [1791336201.395023097] [map_io]: resolution: 0.03
[map_server-52] [INFO] [1791336201.395032202] [map_io]: origin[0]: -15.1
[map_server-52] [INFO] [1791336201.395035021] [map_io]: origin[1]: -25
[map_server-52] [INFO] [1791336201.395037666] [map_io]: origin[2]: 0
[map_server-52] [INFO] [1791336201.395041017] [map_io]: free_thresh: 0.1
[map_server-52] [INFO] [1791336201.395043770] [map_io]: occupied_thresh: 0.65
[map_server-52] [INFO] [1791336201.395046459] [map_io]: mode: trinary
[map_server-52] [INFO] [1791336201.395048885] [map_io]: negate: 0
[map_server-52] [INFO] [1791336201.395223166] [map_io]: Loading image_file: /home/y/u/yunqiao/IROB_Mobile_Robot_Project/install/warehouse_inventory_robot/share/warehouse_inventory_robot/maps/warehouse.pgm
[map_server-52] [INFO] [1791336201.417680994] [map_io]: Read map /home/y/u/yunqiao/IROB_Mobile_Robot_Project/install/warehouse_inventory_robot/share/warehouse_inventory_robot/maps/warehouse.pgm: 1006 X 1674 map @ 0.03 m/cell
[lifecycle_manager-54] [INFO] [1791336201.445840242] [lifecycle_manager_localization]: [34m[1mConfiguring amcl[0m[0m
[amcl-53] [INFO] [1791336201.446457056] [amcl]: Configuring
[amcl-53] [INFO] [1791336201.446552061] [amcl]: initTransforms
[amcl-53] [INFO] [1791336201.508261439] [amcl]: initPubSub
[amcl-53] [INFO] [1791336201.540089273] [amcl]: Subscribed to map topic.
[lifecycle_manager-54] [INFO] [1791336201.559027676] [lifecycle_manager_localization]: [34m[1mActivating map_server[0m[0m
[map_server-52] [INFO] [1791336201.559420504] [map_server]: Activating
[map_server-52] [INFO] [1791336201.563763947] [map_server]: Creating bond (map_server) to lifecycle manager.
[amcl-53] [INFO] [1791336201.587086294] [amcl]: Received a 1006 X 1674 map @ 0.030 m/pix
[lifecycle_manager-65] [INFO] [1791336201.627727939] [lifecycle_manager_navigation]: [34m[1mStarting managed nodes bringup...[0m[0m
[lifecycle_manager-65] [INFO] [1791336201.627762032] [lifecycle_manager_navigation]: [34m[1mConfiguring controller_server[0m[0m
[controller_server-55] [INFO] [1791336201.628030111] [controller_server]: Configuring controller interface
[controller_server-55] [INFO] [1791336201.628046963] [controller_server]: getting progress checker plugins..
[controller_server-55] [INFO] [1791336201.628427746] [controller_server]: getting goal checker plugins..
[controller_server-55] [INFO] [1791336201.628640638] [controller_server]: Controller frequency set to 20.0000Hz
[controller_server-55] [INFO] [1791336201.628674916] [local_costmap.local_costmap]: Configuring
[controller_server-55] [INFO] [1791336201.656183924] [local_costmap.local_costmap]: Using plugin "static_layer"
[controller_server-55] [INFO] [1791336201.663742261] [local_costmap.local_costmap]: Subscribing to the map topic (/map) with transient local durability
[controller_server-55] [INFO] [1791336201.667715001] [local_costmap.local_costmap]: Initialized plugin "static_layer"
[controller_server-55] [INFO] [1791336201.667760400] [local_costmap.local_costmap]: Using plugin "voxel_layer"
[controller_server-55] [INFO] [1791336201.669020947] [local_costmap.local_costmap]: Subscribed to Topics: scan
[lifecycle_manager-54] [INFO] [1791336201.682415545] [lifecycle_manager_localization]: Server map_server connected with bond.
[lifecycle_manager-54] [INFO] [1791336201.682452259] [lifecycle_manager_localization]: [34m[1mActivating amcl[0m[0m
[amcl-53] [INFO] [1791336201.682761704] [amcl]: Activating
[amcl-53] [INFO] [1791336201.682782948] [amcl]: Creating bond (amcl) to lifecycle manager.
[controller_server-55] [INFO] [1791336201.691043768] [local_costmap.local_costmap]: Initialized plugin "voxel_layer"
[controller_server-55] [INFO] [1791336201.691105835] [local_costmap.local_costmap]: Using plugin "inflation_layer"
[controller_server-55] [INFO] [1791336201.692926613] [local_costmap.local_costmap]: Initialized plugin "inflation_layer"
[controller_server-55] [INFO] [1791336201.742894777] [controller_server]: Created progress_checker : progress_checker of type nav2_controller::SimpleProgressChecker
[controller_server-55] [INFO] [1791336201.742906230] [local_costmap.local_costmap]: StaticLayer: Resizing static layer to 1006 X 1674 at 0.030000 m/pix
[controller_server-55] [INFO] [1791336201.743588984] [controller_server]: Controller Server has progress_checker  progress checkers available.
[controller_server-55] [INFO] [1791336201.744820986] [controller_server]: Created goal checker : general_goal_checker of type nav2_controller::SimpleGoalChecker
[controller_server-55] [INFO] [1791336201.745788130] [controller_server]: Controller Server has general_goal_checker  goal checkers available.
[controller_server-55] [INFO] [1791336201.748351420] [controller_server]: Created controller : FollowPath of type nav2_regulated_pure_pursuit_controller::RegulatedPurePursuitController
[controller_server-55] [INFO] [1791336201.761306311] [controller_server]: Controller Server has FollowPath  controllers available.
[lifecycle_manager-65] [INFO] [1791336201.779551165] [lifecycle_manager_navigation]: [34m[1mConfiguring smoother_server[0m[0m
[smoother_server-56] [INFO] [1791336201.779780745] [smoother_server]: Configuring smoother server
[lifecycle_manager-54] [INFO] [1791336201.799411230] [lifecycle_manager_localization]: Server amcl connected with bond.
[lifecycle_manager-54] [INFO] [1791336201.799462180] [lifecycle_manager_localization]: [34m[1mManaged nodes are active[0m[0m
[lifecycle_manager-54] [INFO] [1791336201.799469103] [lifecycle_manager_localization]: [34m[1mCreating bond timer...[0m[0m
[smoother_server-56] [INFO] [1791336201.810473932] [smoother_server]: Created smoother : simple_smoother of type nav2_smoother::SimpleSmoother
[smoother_server-56] [INFO] [1791336201.811587420] [smoother_server]: Smoother Server has simple_smoother  smoothers available.
[lifecycle_manager-65] [INFO] [1791336201.823665160] [lifecycle_manager_navigation]: [34m[1mConfiguring planner_server[0m[0m
[planner_server-57] [INFO] [1791336201.824027313] [planner_server]: Configuring
[planner_server-57] [INFO] [1791336201.824056483] [global_costmap.global_costmap]: Configuring
[planner_server-57] [INFO] [1791336201.844703500] [global_costmap.global_costmap]: Using plugin "static_layer"
[planner_server-57] [INFO] [1791336201.849100981] [global_costmap.global_costmap]: Subscribing to the map topic (/map) with transient local durability
[planner_server-57] [INFO] [1791336201.851774157] [global_costmap.global_costmap]: Initialized plugin "static_layer"
[planner_server-57] [INFO] [1791336201.851814845] [global_costmap.global_costmap]: Using plugin "obstacle_layer"
[planner_server-57] [INFO] [1791336201.853995756] [global_costmap.global_costmap]: Subscribed to Topics: scan
[rviz2-49] [INFO] [1791336201.978889719] [rviz2]: Stereo is NOT SUPPORTED
[planner_server-57] [INFO] [1791336202.196360693] [global_costmap.global_costmap]: Initialized plugin "obstacle_layer"
[planner_server-57] [INFO] [1791336202.196396451] [global_costmap.global_costmap]: Using plugin "inflation_layer"
[planner_server-57] [INFO] [1791336202.198698164] [global_costmap.global_costmap]: Initialized plugin "inflation_layer"
[planner_server-57] [INFO] [1791336202.245204390] [planner_server]: Created global planner plugin GridBased of type nav2_navfn_planner::NavfnPlanner
[planner_server-57] [INFO] [1791336202.245251355] [planner_server]: Configuring plugin GridBased of type NavfnPlanner
[planner_server-57] [INFO] [1791336202.245569796] [global_costmap.global_costmap]: StaticLayer: Resizing costmap to 1006 X 1674 at 0.030000 m/pix
[planner_server-57] [INFO] [1791336202.248926483] [planner_server]: Planner Server has GridBased  planners available.
[lifecycle_manager-65] [INFO] [1791336202.274016111] [lifecycle_manager_navigation]: [34m[1mConfiguring route_server[0m[0m
[route_server-58] [INFO] [1791336202.274301586] [route_server]: Configuring
[route_server-58] [INFO] [1791336202.327268296] [route_server]: Created GraphFileLoader GeoJsonGraphFileLoader of type nav2_route::GeoJsonGraphFileLoader
[route_server-58] [INFO] [1791336202.327297630] [route_server]: Configuring geojson graph file loader
[route_server-58] [INFO] [1791336202.327302334] [route_server]: No graph file provided to load yet.
[route_server-58] [INFO] [1791336202.332293199] [route_server]: Created edge cost function plugin DistanceScorer of type nav2_route::DistanceScorer
[route_server-58] [INFO] [1791336202.332317020] [route_server]: Configuring distance scorer.
[route_server-58] [INFO] [1791336202.333009645] [route_server]: Created edge cost function plugin DynamicEdgesScorer of type nav2_route::DynamicEdgesScorer
[route_server-58] [INFO] [1791336202.333036853] [route_server]: Configuring adjust edges scorer.
[route_server-58] [INFO] [1791336202.341174941] [route_server]: Created route operation AdjustSpeedLimit of type nav2_route::AdjustSpeedLimit
[route_server-58] [INFO] [1791336202.341203193] [route_server]: Configuring Adjust speed limit operation.
[route_server-58] [INFO] [1791336202.343686075] [route_server]: Created route operation ReroutingService of type nav2_route::ReroutingService
[route_server-58] [INFO] [1791336202.343722533] [route_server]: Configuring Rerouting service operation.
[lifecycle_manager-65] [INFO] [1791336202.349577930] [lifecycle_manager_navigation]: [34m[1mConfiguring behavior_server[0m[0m
[behavior_server-59] [INFO] [1791336202.349838254] [behavior_server]: Configuring
[behavior_server-59] [INFO] [1791336202.358507352] [behavior_server]: Creating behavior plugin spin of type nav2_behaviors::Spin
[behavior_server-59] [INFO] [1791336202.360531839] [behavior_server]: Creating behavior plugin backup of type nav2_behaviors::BackUp
[behavior_server-59] [INFO] [1791336202.362503339] [behavior_server]: Creating behavior plugin drive_on_heading of type nav2_behaviors::DriveOnHeading
[behavior_server-59] [INFO] [1791336202.364164833] [behavior_server]: Creating behavior plugin assisted_teleop of type nav2_behaviors::AssistedTeleop
[behavior_server-59] [INFO] [1791336202.366136538] [behavior_server]: Creating behavior plugin wait of type nav2_behaviors::Wait
[behavior_server-59] [INFO] [1791336202.376944903] [behavior_server]: Configuring spin
[behavior_server-59] [INFO] [1791336202.392270291] [behavior_server]: Configuring backup
[amcl-53] [INFO] [1791336202.403696417] [amcl]: createLaserObject
[behavior_server-59] [INFO] [1791336202.409921767] [behavior_server]: Configuring drive_on_heading
[behavior_server-59] [INFO] [1791336202.421356750] [behavior_server]: Configuring assisted_teleop
[behavior_server-59] [INFO] [1791336202.435697756] [behavior_server]: Configuring wait
[lifecycle_manager-65] [INFO] [1791336202.446940550] [lifecycle_manager_navigation]: [34m[1mConfiguring velocity_smoother[0m[0m
[velocity_smoother-62] [INFO] [1791336202.447202992] [velocity_smoother]: Configuring velocity smoother
[lifecycle_manager-65] [INFO] [1791336202.455856128] [lifecycle_manager_navigation]: [34m[1mConfiguring collision_monitor[0m[0m
[collision_monitor-63] [INFO] [1791336202.456098492] [collision_monitor]: Configuring
[collision_monitor-63] [INFO] [1791336202.467849575] [collision_monitor]: [scan]: Creating Scan
[collision_monitor-63] [INFO] [1791336202.472137387] [collision_monitor]: [FootprintApproach]: Creating Polygon
[collision_monitor-63] [INFO] [1791336202.472772474] [collision_monitor]: [FootprintApproach]: Polygon points are not defined. Using dynamic subscription instead.
[collision_monitor-63] [INFO] [1791336202.475196064] [collision_monitor]: [FootprintApproach]: Making footprint subscriber on local_costmap/published_footprint topic
[lifecycle_manager-65] [INFO] [1791336202.494657852] [lifecycle_manager_navigation]: [34m[1mConfiguring bt_navigator[0m[0m
[bt_navigator-60] [INFO] [1791336202.494979720] [bt_navigator]: Configuring
[bt_navigator-60] [INFO] [1791336202.508301316] [bt_navigator]: Creating navigator id navigate_to_pose of type nav2_bt_navigator::NavigateToPoseNavigator
[bt_navigator-60] [INFO] [1791336202.601206123] [bt_navigator]: Creating navigator id navigate_through_poses of type nav2_bt_navigator::NavigateThroughPosesNavigator
[lifecycle_manager-65] [INFO] [1791336202.652338714] [lifecycle_manager_navigation]: [34m[1mConfiguring waypoint_follower[0m[0m
[waypoint_follower-61] [INFO] [1791336202.652554491] [waypoint_follower]: Configuring
[waypoint_follower-61] [INFO] [1791336202.694282285] [waypoint_follower]: Created waypoint_task_executor : wait_at_waypoint of type nav2_waypoint_follower::WaitAtWaypoint
[lifecycle_manager-65] [INFO] [1791336202.695793942] [lifecycle_manager_navigation]: [34m[1mConfiguring docking_server[0m[0m
[opennav_docking-64] [INFO] [1791336202.696018126] [docking_server]: Configuring docking_server
[opennav_docking-64] [INFO] [1791336202.696056939] [docking_server]: Controller frequency set to 50.0000Hz
[opennav_docking-64] [INFO] [1791336202.743007860] [docking_server]: Created charging dock plugin simple_charging_dock of type opennav_docking::SimpleChargingDock
[opennav_docking-64] [WARN] [1791336202.753019404] [docking_server]: Dock database filepath nor dock parameters set. Docking actions can only be executed specifying the dock pose via the action request. Or update the dock database via the reload_database service.
[opennav_docking-64] [INFO] [1791336202.753064579] [docking_server]: Docking Server has 1 dock types and 0 dock instances available.
[lifecycle_manager-65] [INFO] [1791336202.756253917] [lifecycle_manager_navigation]: [34m[1mActivating controller_server[0m[0m
[controller_server-55] [INFO] [1791336202.756473280] [controller_server]: Activating
[controller_server-55] [INFO] [1791336202.756496688] [local_costmap.local_costmap]: Activating
[controller_server-55] [INFO] [1791336202.756502681] [local_costmap.local_costmap]: Checking transform
[controller_server-55] [INFO] [1791336202.756575157] [local_costmap.local_costmap]: start
[rviz2-49] [INFO] [1791336202.899072753] [rviz2]: Trying to create a map of size 1006 x 1674 using 1 swatches
[controller_server-55] [INFO] [1791336202.958203472] [controller_server]: Activating controller: FollowPath of type regulated_pure_pursuit_controller::RegulatedPurePursuitController
[controller_server-55] [INFO] [1791336202.958230966] [controller_server]: Creating bond (controller_server) to lifecycle manager.
[rviz2-49] [ERROR] [1791336202.992289586] [rviz2]: rviz/glsl120/indexed_8bit_image.vert
[rviz2-49] rviz/glsl120/indexed_8bit_image.frag
[rviz2-49]  GLSL link result : 
[rviz2-49] active samplers with a different type refer to the same texture image unit
[lifecycle_manager-65] [INFO] [1791336203.066385178] [lifecycle_manager_navigation]: Server controller_server connected with bond.
[lifecycle_manager-65] [INFO] [1791336203.066427396] [lifecycle_manager_navigation]: [34m[1mActivating smoother_server[0m[0m
[smoother_server-56] [INFO] [1791336203.066945678] [smoother_server]: Activating
[smoother_server-56] [INFO] [1791336203.066966129] [smoother_server]: Creating bond (smoother_server) to lifecycle manager.
[rviz2-49] [INFO] [1791336203.140992958] [rviz2]: Trying to create a map of size 50 x 50 using 1 swatches
[lifecycle_manager-65] [INFO] [1791336203.175386532] [lifecycle_manager_navigation]: Server smoother_server connected with bond.
[lifecycle_manager-65] [INFO] [1791336203.175414557] [lifecycle_manager_navigation]: [34m[1mActivating planner_server[0m[0m
[planner_server-57] [INFO] [1791336203.283075574] [planner_server]: Activating
[planner_server-57] [INFO] [1791336203.283113102] [global_costmap.global_costmap]: Activating
[planner_server-57] [INFO] [1791336203.283121163] [global_costmap.global_costmap]: Checking transform
[planner_server-57] [INFO] [1791336203.283204284] [global_costmap.global_costmap]: start
[spawner-31] [WARN] [1791336204.211470940] [spawner_joint_state_broadcaster]: Failed getting a result from calling /controller_manager/list_controllers in 10.0. (Attempt 1 of 3.)
[gazebo-1] [INFO] [1791336204.214835029] [controller_manager]: Loading controller : 'joint_state_broadcaster' of type 'joint_state_broadcaster/JointStateBroadcaster'
[gazebo-1] [INFO] [1791336204.214867922] [controller_manager]: Loading controller 'joint_state_broadcaster'
[gazebo-1] [WARN] [1791336204.225155503] [controller_manager]: The use of remapping arguments to the controller_manager node is deprecated. Please use the '--controller-ros-args' argument of the spawner to pass remapping arguments to the controller node.
[gazebo-1] [INFO] [1791336204.225215616] [controller_manager]: Controller 'joint_state_broadcaster' node arguments: --ros-args --params-file /home/y/u/yunqiao/IROB_Mobile_Robot_Project/install/irobot_create_control/share/irobot_create_control/config/control.yaml --params-file /home/y/u/yunqiao/IROB_Mobile_Robot_Project/install/warehouse_inventory_robot/share/warehouse_inventory_robot/config/arm_controller_types.yaml --ros-args --remap ~/odom:=odom --remap /tf:=tf --remap /tf_static:=tf_static --remap /diagnostics:=diagnostics -p use_sim_time:=true --param use_sim_time:=true 
[planner_server-57] [INFO] [1791336204.334928451] [planner_server]: Activating plugin GridBased of type NavfnPlanner
[planner_server-57] [INFO] [1791336204.337392129] [planner_server]: Creating bond (planner_server) to lifecycle manager.
[spawner-31] [INFO] [1791336204.348390169] [spawner_joint_state_broadcaster]: Loaded joint_state_broadcaster
[gazebo-1] [INFO] [1791336204.351379458] [controller_manager]: Configuring controller: 'joint_state_broadcaster'
[gazebo-1] [INFO] [1791336204.351452724] [joint_state_broadcaster]: 'joints' or 'interfaces' parameter is empty. All available state interfaces will be published
[lifecycle_manager-65] [INFO] [1791336204.444904346] [lifecycle_manager_navigation]: Server planner_server connected with bond.
[lifecycle_manager-65] [INFO] [1791336204.444943005] [lifecycle_manager_navigation]: [34m[1mActivating route_server[0m[0m
[route_server-58] [INFO] [1791336204.445429379] [route_server]: Activating
[route_server-58] [INFO] [1791336204.445476963] [route_server]: Creating bond (route_server) to lifecycle manager.
[rviz2-49] [INFO] [1791336204.465771963] [rviz2]: Trying to create a map of size 1006 x 1674 using 1 swatches
[gazebo-1] [INFO] [1791336204.470808951] [controller_manager]: Activating controllers: [ joint_state_broadcaster ]
[gazebo-1] [INFO] [1791336204.472138469] [controller_manager]: Successfully switched controllers!
[spawner-31] [INFO] [1791336204.475907305] [spawner_joint_state_broadcaster]: Configured and activated joint_state_broadcaster
[lifecycle_manager-65] [INFO] [1791336204.552851754] [lifecycle_manager_navigation]: Server route_server connected with bond.
[lifecycle_manager-65] [INFO] [1791336204.552884137] [lifecycle_manager_navigation]: [34m[1mActivating behavior_server[0m[0m
[behavior_server-59] [INFO] [1791336204.553632705] [behavior_server]: Activating
[behavior_server-59] [INFO] [1791336204.553673814] [behavior_server]: Activating spin
[behavior_server-59] [INFO] [1791336204.553679812] [behavior_server]: Activating backup
[behavior_server-59] [INFO] [1791336204.553683767] [behavior_server]: Activating drive_on_heading
[behavior_server-59] [INFO] [1791336204.553687887] [behavior_server]: Activating assisted_teleop
[behavior_server-59] [INFO] [1791336204.553691772] [behavior_server]: Activating wait
[behavior_server-59] [INFO] [1791336204.553696756] [behavior_server]: Creating bond (behavior_server) to lifecycle manager.
[spawner-50] [INFO] [1791336204.619734532] [spawner_lite6_traj_controller]: waiting for service /controller_manager/list_controllers to become available...
[INFO] [spawner-31]: process has finished cleanly [pid 91735]
[INFO] [spawner-66]: process started with pid [93436]
[lifecycle_manager-65] [INFO] [1791336204.683081985] [lifecycle_manager_navigation]: Server behavior_server connected with bond.
[lifecycle_manager-65] [INFO] [1791336204.683136964] [lifecycle_manager_navigation]: [34m[1mActivating velocity_smoother[0m[0m
[velocity_smoother-62] [INFO] [1791336204.686234233] [velocity_smoother]: Activating
[velocity_smoother-62] [INFO] [1791336204.686291985] [velocity_smoother]: Creating bond (velocity_smoother) to lifecycle manager.
[lifecycle_manager-65] [INFO] [1791336204.823455121] [lifecycle_manager_navigation]: Server velocity_smoother connected with bond.
[lifecycle_manager-65] [INFO] [1791336204.823482866] [lifecycle_manager_navigation]: [34m[1mActivating collision_monitor[0m[0m
[collision_monitor-63] [INFO] [1791336204.824018215] [collision_monitor]: Activating
[collision_monitor-63] [INFO] [1791336204.824039750] [collision_monitor]: Creating bond (collision_monitor) to lifecycle manager.
[lifecycle_manager-65] [INFO] [1791336204.931754086] [lifecycle_manager_navigation]: Server collision_monitor connected with bond.
[lifecycle_manager-65] [INFO] [1791336204.931785797] [lifecycle_manager_navigation]: [34m[1mActivating bt_navigator[0m[0m
[bt_navigator-60] [INFO] [1791336204.932308791] [bt_navigator]: Activating
[bt_navigator-60] [INFO] [1791336205.064575541] [bt_navigator]: Creating bond (bt_navigator) to lifecycle manager.
[lifecycle_manager-65] [INFO] [1791336205.174481083] [lifecycle_manager_navigation]: Server bt_navigator connected with bond.
[lifecycle_manager-65] [INFO] [1791336205.174510519] [lifecycle_manager_navigation]: [34m[1mActivating waypoint_follower[0m[0m
[waypoint_follower-61] [INFO] [1791336205.175032832] [waypoint_follower]: Activating
[waypoint_follower-61] [INFO] [1791336205.175052124] [waypoint_follower]: Creating bond (waypoint_follower) to lifecycle manager.
[lifecycle_manager-65] [INFO] [1791336205.284103643] [lifecycle_manager_navigation]: Server waypoint_follower connected with bond.
[lifecycle_manager-65] [INFO] [1791336205.284140402] [lifecycle_manager_navigation]: [34m[1mActivating docking_server[0m[0m
[opennav_docking-64] [INFO] [1791336205.284713821] [docking_server]: Activating docking_server
[opennav_docking-64] [INFO] [1791336205.305910404] [docking_server]: Creating bond (docking_server) to lifecycle manager.
[spawner-50] [INFO] [1791336205.386626788] [spawner_lite6_traj_controller]: Setting controller param "params_file" to "['/home/y/u/yunqiao/IROB_Mobile_Robot_Project/install/warehouse_inventory_robot/share/warehouse_inventory_robot/config/arm_controllers.yaml']" for lite6_traj_controller
[gazebo-1] [INFO] [1791336205.392554173] [controller_manager]: Loading controller : 'lite6_traj_controller' of type 'joint_trajectory_controller/JointTrajectoryController'
[gazebo-1] [INFO] [1791336205.392603455] [controller_manager]: Loading controller 'lite6_traj_controller'
[gazebo-1] [WARN] [1791336205.399775804] [controller_manager]: The use of remapping arguments to the controller_manager node is deprecated. Please use the '--controller-ros-args' argument of the spawner to pass remapping arguments to the controller node.
[gazebo-1] [INFO] [1791336205.399818905] [controller_manager]: Controller 'lite6_traj_controller' node arguments: --ros-args --params-file /home/y/u/yunqiao/IROB_Mobile_Robot_Project/install/irobot_create_control/share/irobot_create_control/config/control.yaml --params-file /home/y/u/yunqiao/IROB_Mobile_Robot_Project/install/warehouse_inventory_robot/share/warehouse_inventory_robot/config/arm_controller_types.yaml --ros-args --remap ~/odom:=odom --remap /tf:=tf --remap /tf_static:=tf_static --remap /diagnostics:=diagnostics -p use_sim_time:=true --params-file /home/y/u/yunqiao/IROB_Mobile_Robot_Project/install/warehouse_inventory_robot/share/warehouse_inventory_robot/config/arm_controllers.yaml --param use_sim_time:=true 
[lifecycle_manager-65] [INFO] [1791336205.414465417] [lifecycle_manager_navigation]: Server docking_server connected with bond.
[lifecycle_manager-65] [INFO] [1791336205.414637383] [lifecycle_manager_navigation]: [34m[1mManaged nodes are active[0m[0m
[lifecycle_manager-65] [INFO] [1791336205.414660872] [lifecycle_manager_navigation]: [34m[1mCreating bond timer...[0m[0m
[spawner-50] [INFO] [1791336205.562610391] [spawner_lite6_traj_controller]: Loaded lite6_traj_controller
[gazebo-1] [INFO] [1791336205.565636393] [controller_manager]: Configuring controller: 'lite6_traj_controller'
[gazebo-1] [INFO] [1791336205.565933652] [lite6_traj_controller]: No specific joint names are used for command interfaces. Using 'joints' parameter.
[gazebo-1] [INFO] [1791336205.565971361] [lite6_traj_controller]: Command interfaces are [position velocity] and state interfaces are [position velocity].
[gazebo-1] [INFO] [1791336205.565992261] [lite6_traj_controller]: Using 'splines' interpolation method.
[gazebo-1] [INFO] [1791336205.576043618] [lite6_traj_controller]: Action status changes will be monitored at 10.00 Hz.
[gazebo-1] [INFO] [1791336205.591361083] [lite6_traj_controller]: No scaling interface set. This controller will not read speed scaling from the hardware.
[gazebo-1] [INFO] [1791336205.715783756] [controller_manager]: Activating controllers: [ lite6_traj_controller ]
[gazebo-1] [INFO] [1791336205.719367403] [controller_manager]: Successfully switched controllers!
[spawner-50] [INFO] [1791336205.852928370] [spawner_lite6_traj_controller]: Configured and activated lite6_traj_controller
[spawner-66] [INFO] [1791336206.314328956] [spawner_diffdrive_controller]: waiting for service /controller_manager/list_controllers to become available...
[INFO] [spawner-50]: process has finished cleanly [pid 93039]
[spawner-66] [INFO] [1791336206.576267534] [spawner_diffdrive_controller]: Setting controller param "params_file" to "['/home/y/u/yunqiao/IROB_Mobile_Robot_Project/install/irobot_create_control/share/irobot_create_control/config/control.yaml']" for diffdrive_controller
[gazebo-1] [INFO] [1791336206.583647545] [controller_manager]: Loading controller : 'diffdrive_controller' of type 'diff_drive_controller/DiffDriveController'
[gazebo-1] [INFO] [1791336206.583679162] [controller_manager]: Loading controller 'diffdrive_controller'
[gazebo-1] [WARN] [1791336206.589899921] [controller_manager]: The use of remapping arguments to the controller_manager node is deprecated. Please use the '--controller-ros-args' argument of the spawner to pass remapping arguments to the controller node.
[gazebo-1] [INFO] [1791336206.590013453] [controller_manager]: Controller 'diffdrive_controller' node arguments: --ros-args --params-file /home/y/u/yunqiao/IROB_Mobile_Robot_Project/install/irobot_create_control/share/irobot_create_control/config/control.yaml --params-file /home/y/u/yunqiao/IROB_Mobile_Robot_Project/install/warehouse_inventory_robot/share/warehouse_inventory_robot/config/arm_controller_types.yaml --ros-args --remap ~/odom:=odom --remap /tf:=tf --remap /tf_static:=tf_static --remap /diagnostics:=diagnostics -p use_sim_time:=true --params-file /home/y/u/yunqiao/IROB_Mobile_Robot_Project/install/irobot_create_control/share/irobot_create_control/config/control.yaml --param use_sim_time:=true 
[spawner-66] [INFO] [1791336206.648040148] [spawner_diffdrive_controller]: Loaded diffdrive_controller
[gazebo-1] [INFO] [1791336206.650409579] [controller_manager]: Configuring controller: 'diffdrive_controller'
[gazebo-1] [WARN] [1791336206.650504476] [diffdrive_controller]: [deprecated] has_jerk_limits parameter is deprecated, instead set the respective limits to NAN
[gazebo-1] [WARN] [1791336206.650524308] [diffdrive_controller]: [deprecated] has_jerk_limits parameter is deprecated, instead set the respective limits to NAN
[gazebo-1] [INFO] [1791336206.759339327] [controller_manager]: Activating controllers: [ diffdrive_controller ]
[gazebo-1] [INFO] [1791336206.761804534] [controller_manager]: Successfully switched controllers!
[spawner-66] [INFO] [1791336206.766047990] [spawner_diffdrive_controller]: Configured and activated diffdrive_controller
[gazebo-1] [WARN] [1791336206.884607339] [diffdrive_controller]: Received TwistStamped with zero timestamp, setting it to current time, this message will only be shown once
[INFO] [spawner-66]: process has finished cleanly [pid 93436]
[amcl-53] [WARN] [1791336216.962670767] [amcl]: AMCL cannot publish a pose or update the transform. Please set the initial pose...
[turtlebot4_node-29] [ERROR] [1791336228.651769572] [turtlebot4_node]: Service stop_motor unavailable.
[turtlebot4_node-29] [ERROR] [1791336228.662042611] [turtlebot4_node]: Service oakd/stop_camera unavailable.
[amcl-53] [WARN] [1791336232.542344696] [amcl]: AMCL cannot publish a pose or update the transform. Please set the initial pose...
