[INFO] [launch]: All log files can be found below /home/y/u/yunqiao/.ros/log/2026-10-06-17-24-25-684235-white-05.eecs.kth.se-8845
[INFO] [launch]: Default logging verbosity is set to INFO
[INFO] [gazebo-1]: process started with pid [8875]
[INFO] [parameter_bridge-2]: process started with pid [8877]
[INFO] [robot_state_publisher-3]: process started with pid [8879]
[INFO] [robot_state_publisher-4]: process started with pid [8882]
[INFO] [static_transform_publisher-5]: process started with pid [8884]
[INFO] [create-6]: process started with pid [8886]
[INFO] [create-7]: process started with pid [8888]
[INFO] [parameter_bridge-8]: process started with pid [8890]
[INFO] [parameter_bridge-9]: process started with pid [8892]
[INFO] [parameter_bridge-10]: process started with pid [8894]
[INFO] [parameter_bridge-11]: process started with pid [8896]
[INFO] [parameter_bridge-12]: process started with pid [8898]
[INFO] [parameter_bridge-13]: process started with pid [8900]
[INFO] [parameter_bridge-14]: process started with pid [8902]
[INFO] [parameter_bridge-15]: process started with pid [8904]
[INFO] [parameter_bridge-16]: process started with pid [8906]
[INFO] [parameter_bridge-17]: process started with pid [8908]
[INFO] [parameter_bridge-18]: process started with pid [8910]
[INFO] [parameter_bridge-19]: process started with pid [8913]
[INFO] [parameter_bridge-20]: process started with pid [8915]
[INFO] [parameter_bridge-21]: process started with pid [8917]
[INFO] [parameter_bridge-22]: process started with pid [8919]
[INFO] [parameter_bridge-23]: process started with pid [8921]
[INFO] [parameter_bridge-24]: process started with pid [8923]
[INFO] [parameter_bridge-25]: process started with pid [8925]
[INFO] [parameter_bridge-26]: process started with pid [8927]
[INFO] [parameter_bridge-27]: process started with pid [8929]
[INFO] [parameter_bridge-28]: process started with pid [8931]
[INFO] [turtlebot4_node-29]: process started with pid [8933]
[INFO] [turtlebot4_gz_hmi_node-30]: process started with pid [8935]
[INFO] [spawner-31]: process started with pid [8937]
[INFO] [hazards_vector_publisher-32]: process started with pid [8939]
[INFO] [ir_intensity_vector_publisher-33]: process started with pid [8941]
[INFO] [motion_control-34]: process started with pid [8943]
[INFO] [wheel_status_publisher-35]: process started with pid [8945]
[INFO] [mock_publisher-36]: process started with pid [8947]
[INFO] [robot_state-37]: process started with pid [8949]
[INFO] [kidnap_estimator_publisher-38]: process started with pid [8951]
[INFO] [ui_mgr-39]: process started with pid [8953]
[INFO] [pose_republisher_node-40]: process started with pid [8955]
[INFO] [sensors_node-41]: process started with pid [8957]
[INFO] [interface_buttons_node-42]: process started with pid [8959]
[INFO] [static_transform_publisher-43]: process started with pid [8961]
[INFO] [static_transform_publisher-44]: process started with pid [8963]
[INFO] [parameter_bridge-45]: process started with pid [8965]
[INFO] [parameter_bridge-46]: process started with pid [8967]
[INFO] [wait_for_ready-47]: process started with pid [8969]
[INFO] [wait_for_ready-48]: process started with pid [8971]
[INFO] [controller_server-49]: process started with pid [8973]
[INFO] [smoother_server-50]: process started with pid [8975]
[INFO] [planner_server-51]: process started with pid [8977]
[INFO] [route_server-52]: process started with pid [8979]
[INFO] [behavior_server-53]: process started with pid [8981]
[INFO] [bt_navigator-54]: process started with pid [8983]
[INFO] [waypoint_follower-55]: process started with pid [8985]
[INFO] [velocity_smoother-56]: process started with pid [8987]
[INFO] [collision_monitor-57]: process started with pid [8989]
[INFO] [opennav_docking-58]: process started with pid [8991]
[INFO] [lifecycle_manager-59]: process started with pid [8993]
[INFO] [map_server-60]: process started with pid [8995]
[INFO] [lifecycle_manager-61]: process started with pid [8997]
[robot_state-37] [INFO] [1791300269.721740947] [robot_state]: Advertised topic: battery_state
[robot_state-37] [INFO] [1791300269.768430972] [robot_state]: Subscription to topic: dock_status
[robot_state-37] [INFO] [1791300269.768699057] [robot_state]: Advertised topic: stop_status
[robot_state-37] [INFO] [1791300269.799744710] [robot_state]: Subscription to topic: odom
[static_transform_publisher-5] [WARN] [1791300269.972051874] []: Old-style arguments are deprecated; see --help for new-style arguments
[robot_state_publisher-3] [WARN] [1791300270.277415637] [kdl_parser]: The root link base_link has an inertia specified in the URDF, but KDL does not support a root link with an inertia.  As a workaround, you can add an extra dummy link to your URDF.
[robot_state_publisher-3] [INFO] [1791300270.277555540] [robot_state_publisher]: Robot initialized
[hazards_vector_publisher-32] [INFO] [1791300270.360550980] [hazards_vector_publisher]: Advertised topic: hazard_detection
[hazards_vector_publisher-32] [INFO] [1791300270.360934027] [hazards_vector_publisher]: Subscription to topic: _internal/bumper/event
[hazards_vector_publisher-32] [INFO] [1791300270.361425512] [hazards_vector_publisher]: Subscription to topic: _internal/cliff_front_left/event
[hazards_vector_publisher-32] [INFO] [1791300270.361709638] [hazards_vector_publisher]: Subscription to topic: _internal/cliff_front_right/event
[hazards_vector_publisher-32] [INFO] [1791300270.362279444] [hazards_vector_publisher]: Subscription to topic: _internal/cliff_side_left/event
[hazards_vector_publisher-32] [INFO] [1791300270.362518150] [hazards_vector_publisher]: Subscription to topic: _internal/cliff_side_right/event
[hazards_vector_publisher-32] [INFO] [1791300270.362760561] [hazards_vector_publisher]: Subscription to topic: _internal/wheel_drop/left_wheel/event
[hazards_vector_publisher-32] [INFO] [1791300270.362998797] [hazards_vector_publisher]: Subscription to topic: _internal/wheel_drop/right_wheel/event
[hazards_vector_publisher-32] [INFO] [1791300270.363234450] [hazards_vector_publisher]: Subscription to topic: _internal/backup_limit
[mock_publisher-36] [INFO] [1791300270.384719235] [mock_publisher]: Advertised mocked topic: slip_status
[ui_mgr-39] [INFO] [1791300270.415035031] [ui_mgr]: Subscription to topic: cmd_lightring
[ui_mgr-39] [INFO] [1791300270.415468777] [ui_mgr]: Subscription to topic: cmd_audio
[static_transform_publisher-5] [INFO] [1791300270.422951683] [tf_odom_std_dock_link_publisher]: Spinning until stopped - publishing transform
[static_transform_publisher-5] translation: ('0.157000', '0.000000', '0.000000')
[static_transform_publisher-5] rotation: ('0.000000', '0.000000', '1.000000', '0.000000')
[static_transform_publisher-5] from 'odom' to 'std_dock_link'
[kidnap_estimator_publisher-38] [INFO] [1791300270.506439102] [kidnap_estimator_publisher]: Advertised topic: kidnap_status
[kidnap_estimator_publisher-38] [INFO] [1791300270.506939155] [kidnap_estimator_publisher]: Subscription to topic: hazard_detection
[ir_intensity_vector_publisher-33] [INFO] [1791300270.538294097] [ir_intensity_vector_publisher]: Advertised topic: ir_intensity
[ir_intensity_vector_publisher-33] [INFO] [1791300270.540534451] [ir_intensity_vector_publisher]: Subscription to topic: _internal/ir_intensity_front_center_left
[ir_intensity_vector_publisher-33] [INFO] [1791300270.541819474] [ir_intensity_vector_publisher]: Subscription to topic: _internal/ir_intensity_front_center_right
[ir_intensity_vector_publisher-33] [INFO] [1791300270.542352357] [ir_intensity_vector_publisher]: Subscription to topic: _internal/ir_intensity_front_left
[ir_intensity_vector_publisher-33] [INFO] [1791300270.542863347] [ir_intensity_vector_publisher]: Subscription to topic: _internal/ir_intensity_front_right
[ir_intensity_vector_publisher-33] [INFO] [1791300270.544095686] [ir_intensity_vector_publisher]: Subscription to topic: _internal/ir_intensity_left
[ir_intensity_vector_publisher-33] [INFO] [1791300270.545215592] [ir_intensity_vector_publisher]: Subscription to topic: _internal/ir_intensity_right
[ir_intensity_vector_publisher-33] [INFO] [1791300270.545472416] [ir_intensity_vector_publisher]: Subscription to topic: _internal/ir_intensity_side_left
[static_transform_publisher-44] [WARN] [1791300270.551009092] []: Old-style arguments are deprecated; see --help for new-style arguments
[motion_control-34] [INFO] [1791300270.585399496] [motion_control]: Enabling REFLEX_BUMP
[motion_control-34] [INFO] [1791300270.585482757] [motion_control]: Enabling REFLEX_CLIFF
[motion_control-34] [INFO] [1791300270.585535173] [motion_control]: Enabling REFLEX_STUCK
[motion_control-34] [INFO] [1791300270.585564483] [motion_control]: Enabling REFLEX_WHEEL_DROP
[static_transform_publisher-43] [WARN] [1791300270.651916990] []: Old-style arguments are deprecated; see --help for new-style arguments
[robot_state_publisher-4] [WARN] [1791300270.755945461] [kdl_parser]: The root link std_dock_link has an inertia specified in the URDF, but KDL does not support a root link with an inertia.  As a workaround, you can add an extra dummy link to your URDF.
[robot_state_publisher-4] [INFO] [1791300270.756002067] [dock_state_publisher]: Robot initialized
[static_transform_publisher-43] [INFO] [1791300270.869536266] [rplidar_stf]: Spinning until stopped - publishing transform
[static_transform_publisher-43] translation: ('0.000000', '0.000000', '0.000000')
[static_transform_publisher-43] rotation: ('0.000000', '0.000000', '0.000000', '1.000000')
[static_transform_publisher-43] from 'rplidar_link' to 'turtlebot4/rplidar_link/rplidar'
[velocity_smoother-56] [INFO] [1791300270.983753283] [velocity_smoother]: 
[velocity_smoother-56] 	velocity_smoother lifecycle node launched. 
[velocity_smoother-56] 	Waiting on external lifecycle transitions to activate
[velocity_smoother-56] 	See https://design.ros2.org/articles/node_lifecycle.html for more information.
[static_transform_publisher-44] [INFO] [1791300271.014898966] [camera_stf]: Spinning until stopped - publishing transform
[static_transform_publisher-44] translation: ('0.000000', '0.000000', '0.000000')
[static_transform_publisher-44] rotation: ('0.499952', '-0.500000', '0.500000', '0.500048')
[static_transform_publisher-44] from 'oakd_rgb_camera_optical_frame' to 'turtlebot4/oakd_rgb_camera_frame/rgbd_camera'
[wheel_status_publisher-35] [INFO] [1791300271.066648419] [wheel_status_publisher]: Advertised topic: wheel_vels
[wheel_status_publisher-35] [INFO] [1791300271.069023581] [wheel_status_publisher]: Advertised topic: wheel_ticks
[lifecycle_manager-61] [INFO] [1791300271.256072046] [lifecycle_manager_map]: Creating
[lifecycle_manager-59] [INFO] [1791300271.263495211] [lifecycle_manager_navigation]: Creating
[waypoint_follower-55] [INFO] [1791300271.283466574] [waypoint_follower]: 
[waypoint_follower-55] 	waypoint_follower lifecycle node launched. 
[waypoint_follower-55] 	Waiting on external lifecycle transitions to activate
[waypoint_follower-55] 	See https://design.ros2.org/articles/node_lifecycle.html for more information.
[lifecycle_manager-61] [INFO] [1791300271.298118344] [lifecycle_manager_map]: [34m[1mCreating and initializing lifecycle service clients[0m[0m
[lifecycle_manager-59] [INFO] [1791300271.322894696] [lifecycle_manager_navigation]: [34m[1mCreating and initializing lifecycle service clients[0m[0m
[turtlebot4_node-29] [INFO] [1791300271.339460145] [turtlebot4_node]: Init Turtlebot4 Node Main
[planner_server-51] [INFO] [1791300271.408769270] [planner_server]: 
[planner_server-51] 	planner_server lifecycle node launched. 
[planner_server-51] 	Waiting on external lifecycle transitions to activate
[planner_server-51] 	See https://design.ros2.org/articles/node_lifecycle.html for more information.
[bt_navigator-54] [INFO] [1791300271.442388075] [bt_navigator]: 
[bt_navigator-54] 	bt_navigator lifecycle node launched. 
[bt_navigator-54] 	Waiting on external lifecycle transitions to activate
[bt_navigator-54] 	See https://design.ros2.org/articles/node_lifecycle.html for more information.
[turtlebot4_node-29] [INFO] [1791300271.450205036] [turtlebot4_node]: Buttons Init
[waypoint_follower-55] [INFO] [1791300271.469978139] [waypoint_follower]: Creating
[turtlebot4_node-29] [INFO] [1791300271.474388709] [turtlebot4_node]: Init Display
[turtlebot4_node-29] [INFO] [1791300271.478085875] [turtlebot4_node]: Leds Init
[smoother_server-50] [INFO] [1791300271.495215925] [smoother_server]: 
[smoother_server-50] 	smoother_server lifecycle node launched. 
[smoother_server-50] 	Waiting on external lifecycle transitions to activate
[smoother_server-50] 	See https://design.ros2.org/articles/node_lifecycle.html for more information.
[turtlebot4_node-29] [INFO] [1791300271.502184520] [turtlebot4_node]: Turtlebot4 standard running.
[map_server-60] [INFO] [1791300271.519880400] [map_server]: 
[map_server-60] 	map_server lifecycle node launched. 
[map_server-60] 	Waiting on external lifecycle transitions to activate
[map_server-60] 	See https://design.ros2.org/articles/node_lifecycle.html for more information.
[map_server-60] [INFO] [1791300271.519912858] [map_server]: Creating
[behavior_server-53] [INFO] [1791300271.531375417] [behavior_server]: 
[behavior_server-53] 	behavior_server lifecycle node launched. 
[behavior_server-53] 	Waiting on external lifecycle transitions to activate
[behavior_server-53] 	See https://design.ros2.org/articles/node_lifecycle.html for more information.
[create-7] [INFO] [1791300271.556074094] [ros_gz_sim]: Requesting list of world names.
[lifecycle_manager-61] [INFO] [1791300271.575900860] [lifecycle_manager_map]: [34m[1mStarting managed nodes bringup...[0m[0m
[lifecycle_manager-61] [INFO] [1791300271.575932970] [lifecycle_manager_map]: [34m[1mConfiguring map_server[0m[0m
[controller_server-49] [INFO] [1791300271.946300354] [controller_server]: 
[controller_server-49] 	controller_server lifecycle node launched. 
[controller_server-49] 	Waiting on external lifecycle transitions to activate
[controller_server-49] 	See https://design.ros2.org/articles/node_lifecycle.html for more information.
[smoother_server-50] [INFO] [1791300272.079403089] [smoother_server]: Creating smoother server
[planner_server-51] [INFO] [1791300272.093196244] [planner_server]: Creating
[bt_navigator-54] [INFO] [1791300272.094264679] [bt_navigator]: Creating
[controller_server-49] [INFO] [1791300272.182744156] [controller_server]: Creating controller server
[controller_server-49] [INFO] [1791300272.228755848] [local_costmap.local_costmap]: 
[controller_server-49] 	local_costmap lifecycle node launched. 
[controller_server-49] 	Waiting on external lifecycle transitions to activate
[controller_server-49] 	See https://design.ros2.org/articles/node_lifecycle.html for more information.
[controller_server-49] [INFO] [1791300272.249995319] [local_costmap.local_costmap]: Creating Costmap
[route_server-52] [INFO] [1791300272.254278000] [route_server]: 
[route_server-52] 	route_server lifecycle node launched. 
[route_server-52] 	Waiting on external lifecycle transitions to activate
[route_server-52] 	See https://design.ros2.org/articles/node_lifecycle.html for more information.
[collision_monitor-57] [INFO] [1791300272.284251609] [collision_monitor]: 
[collision_monitor-57] 	collision_monitor lifecycle node launched. 
[collision_monitor-57] 	Waiting on external lifecycle transitions to activate
[collision_monitor-57] 	See https://design.ros2.org/articles/node_lifecycle.html for more information.
[create-6] [INFO] [1791300272.285684531] [ros_gz_sim]: Requesting list of world names.
[opennav_docking-58] [INFO] [1791300272.307304109] [docking_server]: 
[opennav_docking-58] 	docking_server lifecycle node launched. 
[opennav_docking-58] 	Waiting on external lifecycle transitions to activate
[opennav_docking-58] 	See https://design.ros2.org/articles/node_lifecycle.html for more information.
[opennav_docking-58] [INFO] [1791300272.307352247] [docking_server]: Creating docking_server
[planner_server-51] [INFO] [1791300272.326768575] [global_costmap.global_costmap]: 
[planner_server-51] 	global_costmap lifecycle node launched. 
[planner_server-51] 	Waiting on external lifecycle transitions to activate
[planner_server-51] 	See https://design.ros2.org/articles/node_lifecycle.html for more information.
[planner_server-51] [INFO] [1791300272.332237131] [global_costmap.global_costmap]: Creating Costmap
[gazebo-1] Warning: Ignoring XDG_SESSION_TYPE=wayland on Gnome. Use QT_QPA_PLATFORM=wayland to run on Wayland anyway.
[parameter_bridge-8] [INFO] [1791300272.405207429] [cmd_vel_bridge]: Creating GZ->ROS Bridge: [/cmd_vel (gz.msgs.Twist) -> /cmd_vel (geometry_msgs/msg/TwistStamped)] (Lazy 0)
[parameter_bridge-14] [INFO] [1791300272.407290580] [cliff_side_left_bridge]: Creating GZ->ROS Bridge: [/world/warehouse/model/turtlebot4/link/base_link/sensor/cliff_side_left/scan (gz.msgs.LaserScan) -> /world/warehouse/model/turtlebot4/link/base_link/sensor/cliff_side_left/scan (sensor_msgs/msg/LaserScan)] (Lazy 0)
[parameter_bridge-8] [INFO] [1791300272.436051266] [cmd_vel_bridge]: Creating ROS->GZ Bridge: [/model/turtlebot4/cmd_vel (geometry_msgs/msg/TwistStamped) -> /model/turtlebot4/cmd_vel (gz.msgs.Twist)] (Lazy 0)
[parameter_bridge-16] [INFO] [1791300272.459431010] [ir_intensity_front_center_left_bridge]: Creating GZ->ROS Bridge: [/world/warehouse/model/turtlebot4/link/ir_intensity_front_center_left/sensor/ir_intensity_front_center_left/scan (gz.msgs.LaserScan) -> /world/warehouse/model/turtlebot4/link/ir_intensity_front_center_left/sensor/ir_intensity_front_center_left/scan (sensor_msgs/msg/LaserScan)] (Lazy 0)
[parameter_bridge-23] [INFO] [1791300272.463994502] [buttons_msg_bridge]: Creating GZ->ROS Bridge: [/create3_buttons (gz.msgs.Int32) -> /create3_buttons (std_msgs/msg/Int32)] (Lazy 0)
[parameter_bridge-9] [INFO] [1791300272.527702915] [pose_bridge]: Creating GZ->ROS Bridge: [/model/turtlebot4/pose (gz.msgs.Pose_V) -> /model/turtlebot4/pose (tf2_msgs/msg/TFMessage)] (Lazy 0)
[parameter_bridge-28] [INFO] [1791300272.548017130] [camera_bridge]: Creating GZ->ROS Bridge: [/world/warehouse/model/turtlebot4/link/oakd_rgb_camera_frame/sensor/rgbd_camera/image (gz.msgs.Image) -> /world/warehouse/model/turtlebot4/link/oakd_rgb_camera_frame/sensor/rgbd_camera/image (sensor_msgs/msg/Image)] (Lazy 0)
[map_server-60] [INFO] [1791300272.551135934] [map_server]: Configuring
[map_server-60] [INFO] [1791300272.551185602] [map_io]: Loading yaml file: /home/y/u/yunqiao/IROB_Mobile_Robot_Project/install/warehouse_inventory_robot/share/warehouse_inventory_robot/maps/warehouse.yaml
[map_server-60] [INFO] [1791300272.551425895] [map_io]: resolution: 0.03
[map_server-60] [INFO] [1791300272.551435295] [map_io]: origin[0]: -15.1
[map_server-60] [INFO] [1791300272.551438076] [map_io]: origin[1]: -25
[map_server-60] [INFO] [1791300272.551441329] [map_io]: origin[2]: 0
[map_server-60] [INFO] [1791300272.551444217] [map_io]: free_thresh: 0.1
[map_server-60] [INFO] [1791300272.551446887] [map_io]: occupied_thresh: 0.65
[map_server-60] [INFO] [1791300272.551449948] [map_io]: mode: trinary
[map_server-60] [INFO] [1791300272.551452508] [map_io]: negate: 0
[map_server-60] [INFO] [1791300272.551655292] [map_io]: Loading image_file: /home/y/u/yunqiao/IROB_Mobile_Robot_Project/install/warehouse_inventory_robot/share/warehouse_inventory_robot/maps/warehouse.pgm
[parameter_bridge-12] [INFO] [1791300272.557837017] [cliff_front_left_bridge]: Creating GZ->ROS Bridge: [/world/warehouse/model/turtlebot4/link/base_link/sensor/cliff_front_left/scan (gz.msgs.LaserScan) -> /world/warehouse/model/turtlebot4/link/base_link/sensor/cliff_front_left/scan (sensor_msgs/msg/LaserScan)] (Lazy 0)
[parameter_bridge-28] [INFO] [1791300272.564212865] [camera_bridge]: Creating GZ->ROS Bridge: [/world/warehouse/model/turtlebot4/link/oakd_rgb_camera_frame/sensor/rgbd_camera/depth_image (gz.msgs.Image) -> /world/warehouse/model/turtlebot4/link/oakd_rgb_camera_frame/sensor/rgbd_camera/depth_image (sensor_msgs/msg/Image)] (Lazy 0)
[parameter_bridge-18] [INFO] [1791300272.567727726] [ir_intensity_front_left_bridge]: Creating GZ->ROS Bridge: [/world/warehouse/model/turtlebot4/link/ir_intensity_front_left/sensor/ir_intensity_front_left/scan (gz.msgs.LaserScan) -> /world/warehouse/model/turtlebot4/link/ir_intensity_front_left/sensor/ir_intensity_front_left/scan (sensor_msgs/msg/LaserScan)] (Lazy 0)
[parameter_bridge-9] [INFO] [1791300272.573830812] [pose_bridge]: Creating GZ->ROS Bridge: [/model/standard_dock/pose (gz.msgs.Pose_V) -> /model/standard_dock/pose (tf2_msgs/msg/TFMessage)] (Lazy 0)
[map_server-60] [INFO] [1791300272.581127351] [map_io]: Read map /home/y/u/yunqiao/IROB_Mobile_Robot_Project/install/warehouse_inventory_robot/share/warehouse_inventory_robot/maps/warehouse.pgm: 1006 X 1674 map @ 0.03 m/cell
[parameter_bridge-28] [INFO] [1791300272.582165991] [camera_bridge]: Creating GZ->ROS Bridge: [/world/warehouse/model/turtlebot4/link/oakd_rgb_camera_frame/sensor/rgbd_camera/points (gz.msgs.PointCloudPacked) -> /world/warehouse/model/turtlebot4/link/oakd_rgb_camera_frame/sensor/rgbd_camera/points (sensor_msgs/msg/PointCloud2)] (Lazy 0)
[parameter_bridge-28] [INFO] [1791300272.609123911] [camera_bridge]: Creating GZ->ROS Bridge: [/world/warehouse/model/turtlebot4/link/oakd_rgb_camera_frame/sensor/rgbd_camera/camera_info (gz.msgs.CameraInfo) -> /world/warehouse/model/turtlebot4/link/oakd_rgb_camera_frame/sensor/rgbd_camera/camera_info (sensor_msgs/msg/CameraInfo)] (Lazy 0)
[lifecycle_manager-61] [INFO] [1791300272.616016845] [lifecycle_manager_map]: [34m[1mActivating map_server[0m[0m
[map_server-60] [INFO] [1791300272.622428603] [map_server]: Activating
[map_server-60] [INFO] [1791300272.624043227] [map_server]: Creating bond (map_server) to lifecycle manager.
[parameter_bridge-15] [INFO] [1791300272.676547873] [cliff_side_right_bridge]: Creating GZ->ROS Bridge: [/world/warehouse/model/turtlebot4/link/base_link/sensor/cliff_side_right/scan (gz.msgs.LaserScan) -> /world/warehouse/model/turtlebot4/link/base_link/sensor/cliff_side_right/scan (sensor_msgs/msg/LaserScan)] (Lazy 0)
[parameter_bridge-2] [INFO] [1791300272.698704207] [clock_bridge]: Creating GZ->ROS Bridge: [/clock (gz.msgs.Clock) -> /clock (rosgraph_msgs/msg/Clock)] (Lazy 0)
[wait_for_ready-47] [INFO] [1791300272.756795269] [wait_for_rviz]: [rviz] waiting for nodes=[] services=[] answering=[] topics=['/clock', '/scan'] (timeout 300s)
[lifecycle_manager-61] [INFO] [1791300272.947906181] [lifecycle_manager_map]: Server map_server connected with bond.
[lifecycle_manager-61] [INFO] [1791300272.947948524] [lifecycle_manager_map]: [34m[1mManaged nodes are active[0m[0m
[lifecycle_manager-61] [INFO] [1791300272.947959010] [lifecycle_manager_map]: [34m[1mCreating bond timer...[0m[0m
[parameter_bridge-11] [INFO] [1791300272.949295925] [bumper_contact_bridge]: Creating GZ->ROS Bridge: [/bumper_contact (gz.msgs.Contacts) -> /bumper_contact (ros_gz_interfaces/msg/Contacts)] (Lazy 0)
[parameter_bridge-20] [INFO] [1791300272.964010630] [ir_intensity_left_bridge]: Creating GZ->ROS Bridge: [/world/warehouse/model/turtlebot4/link/ir_intensity_left/sensor/ir_intensity_left/scan (gz.msgs.LaserScan) -> /world/warehouse/model/turtlebot4/link/ir_intensity_left/sensor/ir_intensity_left/scan (sensor_msgs/msg/LaserScan)] (Lazy 0)
[parameter_bridge-21] [INFO] [1791300272.964600395] [ir_intensity_right_bridge]: Creating GZ->ROS Bridge: [/world/warehouse/model/turtlebot4/link/ir_intensity_right/sensor/ir_intensity_right/scan (gz.msgs.LaserScan) -> /world/warehouse/model/turtlebot4/link/ir_intensity_right/sensor/ir_intensity_right/scan (sensor_msgs/msg/LaserScan)] (Lazy 0)
[parameter_bridge-19] [INFO] [1791300272.981012049] [ir_intensity_front_right_bridge]: Creating GZ->ROS Bridge: [/world/warehouse/model/turtlebot4/link/ir_intensity_front_right/sensor/ir_intensity_front_right/scan (gz.msgs.LaserScan) -> /world/warehouse/model/turtlebot4/link/ir_intensity_front_right/sensor/ir_intensity_front_right/scan (sensor_msgs/msg/LaserScan)] (Lazy 0)
[lifecycle_manager-59] [INFO] [1791300273.017184651] [lifecycle_manager_navigation]: [34m[1mStarting managed nodes bringup...[0m[0m
[lifecycle_manager-59] [INFO] [1791300273.017218004] [lifecycle_manager_navigation]: [34m[1mConfiguring controller_server[0m[0m
[controller_server-49] [INFO] [1791300273.017427161] [controller_server]: Configuring controller interface
[controller_server-49] [INFO] [1791300273.017442927] [controller_server]: getting progress checker plugins..
[controller_server-49] [INFO] [1791300273.017678506] [controller_server]: getting goal checker plugins..
[controller_server-49] [INFO] [1791300273.017790875] [controller_server]: Controller frequency set to 20.0000Hz
[controller_server-49] [INFO] [1791300273.017815836] [local_costmap.local_costmap]: Configuring
[controller_server-49] [INFO] [1791300273.027871015] [local_costmap.local_costmap]: Using plugin "static_layer"
[controller_server-49] [INFO] [1791300273.031404673] [local_costmap.local_costmap]: Subscribing to the map topic (/map) with transient local durability
[controller_server-49] [INFO] [1791300273.033850353] [local_costmap.local_costmap]: Initialized plugin "static_layer"
[controller_server-49] [INFO] [1791300273.033890606] [local_costmap.local_costmap]: Using plugin "voxel_layer"
[controller_server-49] [INFO] [1791300273.034644751] [local_costmap.local_costmap]: Subscribed to Topics: scan
[controller_server-49] [INFO] [1791300273.064980469] [local_costmap.local_costmap]: Initialized plugin "voxel_layer"
[controller_server-49] [INFO] [1791300273.065022877] [local_costmap.local_costmap]: Using plugin "inflation_layer"
[controller_server-49] [INFO] [1791300273.069721728] [local_costmap.local_costmap]: Initialized plugin "inflation_layer"
[controller_server-49] [INFO] [1791300273.109294088] [local_costmap.local_costmap]: StaticLayer: Resizing static layer to 1006 X 1674 at 0.030000 m/pix
[controller_server-49] [INFO] [1791300273.109621539] [controller_server]: Created progress_checker : progress_checker of type nav2_controller::SimpleProgressChecker
[controller_server-49] [INFO] [1791300273.110033212] [controller_server]: Controller Server has progress_checker  progress checkers available.
[controller_server-49] [INFO] [1791300273.111166043] [controller_server]: Created goal checker : general_goal_checker of type nav2_controller::SimpleGoalChecker
[controller_server-49] [INFO] [1791300273.111573096] [controller_server]: Controller Server has general_goal_checker  goal checkers available.
[controller_server-49] [INFO] [1791300273.113499748] [controller_server]: Created controller : FollowPath of type nav2_mppi_controller::MPPIController
[controller_server-49] [INFO] [1791300273.118055782] [controller_server]: Controller period is equal to model dt. Control sequence shifting is ON
[controller_server-49] [INFO] [1791300273.121607692] [controller_server]: ConstraintCritic instantiated with 1 power and 4.000000 weight.
[controller_server-49] [INFO] [1791300273.121647774] [controller_server]: Critic loaded : mppi::critics::ConstraintCritic
[controller_server-49] [INFO] [1791300273.122391468] [controller_server]: InflationCostCritic instantiated with 1 power and 300.000000 / 0.015000 weights. Critic will collision check based on footprint cost.
[controller_server-49] [INFO] [1791300273.122412142] [controller_server]: Critic loaded : mppi::critics::CostCritic
[controller_server-49] [INFO] [1791300273.122802033] [controller_server]: GoalCritic instantiated with 1 power and 5.000000 weight.
[controller_server-49] [INFO] [1791300273.122816980] [controller_server]: Critic loaded : mppi::critics::GoalCritic
[controller_server-49] [INFO] [1791300273.123172956] [controller_server]: GoalAngleCritic instantiated with 1 power, 3.000000 weight, 0.500000 angular threshold and symmetric_yaw_tolerance disabled
[controller_server-49] [INFO] [1791300273.123187374] [controller_server]: Critic loaded : mppi::critics::GoalAngleCritic
[controller_server-49] [INFO] [1791300273.124303424] [controller_server]: ReferenceTrajectoryCritic instantiated with 1 power and 14.000000 weight
[controller_server-49] [INFO] [1791300273.124326296] [controller_server]: Critic loaded : mppi::critics::PathAlignCritic
[controller_server-49] [INFO] [1791300273.124902250] [controller_server]: Critic loaded : mppi::critics::PathFollowCritic
[controller_server-49] [INFO] [1791300273.126316786] [controller_server]: PathAngleCritic instantiated with 1 power and 2.000000 weight. Mode set to: Forward Preference
[controller_server-49] [INFO] [1791300273.126403761] [controller_server]: Critic loaded : mppi::critics::PathAngleCritic
[controller_server-49] [INFO] [1791300273.126655774] [controller_server]: PreferForwardCritic instantiated with 1 power and 5.000000 weight.
[controller_server-49] [INFO] [1791300273.126671706] [controller_server]: Critic loaded : mppi::critics::PreferForwardCritic
[controller_server-49] [INFO] [1791300273.129078299] [controller_server]: Optimizer reset
[controller_server-49] [INFO] [1791300273.135166422] [MPPIController]: Configured MPPI Controller: FollowPath
[controller_server-49] [INFO] [1791300273.135194878] [controller_server]: Controller Server has FollowPath  controllers available.
[lifecycle_manager-59] [INFO] [1791300273.147763611] [lifecycle_manager_navigation]: [34m[1mConfiguring smoother_server[0m[0m
[smoother_server-50] [INFO] [1791300273.148118457] [smoother_server]: Configuring smoother server
[smoother_server-50] [INFO] [1791300273.201030223] [smoother_server]: Created smoother : simple_smoother of type nav2_smoother::SimpleSmoother
[smoother_server-50] [INFO] [1791300273.201473086] [smoother_server]: Smoother Server has simple_smoother  smoothers available.
[lifecycle_manager-59] [INFO] [1791300273.210640750] [lifecycle_manager_navigation]: [34m[1mConfiguring planner_server[0m[0m
[planner_server-51] [INFO] [1791300273.210841843] [planner_server]: Configuring
[planner_server-51] [INFO] [1791300273.210870165] [global_costmap.global_costmap]: Configuring
[wait_for_ready-47] [WARN] [1791300273.552746529] [wait_for_rviz]: New publisher discovered on topic '/clock', offering incompatible QoS. No messages will be received from it. Last incompatible policy: DURABILITY
[parameter_bridge-2] [WARN] [1791300273.556837943] [clock_bridge]: New subscription discovered on topic '/clock', requesting incompatible QoS. No messages will be sent to it. Last incompatible policy: DURABILITY_QOS_POLICY
[planner_server-51] [INFO] [1791300273.564676678] [global_costmap.global_costmap]: Using plugin "static_layer"
[planner_server-51] [INFO] [1791300273.568773701] [global_costmap.global_costmap]: Subscribing to the map topic (/map) with transient local durability
[planner_server-51] [INFO] [1791300273.570840729] [global_costmap.global_costmap]: Initialized plugin "static_layer"
[planner_server-51] [INFO] [1791300273.570872180] [global_costmap.global_costmap]: Using plugin "obstacle_layer"
[planner_server-51] [INFO] [1791300273.571534519] [global_costmap.global_costmap]: Subscribed to Topics: scan
[planner_server-51] [INFO] [1791300273.575169828] [global_costmap.global_costmap]: Initialized plugin "obstacle_layer"
[planner_server-51] [INFO] [1791300273.575196143] [global_costmap.global_costmap]: Using plugin "inflation_layer"
[planner_server-51] [INFO] [1791300273.575777552] [global_costmap.global_costmap]: Initialized plugin "inflation_layer"
[planner_server-51] [INFO] [1791300273.599842709] [planner_server]: Created global planner plugin GridBased of type nav2_navfn_planner::NavfnPlanner
[planner_server-51] [INFO] [1791300273.599879079] [planner_server]: Configuring plugin GridBased of type NavfnPlanner
[planner_server-51] [INFO] [1791300273.600167625] [planner_server]: Planner Server has GridBased  planners available.
[lifecycle_manager-59] [INFO] [1791300273.614622838] [lifecycle_manager_navigation]: [34m[1mConfiguring route_server[0m[0m
[route_server-52] [INFO] [1791300273.674081303] [route_server]: Configuring
[route_server-52] [INFO] [1791300273.726742319] [route_server]: Created GraphFileLoader GeoJsonGraphFileLoader of type nav2_route::GeoJsonGraphFileLoader
[route_server-52] [INFO] [1791300273.726779363] [route_server]: Configuring geojson graph file loader
[route_server-52] [INFO] [1791300273.726789360] [route_server]: No graph file provided to load yet.
[planner_server-51] [INFO] [1791300273.732356741] [global_costmap.global_costmap]: StaticLayer: Resizing costmap to 1006 X 1674 at 0.030000 m/pix
[route_server-52] [INFO] [1791300273.732848533] [route_server]: Created edge cost function plugin DistanceScorer of type nav2_route::DistanceScorer
[route_server-52] [INFO] [1791300273.732875945] [route_server]: Configuring distance scorer.
[route_server-52] [INFO] [1791300273.733912434] [route_server]: Created edge cost function plugin DynamicEdgesScorer of type nav2_route::DynamicEdgesScorer
[route_server-52] [INFO] [1791300273.733942344] [route_server]: Configuring adjust edges scorer.
[route_server-52] [INFO] [1791300273.741749943] [route_server]: Created route operation AdjustSpeedLimit of type nav2_route::AdjustSpeedLimit
[route_server-52] [INFO] [1791300273.741779566] [route_server]: Configuring Adjust speed limit operation.
[route_server-52] [INFO] [1791300273.743666751] [route_server]: Created route operation ReroutingService of type nav2_route::ReroutingService
[route_server-52] [INFO] [1791300273.743699451] [route_server]: Configuring Rerouting service operation.
[lifecycle_manager-59] [INFO] [1791300273.748317673] [lifecycle_manager_navigation]: [34m[1mConfiguring behavior_server[0m[0m
[behavior_server-53] [INFO] [1791300273.748517086] [behavior_server]: Configuring
[behavior_server-53] [INFO] [1791300273.755175568] [behavior_server]: Creating behavior plugin spin of type nav2_behaviors::Spin
[behavior_server-53] [INFO] [1791300273.756846005] [behavior_server]: Creating behavior plugin backup of type nav2_behaviors::BackUp
[behavior_server-53] [INFO] [1791300273.758108289] [behavior_server]: Creating behavior plugin drive_on_heading of type nav2_behaviors::DriveOnHeading
[behavior_server-53] [INFO] [1791300273.759428118] [behavior_server]: Creating behavior plugin assisted_teleop of type nav2_behaviors::AssistedTeleop
[behavior_server-53] [INFO] [1791300273.761007667] [behavior_server]: Creating behavior plugin wait of type nav2_behaviors::Wait
[behavior_server-53] [INFO] [1791300273.769897765] [behavior_server]: Configuring spin
[behavior_server-53] [INFO] [1791300273.780737177] [behavior_server]: Configuring backup
[behavior_server-53] [INFO] [1791300273.788917397] [behavior_server]: Configuring drive_on_heading
[behavior_server-53] [INFO] [1791300273.795876934] [behavior_server]: Configuring assisted_teleop
[behavior_server-53] [INFO] [1791300273.809580712] [behavior_server]: Configuring wait
[lifecycle_manager-59] [INFO] [1791300273.817821787] [lifecycle_manager_navigation]: [34m[1mConfiguring velocity_smoother[0m[0m
[velocity_smoother-56] [INFO] [1791300273.819677028] [velocity_smoother]: Configuring velocity smoother
[lifecycle_manager-59] [INFO] [1791300273.833693473] [lifecycle_manager_navigation]: [34m[1mConfiguring collision_monitor[0m[0m
[collision_monitor-57] [INFO] [1791300273.833928012] [collision_monitor]: Configuring
[collision_monitor-57] [INFO] [1791300273.843182052] [collision_monitor]: [scan]: Creating Scan
[collision_monitor-57] [INFO] [1791300273.848343367] [collision_monitor]: [FootprintApproach]: Creating Polygon
[collision_monitor-57] [INFO] [1791300273.848685005] [collision_monitor]: [FootprintApproach]: Polygon points are not defined. Using dynamic subscription instead.
[collision_monitor-57] [INFO] [1791300273.849779415] [collision_monitor]: [FootprintApproach]: Making footprint subscriber on local_costmap/published_footprint topic
[lifecycle_manager-59] [INFO] [1791300273.867131796] [lifecycle_manager_navigation]: [34m[1mConfiguring bt_navigator[0m[0m
[bt_navigator-54] [INFO] [1791300273.867310175] [bt_navigator]: Configuring
[bt_navigator-54] [INFO] [1791300273.875091537] [bt_navigator]: Creating navigator id navigate_to_pose of type nav2_bt_navigator::NavigateToPoseNavigator
[bt_navigator-54] [INFO] [1791300273.965791310] [bt_navigator]: Creating navigator id navigate_through_poses of type nav2_bt_navigator::NavigateThroughPosesNavigator
[lifecycle_manager-59] [INFO] [1791300274.348835916] [lifecycle_manager_navigation]: [34m[1mConfiguring waypoint_follower[0m[0m
[waypoint_follower-55] [INFO] [1791300274.349138376] [waypoint_follower]: Configuring
[waypoint_follower-55] [INFO] [1791300274.388080815] [waypoint_follower]: Created waypoint_task_executor : wait_at_waypoint of type nav2_waypoint_follower::WaitAtWaypoint
[lifecycle_manager-59] [INFO] [1791300274.389233701] [lifecycle_manager_navigation]: [34m[1mConfiguring docking_server[0m[0m
[opennav_docking-58] [INFO] [1791300274.389492273] [docking_server]: Configuring docking_server
[opennav_docking-58] [INFO] [1791300274.389518739] [docking_server]: Controller frequency set to 50.0000Hz
[opennav_docking-58] [INFO] [1791300274.429358001] [docking_server]: Created charging dock plugin simple_charging_dock of type opennav_docking::SimpleChargingDock
[opennav_docking-58] [WARN] [1791300274.438253327] [docking_server]: Dock database filepath nor dock parameters set. Docking actions can only be executed specifying the dock pose via the action request. Or update the dock database via the reload_database service.
[opennav_docking-58] [INFO] [1791300274.438293439] [docking_server]: Docking Server has 1 dock types and 0 dock instances available.
[lifecycle_manager-59] [INFO] [1791300274.441194159] [lifecycle_manager_navigation]: [34m[1mActivating controller_server[0m[0m
[controller_server-49] [INFO] [1791300274.441464914] [controller_server]: Activating
[controller_server-49] [INFO] [1791300274.441493245] [local_costmap.local_costmap]: Activating
[controller_server-49] [INFO] [1791300274.441501499] [local_costmap.local_costmap]: Checking transform
[controller_server-49] [INFO] [1791300274.441516680] [local_costmap.local_costmap]: Timed out waiting for transform from base_link to odom to become available, tf error: Could not find a connection between 'odom' and 'base_link' because they are not part of the same tree.Tf has two or more unconnected trees.
[parameter_bridge-27] [37;1m2026-10-06 17:24:34.509 [31;1m[[37;1mRTPS_TRANSPORT_SHM[31;1m Error] [37mFailed init_port fastrtps_port7050: open_and_lock_file failed[34;1m -> Function [36mopen_port_internal[m
[controller_server-49] [INFO] [1791300274.941556325] [local_costmap.local_costmap]: Timed out waiting for transform from base_link to odom to become available, tf error: Could not find a connection between 'odom' and 'base_link' because they are not part of the same tree.Tf has two or more unconnected trees.
[controller_server-49] [INFO] [1791300275.441714620] [local_costmap.local_costmap]: Timed out waiting for transform from base_link to odom to become available, tf error: Could not find a connection between 'odom' and 'base_link' because they are not part of the same tree.Tf has two or more unconnected trees.
[parameter_bridge-46] [INFO] [1791300275.502315047] [odom_gt_bridge]: Creating GZ->ROS Bridge: [/model/turtlebot4/odometry (gz.msgs.Odometry) -> /odom_gt (nav_msgs/msg/Odometry)] (Lazy 0)
[parameter_bridge-46] [INFO] [1791300275.505846629] [odom_gt_bridge]: Creating GZ->ROS Bridge: [/model/turtlebot4/pose (gz.msgs.Pose_V) -> /tf (tf2_msgs/msg/TFMessage)] (Lazy 0)
[controller_server-49] [INFO] [1791300275.941724958] [local_costmap.local_costmap]: Timed out waiting for transform from base_link to odom to become available, tf error: Could not find a connection between 'odom' and 'base_link' because they are not part of the same tree.Tf has two or more unconnected trees.
[controller_server-49] [INFO] [1791300276.441721921] [local_costmap.local_costmap]: Timed out waiting for transform from base_link to odom to become available, tf error: Could not find a connection between 'odom' and 'base_link' because they are not part of the same tree.Tf has two or more unconnected trees.
[create-7] [INFO] [1791300276.556290740] [ros_gz_sim]: Requesting list of world names.
[parameter_bridge-22] [INFO] [1791300276.604042714] [ir_intensity_side_left_bridge]: Creating GZ->ROS Bridge: [/world/warehouse/model/turtlebot4/link/ir_intensity_side_left/sensor/ir_intensity_side_left/scan (gz.msgs.LaserScan) -> /world/warehouse/model/turtlebot4/link/ir_intensity_side_left/sensor/ir_intensity_side_left/scan (sensor_msgs/msg/LaserScan)] (Lazy 0)
[controller_server-49] [INFO] [1791300276.941615876] [local_costmap.local_costmap]: Timed out waiting for transform from base_link to odom to become available, tf error: Could not find a connection between 'odom' and 'base_link' because they are not part of the same tree.Tf has two or more unconnected trees.
[create-6] [INFO] [1791300277.285962741] [ros_gz_sim]: Requesting list of world names.
[controller_server-49] [INFO] [1791300277.441624280] [local_costmap.local_costmap]: Timed out waiting for transform from base_link to odom to become available, tf error: Could not find a connection between 'odom' and 'base_link' because they are not part of the same tree.Tf has two or more unconnected trees.
[controller_server-49] [INFO] [1791300277.941775587] [local_costmap.local_costmap]: Timed out waiting for transform from base_link to odom to become available, tf error: Could not find a connection between 'odom' and 'base_link' because they are not part of the same tree.Tf has two or more unconnected trees.
[controller_server-49] [INFO] [1791300278.441639269] [local_costmap.local_costmap]: Timed out waiting for transform from base_link to odom to become available, tf error: Could not find a connection between 'odom' and 'base_link' because they are not part of the same tree.Tf has two or more unconnected trees.
[controller_server-49] [INFO] [1791300278.941685707] [local_costmap.local_costmap]: Timed out waiting for transform from base_link to odom to become available, tf error: Could not find a connection between 'odom' and 'base_link' because they are not part of the same tree.Tf has two or more unconnected trees.
[controller_server-49] [INFO] [1791300279.441716885] [local_costmap.local_costmap]: Timed out waiting for transform from base_link to odom to become available, tf error: Could not find a connection between 'odom' and 'base_link' because they are not part of the same tree.Tf has two or more unconnected trees.
[controller_server-49] [INFO] [1791300279.941614160] [local_costmap.local_costmap]: Timed out waiting for transform from base_link to odom to become available, tf error: Could not find a connection between 'odom' and 'base_link' because they are not part of the same tree.Tf has two or more unconnected trees.
[parameter_bridge-10] [INFO] [1791300280.261968336] [odom_base_tf_bridge]: Creating GZ->ROS Bridge: [/model/turtlebot4/tf (gz.msgs.Pose_V) -> /model/turtlebot4/tf (tf2_msgs/msg/TFMessage)] (Lazy 0)
[parameter_bridge-24] [INFO] [1791300280.289063330] [hmi_display_msg_bridge]: Creating ROS->GZ Bridge: [/hmi/display/raw (std_msgs/msg/String) -> /hmi/display/raw (gz.msgs.StringMsg)] (Lazy 0)
[parameter_bridge-45] [INFO] [1791300280.290151075] [ros_gz_bridge]: Creating ROS->GZ Bridge: [/vacuum_gripper/attach (std_msgs/msg/Empty) -> /vacuum_gripper/attach (gz.msgs.Empty)] (Lazy 0)
[parameter_bridge-45] [INFO] [1791300280.325180230] [ros_gz_bridge]: Creating ROS->GZ Bridge: [/vacuum_gripper/detach (std_msgs/msg/Empty) -> /vacuum_gripper/detach (gz.msgs.Empty)] (Lazy 0)
[parameter_bridge-24] [INFO] [1791300280.327157842] [hmi_display_msg_bridge]: Creating ROS->GZ Bridge: [/hmi/display/selected (std_msgs/msg/Int32) -> /hmi/display/selected (gz.msgs.Int32)] (Lazy 0)
[parameter_bridge-13] [INFO] [1791300280.336190128] [cliff_front_right_bridge]: Creating GZ->ROS Bridge: [/world/warehouse/model/turtlebot4/link/base_link/sensor/cliff_front_right/scan (gz.msgs.LaserScan) -> /world/warehouse/model/turtlebot4/link/base_link/sensor/cliff_front_right/scan (sensor_msgs/msg/LaserScan)] (Lazy 0)
[parameter_bridge-27] [INFO] [1791300280.352762883] [lidar_bridge]: Creating GZ->ROS Bridge: [/world/warehouse/model/turtlebot4/link/rplidar_link/sensor/rplidar/scan (gz.msgs.LaserScan) -> /world/warehouse/model/turtlebot4/link/rplidar_link/sensor/rplidar/scan (sensor_msgs/msg/LaserScan)] (Lazy 0)
[parameter_bridge-17] [INFO] [1791300280.371234740] [ir_intensity_front_center_right_bridge]: Creating GZ->ROS Bridge: [/world/warehouse/model/turtlebot4/link/ir_intensity_front_center_right/sensor/ir_intensity_front_center_right/scan (gz.msgs.LaserScan) -> /world/warehouse/model/turtlebot4/link/ir_intensity_front_center_right/sensor/ir_intensity_front_center_right/scan (sensor_msgs/msg/LaserScan)] (Lazy 0)
[wait_for_ready-48] [INFO] [1791300280.375536371] [wait_for_sim]: [sim] waiting for nodes=['controller_manager'] services=['/controller_manager/set_parameters'] answering=['/controller_manager/list_controllers'] topics=['/scan'] (timeout 300s)
[parameter_bridge-25] [INFO] [1791300280.398834781] [hmi_buttons_msg_bridge]: Creating GZ->ROS Bridge: [/hmi/buttons (gz.msgs.Int32) -> /hmi/buttons (std_msgs/msg/Int32)] (Lazy 0)
[spawner-31] [INFO] [1791300280.408681560] [spawner_joint_state_broadcaster]: waiting for service /controller_manager/list_controllers to become available...
[parameter_bridge-26] [INFO] [1791300280.410948633] [hmi_led_msg_bridge]: Creating ROS->GZ Bridge: [/hmi/led/power (std_msgs/msg/Int32) -> /hmi/led/power (gz.msgs.Int32)] (Lazy 0)
[wait_for_ready-47] [WARN] [1791300280.411100608] [wait_for_rviz]: New publisher discovered on topic '/scan', offering incompatible QoS. No messages will be received from it. Last incompatible policy: DURABILITY
[parameter_bridge-26] [INFO] [1791300280.419653139] [hmi_led_msg_bridge]: Creating ROS->GZ Bridge: [/hmi/led/motors (std_msgs/msg/Int32) -> /hmi/led/motors (gz.msgs.Int32)] (Lazy 0)
[parameter_bridge-27] [WARN] [1791300280.419711449] [lidar_bridge]: New subscription discovered on topic '/scan', requesting incompatible QoS. No messages will be sent to it. Last incompatible policy: DURABILITY_QOS_POLICY
[parameter_bridge-26] [INFO] [1791300280.423834622] [hmi_led_msg_bridge]: Creating ROS->GZ Bridge: [/hmi/led/comms (std_msgs/msg/Int32) -> /hmi/led/comms (gz.msgs.Int32)] (Lazy 0)
[parameter_bridge-26] [INFO] [1791300280.428900806] [hmi_led_msg_bridge]: Creating ROS->GZ Bridge: [/hmi/led/wifi (std_msgs/msg/Int32) -> /hmi/led/wifi (gz.msgs.Int32)] (Lazy 0)
[parameter_bridge-26] [INFO] [1791300280.432059222] [hmi_led_msg_bridge]: Creating ROS->GZ Bridge: [/hmi/led/battery (std_msgs/msg/Int32) -> /hmi/led/battery (gz.msgs.Int32)] (Lazy 0)
[parameter_bridge-26] [INFO] [1791300280.435222286] [hmi_led_msg_bridge]: Creating ROS->GZ Bridge: [/hmi/led/user1 (std_msgs/msg/Int32) -> /hmi/led/user1 (gz.msgs.Int32)] (Lazy 0)
[parameter_bridge-26] [INFO] [1791300280.438237468] [hmi_led_msg_bridge]: Creating ROS->GZ Bridge: [/hmi/led/user2 (std_msgs/msg/Int32) -> /hmi/led/user2 (gz.msgs.Int32)] (Lazy 0)
[controller_server-49] [INFO] [1791300280.441560801] [local_costmap.local_costmap]: Timed out waiting for transform from base_link to odom to become available, tf error: Could not find a connection between 'odom' and 'base_link' because they are not part of the same tree.Tf has two or more unconnected trees.
[parameter_bridge-26] [INFO] [1791300280.452487739] [hmi_led_msg_bridge]: Passing message from ROS std_msgs/msg/Int32 to Gazebo gz.msgs.Int32 (showing msg only once per type)
[wait_for_ready-48] [WARN] [1791300280.897740701] [wait_for_sim]: New publisher discovered on topic '/scan', offering incompatible QoS. No messages will be received from it. Last incompatible policy: DURABILITY
[controller_server-49] [INFO] [1791300280.941640384] [local_costmap.local_costmap]: Timed out waiting for transform from base_link to odom to become available, tf error: Could not find a connection between 'odom' and 'base_link' because they are not part of the same tree.Tf has two or more unconnected trees.
[parameter_bridge-27] [WARN] [1791300281.195503737] [lidar_bridge]: New subscription discovered on topic '/scan', requesting incompatible QoS. No messages will be sent to it. Last incompatible policy: DURABILITY_QOS_POLICY
[controller_server-49] [INFO] [1791300281.441582275] [local_costmap.local_costmap]: Timed out waiting for transform from base_link to odom to become available, tf error: Could not find a connection between 'odom' and 'base_link' because they are not part of the same tree.Tf has two or more unconnected trees.
[create-7] [INFO] [1791300281.556672988] [ros_gz_sim]: Requesting list of world names.
[controller_server-49] [INFO] [1791300281.941561091] [local_costmap.local_costmap]: Timed out waiting for transform from base_link to odom to become available, tf error: Could not find a connection between 'odom' and 'base_link' because they are not part of the same tree.Tf has two or more unconnected trees.
[parameter_bridge-24] [INFO] [1791300282.002708652] [hmi_display_msg_bridge]: Passing message from ROS std_msgs/msg/Int32 to Gazebo gz.msgs.Int32 (showing msg only once per type)
[parameter_bridge-24] [INFO] [1791300282.002746131] [hmi_display_msg_bridge]: Passing message from ROS std_msgs/msg/String to Gazebo gz.msgs.StringMsg (showing msg only once per type)
[create-6] [INFO] [1791300282.286523149] [ros_gz_sim]: Requesting list of world names.
[controller_server-49] [INFO] [1791300282.441595168] [local_costmap.local_costmap]: Timed out waiting for transform from base_link to odom to become available, tf error: Could not find a connection between 'odom' and 'base_link' because they are not part of the same tree.Tf has two or more unconnected trees.
[controller_server-49] [INFO] [1791300282.941640161] [local_costmap.local_costmap]: Timed out waiting for transform from base_link to odom to become available, tf error: Could not find a connection between 'odom' and 'base_link' because they are not part of the same tree.Tf has two or more unconnected trees.
[controller_server-49] [INFO] [1791300283.441616786] [local_costmap.local_costmap]: Timed out waiting for transform from base_link to odom to become available, tf error: Could not find a connection between 'odom' and 'base_link' because they are not part of the same tree.Tf has two or more unconnected trees.
[controller_server-49] [INFO] [1791300283.941684345] [local_costmap.local_costmap]: Timed out waiting for transform from base_link to odom to become available, tf error: Could not find a connection between 'odom' and 'base_link' because they are not part of the same tree.Tf has two or more unconnected trees.
[controller_server-49] [INFO] [1791300284.441604524] [local_costmap.local_costmap]: Timed out waiting for transform from base_link to odom to become available, tf error: Could not find a connection between 'odom' and 'base_link' because they are not part of the same tree.Tf has two or more unconnected trees.
[controller_server-49] [INFO] [1791300284.941641466] [local_costmap.local_costmap]: Timed out waiting for transform from base_link to odom to become available, tf error: Could not find a connection between 'odom' and 'base_link' because they are not part of the same tree.Tf has two or more unconnected trees.
[controller_server-49] [INFO] [1791300285.441605196] [local_costmap.local_costmap]: Timed out waiting for transform from base_link to odom to become available, tf error: Could not find a connection between 'odom' and 'base_link' because they are not part of the same tree.Tf has two or more unconnected trees.
[controller_server-49] [INFO] [1791300285.941619088] [local_costmap.local_costmap]: Timed out waiting for transform from base_link to odom to become available, tf error: Could not find a connection between 'odom' and 'base_link' because they are not part of the same tree.Tf has two or more unconnected trees.
[controller_server-49] [INFO] [1791300286.441745815] [local_costmap.local_costmap]: Timed out waiting for transform from base_link to odom to become available, tf error: Could not find a connection between 'odom' and 'base_link' because they are not part of the same tree.Tf has two or more unconnected trees.
[create-7] [INFO] [1791300286.557128024] [ros_gz_sim]: Requesting list of world names.
[controller_server-49] [INFO] [1791300286.941585262] [local_costmap.local_costmap]: Timed out waiting for transform from base_link to odom to become available, tf error: Could not find a connection between 'odom' and 'base_link' because they are not part of the same tree.Tf has two or more unconnected trees.
[create-6] [INFO] [1791300287.286777217] [ros_gz_sim]: Requesting list of world names.
[controller_server-49] [INFO] [1791300287.441596531] [local_costmap.local_costmap]: Timed out waiting for transform from base_link to odom to become available, tf error: Could not find a connection between 'odom' and 'base_link' because they are not part of the same tree.Tf has two or more unconnected trees.
[controller_server-49] [INFO] [1791300287.941622445] [local_costmap.local_costmap]: Timed out waiting for transform from base_link to odom to become available, tf error: Could not find a connection between 'odom' and 'base_link' because they are not part of the same tree.Tf has two or more unconnected trees.
[controller_server-49] [INFO] [1791300288.441596060] [local_costmap.local_costmap]: Timed out waiting for transform from base_link to odom to become available, tf error: Could not find a connection between 'odom' and 'base_link' because they are not part of the same tree.Tf has two or more unconnected trees.
[controller_server-49] [INFO] [1791300288.941565221] [local_costmap.local_costmap]: Timed out waiting for transform from base_link to odom to become available, tf error: Could not find a connection between 'odom' and 'base_link' because they are not part of the same tree.Tf has two or more unconnected trees.
[gazebo-1] [1;36m[Dbg] [gz.cc:166] [0m[1;36mSubscribing to [[0m[1;36m/gazebo/starting_world[0m[1;36m].[0m[1;36m[0m
[gazebo-1] [1;36m[Dbg] [gz.cc:168] [0m[1;36mWaiting for a world to be set from the GUI...[0m[1;36m[0m
[gazebo-1] [1;32m[Msg] [0m[1;32mReceived world [[0m[1;32mwarehouse.sdf[0m[1;32m] from the GUI.[0m[1;32m[0m
[gazebo-1] [1;36m[Dbg] [gz.cc:172] [0m[1;36mUnsubscribing from [[0m[1;36m/gazebo/starting_world[0m[1;36m].[0m[1;36m[0m
[gazebo-1] [1;32m[Msg] [0m[1;32mGazebo Sim Server v[0m[1;32m8.10.0[0m[1;32m[0m
[gazebo-1] [1;32m[Msg] [0m[1;32mLoading SDF world file[[0m[1;32m/home/y/u/yunqiao/IROB_Mobile_Robot_Project/install/turtlebot4_gz_bringup/share/turtlebot4_gz_bringup/worlds/warehouse.sdf[0m[1;32m].[0m
[gazebo-1] [1;32m[Msg] [0m[1;32mDownloading model [[0m[1;32mfuel.gazebosim.org/plateau/models/casual female[0m[1;32m][0m[1;32m[0m
[gazebo-1] [1;36m[Dbg] [FuelClient.cc:1968] [0m[1;36mDownloading from a referral link [[0m[1;36mhttps://gz-fuel-resources-production.s3.amazonaws.com/plateau/89535190-0228-4f69-9f9c-ab9f58034d12/.zips/1.zip?X-Amz-Algorithm=AWS4-HMAC-SHA256&X-Amz-Credential=AKIAS5OHIRKDBY6VUUFF%2F20261006%2Fus-east-1%2Fs3%2Faws4_request&X-Amz-Date=20261006T152433Z&X-Amz-Expires=3600&X-Amz-SignedHeaders=host&X-Amz-Signature=9fa1088a7adb8b9dc2e74f8c3d4d5a02c47c29fd7722a79f651c4447b8a56157[0m[1;36m][0m
[gazebo-1] [1;36m[Dbg] [Zip.cc:180] [0m[1;36mCreated file [[0m[1;36m/home/y/u/yunqiao/.gz/fuel/fuel.gazebosim.org/plateau/models/casual female/1/materials/textures/brown_eye.png[0m[1;36m][0m[1;36m[0m
[gazebo-1] [1;36m[Dbg] [Zip.cc:180] [0m[1;36mCreated file [[0m[1;36m/home/y/u/yunqiao/.gz/fuel/fuel.gazebosim.org/plateau/models/casual female/1/materials/textures/casual_female.png[0m[1;36m][0m[1;36m[0m
[gazebo-1] [1;36m[Dbg] [Zip.cc:180] [0m[1;36mCreated file [[0m[1;36m/home/y/u/yunqiao/.gz/fuel/fuel.gazebosim.org/plateau/models/casual female/1/materials/textures/eyebrow002.png[0m[1;36m][0m[1;36m[0m
[gazebo-1] [1;36m[Dbg] [Zip.cc:180] [0m[1;36mCreated file [[0m[1;36m/home/y/u/yunqiao/.gz/fuel/fuel.gazebosim.org/plateau/models/casual female/1/materials/textures/eyelashes01.png[0m[1;36m][0m[1;36m[0m
[gazebo-1] [1;36m[Dbg] [Zip.cc:180] [0m[1;36mCreated file [[0m[1;36m/home/y/u/yunqiao/.gz/fuel/fuel.gazebosim.org/plateau/models/casual female/1/materials/textures/female_casualsuit01_diffuse.png[0m[1;36m][0m[1;36m[0m
[gazebo-1] [1;36m[Dbg] [Zip.cc:180] [0m[1;36mCreated file [[0m[1;36m/home/y/u/yunqiao/.gz/fuel/fuel.gazebosim.org/plateau/models/casual female/1/materials/textures/female_casualsuit01_normal.png[0m[1;36m][0m[1;36m[0m
[gazebo-1] [1;36m[Dbg] [Zip.cc:180] [0m[1;36mCreated file [[0m[1;36m/home/y/u/yunqiao/.gz/fuel/fuel.gazebosim.org/plateau/models/casual female/1/materials/textures/female_casualsuit02_diffuse.png[0m[1;36m][0m[1;36m[0m
[gazebo-1] [1;36m[Dbg] [Zip.cc:180] [0m[1;36mCreated file [[0m[1;36m/home/y/u/yunqiao/.gz/fuel/fuel.gazebosim.org/plateau/models/casual female/1/materials/textures/female_casualsuit02_normal.png[0m[1;36m][0m[1;36m[0m
[gazebo-1] [1;36m[Dbg] [Zip.cc:180] [0m[1;36mCreated file [[0m[1;36m/home/y/u/yunqiao/.gz/fuel/fuel.gazebosim.org/plateau/models/casual female/1/materials/textures/ponytail01_diffuse.png[0m[1;36m][0m[1;36m[0m
[gazebo-1] [1;36m[Dbg] [Zip.cc:180] [0m[1;36mCreated file [[0m[1;36m/home/y/u/yunqiao/.gz/fuel/fuel.gazebosim.org/plateau/models/casual female/1/materials/textures/shoes05_diffuse.png[0m[1;36m][0m[1;36m[0m
[gazebo-1] [1;36m[Dbg] [Zip.cc:180] [0m[1;36mCreated file [[0m[1;36m/home/y/u/yunqiao/.gz/fuel/fuel.gazebosim.org/plateau/models/casual female/1/materials/textures/tongue01_diffuse.png[0m[1;36m][0m[1;36m[0m
[gazebo-1] [1;36m[Dbg] [Zip.cc:180] [0m[1;36mCreated file [[0m[1;36m/home/y/u/yunqiao/.gz/fuel/fuel.gazebosim.org/plateau/models/casual female/1/materials/textures/young_lightskinned_female_diffuse.png[0m[1;36m][0m[1;36m[0m
[gazebo-1] [1;36m[Dbg] [Zip.cc:180] [0m[1;36mCreated file [[0m[1;36m/home/y/u/yunqiao/.gz/fuel/fuel.gazebosim.org/plateau/models/casual female/1/meshes/casual_female.dae[0m[1;36m][0m[1;36m[0m
[controller_server-49] [INFO] [1791300289.441588648] [local_costmap.local_costmap]: Timed out waiting for transform from base_link to odom to become available, tf error: Could not find a connection between 'odom' and 'base_link' because they are not part of the same tree.Tf has two or more unconnected trees.
[gazebo-1] [1;36m[Dbg] [Zip.cc:180] [0m[1;36mCreated file [[0m[1;36m/home/y/u/yunqiao/.gz/fuel/fuel.gazebosim.org/plateau/models/casual female/1/model.config[0m[1;36m][0m[1;36m[0m
[gazebo-1] [1;36m[Dbg] [Zip.cc:180] [0m[1;36mCreated file [[0m[1;36m/home/y/u/yunqiao/.gz/fuel/fuel.gazebosim.org/plateau/models/casual female/1/model.sdf[0m[1;36m][0m[1;36m[0m
[gazebo-1] [1;36m[Dbg] [Zip.cc:180] [0m[1;36mCreated file [[0m[1;36m/home/y/u/yunqiao/.gz/fuel/fuel.gazebosim.org/plateau/models/casual female/1/thumbnails/1.png[0m[1;36m][0m[1;36m[0m
[gazebo-1] [1;36m[Dbg] [Zip.cc:180] [0m[1;36mCreated file [[0m[1;36m/home/y/u/yunqiao/.gz/fuel/fuel.gazebosim.org/plateau/models/casual female/1/thumbnails/2.png[0m[1;36m][0m[1;36m[0m
[gazebo-1] [1;36m[Dbg] [Zip.cc:180] [0m[1;36mCreated file [[0m[1;36m/home/y/u/yunqiao/.gz/fuel/fuel.gazebosim.org/plateau/models/casual female/1/thumbnails/3.png[0m[1;36m][0m[1;36m[0m
[gazebo-1] [1;36m[Dbg] [Zip.cc:180] [0m[1;36mCreated file [[0m[1;36m/home/y/u/yunqiao/.gz/fuel/fuel.gazebosim.org/plateau/models/casual female/1/thumbnails/4.png[0m[1;36m][0m[1;36m[0m
[gazebo-1] [1;36m[Dbg] [Zip.cc:180] [0m[1;36mCreated file [[0m[1;36m/home/y/u/yunqiao/.gz/fuel/fuel.gazebosim.org/plateau/models/casual female/1/thumbnails/5.png[0m[1;36m][0m[1;36m[0m
[gazebo-1] [1;32m[Msg] [0m[1;32mServing entity system service on [[0m[1;32m/[0m[1;32mentity/system/add[0m[1;32m][0m[1;32m[0m
[gazebo-1] [1;36m[Dbg] [Physics.cc:899] [0m[1;36mLoaded [[0m[1;36mgz::physics::dartsim::Plugin[0m[1;36m] from library [[0m[1;36m/afs/kth.se/misc/info/kurser/DD2410/ht26/pixi/IROB/.pixi/envs/default/lib/gz-physics-7/engine-plugins/libgz-physics-dartsim-plugin.so[0m[1;36m][0m[1;36m[0m
[gazebo-1] [1;36m[Dbg] [SystemManager.cc:80] [0m[1;36mLoaded system [[0m[1;36mgz::sim::systems::Physics[0m[1;36m] for entity [[0m[1;36m1[0m[1;36m][0m[1;36m[0m
[gazebo-1] [1;32m[Msg] [0m[1;32mCreate[0m[1;32m service on [[0m[1;32m/world/warehouse/create_multiple[0m[1;32m] (async)[0m[1;32m[0m
[gazebo-1] [1;32m[Msg] [0m[1;32mCreate[0m[1;32m service on [[0m[1;32m/world/warehouse/create_multiple/blocking[0m[1;32m] (blocking)[0m[1;32m[0m
[gazebo-1] [1;32m[Msg] [0m[1;32mRemove[0m[1;32m service on [[0m[1;32m/world/warehouse/remove[0m[1;32m] (async)[0m[1;32m[0m
[gazebo-1] [1;32m[Msg] [0m[1;32mRemove[0m[1;32m service on [[0m[1;32m/world/warehouse/remove/blocking[0m[1;32m] (blocking)[0m[1;32m[0m
[gazebo-1] [1;32m[Msg] [0m[1;32mPose[0m[1;32m service on [[0m[1;32m/world/warehouse/set_pose[0m[1;32m] (async)[0m[1;32m[0m
[gazebo-1] [1;32m[Msg] [0m[1;32mPose[0m[1;32m service on [[0m[1;32m/world/warehouse/set_pose/blocking[0m[1;32m] (blocking)[0m[1;32m[0m
[gazebo-1] [1;32m[Msg] [0m[1;32mPose[0m[1;32m service on [[0m[1;32m/world/warehouse/set_pose_vector[0m[1;32m] (async)[0m[1;32m[0m
[gazebo-1] [1;32m[Msg] [0m[1;32mPose[0m[1;32m service on [[0m[1;32m/world/warehouse/set_pose_vector/blocking[0m[1;32m] (blocking)[0m[1;32m[0m
[gazebo-1] [1;32m[Msg] [0m[1;32mLight configuration[0m[1;32m service on [[0m[1;32m/world/warehouse/light_config[0m[1;32m] (async)[0m[1;32m[0m
[gazebo-1] [1;32m[Msg] [0m[1;32mLight configuration[0m[1;32m service on [[0m[1;32m/world/warehouse/light_config/blocking[0m[1;32m] (blocking)[0m[1;32m[0m
[gazebo-1] [1;32m[Msg] [0m[1;32mPhysics[0m[1;32m service on [[0m[1;32m/world/warehouse/set_physics[0m[1;32m] (async)[0m[1;32m[0m
[gazebo-1] [1;32m[Msg] [0m[1;32mPhysics[0m[1;32m service on [[0m[1;32m/world/warehouse/set_physics/blocking[0m[1;32m] (blocking)[0m[1;32m[0m
[gazebo-1] [1;32m[Msg] [0m[1;32mSphericalCoordinates[0m[1;32m service on [[0m[1;32m/world/warehouse/set_spherical_coordinates[0m[1;32m] (async)[0m[1;32m[0m
[gazebo-1] [1;32m[Msg] [0m[1;32mSphericalCoordinates[0m[1;32m service on [[0m[1;32m/world/warehouse/set_spherical_coordinates/blocking[0m[1;32m] (blocking)[0m[1;32m[0m
[gazebo-1] [1;32m[Msg] [0m[1;32mEnable collision[0m[1;32m service on [[0m[1;32m/world/warehouse/enable_collision[0m[1;32m] (async)[0m[1;32m[0m
[gazebo-1] [1;32m[Msg] [0m[1;32mEnable collision[0m[1;32m service on [[0m[1;32m/world/warehouse/enable_collision/blocking[0m[1;32m] (blocking)[0m[1;32m[0m
[create-7] [INFO] [1791300289.864279884] [ros_gz_sim]: Waiting messages on topic [standard_dock_description].
[create-6] [INFO] [1791300289.864308893] [ros_gz_sim]: Waiting messages on topic [robot_description].
[create-7] [INFO] [1791300289.876664096] [ros_gz_sim]: Entity creation successful.
[gazebo-1] [1;32m[Msg] [0m[1;32mDisable collision[0m[1;32m service on [[0m[1;32m/world/warehouse/disable_collision[0m[1;32m] (async)[0m[1;32m[0m
[gazebo-1] [1;32m[Msg] [0m[1;32mDisable collision[0m[1;32m service on [[0m[1;32m/world/warehouse/disable_collision/blocking[0m[1;32m] (blocking)[0m[1;32m[0m
[gazebo-1] [1;32m[Msg] [0m[1;32mMaterial[0m[1;32m service on [[0m[1;32m/world/warehouse/visual_config[0m[1;32m] (async)[0m[1;32m[0m
[gazebo-1] [1;32m[Msg] [0m[1;32mMaterial[0m[1;32m service on [[0m[1;32m/world/warehouse/visual_config/blocking[0m[1;32m] (blocking)[0m[1;32m[0m
[gazebo-1] [1;32m[Msg] [0m[1;32mMaterial[0m[1;32m service on [[0m[1;32m/world/warehouse/wheel_slip[0m[1;32m] (async)[0m[1;32m[0m
[gazebo-1] [1;32m[Msg] [0m[1;32mMaterial[0m[1;32m service on [[0m[1;32m/world/warehouse/wheel_slip/blocking[0m[1;32m] (blocking)[0m[1;32m[0m
[gazebo-1] [1;36m[Dbg] [SystemManager.cc:80] [0m[1;36mLoaded system [[0m[1;36mgz::sim::systems::UserCommands[0m[1;36m] for entity [[0m[1;36m1[0m[1;36m][0m[1;36m[0m
[gazebo-1] [1;36m[Dbg] [SystemManager.cc:80] [0m[1;36mLoaded system [[0m[1;36mgz::sim::systems::SceneBroadcaster[0m[1;36m] for entity [[0m[1;36m1[0m[1;36m][0m[1;36m[0m
[gazebo-1] [1;36m[Dbg] [SystemManager.cc:80] [0m[1;36mLoaded system [[0m[1;36mgz::sim::systems::Contact[0m[1;36m] for entity [[0m[1;36m1[0m[1;36m][0m[1;36m[0m
[gazebo-1] [1;32m[Msg] [0m[1;32mLoaded level [[0m[1;32mdefault[0m[1;32m][0m[1;32m[0m
[gazebo-1] [1;32m[Msg] [0m[1;32mServing world controls on [[0m[1;32m/world/warehouse[0m[1;32m/control], [[0m[1;32m/world/warehouse[0m[1;32m/control/state] and [[0m[1;32m/world/warehouse[0m[1;32m/playback/control][0m[1;32m[0m
[gazebo-1] [1;32m[Msg] [0m[1;32mServing GUI information on [[0m[1;32m/world/warehouse[0m[1;32m/[0m[1;32mgui/info[0m[1;32m][0m[1;32m[0m
[gazebo-1] [1;32m[Msg] [0m[1;32mWorld [[0m[1;32mwarehouse[0m[1;32m] initialized with [[0m[1;32mdefault_physics[0m[1;32m] physics profile.[0m[1;32m[0m
[gazebo-1] [1;32m[Msg] [0m[1;32mServing world SDF generation service on [[0m[1;32m/world/warehouse[0m[1;32m/[0m[1;32mgenerate_world_sdf[0m[1;32m][0m[1;32m[0m
[gazebo-1] [1;32m[Msg] [0m[1;32mServing world names on [[0m[1;32m/gazebo/worlds[0m[1;32m][0m[1;32m[0m
[gazebo-1] [1;32m[Msg] [0m[1;32mResource path add service on [[0m[1;32m/gazebo/resource_paths/add[0m[1;32m].[0m[1;32m[0m
[gazebo-1] [1;32m[Msg] [0m[1;32mResource path get service on [[0m[1;32m/gazebo/resource_paths/get[0m[1;32m].[0m[1;32m[0m
[gazebo-1] [1;32m[Msg] [0m[1;32mResource path resolve service on [[0m[1;32m/gazebo/resource_paths/resolve[0m[1;32m].[0m[1;32m[0m
[gazebo-1] [1;32m[Msg] [0m[1;32mResource paths published on [[0m[1;32m/gazebo/resource_paths[0m[1;32m].[0m[1;32m[0m
[gazebo-1] [1;32m[Msg] [0m[1;32mServer control service on [[0m[1;32m/server_control[0m[1;32m].[0m[1;32m[0m
[gazebo-1] [1;32m[Msg] [0m[1;32mFound no publishers on /stats, adding root stats topic[0m[1;32m[0m
[gazebo-1] [1;32m[Msg] [0m[1;32mFound no publishers on /clock, adding root clock topic[0m[1;32m[0m
[gazebo-1] [1;36m[Dbg] [SimulationRunner.cc:533] [0m[1;36mCreating PostUpdate worker threads: [0m[1;36m3[0m[1;36m[0m
[gazebo-1] [1;36m[Dbg] [SimulationRunner.cc:544] [0m[1;36mCreating postupdate worker thread ([0m[1;36m0[0m[1;36m)[0m[1;36m[0m
[gazebo-1] [1;36m[Dbg] [SimulationRunner.cc:544] [0m[1;36mCreating postupdate worker thread ([0m[1;36m1[0m[1;36m)[0m[1;36m[0m
[gazebo-1] [1;36m[Dbg] [SDFFeatures.cc:332] [0m[1;36mMesh construction from an SDF has not been implemented yet for [0m[1;36mdartsim. Use AttachMeshShapeFeature to use mesh shapes.[0m
[gazebo-1] [1;36m[Dbg] [SDFFeatures.cc:864] [0m[1;36mThe geometry element of collision [[0m[1;36mwarehouse_collision[0m[1;36m] [0m[1;36mcouldn't be created[0m
[gazebo-1] [1;36m[Dbg] [SDFFeatures.cc:332] [0m[1;36mMesh construction from an SDF has not been implemented yet for [0m[1;36mdartsim. Use AttachMeshShapeFeature to use mesh shapes.[0m
[gazebo-1] [1;36m[Dbg] [SDFFeatures.cc:864] [0m[1;36mThe geometry element of collision [[0m[1;36mcollision[0m[1;36m] [0m[1;36mcouldn't be created[0m
[create-6] [INFO] [1791300289.879656637] [ros_gz_sim]: Entity creation successful.
[gazebo-1] [1;33m[Wrn] [OBJLoader.cc:91] [0m[1;33mBoth `d` and `Tr` parameters defined for "Chair". Use the value of `d` for dissolve (line 8 in .mtl.)[0m
[gazebo-1] [1;33m[0m
[gazebo-1] [1;33m[Wrn] [OBJLoader.cc:91] [0m[1;33mBoth `d` and `Tr` parameters defined for "CoffeeTable". Use the value of `d` for dissolve (line 8 in .mtl.)[0m
[gazebo-1] [1;33m[0m
[wait_for_ready-47] [INFO] [1791300289.918167449] [wait_for_rviz]: ready: topic /clock (message received)
[controller_server-49] [INFO] [1791300289.941595068] [local_costmap.local_costmap]: Timed out waiting for transform from base_link to odom to become available, tf error: Could not find a connection between 'odom' and 'base_link' because they are not part of the same tree.Tf has two or more unconnected trees.
[INFO] [create-7]: process has finished cleanly [pid 8888]
[INFO] [create-6]: process has finished cleanly [pid 8886]
[gazebo-1] [1;36m[Dbg] [SDFFeatures.cc:332] [0m[1;36mMesh construction from an SDF has not been implemented yet for [0m[1;36mdartsim. Use AttachMeshShapeFeature to use mesh shapes.[0m
[gazebo-1] [1;36m[Dbg] [SDFFeatures.cc:864] [0m[1;36mThe geometry element of collision [[0m[1;36mcollision[0m[1;36m] [0m[1;36mcouldn't be created[0m
[gazebo-1] [1;36m[Dbg] [SDFFeatures.cc:332] [0m[1;36mMesh construction from an SDF has not been implemented yet for [0m[1;36mdartsim. Use AttachMeshShapeFeature to use mesh shapes.[0m
[gazebo-1] [1;36m[Dbg] [SDFFeatures.cc:864] [0m[1;36mThe geometry element of collision [[0m[1;36mcollision[0m[1;36m] [0m[1;36mcouldn't be created[0m
[gazebo-1] [1;36m[Dbg] [SDFFeatures.cc:332] [0m[1;36mMesh construction from an SDF has not been implemented yet for [0m[1;36mdartsim. Use AttachMeshShapeFeature to use mesh shapes.[0m
[gazebo-1] [1;36m[Dbg] [SDFFeatures.cc:864] [0m[1;36mThe geometry element of collision [[0m[1;36mcollision[0m[1;36m] [0m[1;36mcouldn't be created[0m
[gazebo-1] [1;36m[Dbg] [SDFFeatures.cc:332] [0m[1;36mMesh construction from an SDF has not been implemented yet for [0m[1;36mdartsim. Use AttachMeshShapeFeature to use mesh shapes.[0m
[gazebo-1] [1;36m[Dbg] [SDFFeatures.cc:864] [0m[1;36mThe geometry element of collision [[0m[1;36mcollision[0m[1;36m] [0m[1;36mcouldn't be created[0m
[gazebo-1] [1;36m[Dbg] [SimulationFeatures.cc:90] [0m[1;36mSimulation timestep set to: [0m[1;36m0.003[0m[1;36m[0m
[gazebo-1] [1;32m[Msg] [0m[1;32mServing scene information on [[0m[1;32m/world/warehouse[0m[1;32m/[0m[1;32mscene/info[0m[1;32m][0m[1;32m[0m
[gazebo-1] [1;32m[Msg] [0m[1;32mServing graph information on [[0m[1;32m/world/warehouse[0m[1;32m/[0m[1;32mscene/graph[0m[1;32m][0m[1;32m[0m
[gazebo-1] [1;32m[Msg] [0m[1;32mServing full state on [[0m[1;32m/world/warehouse[0m[1;32m/[0m[1;32mstate[0m[1;32m][0m[1;32m[0m
[gazebo-1] [1;32m[Msg] [0m[1;32mServing full state (async) on [[0m[1;32m/world/warehouse[0m[1;32m/[0m[1;32mstate_async[0m[1;32m][0m[1;32m[0m
[gazebo-1] [1;32m[Msg] [0m[1;32mPublishing scene information on [[0m[1;32m/world/warehouse/scene/info[0m[1;32m][0m[1;32m[0m
[gazebo-1] [1;32m[Msg] [0m[1;32mPublishing entity deletions on [[0m[1;32m/world/warehouse/scene/deletion[0m[1;32m][0m[1;32m[0m
[gazebo-1] [1;32m[Msg] [0m[1;32mPublishing state changes on [[0m[1;32m/world/warehouse/state[0m[1;32m][0m[1;32m[0m
[gazebo-1] [1;32m[Msg] [0m[1;32mPublishing pose messages on [[0m[1;32m/world/warehouse[0m[1;32m/[0m[1;32mpose/info[0m[1;32m][0m[1;32m[0m
[gazebo-1] [1;32m[Msg] [0m[1;32mPublishing dynamic pose messages on [[0m[1;32m/world/warehouse[0m[1;32m/[0m[1;32mdynamic_pose/info[0m[1;32m][0m[1;32m[0m
[gazebo-1] [1;36m[Dbg] [SystemManager.cc:80] [0m[1;36mLoaded system [[0m[1;36mgz::sim::systems::PosePublisher[0m[1;36m] for entity [[0m[1;36m148[0m[1;36m][0m[1;36m[0m
[gazebo-1] [1;36m[Dbg] [UserCommands.cc:1094] [0m[1;36mCreated entity [[0m[1;36m148[0m[1;36m] named [[0m[1;36mstandard_dock[0m[1;36m][0m[1;36m[0m
[gazebo-1] [1;33mWarning [Utils.cc:132][0m [/sdf/model[@name="tb4_lite6"]/joint[@name="wheel_drop_left_joint"]/physics/ode/provide_feedback:<urdf-string>:L0]: XML Element[provide_feedback], child of element[ode], not defined in SDF. Copying[provide_feedback] as children of [ode].
[gazebo-1] [1;33mWarning [Utils.cc:132][0m [/sdf/model[@name="tb4_lite6"]/joint[@name="wheel_drop_right_joint"]/physics/ode/provide_feedback:<urdf-string>:L0]: XML Element[provide_feedback], child of element[ode], not defined in SDF. Copying[provide_feedback] as children of [ode].
[gazebo-1] [1;33m[Wrn] [SdfEntityCreator.cc:933] [0m[1;33mGazebo does not support Ogre material scripts. See [0m[1;33mhttps://gazebosim.org/api/sim/8/migrationsdf.html#:~:text=Materials [0m[1;33mfor details.[0m[1;33m[0m
[gazebo-1] [1;33m[Wrn] [SdfEntityCreator.cc:949] [0m[1;33mUsing an internal gazebo.material to parse [0m[1;33mGazebo/DarkGrey[0m[1;33m[0m
[gazebo-1] [1;33m[Wrn] [SdfEntityCreator.cc:933] [0m[1;33mGazebo does not support Ogre material scripts. See [0m[1;33mhttps://gazebosim.org/api/sim/8/migrationsdf.html#:~:text=Materials [0m[1;33mfor details.[0m[1;33m[0m
[gazebo-1] [1;33m[Wrn] [SdfEntityCreator.cc:949] [0m[1;33mUsing an internal gazebo.material to parse [0m[1;33mGazebo/DarkGrey[0m[1;33m[0m
[gazebo-1] [1;33m[Wrn] [SdfEntityCreator.cc:933] [0m[1;33mGazebo does not support Ogre material scripts. See [0m[1;33mhttps://gazebosim.org/api/sim/8/migrationsdf.html#:~:text=Materials [0m[1;33mfor details.[0m[1;33m[0m
[gazebo-1] [1;33m[Wrn] [SdfEntityCreator.cc:949] [0m[1;33mUsing an internal gazebo.material to parse [0m[1;33mGazebo/DarkGrey[0m[1;33m[0m
[gazebo-1] [1;33m[Wrn] [SdfEntityCreator.cc:933] [0m[1;33mGazebo does not support Ogre material scripts. See [0m[1;33mhttps://gazebosim.org/api/sim/8/migrationsdf.html#:~:text=Materials [0m[1;33mfor details.[0m[1;33m[0m
[gazebo-1] [1;33m[Wrn] [SdfEntityCreator.cc:949] [0m[1;33mUsing an internal gazebo.material to parse [0m[1;33mGazebo/DarkGrey[0m[1;33m[0m
[gazebo-1] [1;32m[Msg] [0m[1;32mGazebo Sim GUI    v[0m[1;32m8.10.0[0m[1;32m[0m
[gazebo-1] [1;32m[Msg] [0m[1;32mDetected Wayland. Setting Qt to use the xcb plugin: [0m[1;32m'QT_QPA_PLATFORM=xcb'.[0m[1;32m[0m
[gazebo-1] [1;36m[Dbg] [Gui.cc:275] [0m[1;36mWaiting for subscribers to [[0m[1;36m/gazebo/starting_world[0m[1;36m]...[0m[1;36m[0m
[gazebo-1] [1;36m[Dbg] [Application.cc:96] [0m[1;36mInitializing application.[0m[1;36m[0m
[gazebo-1] [1;36m[Dbg] [Application.cc:170] [0m[1;36mQt using OpenGL graphics interface[0m[1;36m[0m
[gazebo-1] [1;36m[GUI] [Dbg] [Application.cc:657] [0m[1;36mCreate main window[0m[1;36m[0m
[gazebo-1] [1;36m[GUI] [Dbg] [PathManager.cc:68] [0m[1;36mRequesting resource paths through [[0m[1;36m/gazebo/resource_paths/get[0m[1;36m][0m[1;36m[0m
[gazebo-1] [1;36m[GUI] [Dbg] [Gui.cc:355] [0m[1;36mGUI requesting list of world names. The server may be busy [0m[1;36mdownloading resources. Please be patient.[0m[1;36m[0m
[gazebo-1] [1;36m[GUI] [Dbg] [Gui.cc:355] [0m[1;36mGUI requesting list of world names. The server may be busy [0m[1;36mdownloading resources. Please be patient.[0m[1;36m[0m
[gazebo-1] [1;36m[GUI] [Dbg] [Gui.cc:355] [0m[1;36mGUI requesting list of world names. The server may be busy [0m[1;36mdownloading resources. Please be patient.[0m[1;36m[0m
[gazebo-1] [1;36m[GUI] [Dbg] [Gui.cc:355] [0m[1;36mGUI requesting list of world names. The server may be busy [0m[1;36mdownloading resources. Please be patient.[0m[1;36m[0m
[gazebo-1] [1;36m[GUI] [Dbg] [PathManager.cc:57] [0m[1;36mReceived resource paths.[0m[1;36m[0m
[gazebo-1] [1;36m[GUI] [Dbg] [GuiRunner.cc:149] [0m[1;36mRequesting initial state from [[0m[1;36m/world/warehouse/state[0m[1;36m]...[0m[1;36m[0m
[gazebo-1] [1;32m[GUI] [0m[1;32m[Msg] [0m[1;32mLoading config [[0m[1;32m/home/y/u/yunqiao/IROB_Mobile_Robot_Project/install/turtlebot4_gz_bringup/share/turtlebot4_gz_bringup/gui/standard/gui.config[0m[1;32m][0m[1;32m[0m
[gazebo-1] [1;36m[GUI] [Dbg] [Application.cc:528] [0m[1;36mLoading plugin [[0m[1;36mMinimalScene[0m[1;36m][0m[1;36m[0m
[gazebo-1] [1;36m[GUI] [Dbg] [MinimalScene.cc:802] [0m[1;36mCreating gz-rendering interface for OpenGL[0m[1;36m[0m
[gazebo-1] [1;36m[GUI] [Dbg] [MinimalScene.cc:802] [0m[1;36mCreating gz-rendering interface for OpenGL[0m[1;36m[0m
[gazebo-1] [1;36m[GUI] [Dbg] [MinimalScene.cc:986] [0m[1;36mCreating render thread interface for OpenGL[0m[1;36m[0m
[gazebo-1] [1;36m[GUI] [Dbg] [MinimalScene.cc:802] [0m[1;36mCreating gz-rendering interface for OpenGL[0m[1;36m[0m
[gazebo-1] [1;36m[GUI] [Dbg] [MinimalScene.cc:986] [0m[1;36mCreating render thread interface for OpenGL[0m[1;36m[0m
[gazebo-1] [1;32m[GUI] [0m[1;32m[Msg] [0m[1;32mAdded plugin [[0m[1;32m3D View[0m[1;32m] to main window[0m[1;32m[0m
[gazebo-1] [1;32m[GUI] [0m[1;32m[Msg] [0m[1;32mLoaded plugin [[0m[1;32mMinimalScene[0m[1;32m] from path [[0m[1;32m/afs/kth.se/misc/info/kurser/DD2410/ht26/pixi/IROB/.pixi/envs/default/lib/gz-gui-8/plugins/libMinimalScene.so[0m[1;32m][0m[1;32m[0m
[gazebo-1] [1;36m[GUI] [Dbg] [Application.cc:528] [0m[1;36mLoading plugin [[0m[1;36mGzSceneManager[0m[1;36m][0m[1;36m[0m
[gazebo-1] [1;32m[GUI] [0m[1;32m[Msg] [0m[1;32mAdded plugin [[0m[1;32mScene Manager[0m[1;32m] to main window[0m[1;32m[0m
[gazebo-1] [1;32m[GUI] [0m[1;32m[Msg] [0m[1;32mLoaded plugin [[0m[1;32mGzSceneManager[0m[1;32m] from path [[0m[1;32m/afs/kth.se/misc/info/kurser/DD2410/ht26/pixi/IROB/.pixi/envs/default/lib/gz-sim-8/plugins/gui/libGzSceneManager.so[0m[1;32m][0m[1;32m[0m
[gazebo-1] [1;36m[GUI] [Dbg] [Application.cc:528] [0m[1;36mLoading plugin [[0m[1;36mInteractiveViewControl[0m[1;36m][0m[1;36m[0m
[gazebo-1] [1;32m[GUI] [0m[1;32m[Msg] [0m[1;32mCamera view controller topic advertised on [[0m[1;32m/gui/camera/view_control[0m[1;32m][0m[1;32m[0m
[gazebo-1] [1;32m[GUI] [0m[1;32m[Msg] [0m[1;32mCamera reference visual topic advertised on [[0m[1;32m/gui/camera/view_control/reference_visual[0m[1;32m][0m[1;32m[0m
[gazebo-1] [1;32m[GUI] [0m[1;32m[Msg] [0m[1;32mCamera view control sensitivity advertised on [[0m[1;32m/gui/camera/view_control/sensitivity[0m[1;32m][0m[1;32m[0m
[gazebo-1] [INFO] [1791300290.265658911] [gz_ros_control]: [gz_ros2_control] Fixed joint ['bumper_joint'] (Entity='270') is skipped.
[gazebo-1] [INFO] [1791300290.265697778] [gz_ros_control]: [gz_ros2_control] Fixed joint ['front_caster_joint'] (Entity='271') is skipped.
[gazebo-1] [INFO] [1791300290.265701786] [gz_ros_control]: [gz_ros2_control] Fixed joint ['front_left_bottom_weight_block_joint'] (Entity='272') is skipped.
[gazebo-1] [INFO] [1791300290.265704980] [gz_ros_control]: [gz_ros2_control] Fixed joint ['front_left_top_weight_block_joint'] (Entity='273') is skipped.
[gazebo-1] [INFO] [1791300290.265707896] [gz_ros_control]: [gz_ros2_control] Fixed joint ['front_right_bottom_weight_block_joint'] (Entity='274') is skipped.
[gazebo-1] [INFO] [1791300290.265710513] [gz_ros_control]: [gz_ros2_control] Fixed joint ['front_right_top_weight_block_joint'] (Entity='275') is skipped.
[gazebo-1] [INFO] [1791300290.265713573] [gz_ros_control]: [gz_ros2_control] Fixed joint ['imu_joint'] (Entity='276') is skipped.
[gazebo-1] [INFO] [1791300290.265715826] [gz_ros_control]: [gz_ros2_control] Fixed joint ['ir_intensity_front_center_left_joint'] (Entity='277') is skipped.
[gazebo-1] [INFO] [1791300290.265718378] [gz_ros_control]: [gz_ros2_control] Fixed joint ['ir_intensity_front_center_right_joint'] (Entity='278') is skipped.
[gazebo-1] [INFO] [1791300290.265720931] [gz_ros_control]: [gz_ros2_control] Fixed joint ['ir_intensity_front_left_joint'] (Entity='279') is skipped.
[gazebo-1] [INFO] [1791300290.265723846] [gz_ros_control]: [gz_ros2_control] Fixed joint ['ir_intensity_front_right_joint'] (Entity='280') is skipped.
[gazebo-1] [INFO] [1791300290.265726478] [gz_ros_control]: [gz_ros2_control] Fixed joint ['ir_intensity_left_joint'] (Entity='281') is skipped.
[gazebo-1] [INFO] [1791300290.265729301] [gz_ros_control]: [gz_ros2_control] Fixed joint ['ir_intensity_right_joint'] (Entity='282') is skipped.
[gazebo-1] [INFO] [1791300290.265732014] [gz_ros_control]: [gz_ros2_control] Fixed joint ['ir_intensity_side_left_joint'] (Entity='283') is skipped.
[gazebo-1] [INFO] [1791300290.265734330] [gz_ros_control]: [gz_ros2_control] Fixed joint ['ir_omni_joint'] (Entity='284') is skipped.
[gazebo-1] [INFO] [1791300290.265736804] [gz_ros_control]: [gz_ros2_control] Fixed joint ['mouse_joint'] (Entity='285') is skipped.
[gazebo-1] [INFO] [1791300290.265740957] [gz_ros_control]: [gz_ros2_control] Fixed joint ['arm_vacuum_gripper_fix'] (Entity='292') is skipped.
[gazebo-1] [INFO] [1791300290.265744689] [gz_ros_control]: [gz_ros2_control] Fixed joint ['front_left_tower_standoff_joint'] (Entity='293') is skipped.
[gazebo-1] [INFO] [1791300290.265747334] [gz_ros_control]: [gz_ros2_control] Fixed joint ['front_right_tower_standoff_joint'] (Entity='294') is skipped.
[gazebo-1] [INFO] [1791300290.265749945] [gz_ros_control]: [gz_ros2_control] Fixed joint ['oakd_camera_bracket_joint'] (Entity='295') is skipped.
[gazebo-1] [INFO] [1791300290.265752413] [gz_ros_control]: [gz_ros2_control] Fixed joint ['oakd_joint'] (Entity='296') is skipped.
[gazebo-1] [INFO] [1791300290.265754607] [gz_ros_control]: [gz_ros2_control] Fixed joint ['oakd_imu_joint'] (Entity='297') is skipped.
[gazebo-1] [INFO] [1791300290.265756942] [gz_ros_control]: [gz_ros2_control] Fixed joint ['oakd_left_camera_joint'] (Entity='298') is skipped.
[gazebo-1] [INFO] [1791300290.265759430] [gz_ros_control]: [gz_ros2_control] Fixed joint ['oakd_left_camera_optical_joint'] (Entity='299') is skipped.
[gazebo-1] [INFO] [1791300290.265761769] [gz_ros_control]: [gz_ros2_control] Fixed joint ['oakd_rgb_camera_joint'] (Entity='300') is skipped.
[gazebo-1] [INFO] [1791300290.265764530] [gz_ros_control]: [gz_ros2_control] Fixed joint ['oakd_rgb_camera_optical_joint'] (Entity='301') is skipped.
[gazebo-1] [INFO] [1791300290.265767076] [gz_ros_control]: [gz_ros2_control] Fixed joint ['oakd_right_camera_joint'] (Entity='302') is skipped.
[gazebo-1] [INFO] [1791300290.265769852] [gz_ros_control]: [gz_ros2_control] Fixed joint ['oakd_right_camera_optical_joint'] (Entity='303') is skipped.
[gazebo-1] [INFO] [1791300290.265772445] [gz_ros_control]: [gz_ros2_control] Fixed joint ['rear_left_tower_standoff_joint'] (Entity='304') is skipped.
[gazebo-1] [INFO] [1791300290.265774797] [gz_ros_control]: [gz_ros2_control] Fixed joint ['rear_right_tower_standoff_joint'] (Entity='305') is skipped.
[gazebo-1] [INFO] [1791300290.265778232] [gz_ros_control]: [gz_ros2_control] Fixed joint ['rplidar_joint'] (Entity='306') is skipped.
[gazebo-1] [INFO] [1791300290.265828006] [gz_ros_control]: [gz_ros2_control] Fixed joint ['tower_sensor_plate_joint'] (Entity='307') is skipped.
[gazebo-1] [INFO] [1791300290.284697449] [gz_ros_control]: Loading controller_manager
[gazebo-1] [INFO] [1791300290.340265164] [controller_manager]: Using ROS clock for triggering controller manager cycles.
[gazebo-1] [INFO] [1791300290.349122249] [controller_manager]: Subscribing to '/robot_description' topic for robot description.
[gazebo-1] [WARN] [1791300290.354275915] [gz_ros_control]: Waiting RM to load and initialize hardware...
[gazebo-1] [1;33m[GUI] [Wrn] [Application.cc:908] [0m[1;33m[QT] file::/Turtlebot4Hmi/Turtlebot4Hmi.qml:102:7: Unable to assign [undefined] to QString[0m[1;33m[0m
[controller_server-49] [INFO] [1791300290.441607083] [local_costmap.local_costmap]: Timed out waiting for transform from base_link to odom to become available, tf error: Could not find a connection between 'odom' and 'base_link' because they are not part of the same tree.Tf has two or more unconnected trees.
[gazebo-1] [1;33m[GUI] [Wrn] [Application.cc:908] [0m[1;33m[QT] file::/WorldStats/WorldStats.qml:53:3: QML RowLayout: Binding loop detected for property "x"[0m[1;33m[0m
[gazebo-1] [1;32m[GUI] [0m[1;32m[Msg] [0m[1;32mAdded plugin [[0m[1;32mInteractive view control[0m[1;32m] to main window[0m[1;32m[0m
[gazebo-1] [1;32m[GUI] [0m[1;32m[Msg] [0m[1;32mLoaded plugin [[0m[1;32mInteractiveViewControl[0m[1;32m] from path [[0m[1;32m/afs/kth.se/misc/info/kurser/DD2410/ht26/pixi/IROB/.pixi/envs/default/lib/gz-gui-8/plugins/libInteractiveViewControl.so[0m[1;32m][0m[1;32m[0m
[gazebo-1] [1;36m[GUI] [Dbg] [Application.cc:528] [0m[1;36mLoading plugin [[0m[1;36mWorldControl[0m[1;36m][0m[1;36m[0m
[gazebo-1] [1;32m[GUI] [0m[1;32m[Msg] [0m[1;32mUsing world control service [[0m[1;32m/world/warehouse/control[0m[1;32m][0m[1;32m[0m
[gazebo-1] [1;32m[GUI] [0m[1;32m[Msg] [0m[1;32mListening to stats on [[0m[1;32m/world/warehouse/stats[0m[1;32m][0m[1;32m[0m
[gazebo-1] [1;36m[GUI] [Dbg] [WorldControl.cc:237] [0m[1;36mUsing an event to share WorldControl msgs with the server[0m
[gazebo-1] [1;32m[GUI] [0m[1;32m[Msg] [0m[1;32mAdded plugin [[0m[1;32mWorld control[0m[1;32m] to main window[0m[1;32m[0m
[gazebo-1] [1;32m[GUI] [0m[1;32m[Msg] [0m[1;32mLoaded plugin [[0m[1;32mWorldControl[0m[1;32m] from path [[0m[1;32m/afs/kth.se/misc/info/kurser/DD2410/ht26/pixi/IROB/.pixi/envs/default/lib/gz-gui-8/plugins/libWorldControl.so[0m[1;32m][0m[1;32m[0m
[gazebo-1] [1;36m[GUI] [Dbg] [Application.cc:528] [0m[1;36mLoading plugin [[0m[1;36mWorldStats[0m[1;36m][0m[1;36m[0m
[gazebo-1] [1;32m[GUI] [0m[1;32m[Msg] [0m[1;32mListening to stats on [[0m[1;32m/world/warehouse/stats[0m[1;32m][0m[1;32m[0m
[gazebo-1] [1;32m[GUI] [0m[1;32m[Msg] [0m[1;32mAdded plugin [[0m[1;32mWorld stats[0m[1;32m] to main window[0m[1;32m[0m
[gazebo-1] [1;32m[GUI] [0m[1;32m[Msg] [0m[1;32mLoaded plugin [[0m[1;32mWorldStats[0m[1;32m] from path [[0m[1;32m/afs/kth.se/misc/info/kurser/DD2410/ht26/pixi/IROB/.pixi/envs/default/lib/gz-gui-8/plugins/libWorldStats.so[0m[1;32m][0m[1;32m[0m
[gazebo-1] [1;36m[GUI] [Dbg] [Application.cc:528] [0m[1;36mLoading plugin [[0m[1;36mTransformControl[0m[1;36m][0m[1;36m[0m
[gazebo-1] [1;32m[GUI] [0m[1;32m[Msg] [0m[1;32mAdded plugin [[0m[1;32mTransform control[0m[1;32m] to main window[0m[1;32m[0m
[gazebo-1] [1;32m[GUI] [0m[1;32m[Msg] [0m[1;32mLoaded plugin [[0m[1;32mTransformControl[0m[1;32m] from path [[0m[1;32m/afs/kth.se/misc/info/kurser/DD2410/ht26/pixi/IROB/.pixi/envs/default/lib/gz-sim-8/plugins/gui/libTransformControl.so[0m[1;32m][0m[1;32m[0m
[gazebo-1] [1;36m[GUI] [Dbg] [Application.cc:528] [0m[1;36mLoading plugin [[0m[1;36mShapes[0m[1;36m][0m[1;36m[0m
[gazebo-1] [1;32m[GUI] [0m[1;32m[Msg] [0m[1;32mAdded plugin [[0m[1;32mShapes[0m[1;32m] to main window[0m[1;32m[0m
[gazebo-1] [1;32m[GUI] [0m[1;32m[Msg] [0m[1;32mLoaded plugin [[0m[1;32mShapes[0m[1;32m] from path [[0m[1;32m/afs/kth.se/misc/info/kurser/DD2410/ht26/pixi/IROB/.pixi/envs/default/lib/gz-sim-8/plugins/gui/libShapes.so[0m[1;32m][0m[1;32m[0m
[gazebo-1] [1;36m[GUI] [Dbg] [Application.cc:528] [0m[1;36mLoading plugin [[0m[1;36mTurtlebot4Hmi[0m[1;36m][0m[1;36m[0m
[gazebo-1] [1;32m[GUI] [0m[1;32m[Msg] [0m[1;32mAdded plugin [[0m[1;32mTurtlebot4 HMI[0m[1;32m] to main window[0m[1;32m[0m
[gazebo-1] [1;32m[GUI] [0m[1;32m[Msg] [0m[1;32mLoaded plugin [[0m[1;32mTurtlebot4Hmi[0m[1;32m] from path [[0m[1;32m/home/y/u/yunqiao/IROB_Mobile_Robot_Project/install/turtlebot4_gz_gui_plugins/share/turtlebot4_gz_gui_plugins/lib/libTurtlebot4Hmi.so[0m[1;32m][0m[1;32m[0m
[gazebo-1] [1;36m[GUI] [Dbg] [Application.cc:528] [0m[1;36mLoading plugin [[0m[1;36mTeleop[0m[1;36m][0m[1;36m[0m
[gazebo-1] [1;32m[GUI] [0m[1;32m[Msg] [0m[1;32mA new topic has been entered: '[0m[1;32m/cmd_vel[0m[1;32m ' [0m[1;32m[0m
[gazebo-1] [1;32m[GUI] [0m[1;32m[Msg] [0m[1;32mAdded plugin [[0m[1;32mTeleop[0m[1;32m] to main window[0m[1;32m[0m
[gazebo-1] [1;32m[GUI] [0m[1;32m[Msg] [0m[1;32mLoaded plugin [[0m[1;32mTeleop[0m[1;32m] from path [[0m[1;32m/afs/kth.se/misc/info/kurser/DD2410/ht26/pixi/IROB/.pixi/envs/default/lib/gz-gui-8/plugins/libTeleop.so[0m[1;32m][0m[1;32m[0m
[gazebo-1] [1;36m[GUI] [Dbg] [Application.cc:671] [0m[1;36mApplying config[0m[1;36m[0m
[gazebo-1] [1;36m[GUI] [Dbg] [MinimalScene.cc:802] [0m[1;36mCreating gz-rendering interface for OpenGL[0m[1;36m[0m
[controller_server-49] [INFO] [1791300290.941584500] [local_costmap.local_costmap]: Timed out waiting for transform from base_link to odom to become available, tf error: Could not find a connection between 'odom' and 'base_link' because they are not part of the same tree.Tf has two or more unconnected trees.
[gazebo-1] [WARN] [1791300291.348246641] [controller_manager]: Waiting for data on 'robot_description' topic to finish initialization
[controller_server-49] [INFO] [1791300291.441587646] [local_costmap.local_costmap]: Timed out waiting for transform from base_link to odom to become available, tf error: Could not find a connection between 'odom' and 'base_link' because they are not part of the same tree.Tf has two or more unconnected trees.
[controller_server-49] [INFO] [1791300291.941593505] [local_costmap.local_costmap]: Timed out waiting for transform from base_link to odom to become available, tf error: Could not find a connection between 'odom' and 'base_link' because they are not part of the same tree.Tf has two or more unconnected trees.
[wait_for_ready-48] [INFO] [1791300292.115520268] [wait_for_sim]: ready: node controller_manager
[wait_for_ready-48] [INFO] [1791300292.117110484] [wait_for_sim]: ready: service /controller_manager/set_parameters
[gazebo-1] [WARN] [1791300292.348205562] [controller_manager]: Waiting for data on 'robot_description' topic to finish initialization
[gazebo-1] [WARN] [1791300292.354367471] [gz_ros_control]: Waiting RM to load and initialize hardware...
[controller_server-49] [INFO] [1791300292.441589414] [local_costmap.local_costmap]: Timed out waiting for transform from base_link to odom to become available, tf error: Could not find a connection between 'odom' and 'base_link' because they are not part of the same tree.Tf has two or more unconnected trees.
[controller_server-49] [INFO] [1791300292.941602027] [local_costmap.local_costmap]: Timed out waiting for transform from base_link to odom to become available, tf error: Could not find a connection between 'odom' and 'base_link' because they are not part of the same tree.Tf has two or more unconnected trees.
[gazebo-1] [INFO] [1791300293.017545562] [controller_manager]: Received robot description from topic.
[gazebo-1] [INFO] [1791300293.017606074] [controller_manager]: Enforcing command limits is disabled. Command limits from URDF will be ignored.
[gazebo-1] [INFO] [1791300293.038021204] [gz_ros_control]: The position_proportional_gain has been set to: 0.1
[gazebo-1] [INFO] [1791300293.038078356] [gz_ros_control]: Loading joint: left_wheel_joint
[gazebo-1] [INFO] [1791300293.038085716] [gz_ros_control]: 	State:
[gazebo-1] [INFO] [1791300293.038088805] [gz_ros_control]: 		 velocity
[gazebo-1] [INFO] [1791300293.038091704] [gz_ros_control]: 		 position
[gazebo-1] [INFO] [1791300293.038095276] [gz_ros_control]: 	Command:
[gazebo-1] [INFO] [1791300293.038097214] [gz_ros_control]: 		 velocity
[gazebo-1] [INFO] [1791300293.038176623] [gz_ros_control]: Loading sensor: imu
[gazebo-1] [INFO] [1791300293.038184519] [gz_ros_control]: 	State:
[gazebo-1] [WARN] [1791300293.038187179] [gz_ros_control]: IMU sensor 'imu' not found in hardware_info, skipping.
[gazebo-1] [INFO] [1791300293.038472822] [controller_manager]: Initialize hardware 'left_wheel_controller' 
[gazebo-1] [WARN] [1791300293.038493987] [controller_manager.hardware_component.system.left_wheel_controller]: Executor is not available during hardware component initialization for 'left_wheel_controller'. Skipping node creation!
[gazebo-1] [INFO] [1791300293.038518665] [controller_manager]: Successful initialization of hardware 'left_wheel_controller'
[gazebo-1] [INFO] [1791300293.038787207] [gz_ros_control]: The position_proportional_gain has been set to: 0.1
[gazebo-1] [INFO] [1791300293.038836988] [gz_ros_control]: Loading joint: right_wheel_joint
[gazebo-1] [INFO] [1791300293.038845274] [gz_ros_control]: 	State:
[gazebo-1] [INFO] [1791300293.038850779] [gz_ros_control]: 		 velocity
[gazebo-1] [INFO] [1791300293.038854864] [gz_ros_control]: 		 position
[gazebo-1] [INFO] [1791300293.038863518] [gz_ros_control]: 	Command:
[gazebo-1] [INFO] [1791300293.038866615] [gz_ros_control]: 		 velocity
[gazebo-1] [INFO] [1791300293.038880382] [gz_ros_control]: Loading sensor: imu
[gazebo-1] [INFO] [1791300293.038884486] [gz_ros_control]: 	State:
[gazebo-1] [WARN] [1791300293.038887424] [gz_ros_control]: IMU sensor 'imu' not found in hardware_info, skipping.
[gazebo-1] [INFO] [1791300293.038910658] [controller_manager]: Initialize hardware 'right_wheel_controller' 
[gazebo-1] [WARN] [1791300293.038918436] [controller_manager.hardware_component.system.right_wheel_controller]: Executor is not available during hardware component initialization for 'right_wheel_controller'. Skipping node creation!
[gazebo-1] [INFO] [1791300293.038933662] [controller_manager]: Successful initialization of hardware 'right_wheel_controller'
[gazebo-1] [INFO] [1791300293.038980611] [gz_ros_control]: The position_proportional_gain has been set to: 0.1
[gazebo-1] [INFO] [1791300293.039009981] [gz_ros_control]: Loading joint: arm_joint1
[gazebo-1] [INFO] [1791300293.039018102] [gz_ros_control]: 	State:
[gazebo-1] [INFO] [1791300293.039023418] [gz_ros_control]: 		 position
[gazebo-1] [INFO] [1791300293.039028562] [gz_ros_control]: 		 velocity
[gazebo-1] [INFO] [1791300293.039033817] [gz_ros_control]: 	Command:
[gazebo-1] [INFO] [1791300293.039037474] [gz_ros_control]: 		 position
[gazebo-1] [INFO] [1791300293.039054590] [gz_ros_control]: 		 velocity
[gazebo-1] [INFO] [1791300293.039077511] [gz_ros_control]: Loading joint: arm_joint2
[gazebo-1] [INFO] [1791300293.039084150] [gz_ros_control]: 	State:
[gazebo-1] [INFO] [1791300293.039124841] [gz_ros_control]: 		 position
[gazebo-1] [INFO] [1791300293.039134310] [gz_ros_control]: 		 velocity
[gazebo-1] [INFO] [1791300293.039139505] [gz_ros_control]: 	Command:
[gazebo-1] [INFO] [1791300293.039143640] [gz_ros_control]: 		 position
[gazebo-1] [INFO] [1791300293.039159021] [gz_ros_control]: 		 velocity
[gazebo-1] [INFO] [1791300293.039176123] [gz_ros_control]: Loading joint: arm_joint3
[gazebo-1] [INFO] [1791300293.039186871] [gz_ros_control]: 	State:
[gazebo-1] [INFO] [1791300293.039191223] [gz_ros_control]: 		 position
[gazebo-1] [INFO] [1791300293.039196854] [gz_ros_control]: 		 velocity
[gazebo-1] [INFO] [1791300293.039201419] [gz_ros_control]: 	Command:
[gazebo-1] [INFO] [1791300293.039204789] [gz_ros_control]: 		 position
[gazebo-1] [INFO] [1791300293.039216336] [gz_ros_control]: 		 velocity
[gazebo-1] [INFO] [1791300293.039239234] [gz_ros_control]: Loading joint: arm_joint4
[gazebo-1] [INFO] [1791300293.039244436] [gz_ros_control]: 	State:
[gazebo-1] [INFO] [1791300293.039251741] [gz_ros_control]: 		 position
[gazebo-1] [INFO] [1791300293.039256232] [gz_ros_control]: 		 velocity
[gazebo-1] [INFO] [1791300293.039260981] [gz_ros_control]: 	Command:
[gazebo-1] [INFO] [1791300293.039264127] [gz_ros_control]: 		 position
[gazebo-1] [INFO] [1791300293.039270697] [gz_ros_control]: 		 velocity
[gazebo-1] [INFO] [1791300293.039280223] [gz_ros_control]: Loading joint: arm_joint5
[gazebo-1] [INFO] [1791300293.039283401] [gz_ros_control]: 	State:
[gazebo-1] [INFO] [1791300293.039286341] [gz_ros_control]: 		 position
[gazebo-1] [INFO] [1791300293.039289859] [gz_ros_control]: 		 velocity
[gazebo-1] [INFO] [1791300293.039292286] [gz_ros_control]: 	Command:
[gazebo-1] [INFO] [1791300293.039295089] [gz_ros_control]: 		 position
[gazebo-1] [INFO] [1791300293.039302761] [gz_ros_control]: 		 velocity
[gazebo-1] [INFO] [1791300293.039311603] [gz_ros_control]: Loading joint: arm_joint6
[gazebo-1] [INFO] [1791300293.039314484] [gz_ros_control]: 	State:
[gazebo-1] [INFO] [1791300293.039317196] [gz_ros_control]: 		 position
[gazebo-1] [INFO] [1791300293.039319549] [gz_ros_control]: 		 velocity
[gazebo-1] [INFO] [1791300293.039321889] [gz_ros_control]: 	Command:
[gazebo-1] [INFO] [1791300293.039325750] [gz_ros_control]: 		 position
[gazebo-1] [INFO] [1791300293.039331827] [gz_ros_control]: 		 velocity
[gazebo-1] [INFO] [1791300293.039336038] [gz_ros_control]: Loading sensor: imu
[gazebo-1] [INFO] [1791300293.039339062] [gz_ros_control]: 	State:
[gazebo-1] [WARN] [1791300293.039341747] [gz_ros_control]: IMU sensor 'imu' not found in hardware_info, skipping.
[gazebo-1] [INFO] [1791300293.039370890] [controller_manager]: Initialize hardware 'arm_gz_ros2_control/GazeboSimSystem' 
[gazebo-1] [WARN] [1791300293.039382326] [controller_manager.hardware_component.system.arm_gz_ros2_control/GazeboSimSystem]: Executor is not available during hardware component initialization for 'arm_gz_ros2_control/GazeboSimSystem'. Skipping node creation!
[gazebo-1] [INFO] [1791300293.039422526] [controller_manager]: Successful initialization of hardware 'arm_gz_ros2_control/GazeboSimSystem'
[gazebo-1] [INFO] [1791300293.039560497] [controller_manager]: Activating component 'arm_gz_ros2_control/GazeboSimSystem'.
[gazebo-1] [INFO] [1791300293.039651563] [resource_manager]: 'configure' hardware 'arm_gz_ros2_control/GazeboSimSystem' 
[gazebo-1] [INFO] [1791300293.039663556] [gz_ros_control]: System Successfully configured!
[gazebo-1] [INFO] [1791300293.039678184] [resource_manager]: Successful 'configure' of hardware 'arm_gz_ros2_control/GazeboSimSystem'
[gazebo-1] [INFO] [1791300293.039683676] [resource_manager]: 'activate' hardware 'arm_gz_ros2_control/GazeboSimSystem' 
[gazebo-1] [INFO] [1791300293.039688108] [resource_manager]: Successful 'activate' of hardware 'arm_gz_ros2_control/GazeboSimSystem'
[gazebo-1] [INFO] [1791300293.039704960] [controller_manager]: Activating component 'right_wheel_controller'.
[gazebo-1] [INFO] [1791300293.039708478] [resource_manager]: 'configure' hardware 'right_wheel_controller' 
[gazebo-1] [INFO] [1791300293.039709885] [gz_ros_control]: System Successfully configured!
[gazebo-1] [INFO] [1791300293.039712222] [resource_manager]: Successful 'configure' of hardware 'right_wheel_controller'
[gazebo-1] [INFO] [1791300293.039713842] [resource_manager]: 'activate' hardware 'right_wheel_controller' 
[gazebo-1] [INFO] [1791300293.039715477] [resource_manager]: Successful 'activate' of hardware 'right_wheel_controller'
[gazebo-1] [INFO] [1791300293.039724223] [controller_manager]: Activating component 'left_wheel_controller'.
[gazebo-1] [INFO] [1791300293.039726475] [resource_manager]: 'configure' hardware 'left_wheel_controller' 
[gazebo-1] [INFO] [1791300293.039757188] [gz_ros_control]: System Successfully configured!
[gazebo-1] [INFO] [1791300293.039761650] [resource_manager]: Successful 'configure' of hardware 'left_wheel_controller'
[gazebo-1] [INFO] [1791300293.039763460] [resource_manager]: 'activate' hardware 'left_wheel_controller' 
[gazebo-1] [INFO] [1791300293.039765258] [resource_manager]: Successful 'activate' of hardware 'left_wheel_controller'
[gazebo-1] [WARN] [1791300293.039774643] [controller_manager]: Component 'arm_gz_ros2_control/GazeboSimSystem' does not have read or write statistics initialized, skipping registration.
[gazebo-1] [WARN] [1791300293.039779625] [controller_manager]: Component 'right_wheel_controller' does not have read or write statistics initialized, skipping registration.
[gazebo-1] [WARN] [1791300293.039782036] [controller_manager]: Component 'left_wheel_controller' does not have read or write statistics initialized, skipping registration.
[gazebo-1] [INFO] [1791300293.039788164] [controller_manager]: Resource Manager has been successfully initialized. Starting Controller Manager services...
[gazebo-1] [INFO] [1791300293.175916487] [controller_manager]: Loading controller : 'joint_state_broadcaster' of type 'joint_state_broadcaster/JointStateBroadcaster'
[gazebo-1] [INFO] [1791300293.175960253] [controller_manager]: Loading controller 'joint_state_broadcaster'
[controller_server-49] [INFO] [1791300293.441612167] [local_costmap.local_costmap]: Timed out waiting for transform from base_link to odom to become available, tf error: Could not find a connection between 'odom' and 'base_link' because they are not part of the same tree.Tf has two or more unconnected trees.
[gazebo-1] [WARN] [1791300293.508949053] [controller_manager]: The use of remapping arguments to the controller_manager node is deprecated. Please use the '--controller-ros-args' argument of the spawner to pass remapping arguments to the controller node.
[gazebo-1] [INFO] [1791300293.508992682] [controller_manager]: Controller 'joint_state_broadcaster' node arguments: --ros-args --params-file /home/y/u/yunqiao/IROB_Mobile_Robot_Project/install/irobot_create_control/share/irobot_create_control/config/control.yaml --params-file /home/y/u/yunqiao/IROB_Mobile_Robot_Project/install/warehouse_inventory_robot/share/warehouse_inventory_robot/config/arm_controller_types.yaml --ros-args --remap ~/odom:=odom --remap /tf:=tf --remap /tf_static:=tf_static --remap /diagnostics:=diagnostics -p use_sim_time:=true --param use_sim_time:=true 
[spawner-31] [INFO] [1791300293.555624800] [spawner_joint_state_broadcaster]: Loaded joint_state_broadcaster
[gazebo-1] [INFO] [1791300293.559583987] [controller_manager]: Configuring controller: 'joint_state_broadcaster'
[gazebo-1] [INFO] [1791300293.559652837] [joint_state_broadcaster]: 'joints' or 'interfaces' parameter is empty. All available state interfaces will be published
[gazebo-1] [INFO] [1791300293.588000452] [controller_manager]: Activating controllers: [ joint_state_broadcaster ]
[controller_server-49] [INFO] [1791300293.941678651] [local_costmap.local_costmap]: Timed out waiting for transform from base_link to odom to become available, tf error: Could not find a connection between 'odom' and 'base_link' because they are not part of the same tree.Tf has two or more unconnected trees.
[gazebo-1] [1;36m[GUI] [Db[1;36m[Dbg] [SystemManager.cc:80] [0m[1;36mLoaded system [[0m[1;36mgz_ros2_control::GazeboSimROS2ControlPlugin[0m[1;36m] for entity [[0m[1;36m164[0m[1;36m][0m[1;36m[0m
[gazebo-1] [1;36m[Dbg] [SystemManager.cc:80] [0m[1;36mLoaded system [[0m[1;36mgz::sim::systems::PosePublisher[0m[1;36m] for entity [[0m[1;36m164[0m[1;36m][0m[1;36m[0m
[gazebo-1] [1;36m[Dbg] [SystemManager.cc:80] [0m[1;36mLoaded system [[0m[1;36mgz::sim::systems::Contact[0m[1;36m] for entity [[0m[1;36m164[0m[1;36m][0m[1;36m[0m
[gazebo-1] [1;36m[Dbg] [Sensors.cc:697] [0m[1;36mConfiguring Sensors system[0m[1;36m[0m
[gazebo-1] [1;36m[Dbg] [Sensors.cc:557] [0m[1;36mSensorsPrivate::Run[0m[1;36m[0m
[gazebo-1] [1;36m[Dbg] [SystemManager.cc:80] [0m[1;36mLoaded system [[0m[1;36mgz::sim::systems::Sensors[0m[1;36m] for entity [[0m[1;36m164[0m[1;36m][0m[1;36m[0m
[gazebo-1] [1;36m[Dbg] [Sensors.cc:532] [0m[1;36mSensorsPrivate::RenderThread started[0m[1;36m[0m
[gazebo-1] [1;36m[Dbg] [Sensors.cc:337] [0m[1;36mWaiting for init[0m[1;36m[0m
[gazebo-1] [1;36m[Dbg] [DetachableJoint.cc:137] [0m[1;36mDetach topic is: [0m[1;36m/vacuum_gripper/detach[0m[1;36m[0m
[gazebo-1] [1;36m[Dbg] [DetachableJoint.cc:143] [0m[1;36mDetachableJoint subscribing to messages on [0m[1;36m[[0m[1;36m/vacuum_gripper/detach[0m[1;36m][0m[1;36m[0m
[gazebo-1] [1;36m[Dbg] [DetachableJoint.cc:160] [0m[1;36mAttach topic is: [0m[1;36m/vacuum_gripper/attach[0m[1;36m[0m
[gazebo-1] [1;36m[Dbg] [DetachableJoint.cc:195] [0m[1;36mOutput topic is: [0m[1;36m/vacuum_gripper/state[0m[1;36m[0m
[gazebo-1] [1;36m[Dbg] [SystemManager.cc:80] [0m[1;36mLoaded system [[0m[1;36mgz::sim::systems::DetachableJoint[0m[1;36m] for entity [[0m[1;36m164[0m[1;36m][0m[1;36m[0m
[gazebo-1] [1;32m[Msg] [0m[1;32mOdometryPublisher publishing odometry on [[0m[1;32m/model/turtlebot4/odometry[0m[1;32m][0m[1;32m[0m
[gazebo-1] [1;32m[Msg] [0m[1;32mOdometryPublisher publishing odometry with covariance on [[0m[1;32m/model/turtlebot4/odometry_with_covariance[0m[1;32m][0m[1;32m[0m
[gazebo-1] [1;32m[Msg] [0m[1;32mOdometryPublisher publishing Pose_V (TF) on [[0m[1;32m/model/turtlebot4/pose[0m[1;32m][0m[1;32m[0m
[gazebo-1] [1;36m[Dbg] [SystemManager.cc:80] [0m[1;36mLoaded system [[0m[1;36mgz::sim::systems::OdometryPublisher[0m[1;36m] for entity [[0m[1;36m164[0m[1;36m][0m[1;36m[0m
[gazebo-1] [1;36m[Dbg] [UserCommands.cc:1094] [0m[1;36mCreated entity [[0m[1;36m164[0m[1;36m] named [[0m[1;36mturtlebot4[0m[1;36m][0m[1;36m[0m
[gazebo-1] [1;32m[Msg] [0m[1;32mContact system publishing on [0m[1;32m/bumper_contact[0m[1;32m[0m
[gazebo-1] [1;36m[Dbg] [SDFFeatures.cc:332] [0m[1;36mMesh construction from an SDF has not been implemented yet for [0m[1;36mdartsim. Use AttachMeshShapeFeature to use mesh shapes.[0m
[gazebo-1] [1;36m[Dbg] [SDFFeatures.cc:864] [0m[1;36mThe geometry element of collision [[0m[1;36mbase_link_fixed_joint_lump__shell_collision_collision_1[0m[1;36m] [0m[1;36mcouldn't be created[0m
[gazebo-1] [1;36m[Dbg] [SDFFeatures.cc:332] [0m[1;36mMesh construction from an SDF has not been implemented yet for [0m[1;36mdartsim. Use AttachMeshShapeFeature to use mesh shapes.[0m
[gazebo-1] [1;36m[Dbg] [SDFFeatures.cc:864] [0m[1;36mThe geometry element of collision [[0m[1;36mbase_link_fixed_joint_lump__arm_link_base_collision_2[0m[1;36m] [0m[1;36mcouldn't be created[0m
[gazebo-1] [1;36m[Dbg] [SDFFeatures.cc:332] [0m[1;36mMesh construction from an SDF has not been implemented yet for [0m[1;36mdartsim. Use AttachMeshShapeFeature to use mesh shapes.[0m
[gazebo-1] [1;36m[Dbg] [SDFFeatures.cc:864] [0m[1;36mThe geometry element of collision [[0m[1;36mbumper_collision[0m[1;36m] [0m[1;36mcouldn't be created[0m
[gazebo-1] [1;36m[Dbg] [SDFFeatures.cc:332] [0m[1;36mMesh construction from an SDF has not been implemented yet for [0m[1;36mdartsim. Use AttachMeshShapeFeature to use mesh shapes.[0m
[gazebo-1] [1;36m[Dbg] [SDFFeatures.cc:864] [0m[1;36mThe geometry element of collision [[0m[1;36marm_link1_collision[0m[1;36m] [0m[1;36mcouldn't be created[0m
[controller_server-49] [INFO] [1791300294.441630005] [local_costmap.local_costmap]: Timed out waiting for transform from base_link to odom to become available, tf error: Could not find a connection between 'odom' and 'base_link' because they are not part of the same tree.Tf has two or more unconnected trees.
[gazebo-1] [1;33m[Wrn] [Component.hh:127] [0m[1;33mTrying to serialize component with data type [[0m[1;33mSt10shared_ptrIN3sdf3v147ElementEE[0m[1;33m], which doesn't have [0m[1;33m`operator<<`. Component will not be serialized.[0m[1;33m[0m
[gazebo-1] [ERROR] [1791300294.628212680] [gz_ros_control]: Desired controller update period (0.001 s) is faster than the gazebo simulation period (0.003 s).
[gazebo-1] [WARN] [1791300294.630651747] [controller_manager]: No clock received, using time argument instead! Check your node's clock configuration (use_sim_time parameter) and if a valid clock source is available
[gazebo-1] [INFO] [1791300294.630829777] [controller_manager]: Successfully switched controllers!
[spawner-31] [INFO] [1791300294.635770947] [spawner_joint_state_broadcaster]: Configured and activated joint_state_broadcaster
[wait_for_ready-48] [INFO] [1791300294.638029194] [wait_for_sim]: ready: service /controller_manager/list_controllers (answered a call)
[INFO] [spawner-31]: process has finished cleanly [pid 8937]
[INFO] [spawner-62]: process started with pid [10385]
[gazebo-1] [1;36m[Dbg] [SDFFeatures.cc:332] [0m[1;36mMesh construction from an SDF has not been implemented yet for [0m[1;36mdartsim. Use AttachMeshShapeFeature tg] [MinimalScene.cc:986] [0m[1;36mCreating render thread interface for OpenGL[0m[1;36m[0m
[gazebo-1] [1;32m[GUI] [0m[1;32m[Msg] [0m[1;32mLoading plugin [[0m[1;32mgz-rendering-ogre2[0m[1;32m][0m[1;32m[0m
[gazebo-1] [1;36m[GUI] [Dbg] [MinimalScene.cc:749] [0m[1;36mCreate scene [[0m[1;36mscene[0m[1;36m][0m[1;36m[0m
[gazebo-1] [1;36m[GUI] [Dbg] [MinimalScene.cc:1037] [0m[1;36mCreating texture node render interface for OpenGL[0m[1;36m[0m
[gazebo-1] [1;36m[GUI] [Dbg] [TransformControl.cc:453] [0m[1;36mTransformControl plugin is using camera [[0m[1;36mscene::Camera(65527)[0m[1;36m][0m[1;36m[0m
[gazebo-1] [1;36m[GUI] [Dbg] [InteractiveViewControl.cc:176] [0m[1;36mInteractiveViewControl plugin is moving camera [[0m[1;36mscene::Camera(65527)[0m[1;36m][0m[1;36m[0m
[gazebo-1] [1;33mWarning [Utils.cc:132][0m [/sdf/model[@name="tb4_lite6"]/joint[@name="wheel_drop_left_joint"]/physics/ode/provide_feedback:<data-string>:L2544]: XML Element[provide_feedback], child of element[ode], not defined in SDF. Copying[provide_feedback] as children of [ode].
[gazebo-1] [1;33mWarning [Utils.cc:132][0m [/sdf/model[@name="tb4_lite6"]/joint[@name="wheel_drop_right_joint"]/physics/ode/provide_feedback:<data-string>:L2665]: XML Element[provide_feedback], child of element[ode], not defined in SDF. Copying[provide_feedback] as children of [ode].
[gazebo-1] o use mesh shapes.[0m
[gazebo-1] [1;36m[Dbg] [SDFFeatures.cc:864] [0m[1;36mThe geometry element of collision [[0m[1;36marm_link2_collision[0m[1;36m] [0m[1;36mcouldn't be created[0m
[gazebo-1] [1;36m[Dbg] [SDFFeatures.cc:332] [0m[1;36mMesh construction from an SDF has not been implemented yet for [0m[1;36mdartsim. Use AttachMeshShapeFeature to use mesh shapes.[0m
[gazebo-1] [1;36m[Dbg] [SDFFeatures.cc:864] [0m[1;36mThe geometry element of collision [[0m[1;36marm_link3_collision[0m[1;36m] [0m[1;36mcouldn't be created[0m
[gazebo-1] [1;36m[Dbg] [SDFFeatures.cc:332] [0m[1;36mMesh construction from an SDF has not been implemented yet for [0m[1;36mdartsim. Use AttachMeshShapeFeature to use mesh shapes.[0m
[gazebo-1] [1;36m[Dbg] [SDFFeatures.cc:864] [0m[1;36mThe geometry element of collision [[0m[1;36marm_link4_collision[0m[1;36m] [0m[1;36mcouldn't be created[0m
[gazebo-1] [1;36m[Dbg] [SDFFeatures.cc:332] [0m[1;36mMesh construction from an SDF has not been implemented yet for [0m[1;36mdartsim. Use AttachMeshShapeFeature to use mesh shapes.[0m
[gazebo-1] [1;36m[Dbg] [SDFFeatures.cc:864] [0m[1;36mThe geometry element of collision [[0m[1;36marm_link5_collision[0m[1;36m] [0m[1;36mcouldn't be created[0m
[gazebo-1] [1;36m[Dbg] [SDFFeatures.cc:332] [0m[1;36mMesh construction from an SDF has not been implemented yet for [0m[1;36mdartsim. Use AttachMeshShapeFeature to use mesh shapes.[0m
[gazebo-1] [1;36m[Dbg] [SDFFeatures.cc:864] [0m[1;36mThe geometry element of collision [[0m[1;36marm_link6_collision[0m[1;36m] [0m[1;36mcouldn't be created[0m
[gazebo-1] [1;36m[Dbg] [SDFFeatures.cc:332] [0m[1;36mMesh construction from an SDF has not been implemented yet for [0m[1;36mdartsim. Use AttachMeshShapeFeature to use mesh shapes.[0m
[gazebo-1] [1;36m[Dbg] [SDFFeatures.cc:864] [0m[1;36mThe geometry element of collision [[0m[1;36marm_uflite_vacuum_gripper_link_collision[0m[1;36m] [0m[1;36mcouldn't be created[0m
[gazebo-1] [1;36m[Dbg] [EntityComponentManager.cc:1656] [0m[1;36mUpdated state thread iterators: [0m[1;36m16[0m[1;36m threads processing around [0m[1;36m20[0m[1;36m entities each.[0m[1;36m[0m
[gazebo-1] [1;36m[Dbg] [SimulationRunner.cc:560] [0m[1;36mExiting postupdate worker thread ([0m[1;36m1[0m[1;36m)[0m[1;36m[0m
[gazebo-1] [1;36m[Dbg] [SimulationRunner.cc:560] [0m[1;36mExiting postupdate worker thread ([0m[1;36m0[0m[1;36m)[0m[1;36m[0m
[gazebo-1] [1;36m[Dbg] [SimulationRunner.cc:533] [0m[1;36mCreating PostUpdate worker threads: [0m[1;36m9[0m[1;36m[0m
[gazebo-1] [1;36m[Dbg] [SimulationRunner.cc:544] [0m[1;36mCreating postupdate worker thread ([0m[1;36m0[0m[1;36m)[0m[1;36m[0m
[gazebo-1] [1;36m[Dbg] [SimulationRunner.cc:544] [0m[1;36mCreating postupdate worker thread ([0m[1;36m1[0m[1;36m)[0m[1;36m[0m
[gazebo-1] [1;36m[Dbg] [SimulationRunner.cc:544] [0m[1;36mCreating postupdate worker thread ([0m[1;36m2[0m[1;36m)[0m[1;36m[0m
[gazebo-1] [1;36m[Dbg] [SimulationRunner.cc:544] [0m[1;36mCreating postupdate worker thread ([0m[1;36m3[0m[1;36m)[0m[1;36m[0m
[gazebo-1] [1;36m[Dbg] [SimulationRunner.cc:544] [0m[1;36mCreating postupdate worker thread ([0m[1;36m4[0m[1;36m)[0m[1;36m[0m
[gazebo-1] [1;36m[Dbg] [SimulationRunner.cc:544] [0m[1;36mCreating postupdate worker thread ([0m[1;36m5[0m[1;36m)[0m[1;36m[0m
[gazebo-1] [1;36m[Dbg] [SimulationRunner.cc:544] [0m[1;36mCreating postupdate worker thread ([0m[1;36m6[0m[1;36m)[0m[1;36m[0m
[gazebo-1] [1;36m[Dbg] [SimulationRunner.cc:544] [0m[1;36mCreating postupdate worker thread ([0m[1;36m7[0m[1;36m)[0m[1;36m[0m
[gazebo-1] [1;36m[Dbg] [DetachableJoint.cc:343] [0m[1;36mAttaching entity: [0m[1;36m312[0m[1;36m[0m
[gazebo-1] [1;36m[Dbg] [Physics.cc:1939] [0m[1;36mCreating detachable joint [[0m[1;36m312[0m[1;36m][0m[1;36m[0m
[gazebo-1] [1;36m[Dbg] [Sensors.cc:953] [0m[1;36mInitialization needed[0m[1;36m[0m
[gazebo-1] [1;36m[Dbg] [Sensors.cc:349] [0m[1;36mInitializing render context[0m[1;36m[0m
[gazebo-1] [1;32m[Msg] [0m[1;32mLoading plugin [[0m[1;32mgz-rendering-ogre2[0m[1;32m][0m[1;32m[0m
[gazebo-1] [1;36m[Dbg] [RenderUtil.cc:2646] [0m[1;36mCreate scene [[0m[1;36mscene[0m[1;36m][0m[1;36m[0m
[controller_server-49] [INFO] [1791300294.941568744] [local_costmap.local_costmap]: Timed out waiting for transform from base_link to odom to become available, tf error: Could not find a connection between 'odom' and 'base_link' because they are not part of the same tree.Tf has two or more unconnected trees.
[spawner-62] [37;1m2026-10-06 17:24:55.047 [31;1m[[37;1mRTPS_TRANSPORT_SHM[31;1m Error] [37mFailed init_port fastrtps_port7050: open_and_lock_file failed[34;1m -> Function [36mopen_port_internal[m
[spawner-62] [INFO] [1791300295.142491874] [spawner_diffdrive_controller]: waiting for service /controller_manager/list_controllers to become available...
[gazebo-1] [1;36m[Dbg] [Sensors.cc:391] [0m[1;36mRendering Thread initialized[0m[1;36m[0m
[gazebo-1] [1;36m[Dbg] [Sensors.cc:953] [0m[1;36mInitialization needed[0m[1;36m[0m
[controller_server-49] [INFO] [1791300295.441582415] [local_costmap.local_costmap]: Timed out waiting for transform from base_link to odom to become available, tf error: Could not find a connection between 'odom' and 'base_link' because they are not part of the same tree.Tf has two or more unconnected trees.
[gazebo-1] [1;33m[GUI] [Wrn] [Component.hh:172] [0m[1;33mTrying to deserialize component with data type [[0m[1;33mSt10shared_ptrIN3sdf3v147ElementEE[0m[1;33m], which doesn't have [0m[1;33m`operator>>`. Component will not be deserialized.[0m[1;33m[0m
[gazebo-1] [1;33m[Wrn] [ColladaLoader.cc:2395] [0m[1;33mTriangle input semantic: '[0m[1;33mCOLOR[0m[1;33m' is currently[0m[1;33m not supported[0m[1;33m[0m
[gazebo-1] [1;33m[Wrn] [ColladaLoader.cc:2395] [0m[1;33mTriangle input semantic: '[0m[1;33mCOLOR[0m[1;33m' is currently[0m[1;33m not supported[0m[1;33m[0m
[controller_server-49] [INFO] [1791300295.941623167] [local_costmap.local_costmap]: Timed out waiting for transform from base_link to odom to become available, tf error: Could not find a connection between 'odom' and 'base_link' because they are not part of the same tree.Tf has two or more unconnected trees.
[gazebo-1] [1;33m[GUI] [Wrn] [OBJLoader.cc:91] [0m[1;33mBoth `d` and `Tr` parameters defined for "Chair". Use the value of `d` for dissolve (line 8 in .mtl.)[0m
[gazebo-1] [1;33m[0m
[gazebo-1] [1;33m[GUI] [Wrn] [OBJLoader.cc:91] [0m[1;33mBoth `d` and `Tr` parameters defined for "CoffeeTable". Use the value of `d` for dissolve (line 8 in .mtl.)[0m
[gazebo-1] [1;33m[0m
[controller_server-49] [INFO] [1791300296.441590302] [local_costmap.local_costmap]: Timed out waiting for transform from base_link to odom to become available, tf error: Could not find a connection between 'odom' and 'base_link' because they are not part of the same tree.Tf has two or more unconnected trees.
[gazebo-1] [1;33m[GUI] [Wrn] [ColladaLoader.cc:2395] [0m[1;33mTriangle input semantic: '[0m[1;33mCOLOR[0m[1;33m' is currently[0m[1;33m not supported[0m[1;33m[0m
[gazebo-1] [1;33m[GUI] [Wrn] [ColladaLoader.cc:2395] [0m[1;33mTriangle input semantic: '[0m[1;33mCOLOR[0m[1;33m' is currently[0m[1;33m not supported[0m[1;33m[0m
[gazebo-1] [1;36m[Dbg] [RgbdCameraSensor.cc:210] [0m[1;36mRGB images for [[0m[1;36mturtlebot4::oakd_rgb_camera_frame::rgbd_camera[0m[1;36m] advertised on [[0m[1;36mworld/warehouse/model/turtlebot4/link/oakd_rgb_camera_frame/sensor/rgbd_camera[0m[1;36m/image][0m[1;36m[0m
[gazebo-1] [1;36m[Dbg] [RgbdCameraSensor.cc:224] [0m[1;36mDepth images for [[0m[1;36mturtlebot4::oakd_rgb_camera_frame::rgbd_camera[0m[1;36m] advertised on [[0m[1;36mworld/warehouse/model/turtlebot4/link/oakd_rgb_camera_frame/sensor/rgbd_camera[0m[1;36m/depth_image][0m[1;36m[0m
[gazebo-1] [1;36m[Dbg] [RgbdCameraSensor.cc:238] [0m[1;36mPoints for [[0m[1;36mturtlebot4::oakd_rgb_camera_frame::rgbd_camera[0m[1;36m] advertised on [[0m[1;36mworld/warehouse/model/turtlebot4/link/oakd_rgb_camera_frame/sensor/rgbd_camera[0m[1;36m/points][0m[1;36m[0m
[gazebo-1] [1;36m[Dbg] [CameraSensor.cc:695] [0m[1;36mCamera info for [[0m[1;36mturtlebot4::oakd_rgb_camera_frame::rgbd_camera[0m[1;36m] advertised on [[0m[1;36mworld/warehouse/model/turtlebot4/link/oakd_rgb_camera_frame/sensor/rgbd_camera/camera_info[0m[1;36m][0m[1;36m[0m
[gazebo-1] [1;36m[Dbg] [Lidar.cc:139] [0m[1;36mLaser scans for [[0m[1;36mstandard_dock::green_buoy_link::green_buoy[0m[1;36m] advertised on [[0m[1;36mworld/warehouse/model/standard_dock/link/green_buoy_link/sensor/green_buoy/scan[0m[1;36m][0m[1;36m[0m
[gazebo-1] [1;36m[Dbg] [GpuLidarSensor.cc:164] [0m[1;36mLidar points for [[0m[1;36mstandard_dock::green_buoy_link::green_buoy[0m[1;36m] advertised on [[0m[1;36mworld/warehouse/model/standard_dock/link/green_buoy_link/sensor/green_buoy/scan/points[0m[1;36m][0m[1;36m[0m
[gazebo-1] [1;36m[Dbg] [Lidar.cc:139] [0m[1;36mLaser scans for [[0m[1;36mstandard_dock::halo_link::halo[0m[1;36m] advertised on [[0m[1;36mworld/warehouse/model/standard_dock/link/halo_link/sensor/halo/scan[0m[1;36m][0m[1;36m[0m
[gazebo-1] [1;36m[Dbg] [GpuLidarSensor.cc:164] [0m[1;36mLidar points for [[0m[1;36mstandard_dock::halo_link::halo[0m[1;36m] advertised on [[0m[1;36mworld/warehouse/model/standard_dock/link/halo_link/sensor/halo/scan/points[0m[1;36m][0m[1;36m[0m
[gazebo-1] [1;36m[Dbg] [Lidar.cc:139] [0m[1;36mLaser scans for [[0m[1;36mstandard_dock::red_buoy_link::red_buoy[0m[1;36m] advertised on [[0m[1;36mworld/warehouse/model/standard_dock/link/red_buoy_link/sensor/red_buoy/scan[0m[1;36m][0m[1;36m[0m
[gazebo-1] [1;36m[Dbg] [GpuLidarSensor.cc:164] [0m[1;36mLidar points for [[0m[1;36mstandard_dock::red_buoy_link::red_buoy[0m[1;36m] advertised on [[0m[1;36mworld/warehouse/model/standard_dock/link/red_buoy_link/sensor/red_buoy/scan/points[0m[1;36m][0m[1;36m[0m
[gazebo-1] [1;36m[Dbg] [Lidar.cc:139] [0m[1;36mLaser scans for [[0m[1;36mstandard_dock::yellow_buoy_link::yellow_buoy[0m[1;36m] advertised on [[0m[1;36mworld/warehouse/model/standard_dock/link/yellow_buoy_link/sensor/yellow_buoy/scan[0m[1;36m][0m[1;36m[0m
[gazebo-1] [1;36m[Dbg] [GpuLidarSensor.cc:164] [0m[1;36mLidar points for [[0m[1;36mstandard_dock::yellow_buoy_link::yellow_buoy[0m[1;36m] advertised on [[0m[1;36mworld/warehouse/model/standard_dock/link/yellow_buoy_link/sensor/yellow_buoy/scan/points[0m[1;36m][0m[1;36m[0m
[gazebo-1] [1;36m[Dbg] [Lidar.cc:139] [0m[1;36mLaser scans for [[0m[1;36mturtlebot4::base_link::cliff_front_left[0m[1;36m] advertised on [[0m[1;36mworld/warehouse/model/turtlebot4/link/base_link/sensor/cliff_front_left/scan[0m[1;36m][0m[1;36m[0m
[gazebo-1] [1;36m[Dbg] [GpuLidarSensor.cc:164] [0m[1;36mLidar points for [[0m[1;36mturtlebot4::base_link::cliff_front_left[0m[1;36m] advertised on [[0m[1;36mworld/warehouse/model/turtlebot4/link/base_link/sensor/cliff_front_left/scan/points[0m[1;36m][0m[1;36m[0m
[gazebo-1] [1;36m[Dbg] [Lidar.cc:139] [0m[1;36mLaser scans for [[0m[1;36mturtlebot4::base_link::cliff_front_right[0m[1;36m] advertised on [[0m[1;36mworld/warehouse/model/turtlebot4/link/base_link/sensor/cliff_front_right/scan[0m[1;36m][0m[1;36m[0m
[gazebo-1] [1;36m[Dbg] [GpuLidarSensor.cc:164] [0m[1;36mLidar points for [[0m[1;36mturtlebot4::base_link::cliff_front_right[0m[1;36m] advertised on [[0m[1;36mworld/warehouse/model/turtlebot4/link/base_link/sensor/cliff_front_right/scan/points[0m[1;36m][0m[1;36m[0m
[gazebo-1] [1;36m[Dbg] [Lidar.cc:139] [0m[1;36mLaser scans for [[0m[1;36mturtlebot4::base_link::cliff_side_left[0m[1;36m] advertised on [[0m[1;36mworld/warehouse/model/turtlebot4/link/base_link/sensor/cliff_side_left/scan[0m[1;36m][0m[1;36m[0m
[gazebo-1] [1;36m[Dbg] [GpuLidarSensor.cc:164] [0m[1;36mLidar points for [[0m[1;36mturtlebot4::base_link::cliff_side_left[0m[1;36m] advertised on [[0m[1;36mworld/warehouse/model/turtlebot4/link/base_link/sensor/cliff_side_left/scan/points[0m[1;36m][0m[1;36m[0m
[gazebo-1] [1;36m[Dbg] [Lidar.cc:139] [0m[1;36mLaser scans for [[0m[1;36mturtlebot4::base_link::cliff_side_right[0m[1;36m] advertised on [[0m[1;36mworld/warehouse/model/turtlebot4/link/base_link/sensor/cliff_side_right/scan[0m[1;36m][0m[1;36m[0m
[gazebo-1] [1;36m[Dbg] [GpuLidarSensor.cc:164] [0m[1;36mLidar points for [[0m[1;36mturtlebot4::base_link::cliff_side_right[0m[1;36m] advertised on [[0m[1;36mworld/warehouse/model/turtlebot4/link/base_link/sensor/cliff_side_right/scan/points[0m[1;36m][0m[1;36m[0m
[gazebo-1] [1;36m[Dbg] [Lidar.cc:139] [0m[1;36mLaser scans for [[0m[1;36mturtlebot4::ir_intensity_front_center_left::ir_intensity_front_center_left[0m[1;36m] advertised on [[0m[1;36mworld/warehouse/model/turtlebot4/link/ir_intensity_front_center_left/sensor/ir_intensity_front_center_left/scan[0m[1;36m][0m[1;36m[0m
[gazebo-1] [1;36m[Dbg] [GpuLidarSensor.cc:164] [0m[1;36mLidar points for [[0m[1;36mturtlebot4::ir_intensity_front_center_left::ir_intensity_front_center_left[0m[1;36m] advertised on [[0m[1;36mworld/warehouse/model/turtlebot4/link/ir_intensity_front_center_left/sensor/ir_intensity_front_center_left/scan/points[0m[1;36m][0m[1;36m[0m
[gazebo-1] [1;36m[Dbg] [Lidar.cc:139] [0m[1;36mLaser scans for [[0m[1;36mturtlebot4::ir_intensity_front_center_right::ir_intensity_front_center_right[0m[1;36m] advertised on [[0m[1;36mworld/warehouse/model/turtlebot4/link/ir_intensity_front_center_right/sensor/ir_intensity_front_center_right/scan[0m[1;36m][0m[1;36m[0m
[gazebo-1] [1;36m[Dbg] [GpuLidarSensor.cc:164] [0m[1;36mLidar points for [[0m[1;36mturtlebot4::ir_intensity_front_center_right::ir_intensity_front_center_right[0m[1;36m] advertised on [[0m[1;36mworld/warehouse/model/turtlebot4/link/ir_intensity_front_center_right/sensor/ir_intensity_front_center_right/scan/points[0m[1;36m][0m[1;36m[0m
[gazebo-1] [1;36m[Dbg] [Lidar.cc:139] [0m[1;36mLaser scans for [[0m[1;36mturtlebot4::ir_intensity_front_left::ir_intensity_front_left[0m[1;36m] advertised on [[0m[1;36mworld/warehouse/model/turtlebot4/link/ir_intensity_front_left/sensor/ir_intensity_front_left/scan[0m[1;36m][0m[1;36m[0m
[gazebo-1] [1;36m[Dbg] [GpuLidarSensor.cc:164] [0m[1;36mLidar points for [[0m[1;36mturtlebot4::ir_intensity_front_left::ir_intensity_front_left[0m[1;36m] advertised on [[0m[1;36mworld/warehouse/model/turtlebot4/link/ir_intensity_front_left/sensor/ir_intensity_front_left/scan/points[0m[1;36m][0m[1;36m[0m
[gazebo-1] [1;36m[Dbg] [Lidar.cc:139] [0m[1;36mLaser scans for [[0m[1;36mturtlebot4::ir_intensity_front_right::ir_intensity_front_right[0m[1;36m] advertised on [[0m[1;36mworld/warehouse/model/turtlebot4/link/ir_intensity_front_right/sensor/ir_intensity_front_right/scan[0m[1;36m][0m[1;36m[0m
[gazebo-1] [1;36m[Dbg] [GpuLidarSensor.cc:164] [0m[1;36mLidar points for [[0m[1;36mturtlebot4::ir_intensity_front_right::ir_intensity_front_right[0m[1;36m] advertised on [[0m[1;36mworld/warehouse/model/turtlebot4/link/ir_intensity_front_right/sensor/ir_intensity_front_right/scan/points[0m[1;36m][0m[1;36m[0m
[gazebo-1] [1;36m[Dbg] [Lidar.cc:139] [0m[1;36mLaser scans for [[0m[1;36mturtlebot4::ir_intensity_left::ir_intensity_left[0m[1;36m] advertised on [[0m[1;36mworld/warehouse/model/turtlebot4/link/ir_intensity_left/sensor/ir_intensity_left/scan[0m[1;36m][0m[1;36m[0m
[controller_server-49] [INFO] [1791300296.941586035] [local_costmap.local_costmap]: Timed out waiting for transform from base_link to odom to become available, tf error: Could not find a connection between 'odom' and 'base_link' because they are not part of the same tree.Tf has two or more unconnected trees.
[wait_for_ready-47] [INFO] [1791300297.099587687] [wait_for_rviz]: ready: topic /scan (message received)
[wait_for_ready-48] [INFO] [1791300297.108440192] [wait_for_sim]: ready: topic /scan (message received)
[motion_control-34] [INFO] [1791300297.118486226] [motion_control]: Robot max speed is now 0.460000 m/s
[wait_for_ready-48] [sim] ready after 16.8s
[wait_for_ready-47] [rviz] ready after 24.4s
[turtlebot4_node-29] [INFO] [1791300297.177605301] [turtlebot4_node]: OAKD stopped
[turtlebot4_node-29] [INFO] [1791300297.177649586] [turtlebot4_node]: RPLIDAR stopped
[INFO] [wait_for_ready-47]: process has finished cleanly [pid 8969]
[INFO] [wait_for_ready-48]: process has finished cleanly [pid 8971]
[INFO] [rviz2-63]: process started with pid [10485]
[INFO] [spawner-64]: process started with pid [10487]
[INFO] [static_transform_publisher-65]: process started with pid [10489]
[static_transform_publisher-65] [WARN] [1791300297.362417264] []: Old-style arguments are deprecated; see --help for new-style arguments
[rviz2-63] Warning: Ignoring XDG_SESSION_TYPE=wayland on Gnome. Use QT_QPA_PLATFORM=wayland to run on Wayland anyway.
[static_transform_publisher-65] [37;1m2026-10-06 17:24:57.420 [31;1m[[37;1mRTPS_TRANSPORT_SHM[31;1m Error] [37mFailed init_port fastrtps_port7038: open_and_lock_file failed[34;1m -> Function [36mopen_port_internal[m
[rviz2-63] [37;1m2026-10-06 17:24:57.429 [31;1m[[37;1mRTPS_TRANSPORT_SHM[31;1m Error] [37mFailed init_port fastrtps_port7038: open_and_lock_file failed[34;1m -> Function [36mopen_port_internal[m
[static_transform_publisher-65] [INFO] [1791300297.432499546] [map_to_odom_static_tf]: Spinning until stopped - publishing transform
[static_transform_publisher-65] translation: ('0.000000', '0.000000', '0.000000')
[static_transform_publisher-65] rotation: ('0.000000', '0.000000', '0.000000', '1.000000')
[static_transform_publisher-65] from 'map' to 'odom'
[controller_server-49] [INFO] [1791300297.441601474] [local_costmap.local_costmap]: start
[rviz2-63] [INFO] [1791300297.816337136] [rviz2]: Stereo is NOT SUPPORTED
[rviz2-63] [INFO] [1791300297.816421581] [rviz2]: OpenGl version: 4.6 (GLSL 4.6)
[rviz2-63] [INFO] [1791300297.875038421] [rviz2]: Stereo is NOT SUPPORTED
[spawner-62] [INFO] [1791300298.200369350] [spawner_diffdrive_controller]: Setting controller param "params_file" to "['/home/y/u/yunqiao/IROB_Mobile_Robot_Project/install/irobot_create_control/share/irobot_create_control/config/control.yaml']" for diffdrive_controller
[gazebo-1] [INFO] [1791300298.216854213] [controller_manager]: Loading controller : 'diffdrive_controller' of type 'diff_drive_controller/DiffDriveController'
[gazebo-1] [INFO] [1791300298.216906400] [controller_manager]: Loading controller 'diffdrive_controller'
[controller_server-49] [WARN] [1791300298.244733075] [controller_server]: Parameter controller_server.verbose not found
[controller_server-49] [INFO] [1791300298.246130858] [controller_server]: Optimizer reset
[controller_server-49] [INFO] [1791300298.246549454] [MPPIController]: Activated MPPI Controller: FollowPath
[controller_server-49] [INFO] [1791300298.246569251] [controller_server]: Creating bond (controller_server) to lifecycle manager.
[gazebo-1] [WARN] [1791300298.254770009] [controller_manager]: The use of remapping arguments to the controller_manager node is deprecated. Please use the '--controller-ros-args' argument of the spawner to pass remapping arguments to the controller node.
[gazebo-1] [INFO] [1791300298.254824062] [controller_manager]: Controller 'diffdrive_controller' node arguments: --ros-args --params-file /home/y/u/yunqiao/IROB_Mobile_Robot_Project/install/irobot_create_control/share/irobot_create_control/config/control.yaml --params-file /home/y/u/yunqiao/IROB_Mobile_Robot_Project/install/warehouse_inventory_robot/share/warehouse_inventory_robot/config/arm_controller_types.yaml --ros-args --remap ~/odom:=odom --remap /tf:=tf --remap /tf_static:=tf_static --remap /diagnostics:=diagnostics -p use_sim_time:=true --params-file /home/y/u/yunqiao/IROB_Mobile_Robot_Project/install/irobot_create_control/share/irobot_create_control/config/control.yaml --param use_sim_time:=true 
[spawner-62] [INFO] [1791300298.324606321] [spawner_diffdrive_controller]: Loaded diffdrive_controller
[gazebo-1] [INFO] [1791300298.329403809] [controller_manager]: Configuring controller: 'diffdrive_controller'
[gazebo-1] [WARN] [1791300298.329509903] [diffdrive_controller]: [deprecated] has_jerk_limits parameter is deprecated, instead set the respective limits to NAN
[gazebo-1] [WARN] [1791300298.329537146] [diffdrive_controller]: [deprecated] has_jerk_limits parameter is deprecated, instead set the respective limits to NAN
[lifecycle_manager-59] [INFO] [1791300298.370119778] [lifecycle_manager_navigation]: Server controller_server connected with bond.
[lifecycle_manager-59] [INFO] [1791300298.370169461] [lifecycle_manager_navigation]: [34m[1mActivating smoother_server[0m[0m
[smoother_server-50] [INFO] [1791300298.372414752] [smoother_server]: Activating
[smoother_server-50] [INFO] [1791300298.372450972] [smoother_server]: Creating bond (smoother_server) to lifecycle manager.
[gazebo-1] [INFO] [1791300298.378168329] [controller_manager]: Activating controllers: [ diffdrive_controller ]
[gazebo-1] [INFO] [1791300298.383377226] [controller_manager]: Successfully switched controllers!
[spawner-62] [INFO] [1791300298.397174386] [spawner_diffdrive_controller]: Configured and activated diffdrive_controller
[lifecycle_manager-59] [INFO] [1791300298.491664934] [lifecycle_manager_navigation]: Server smoother_server connected with bond.
[lifecycle_manager-59] [INFO] [1791300298.491713858] [lifecycle_manager_navigation]: [34m[1mActivating planner_server[0m[0m
[planner_server-51] [INFO] [1791300298.492321694] [planner_server]: Activating
[planner_server-51] [INFO] [1791300298.492359117] [global_costmap.global_costmap]: Activating
[planner_server-51] [INFO] [1791300298.492367681] [global_costmap.global_costmap]: Checking transform
[planner_server-51] [INFO] [1791300298.492472871] [global_costmap.global_costmap]: start
[spawner-64] [37;1m2026-10-06 17:24:58.555 [31;1m[[37;1mRTPS_TRANSPORT_SHM[31;1m Error] [37mFailed init_port fastrtps_port7038: open_and_lock_file failed[34;1m -> Function [36mopen_port_internal[m
[spawner-64] [37;1m2026-10-06 17:24:58.556 [31;1m[[37;1mRTPS_TRANSPORT_SHM[31;1m Error] [37mFailed init_port fastrtps_port7050: open_and_lock_file failed[34;1m -> Function [36mopen_port_internal[m
[spawner-64] [INFO] [1791300298.645169207] [spawner_lite6_traj_controller]: waiting for service /controller_manager/list_controllers to become available...
[INFO] [spawner-62]: process has finished cleanly [pid 10385]
[rviz2-63] [INFO] [1791300299.082511061] [rviz2]: Stereo is NOT SUPPORTED
[gazebo-1] [WARN] [1791300299.392808241] [diffdrive_controller]: Received TwistStamped with zero timestamp, setting it to current time, this message will only be shown once
[planner_server-51] [INFO] [1791300299.547958239] [planner_server]: Activating plugin GridBased of type NavfnPlanner
[planner_server-51] [INFO] [1791300299.550780618] [planner_server]: Creating bond (planner_server) to lifecycle manager.
[lifecycle_manager-59] [INFO] [1791300299.661975098] [lifecycle_manager_navigation]: Server planner_server connected with bond.
[lifecycle_manager-59] [INFO] [1791300299.662010363] [lifecycle_manager_navigation]: [34m[1mActivating route_server[0m[0m
[route_server-52] [INFO] [1791300299.662487014] [route_server]: Activating
[route_server-52] [INFO] [1791300299.662524899] [route_server]: Creating bond (route_server) to lifecycle manager.
[lifecycle_manager-59] [INFO] [1791300299.771061384] [lifecycle_manager_navigation]: Server route_server connected with bond.
[lifecycle_manager-59] [INFO] [1791300299.771095686] [lifecycle_manager_navigation]: [34m[1mActivating behavior_server[0m[0m
[behavior_server-53] [INFO] [1791300299.771660423] [behavior_server]: Activating
[behavior_server-53] [INFO] [1791300299.771686745] [behavior_server]: Activating spin
[behavior_server-53] [INFO] [1791300299.771694815] [behavior_server]: Activating backup
[behavior_server-53] [INFO] [1791300299.771710469] [behavior_server]: Activating drive_on_heading
[behavior_server-53] [INFO] [1791300299.771715676] [behavior_server]: Activating assisted_teleop
[behavior_server-53] [INFO] [1791300299.771719846] [behavior_server]: Activating wait
[behavior_server-53] [INFO] [1791300299.771725550] [behavior_server]: Creating bond (behavior_server) to lifecycle manager.
[lifecycle_manager-59] [INFO] [1791300299.881550859] [lifecycle_manager_navigation]: Server behavior_server connected with bond.
[lifecycle_manager-59] [INFO] [1791300299.881579851] [lifecycle_manager_navigation]: [34m[1mActivating velocity_smoother[0m[0m
[gazebo-1] [1;36m[Dbg] [GpuLidarSensor.cc:164] [0m[1;36mLidar points for [[0m[1;36mturtlebot4::ir_intensity_left::ir_intensity_left[0m[1;36m] advertised on [[0m[1;36mworld/warehouse/model/turtlebot4/link/ir_intensity_left/sensor/ir_intensity_left/scan/points[0m[1;36m][0m[1;36m[0m
[gazebo-1] [1;36m[Dbg] [Lidar.cc:139] [0m[1;36mLaser scans for [[0m[1;36mturtlebot4::ir_intensity_right::ir_intensity_right[0m[1;36m] advertised on [[0m[1;36mworld/warehouse/model/turtlebot4/link/ir_intensity_right/sensor/ir_intensity_right/scan[0m[1;36m][0m[1;36m[0m
[gazebo-1] [1;36m[Dbg] [GpuLidarSensor.cc:164] [0m[1;36mLidar points for [[0m[1;36mturtlebot4::ir_intensity_right::ir_intensity_right[0m[1;36m] advertised on [[0m[1;36mworld/warehouse/model/turtlebot4/link/ir_intensity_right/sensor/ir_intensity_right/scan/points[0m[1;36m][0m[1;36m[0m
[gazebo-1] [1;36m[Dbg] [Lidar.cc:139] [0m[1;36mLaser scans for [[0m[1;36mturtlebot4::ir_intensity_side_left::ir_intensity_side_left[0m[1;36m] advertised on [[0m[1;36mworld/warehouse/model/turtlebot4/link/ir_intensity_side_left/sensor/ir_intensity_side_left/scan[0m[1;36m][0m[1;36m[0m
[gazebo-1] [1;36m[Dbg] [GpuLidarSensor.cc:164] [0m[1;36mLidar points for [[0m[1;36mturtlebot4::ir_intensity_side_left::ir_intensity_side_left[0m[1;36m] advertised on [[0m[1;36mworld/warehouse/model/turtlebot4/link/ir_intensity_side_left/sensor/ir_intensity_side_left/scan/points[0m[1;36m][0m[1;36m[0m
[gazebo-1] [1;36m[Dbg] [Lidar.cc:139] [0m[1;36mLaser scans for [[0m[1;36mturtlebot4::rplidar_link::rplidar[0m[1;36m] advertised on [[0m[1;36mworld/warehouse/model/turtlebot4/link/rplidar_link/sensor/rplidar/scan[0m[1;36m][0m[1;36m[0m
[gazebo-1] [1;36m[Dbg] [GpuLidarSensor.cc:164] [0m[1;36mLidar points for [[0m[1;36mturtlebot4::rplidar_link::rplidar[0m[1;36m] advertised on [[0m[1;36mworld/warehouse/model/turtlebot4/link/rplidar_link/sensor/rplidar/scan/points[0m[1;36m][0m[1;36m[0m
[rviz2-63] [INFO] [1791300300.567753999] [rviz2]: Trying to create a map of size 1006 x 1674 using 1 swatches
[rviz2-63] [ERROR] [1791300300.604657527] [rviz2]: rviz/glsl120/indexed_8bit_image.vert
[rviz2-63] rviz/glsl120/indexed_8bit_image.frag
[rviz2-63]  GLSL link result : 
[rviz2-63] active samplers with a different type refer to the same texture image unit
[rviz2-63] [INFO] [1791300301.887837954] [rviz2]: Trying to create a map of size 50 x 50 using 1 swatches
[spawner-64] [INFO] [1791300304.183278524] [spawner_lite6_traj_controller]: Setting controller param "params_file" to "['/home/y/u/yunqiao/IROB_Mobile_Robot_Project/install/warehouse_inventory_robot/share/warehouse_inventory_robot/config/arm_controllers.yaml']" for lite6_traj_controller
[gazebo-1] [INFO] [1791300304.189356323] [controller_manager]: Loading controller : 'lite6_traj_controller' of type 'joint_trajectory_controller/JointTrajectoryController'
[gazebo-1] [INFO] [1791300304.189401831] [controller_manager]: Loading controller 'lite6_traj_controller'
[gazebo-1] [WARN] [1791300304.209987126] [controller_manager]: The use of remapping arguments to the controller_manager node is deprecated. Please use the '--controller-ros-args' argument of the spawner to pass remapping arguments to the controller node.
[gazebo-1] [INFO] [1791300304.210032696] [controller_manager]: Controller 'lite6_traj_controller' node arguments: --ros-args --params-file /home/y/u/yunqiao/IROB_Mobile_Robot_Project/install/irobot_create_control/share/irobot_create_control/config/control.yaml --params-file /home/y/u/yunqiao/IROB_Mobile_Robot_Project/install/warehouse_inventory_robot/share/warehouse_inventory_robot/config/arm_controller_types.yaml --ros-args --remap ~/odom:=odom --remap /tf:=tf --remap /tf_static:=tf_static --remap /diagnostics:=diagnostics -p use_sim_time:=true --params-file /home/y/u/yunqiao/IROB_Mobile_Robot_Project/install/warehouse_inventory_robot/share/warehouse_inventory_robot/config/arm_controllers.yaml --param use_sim_time:=true 
[spawner-64] [INFO] [1791300304.290088697] [spawner_lite6_traj_controller]: Loaded lite6_traj_controller
[gazebo-1] [INFO] [1791300304.292731259] [controller_manager]: Configuring controller: 'lite6_traj_controller'
[gazebo-1] [INFO] [1791300304.292957204] [lite6_traj_controller]: No specific joint names are used for command interfaces. Using 'joints' parameter.
[gazebo-1] [INFO] [1791300304.292978839] [lite6_traj_controller]: Command interfaces are [position velocity] and state interfaces are [position velocity].
[gazebo-1] [INFO] [1791300304.292995622] [lite6_traj_controller]: Using 'splines' interpolation method.
[gazebo-1] [INFO] [1791300304.298701945] [lite6_traj_controller]: Action status changes will be monitored at 10.00 Hz.
[gazebo-1] [INFO] [1791300304.314151239] [lite6_traj_controller]: No scaling interface set. This controller will not read speed scaling from the hardware.
[gazebo-1] [INFO] [1791300304.319532317] [controller_manager]: Activating controllers: [ lite6_traj_controller ]
[gazebo-1] [INFO] [1791300304.321890015] [controller_manager]: Successfully switched controllers!
[spawner-64] [INFO] [1791300304.335133664] [spawner_lite6_traj_controller]: Configured and activated lite6_traj_controller
[INFO] [spawner-64]: process has finished cleanly [pid 10487]
[lifecycle_manager-59] [ERROR] [1791300304.881806849] [lifecycle_manager_navigation]: Failed to change state for node: velocity_smoother. Exception: change_state service is not available!.
[lifecycle_manager-59] [ERROR] [1791300304.881913738] [lifecycle_manager_navigation]: Failed to bring up all requested nodes. Aborting bringup.
[rviz2-63] [INFO] [1791300306.400221498] [rviz2]: Trying to create a map of size 1006 x 1674 using 1 swatches
[turtlebot4_node-29] [ERROR] [1791300327.187969268] [turtlebot4_node]: Service stop_motor unavailable.
[turtlebot4_node-29] [ERROR] [1791300327.198307513] [turtlebot4_node]: Service oakd/stop_camera unavailable.
